service,profile,file,class,test_method,is_complex_method,call_index,call_expected_status_code,endpoint,http,asserted_code,asserts_the_expected_HTTP_status_codes?,assert_count,missing_url_parameter_values,missing_request_body,credentials_header,file_type,file_path,imports_count,wildcard_imports,compiled,compile_error_count,compile_error_types,missing_imports,incorrect_imports,unused_imports,dependency_availability_pct,syntax_errors,type_errors,undefined_variables,type_annotation_errors,generic_type_misuses,compile_exit_code,compile_timeout,compile_error_summary,class_log_dir,compile_log_path,compile_stdout_log_path,compile_stderr_log_path,runs,run_detected,runtime_error_count,runtime_error_types,run_exit_code,run_timeout,execution_seconds,cpu_seconds,peak_working_set_mb,run_error_summary,method_log_dir,run_log_path,run_stdout_log_path,run_stderr_log_path
cart,admin_only,EvoMaster_cart_admin_only_faults.java,EvoMaster_cart_admin_only_faults,test_0_getOnItemsReturnsMismatchResponseWithSchema,False,1,403,/cart/storefront/cart/items,GET,403,.statusCode(403) .assertThat(),6,".get(baseUrlOfSut + ""/cart/storefront/cart/items"")",,,faults,/home/azureuser/yas/evomaster-config/generated-tests/blackbox/cart/admin_only/EvoMaster_cart_admin_only_faults.java,23,6,True,0,,0,0,,100.0,0,0,0,0,0,0,False,,/home/azureuser/yas/evomaster-config/runtime-logs/classes/cart/admin_only/EvoMaster_cart_admin_only_faults,/home/azureuser/yas/evomaster-config/runtime-logs/classes/cart/admin_only/EvoMaster_cart_admin_only_faults/compile.log,/home/azureuser/yas/evomaster-config/runtime-logs/classes/cart/admin_only/EvoMaster_cart_admin_only_faults/compile_stdout.log,/home/azureuser/yas/evomaster-config/runtime-logs/classes/cart/admin_only/EvoMaster_cart_admin_only_faults/compile_stderr.log,True,True,0,,0,False,8.04,5.34,162.87,Test passed (detected via Surefire XML),/home/azureuser/yas/evomaster-config/runtime-logs/methods/cart/admin_only/EvoMaster_cart_admin_only_faults/test_0_getOnItemsReturnsMismatchResponseWithSchema,/home/azureuser/yas/evomaster-config/runtime-logs/methods/cart/admin_only/EvoMaster_cart_admin_only_faults/test_0_getOnItemsReturnsMismatchResponseWithSchema/run.log,/home/azureuser/yas/evomaster-config/runtime-logs/methods/cart/admin_only/EvoMaster_cart_admin_only_faults/test_0_getOnItemsReturnsMismatchResponseWithSchema/run_stdout.log,/home/azureuser/yas/evomaster-config/runtime-logs/methods/cart/admin_only/EvoMaster_cart_admin_only_faults/test_0_getOnItemsReturnsMismatchResponseWithSchema/run_stderr.log
cart,admin_only,EvoMaster_cart_admin_only_successes.java,EvoMaster_cart_admin_only_successes,test_0_getOnItemsReturns1Element,False,1,200,/cart/storefront/cart/items,GET,200,.statusCode(200) .assertThat(),6,".get(baseUrlOfSut + ""/cart/storefront/cart/items"")",,".header(""Authorization"", ""Bearer eyJhbGciOiJSUzI1NiIsInR5cCIgOiAiSldUIiwia2lkIiA6ICJ0d1VDQzd6VDg0MHlkRFhQUGVhcDlmMmpZOE9wTjQ0RWZSTmJsNW5GNUI4In0.eyJleHAiOjE3NzczMjQ2MzksImlhdCI6MTc3NzMyNDMzOSwianRpIjoiYjFmNWZjZWItNWRmMC00MWU4LWFlNDgtNTI5YjMxNzBlMjYwIiwiaXNzIjoiaHR0cDovL2lkZW50aXR5L3JlYWxtcy9ZYXMiLCJzdWIiOiIzMGM1ZjgzMS01MTU2LTQ4NzctODQxYy00YmU4NzQxYTVmZTEiLCJ0eXAiOiJCZWFyZXIiLCJhenAiOiJiYWNrb2ZmaWNlLWJmZiIsInNpZCI6ImI2MzMyMDdmLTQwODEtNDVlMS1hZDA5LWFhNDkxM2YzMjFkNiIsInJlYWxtX2FjY2VzcyI6eyJyb2xlcyI6WyJBRE1JTiJdfSwic2NvcGUiOiJlbWFpbCBwcm9maWxlIiwiZW1haWxfdmVyaWZpZWQiOmZhbHNlLCJwcmVmZXJyZWRfdXNlcm5hbWUiOiJhZG1pbl9vbmx5In0.jcnQ-e69_3UdIoPirPY2lhies5OSxhnEBBiY68YTtS5ElGksffpSSmWOzEt4MeFUa_cFoE4Cko5DNMDfcOFV0DxxouG0YNe7rhNAN2m-KQv5Tcc4JAXKUJ14bUCv-CefB0_Jt1sYiFEV69tNmpvGPzkDVBLyc3Ahsk6sPbuIGa8JSOjGhaYWnMwpB5bPC37tBma0yzn1cblsPd-b95asX56OyP41AmU56mXszeoIEDpRDVesFgwCHzAFWZYrU57kxlwrvAM2Lqo81ZTpyWq27gfZNkxWdodgX69WzvsOTJMA6V44o6cO6p1KbvMzZ8pwPDMn6OAPWtItFn_dipAz-w"")",successes,/home/azureuser/yas/evomaster-config/generated-tests/blackbox/cart/admin_only/EvoMaster_cart_admin_only_successes.java,23,6,True,0,,0,0,,100.0,0,0,0,0,0,0,False,,/home/azureuser/yas/evomaster-config/runtime-logs/classes/cart/admin_only/EvoMaster_cart_admin_only_successes,/home/azureuser/yas/evomaster-config/runtime-logs/classes/cart/admin_only/EvoMaster_cart_admin_only_successes/compile.log,/home/azureuser/yas/evomaster-config/runtime-logs/classes/cart/admin_only/EvoMaster_cart_admin_only_successes/compile_stdout.log,/home/azureuser/yas/evomaster-config/runtime-logs/classes/cart/admin_only/EvoMaster_cart_admin_only_successes/compile_stderr.log,False,True,1,java.lang.AssertionError;test_failure,1,False,7.03,5.33,157.56,"Tests run: 1, Failures: 1, Errors: 0, Skipped: 0",/home/azureuser/yas/evomaster-config/runtime-logs/methods/cart/admin_only/EvoMaster_cart_admin_only_successes/test_0_getOnItemsReturns1Element,/home/azureuser/yas/evomaster-config/runtime-logs/methods/cart/admin_only/EvoMaster_cart_admin_only_successes/test_0_getOnItemsReturns1Element/run.log,/home/azureuser/yas/evomaster-config/runtime-logs/methods/cart/admin_only/EvoMaster_cart_admin_only_successes/test_0_getOnItemsReturns1Element/run_stdout.log,/home/azureuser/yas/evomaster-config/runtime-logs/methods/cart/admin_only/EvoMaster_cart_admin_only_successes/test_0_getOnItemsReturns1Element/run_stderr.log
cart,customer,EvoMaster_cart_customer_faults.java,EvoMaster_cart_customer_faults,test_1_getOnItemsReturnsMismatchResponseWithSchema,False,1,403,/cart/storefront/cart/items,GET,403,.statusCode(403) .assertThat(),6,".get(baseUrlOfSut + ""/cart/storefront/cart/items"")",,,faults,/home/azureuser/yas/evomaster-config/generated-tests/blackbox/cart/customer/EvoMaster_cart_customer_faults.java,23,6,True,0,,0,0,,100.0,0,0,0,0,0,0,False,,/home/azureuser/yas/evomaster-config/runtime-logs/classes/cart/customer/EvoMaster_cart_customer_faults,/home/azureuser/yas/evomaster-config/runtime-logs/classes/cart/customer/EvoMaster_cart_customer_faults/compile.log,/home/azureuser/yas/evomaster-config/runtime-logs/classes/cart/customer/EvoMaster_cart_customer_faults/compile_stdout.log,/home/azureuser/yas/evomaster-config/runtime-logs/classes/cart/customer/EvoMaster_cart_customer_faults/compile_stderr.log,True,True,0,,0,False,7.53,5.52,162.99,Test passed (detected via Surefire XML),/home/azureuser/yas/evomaster-config/runtime-logs/methods/cart/customer/EvoMaster_cart_customer_faults/test_1_getOnItemsReturnsMismatchResponseWithSchema,/home/azureuser/yas/evomaster-config/runtime-logs/methods/cart/customer/EvoMaster_cart_customer_faults/test_1_getOnItemsReturnsMismatchResponseWithSchema/run.log,/home/azureuser/yas/evomaster-config/runtime-logs/methods/cart/customer/EvoMaster_cart_customer_faults/test_1_getOnItemsReturnsMismatchResponseWithSchema/run_stdout.log,/home/azureuser/yas/evomaster-config/runtime-logs/methods/cart/customer/EvoMaster_cart_customer_faults/test_1_getOnItemsReturnsMismatchResponseWithSchema/run_stderr.log
cart,customer,EvoMaster_cart_customer_successes.java,EvoMaster_cart_customer_successes,test_0_getOnItemsReturns1Element,False,1,200,/cart/storefront/cart/items,GET,200,.statusCode(200) .assertThat(),6,".get(baseUrlOfSut + ""/cart/storefront/cart/items"")",,".header(""Authorization"", ""Bearer eyJhbGciOiJSUzI1NiIsInR5cCIgOiAiSldUIiwia2lkIiA6ICJ0d1VDQzd6VDg0MHlkRFhQUGVhcDlmMmpZOE9wTjQ0RWZSTmJsNW5GNUI4In0.eyJleHAiOjE3NzczMjQ2MzksImlhdCI6MTc3NzMyNDMzOSwianRpIjoiYjhjNTllYTAtOTk5OS00NmIwLTgwN2QtZWE1MmRmNGZiMDY2IiwiaXNzIjoiaHR0cDovL2lkZW50aXR5L3JlYWxtcy9ZYXMiLCJzdWIiOiJjNGMxYmFhMy1jM2IzLTRjMjYtOTJjOC05NGM4NmI5MTk2YTQiLCJ0eXAiOiJCZWFyZXIiLCJhenAiOiJiYWNrb2ZmaWNlLWJmZiIsInNpZCI6IjYxMmExNmYxLTJiNmYtNGQyNi05NGYwLWJkNTcxMDgwY2U3NiIsInJlYWxtX2FjY2VzcyI6eyJyb2xlcyI6WyJkZWZhdWx0LXJvbGVzLXlhcyIsIm9mZmxpbmVfYWNjZXNzIiwiQ1VTVE9NRVIiLCJ1bWFfYXV0aG9yaXphdGlvbiJdfSwic2NvcGUiOiJlbWFpbCBwcm9maWxlIiwiZW1haWxfdmVyaWZpZWQiOmZhbHNlLCJwcmVmZXJyZWRfdXNlcm5hbWUiOiJ1c2VyIn0.jujraRU87AXybbjh0ommxsqbf3-Fvh9vxoMQgViAqmvXOCu0FbKEUxuR1MoikTBQzbfJPilpRH31dJRRHR-x3QrO7FNid3Rj4BA2KmNfxe9sf7KM05_d5LwXUrDVUDUDg8lkJ9fGkhcLmDA12J_6iy8WVg0nHZQCbCEM5qXbL_JoMrd2BMqB_SIAmT5OCg3xoy16EeGIbVHVx5AiHhaYjoDXHxuoNggvAahkr1FJc5sMvg-kjV_SubwrP4l9huEnKcN-YnRuOC-zzxwF6ITc9fqztGXuO-CmN6NoL-N1qDEuip2-OGZ969Tc4_mZQoEAIqHLtvnOqoHcyKWf5J7GKg"")",successes,/home/azureuser/yas/evomaster-config/generated-tests/blackbox/cart/customer/EvoMaster_cart_customer_successes.java,23,6,True,0,,0,0,,100.0,0,0,0,0,0,0,False,,/home/azureuser/yas/evomaster-config/runtime-logs/classes/cart/customer/EvoMaster_cart_customer_successes,/home/azureuser/yas/evomaster-config/runtime-logs/classes/cart/customer/EvoMaster_cart_customer_successes/compile.log,/home/azureuser/yas/evomaster-config/runtime-logs/classes/cart/customer/EvoMaster_cart_customer_successes/compile_stdout.log,/home/azureuser/yas/evomaster-config/runtime-logs/classes/cart/customer/EvoMaster_cart_customer_successes/compile_stderr.log,False,True,1,java.lang.AssertionError;test_failure,1,False,7.01,5.52,158.06,"Tests run: 1, Failures: 1, Errors: 0, Skipped: 0",/home/azureuser/yas/evomaster-config/runtime-logs/methods/cart/customer/EvoMaster_cart_customer_successes/test_0_getOnItemsReturns1Element,/home/azureuser/yas/evomaster-config/runtime-logs/methods/cart/customer/EvoMaster_cart_customer_successes/test_0_getOnItemsReturns1Element/run.log,/home/azureuser/yas/evomaster-config/runtime-logs/methods/cart/customer/EvoMaster_cart_customer_successes/test_0_getOnItemsReturns1Element/run_stdout.log,/home/azureuser/yas/evomaster-config/runtime-logs/methods/cart/customer/EvoMaster_cart_customer_successes/test_0_getOnItemsReturns1Element/run_stderr.log
cart,none,EvoMaster_cart_none_faults.java,EvoMaster_cart_none_faults,test_0_getOnItemsReturnsMismatchResponseWithSchema,False,1,403,/cart/storefront/cart/items,GET,403,.statusCode(403) .assertThat(),6,".get(baseUrlOfSut + ""/cart/storefront/cart/items"")",,,faults,/home/azureuser/yas/evomaster-config/generated-tests/blackbox/cart/none/EvoMaster_cart_none_faults.java,23,6,True,0,,0,0,,100.0,0,0,0,0,0,0,False,,/home/azureuser/yas/evomaster-config/runtime-logs/classes/cart/none/EvoMaster_cart_none_faults,/home/azureuser/yas/evomaster-config/runtime-logs/classes/cart/none/EvoMaster_cart_none_faults/compile.log,/home/azureuser/yas/evomaster-config/runtime-logs/classes/cart/none/EvoMaster_cart_none_faults/compile_stdout.log,/home/azureuser/yas/evomaster-config/runtime-logs/classes/cart/none/EvoMaster_cart_none_faults/compile_stderr.log,True,True,0,,0,False,8.02,5.5,164.24,Test passed (detected via Surefire XML),/home/azureuser/yas/evomaster-config/runtime-logs/methods/cart/none/EvoMaster_cart_none_faults/test_0_getOnItemsReturnsMismatchResponseWithSchema,/home/azureuser/yas/evomaster-config/runtime-logs/methods/cart/none/EvoMaster_cart_none_faults/test_0_getOnItemsReturnsMismatchResponseWithSchema/run.log,/home/azureuser/yas/evomaster-config/runtime-logs/methods/cart/none/EvoMaster_cart_none_faults/test_0_getOnItemsReturnsMismatchResponseWithSchema/run_stdout.log,/home/azureuser/yas/evomaster-config/runtime-logs/methods/cart/none/EvoMaster_cart_none_faults/test_0_getOnItemsReturnsMismatchResponseWithSchema/run_stderr.log
customer,admin_only,EvoMaster_customer_admin_only_faults.java,EvoMaster_customer_admin_only_faults,test_9_getOnProfileReturnsMismatchResponseWithSchema,False,1,401,/customer/storefront/customer/profile,GET,401,.statusCode(401) .assertThat(),2,".get(baseUrlOfSut + ""/customer/storefront/customer/profile"")",,,faults,/home/azureuser/yas/evomaster-config/generated-tests/blackbox/customer/admin_only/EvoMaster_customer_admin_only_faults.java,23,6,True,0,,0,0,,100.0,0,0,0,0,0,0,False,,/home/azureuser/yas/evomaster-config/runtime-logs/classes/customer/admin_only/EvoMaster_customer_admin_only_faults,/home/azureuser/yas/evomaster-config/runtime-logs/classes/customer/admin_only/EvoMaster_customer_admin_only_faults/compile.log,/home/azureuser/yas/evomaster-config/runtime-logs/classes/customer/admin_only/EvoMaster_customer_admin_only_faults/compile_stdout.log,/home/azureuser/yas/evomaster-config/runtime-logs/classes/customer/admin_only/EvoMaster_customer_admin_only_faults/compile_stderr.log,True,True,0,,0,False,7.53,5.93,160.9,Test passed (detected via Surefire XML),/home/azureuser/yas/evomaster-config/runtime-logs/methods/customer/admin_only/EvoMaster_customer_admin_only_faults/test_9_getOnProfileReturnsMismatchResponseWithSchema,/home/azureuser/yas/evomaster-config/runtime-logs/methods/customer/admin_only/EvoMaster_customer_admin_only_faults/test_9_getOnProfileReturnsMismatchResponseWithSchema/run.log,/home/azureuser/yas/evomaster-config/runtime-logs/methods/customer/admin_only/EvoMaster_customer_admin_only_faults/test_9_getOnProfileReturnsMismatchResponseWithSchema/run_stdout.log,/home/azureuser/yas/evomaster-config/runtime-logs/methods/customer/admin_only/EvoMaster_customer_admin_only_faults/test_9_getOnProfileReturnsMismatchResponseWithSchema/run_stderr.log
customer,admin_only,EvoMaster_customer_admin_only_faults.java,EvoMaster_customer_admin_only_faults,test_10_getOnProfileReturnsMismatchResponseWithSchema,False,1,403,/customer/storefront/customer/profile,GET,403,.statusCode(403) .assertThat(),2,".get(baseUrlOfSut + ""/customer/storefront/customer/profile"")",,".header(""Authorization"", ""Bearer eyJhbGciOiJSUzI1NiIsInR5cCIgOiAiSldUIiwia2lkIiA6ICJ0d1VDQzd6VDg0MHlkRFhQUGVhcDlmMmpZOE9wTjQ0RWZSTmJsNW5GNUI4In0.eyJleHAiOjE3NzczMjQ2MzksImlhdCI6MTc3NzMyNDMzOSwianRpIjoiYjhjNTllYTAtOTk5OS00NmIwLTgwN2QtZWE1MmRmNGZiMDY2IiwiaXNzIjoiaHR0cDovL2lkZW50aXR5L3JlYWxtcy9ZYXMiLCJzdWIiOiJjNGMxYmFhMy1jM2IzLTRjMjYtOTJjOC05NGM4NmI5MTk2YTQiLCJ0eXAiOiJCZWFyZXIiLCJhenAiOiJiYWNrb2ZmaWNlLWJmZiIsInNpZCI6IjYxMmExNmYxLTJiNmYtNGQyNi05NGYwLWJkNTcxMDgwY2U3NiIsInJlYWxtX2FjY2VzcyI6eyJyb2xlcyI6WyJkZWZhdWx0LXJvbGVzLXlhcyIsIm9mZmxpbmVfYWNjZXNzIiwiQ1VTVE9NRVIiLCJ1bWFfYXV0aG9yaXphdGlvbiJdfSwic2NvcGUiOiJlbWFpbCBwcm9maWxlIiwiZW1haWxfdmVyaWZpZWQiOmZhbHNlLCJwcmVmZXJyZWRfdXNlcm5hbWUiOiJ1c2VyIn0.jujraRU87AXybbjh0ommxsqbf3-Fvh9vxoMQgViAqmvXOCu0FbKEUxuR1MoikTBQzbfJPilpRH31dJRRHR-x3QrO7FNid3Rj4BA2KmNfxe9sf7KM05_d5LwXUrDVUDUDg8lkJ9fGkhcLmDA12J_6iy8WVg0nHZQCbCEM5qXbL_JoMrd2BMqB_SIAmT5OCg3xoy16EeGIbVHVx5AiHhaYjoDXHxuoNggvAahkr1FJc5sMvg-kjV_SubwrP4l9huEnKcN-YnRuOC-zzxwF6ITc9fqztGXuO-CmN6NoL-N1qDEuip2-OGZ969Tc4_mZQoEAIqHLtvnOqoHcyKWf5J7GKg"")",faults,/home/azureuser/yas/evomaster-config/generated-tests/blackbox/customer/admin_only/EvoMaster_customer_admin_only_faults.java,23,6,True,0,,0,0,,100.0,0,0,0,0,0,0,False,,/home/azureuser/yas/evomaster-config/runtime-logs/classes/customer/admin_only/EvoMaster_customer_admin_only_faults,/home/azureuser/yas/evomaster-config/runtime-logs/classes/customer/admin_only/EvoMaster_customer_admin_only_faults/compile.log,/home/azureuser/yas/evomaster-config/runtime-logs/classes/customer/admin_only/EvoMaster_customer_admin_only_faults/compile_stdout.log,/home/azureuser/yas/evomaster-config/runtime-logs/classes/customer/admin_only/EvoMaster_customer_admin_only_faults/compile_stderr.log,False,True,1,java.lang.AssertionError;test_failure,1,False,7.52,5.75,185.7,"Tests run: 1, Failures: 1, Errors: 0, Skipped: 0",/home/azureuser/yas/evomaster-config/runtime-logs/methods/customer/admin_only/EvoMaster_customer_admin_only_faults/test_10_getOnProfileReturnsMismatchResponseWithSchema,/home/azureuser/yas/evomaster-config/runtime-logs/methods/customer/admin_only/EvoMaster_customer_admin_only_faults/test_10_getOnProfileReturnsMismatchResponseWithSchema/run.log,/home/azureuser/yas/evomaster-config/runtime-logs/methods/customer/admin_only/EvoMaster_customer_admin_only_faults/test_10_getOnProfileReturnsMismatchResponseWithSchema/run_stdout.log,/home/azureuser/yas/evomaster-config/runtime-logs/methods/customer/admin_only/EvoMaster_customer_admin_only_faults/test_10_getOnProfileReturnsMismatchResponseWithSchema/run_stderr.log
customer,customer,EvoMaster_customer_customer_faults.java,EvoMaster_customer_customer_faults,test_11_getOnProfileReturnsMismatchResponseWithSchema,False,1,401,/customer/storefront/customer/profile,GET,401,.statusCode(401) .assertThat(),2,".get(baseUrlOfSut + ""/customer/storefront/customer/profile"")",,,faults,/home/azureuser/yas/evomaster-config/generated-tests/blackbox/customer/customer/EvoMaster_customer_customer_faults.java,23,6,True,0,,0,0,,100.0,0,0,0,0,0,0,False,,/home/azureuser/yas/evomaster-config/runtime-logs/classes/customer/customer/EvoMaster_customer_customer_faults,/home/azureuser/yas/evomaster-config/runtime-logs/classes/customer/customer/EvoMaster_customer_customer_faults/compile.log,/home/azureuser/yas/evomaster-config/runtime-logs/classes/customer/customer/EvoMaster_customer_customer_faults/compile_stdout.log,/home/azureuser/yas/evomaster-config/runtime-logs/classes/customer/customer/EvoMaster_customer_customer_faults/compile_stderr.log,True,True,0,,0,False,7.53,5.54,165.86,Test passed (detected via Surefire XML),/home/azureuser/yas/evomaster-config/runtime-logs/methods/customer/customer/EvoMaster_customer_customer_faults/test_11_getOnProfileReturnsMismatchResponseWithSchema,/home/azureuser/yas/evomaster-config/runtime-logs/methods/customer/customer/EvoMaster_customer_customer_faults/test_11_getOnProfileReturnsMismatchResponseWithSchema/run.log,/home/azureuser/yas/evomaster-config/runtime-logs/methods/customer/customer/EvoMaster_customer_customer_faults/test_11_getOnProfileReturnsMismatchResponseWithSchema/run_stdout.log,/home/azureuser/yas/evomaster-config/runtime-logs/methods/customer/customer/EvoMaster_customer_customer_faults/test_11_getOnProfileReturnsMismatchResponseWithSchema/run_stderr.log
customer,customer,EvoMaster_customer_customer_successes.java,EvoMaster_customer_customer_successes,test_1_getOnProfileReturnsObject,False,1,200,/customer/storefront/customer/profile,GET,200,.statusCode(200) .assertThat(),6,".get(baseUrlOfSut + ""/customer/storefront/customer/profile"")",,".header(""Authorization"", ""Bearer eyJhbGciOiJSUzI1NiIsInR5cCIgOiAiSldUIiwia2lkIiA6ICJ0d1VDQzd6VDg0MHlkRFhQUGVhcDlmMmpZOE9wTjQ0RWZSTmJsNW5GNUI4In0.eyJleHAiOjE3NzczMjQ2MzksImlhdCI6MTc3NzMyNDMzOSwianRpIjoiYjhjNTllYTAtOTk5OS00NmIwLTgwN2QtZWE1MmRmNGZiMDY2IiwiaXNzIjoiaHR0cDovL2lkZW50aXR5L3JlYWxtcy9ZYXMiLCJzdWIiOiJjNGMxYmFhMy1jM2IzLTRjMjYtOTJjOC05NGM4NmI5MTk2YTQiLCJ0eXAiOiJCZWFyZXIiLCJhenAiOiJiYWNrb2ZmaWNlLWJmZiIsInNpZCI6IjYxMmExNmYxLTJiNmYtNGQyNi05NGYwLWJkNTcxMDgwY2U3NiIsInJlYWxtX2FjY2VzcyI6eyJyb2xlcyI6WyJkZWZhdWx0LXJvbGVzLXlhcyIsIm9mZmxpbmVfYWNjZXNzIiwiQ1VTVE9NRVIiLCJ1bWFfYXV0aG9yaXphdGlvbiJdfSwic2NvcGUiOiJlbWFpbCBwcm9maWxlIiwiZW1haWxfdmVyaWZpZWQiOmZhbHNlLCJwcmVmZXJyZWRfdXNlcm5hbWUiOiJ1c2VyIn0.jujraRU87AXybbjh0ommxsqbf3-Fvh9vxoMQgViAqmvXOCu0FbKEUxuR1MoikTBQzbfJPilpRH31dJRRHR-x3QrO7FNid3Rj4BA2KmNfxe9sf7KM05_d5LwXUrDVUDUDg8lkJ9fGkhcLmDA12J_6iy8WVg0nHZQCbCEM5qXbL_JoMrd2BMqB_SIAmT5OCg3xoy16EeGIbVHVx5AiHhaYjoDXHxuoNggvAahkr1FJc5sMvg-kjV_SubwrP4l9huEnKcN-YnRuOC-zzxwF6ITc9fqztGXuO-CmN6NoL-N1qDEuip2-OGZ969Tc4_mZQoEAIqHLtvnOqoHcyKWf5J7GKg"")",successes,/home/azureuser/yas/evomaster-config/generated-tests/blackbox/customer/customer/EvoMaster_customer_customer_successes.java,23,6,True,0,,0,0,,100.0,0,0,0,0,0,0,False,,/home/azureuser/yas/evomaster-config/runtime-logs/classes/customer/customer/EvoMaster_customer_customer_successes,/home/azureuser/yas/evomaster-config/runtime-logs/classes/customer/customer/EvoMaster_customer_customer_successes/compile.log,/home/azureuser/yas/evomaster-config/runtime-logs/classes/customer/customer/EvoMaster_customer_customer_successes/compile_stdout.log,/home/azureuser/yas/evomaster-config/runtime-logs/classes/customer/customer/EvoMaster_customer_customer_successes/compile_stderr.log,False,True,1,java.lang.AssertionError;test_failure,1,False,7.03,5.6,162.64,"Tests run: 1, Failures: 1, Errors: 0, Skipped: 0",/home/azureuser/yas/evomaster-config/runtime-logs/methods/customer/customer/EvoMaster_customer_customer_successes/test_1_getOnProfileReturnsObject,/home/azureuser/yas/evomaster-config/runtime-logs/methods/customer/customer/EvoMaster_customer_customer_successes/test_1_getOnProfileReturnsObject/run.log,/home/azureuser/yas/evomaster-config/runtime-logs/methods/customer/customer/EvoMaster_customer_customer_successes/test_1_getOnProfileReturnsObject/run_stdout.log,/home/azureuser/yas/evomaster-config/runtime-logs/methods/customer/customer/EvoMaster_customer_customer_successes/test_1_getOnProfileReturnsObject/run_stderr.log
customer,none,EvoMaster_customer_none_faults.java,EvoMaster_customer_none_faults,test_6_getOnProfileReturnsMismatchResponseWithSchema,False,1,401,/customer/storefront/customer/profile,GET,401,.statusCode(401) .assertThat(),2,".get(baseUrlOfSut + ""/customer/storefront/customer/profile"")",,,faults,/home/azureuser/yas/evomaster-config/generated-tests/blackbox/customer/none/EvoMaster_customer_none_faults.java,23,6,True,0,,0,0,,100.0,0,0,0,0,0,0,False,,/home/azureuser/yas/evomaster-config/runtime-logs/classes/customer/none/EvoMaster_customer_none_faults,/home/azureuser/yas/evomaster-config/runtime-logs/classes/customer/none/EvoMaster_customer_none_faults/compile.log,/home/azureuser/yas/evomaster-config/runtime-logs/classes/customer/none/EvoMaster_customer_none_faults/compile_stdout.log,/home/azureuser/yas/evomaster-config/runtime-logs/classes/customer/none/EvoMaster_customer_none_faults/compile_stderr.log,True,True,0,,0,False,7.03,5.5,163.03,Test passed (detected via Surefire XML),/home/azureuser/yas/evomaster-config/runtime-logs/methods/customer/none/EvoMaster_customer_none_faults/test_6_getOnProfileReturnsMismatchResponseWithSchema,/home/azureuser/yas/evomaster-config/runtime-logs/methods/customer/none/EvoMaster_customer_none_faults/test_6_getOnProfileReturnsMismatchResponseWithSchema/run.log,/home/azureuser/yas/evomaster-config/runtime-logs/methods/customer/none/EvoMaster_customer_none_faults/test_6_getOnProfileReturnsMismatchResponseWithSchema/run_stdout.log,/home/azureuser/yas/evomaster-config/runtime-logs/methods/customer/none/EvoMaster_customer_none_faults/test_6_getOnProfileReturnsMismatchResponseWithSchema/run_stderr.log
inventory,admin_only,EvoMaster_inventory_admin_only_faults.java,EvoMaster_inventory_admin_only_faults,test_17_deleteOnWarehousReturnsMismatchResponseWithSchema,False,1,403,/inventory/backoffice/warehouses/{id},DELETE,403,.statusCode(403) .assertThat(),5,".delete(baseUrlOfSut + ""/inventory/backoffice/warehouses/425"")",,,faults,/home/azureuser/yas/evomaster-config/generated-tests/blackbox/inventory/admin_only/EvoMaster_inventory_admin_only_faults.java,23,6,True,0,,0,0,,100.0,0,0,0,0,0,0,False,,/home/azureuser/yas/evomaster-config/runtime-logs/classes/inventory/admin_only/EvoMaster_inventory_admin_only_faults,/home/azureuser/yas/evomaster-config/runtime-logs/classes/inventory/admin_only/EvoMaster_inventory_admin_only_faults/compile.log,/home/azureuser/yas/evomaster-config/runtime-logs/classes/inventory/admin_only/EvoMaster_inventory_admin_only_faults/compile_stdout.log,/home/azureuser/yas/evomaster-config/runtime-logs/classes/inventory/admin_only/EvoMaster_inventory_admin_only_faults/compile_stderr.log,True,True,0,,0,False,8.55,5.76,161.34,Test passed (detected via Surefire XML),/home/azureuser/yas/evomaster-config/runtime-logs/methods/inventory/admin_only/EvoMaster_inventory_admin_only_faults/test_17_deleteOnWarehousReturnsMismatchResponseWithSchema,/home/azureuser/yas/evomaster-config/runtime-logs/methods/inventory/admin_only/EvoMaster_inventory_admin_only_faults/test_17_deleteOnWarehousReturnsMismatchResponseWithSchema/run.log,/home/azureuser/yas/evomaster-config/runtime-logs/methods/inventory/admin_only/EvoMaster_inventory_admin_only_faults/test_17_deleteOnWarehousReturnsMismatchResponseWithSchema/run_stdout.log,/home/azureuser/yas/evomaster-config/runtime-logs/methods/inventory/admin_only/EvoMaster_inventory_admin_only_faults/test_17_deleteOnWarehousReturnsMismatchResponseWithSchema/run_stderr.log
inventory,admin_only,EvoMaster_inventory_admin_only_others.java,EvoMaster_inventory_admin_only_others,test_3_deleteOnWarehousReturns404,False,1,404,/inventory/backoffice/warehouses/{id},DELETE,404,.statusCode(404) .assertThat(),6,".delete(baseUrlOfSut + ""/inventory/backoffice/warehouses/1031778382"")",,".header(""Authorization"", ""Bearer eyJhbGciOiJSUzI1NiIsInR5cCIgOiAiSldUIiwia2lkIiA6ICJ0d1VDQzd6VDg0MHlkRFhQUGVhcDlmMmpZOE9wTjQ0RWZSTmJsNW5GNUI4In0.eyJleHAiOjE3NzczMjQ2MzksImlhdCI6MTc3NzMyNDMzOSwianRpIjoiYjFmNWZjZWItNWRmMC00MWU4LWFlNDgtNTI5YjMxNzBlMjYwIiwiaXNzIjoiaHR0cDovL2lkZW50aXR5L3JlYWxtcy9ZYXMiLCJzdWIiOiIzMGM1ZjgzMS01MTU2LTQ4NzctODQxYy00YmU4NzQxYTVmZTEiLCJ0eXAiOiJCZWFyZXIiLCJhenAiOiJiYWNrb2ZmaWNlLWJmZiIsInNpZCI6ImI2MzMyMDdmLTQwODEtNDVlMS1hZDA5LWFhNDkxM2YzMjFkNiIsInJlYWxtX2FjY2VzcyI6eyJyb2xlcyI6WyJBRE1JTiJdfSwic2NvcGUiOiJlbWFpbCBwcm9maWxlIiwiZW1haWxfdmVyaWZpZWQiOmZhbHNlLCJwcmVmZXJyZWRfdXNlcm5hbWUiOiJhZG1pbl9vbmx5In0.jcnQ-e69_3UdIoPirPY2lhies5OSxhnEBBiY68YTtS5ElGksffpSSmWOzEt4MeFUa_cFoE4Cko5DNMDfcOFV0DxxouG0YNe7rhNAN2m-KQv5Tcc4JAXKUJ14bUCv-CefB0_Jt1sYiFEV69tNmpvGPzkDVBLyc3Ahsk6sPbuIGa8JSOjGhaYWnMwpB5bPC37tBma0yzn1cblsPd-b95asX56OyP41AmU56mXszeoIEDpRDVesFgwCHzAFWZYrU57kxlwrvAM2Lqo81ZTpyWq27gfZNkxWdodgX69WzvsOTJMA6V44o6cO6p1KbvMzZ8pwPDMn6OAPWtItFn_dipAz-w"")",others,/home/azureuser/yas/evomaster-config/generated-tests/blackbox/inventory/admin_only/EvoMaster_inventory_admin_only_others.java,23,6,True,0,,0,0,,100.0,0,0,0,0,0,0,False,,/home/azureuser/yas/evomaster-config/runtime-logs/classes/inventory/admin_only/EvoMaster_inventory_admin_only_others,/home/azureuser/yas/evomaster-config/runtime-logs/classes/inventory/admin_only/EvoMaster_inventory_admin_only_others/compile.log,/home/azureuser/yas/evomaster-config/runtime-logs/classes/inventory/admin_only/EvoMaster_inventory_admin_only_others/compile_stdout.log,/home/azureuser/yas/evomaster-config/runtime-logs/classes/inventory/admin_only/EvoMaster_inventory_admin_only_others/compile_stderr.log,False,True,1,java.lang.AssertionError;test_failure,1,False,7.04,5.31,162.83,"Tests run: 1, Failures: 1, Errors: 0, Skipped: 0",/home/azureuser/yas/evomaster-config/runtime-logs/methods/inventory/admin_only/EvoMaster_inventory_admin_only_others/test_3_deleteOnWarehousReturns404,/home/azureuser/yas/evomaster-config/runtime-logs/methods/inventory/admin_only/EvoMaster_inventory_admin_only_others/test_3_deleteOnWarehousReturns404/run.log,/home/azureuser/yas/evomaster-config/runtime-logs/methods/inventory/admin_only/EvoMaster_inventory_admin_only_others/test_3_deleteOnWarehousReturns404/run_stdout.log,/home/azureuser/yas/evomaster-config/runtime-logs/methods/inventory/admin_only/EvoMaster_inventory_admin_only_others/test_3_deleteOnWarehousReturns404/run_stderr.log
inventory,customer,EvoMaster_inventory_customer_faults.java,EvoMaster_inventory_customer_faults,test_19_deleteOnWarehousReturnsMismatchResponseWithSchema,False,1,403,/inventory/backoffice/warehouses/{id},DELETE,403,.statusCode(403) .assertThat(),2,".delete(baseUrlOfSut + ""/inventory/backoffice/warehouses/2141686294"")",,".header(""Authorization"", ""Bearer eyJhbGciOiJSUzI1NiIsInR5cCIgOiAiSldUIiwia2lkIiA6ICJ0d1VDQzd6VDg0MHlkRFhQUGVhcDlmMmpZOE9wTjQ0RWZSTmJsNW5GNUI4In0.eyJleHAiOjE3NzczMjQ2MzksImlhdCI6MTc3NzMyNDMzOSwianRpIjoiYjhjNTllYTAtOTk5OS00NmIwLTgwN2QtZWE1MmRmNGZiMDY2IiwiaXNzIjoiaHR0cDovL2lkZW50aXR5L3JlYWxtcy9ZYXMiLCJzdWIiOiJjNGMxYmFhMy1jM2IzLTRjMjYtOTJjOC05NGM4NmI5MTk2YTQiLCJ0eXAiOiJCZWFyZXIiLCJhenAiOiJiYWNrb2ZmaWNlLWJmZiIsInNpZCI6IjYxMmExNmYxLTJiNmYtNGQyNi05NGYwLWJkNTcxMDgwY2U3NiIsInJlYWxtX2FjY2VzcyI6eyJyb2xlcyI6WyJkZWZhdWx0LXJvbGVzLXlhcyIsIm9mZmxpbmVfYWNjZXNzIiwiQ1VTVE9NRVIiLCJ1bWFfYXV0aG9yaXphdGlvbiJdfSwic2NvcGUiOiJlbWFpbCBwcm9maWxlIiwiZW1haWxfdmVyaWZpZWQiOmZhbHNlLCJwcmVmZXJyZWRfdXNlcm5hbWUiOiJ1c2VyIn0.jujraRU87AXybbjh0ommxsqbf3-Fvh9vxoMQgViAqmvXOCu0FbKEUxuR1MoikTBQzbfJPilpRH31dJRRHR-x3QrO7FNid3Rj4BA2KmNfxe9sf7KM05_d5LwXUrDVUDUDg8lkJ9fGkhcLmDA12J_6iy8WVg0nHZQCbCEM5qXbL_JoMrd2BMqB_SIAmT5OCg3xoy16EeGIbVHVx5AiHhaYjoDXHxuoNggvAahkr1FJc5sMvg-kjV_SubwrP4l9huEnKcN-YnRuOC-zzxwF6ITc9fqztGXuO-CmN6NoL-N1qDEuip2-OGZ969Tc4_mZQoEAIqHLtvnOqoHcyKWf5J7GKg"")",faults,/home/azureuser/yas/evomaster-config/generated-tests/blackbox/inventory/customer/EvoMaster_inventory_customer_faults.java,23,6,True,0,,0,0,,100.0,0,0,0,0,0,0,False,,/home/azureuser/yas/evomaster-config/runtime-logs/classes/inventory/customer/EvoMaster_inventory_customer_faults,/home/azureuser/yas/evomaster-config/runtime-logs/classes/inventory/customer/EvoMaster_inventory_customer_faults/compile.log,/home/azureuser/yas/evomaster-config/runtime-logs/classes/inventory/customer/EvoMaster_inventory_customer_faults/compile_stdout.log,/home/azureuser/yas/evomaster-config/runtime-logs/classes/inventory/customer/EvoMaster_inventory_customer_faults/compile_stderr.log,False,True,1,java.lang.AssertionError;test_failure,1,False,7.02,5.7,181.57,"Tests run: 1, Failures: 1, Errors: 0, Skipped: 0",/home/azureuser/yas/evomaster-config/runtime-logs/methods/inventory/customer/EvoMaster_inventory_customer_faults/test_19_deleteOnWarehousReturnsMismatchResponseWithSchema,/home/azureuser/yas/evomaster-config/runtime-logs/methods/inventory/customer/EvoMaster_inventory_customer_faults/test_19_deleteOnWarehousReturnsMismatchResponseWithSchema/run.log,/home/azureuser/yas/evomaster-config/runtime-logs/methods/inventory/customer/EvoMaster_inventory_customer_faults/test_19_deleteOnWarehousReturnsMismatchResponseWithSchema/run_stdout.log,/home/azureuser/yas/evomaster-config/runtime-logs/methods/inventory/customer/EvoMaster_inventory_customer_faults/test_19_deleteOnWarehousReturnsMismatchResponseWithSchema/run_stderr.log
inventory,customer,EvoMaster_inventory_customer_faults.java,EvoMaster_inventory_customer_faults,test_20_deleteOnWarehousReturnsMismatchResponseWithSchema,False,1,403,/inventory/backoffice/warehouses/{id},DELETE,403,.statusCode(403) .assertThat(),5,".delete(baseUrlOfSut + ""/inventory/backoffice/warehouses/-529080046"")",,,faults,/home/azureuser/yas/evomaster-config/generated-tests/blackbox/inventory/customer/EvoMaster_inventory_customer_faults.java,23,6,True,0,,0,0,,100.0,0,0,0,0,0,0,False,,/home/azureuser/yas/evomaster-config/runtime-logs/classes/inventory/customer/EvoMaster_inventory_customer_faults,/home/azureuser/yas/evomaster-config/runtime-logs/classes/inventory/customer/EvoMaster_inventory_customer_faults/compile.log,/home/azureuser/yas/evomaster-config/runtime-logs/classes/inventory/customer/EvoMaster_inventory_customer_faults/compile_stdout.log,/home/azureuser/yas/evomaster-config/runtime-logs/classes/inventory/customer/EvoMaster_inventory_customer_faults/compile_stderr.log,True,True,0,,0,False,8.02,6.12,172.31,Test passed (detected via Surefire XML),/home/azureuser/yas/evomaster-config/runtime-logs/methods/inventory/customer/EvoMaster_inventory_customer_faults/test_20_deleteOnWarehousReturnsMismatchResponseWithSchema,/home/azureuser/yas/evomaster-config/runtime-logs/methods/inventory/customer/EvoMaster_inventory_customer_faults/test_20_deleteOnWarehousReturnsMismatchResponseWithSchema/run.log,/home/azureuser/yas/evomaster-config/runtime-logs/methods/inventory/customer/EvoMaster_inventory_customer_faults/test_20_deleteOnWarehousReturnsMismatchResponseWithSchema/run_stdout.log,/home/azureuser/yas/evomaster-config/runtime-logs/methods/inventory/customer/EvoMaster_inventory_customer_faults/test_20_deleteOnWarehousReturnsMismatchResponseWithSchema/run_stderr.log
inventory,none,EvoMaster_inventory_none_faults.java,EvoMaster_inventory_none_faults,test_10_deleteOnWarehousReturnsMismatchResponseWithSchema,False,1,403,/inventory/backoffice/warehouses/{id},DELETE,403,.statusCode(403) .assertThat(),5,".delete(baseUrlOfSut + ""/inventory/backoffice/warehouses/383"")",,,faults,/home/azureuser/yas/evomaster-config/generated-tests/blackbox/inventory/none/EvoMaster_inventory_none_faults.java,23,6,True,0,,0,0,,100.0,0,0,0,0,0,0,False,,/home/azureuser/yas/evomaster-config/runtime-logs/classes/inventory/none/EvoMaster_inventory_none_faults,/home/azureuser/yas/evomaster-config/runtime-logs/classes/inventory/none/EvoMaster_inventory_none_faults/compile.log,/home/azureuser/yas/evomaster-config/runtime-logs/classes/inventory/none/EvoMaster_inventory_none_faults/compile_stdout.log,/home/azureuser/yas/evomaster-config/runtime-logs/classes/inventory/none/EvoMaster_inventory_none_faults/compile_stderr.log,True,True,0,,0,False,8.02,5.71,160.1,Test passed (detected via Surefire XML),/home/azureuser/yas/evomaster-config/runtime-logs/methods/inventory/none/EvoMaster_inventory_none_faults/test_10_deleteOnWarehousReturnsMismatchResponseWithSchema,/home/azureuser/yas/evomaster-config/runtime-logs/methods/inventory/none/EvoMaster_inventory_none_faults/test_10_deleteOnWarehousReturnsMismatchResponseWithSchema/run.log,/home/azureuser/yas/evomaster-config/runtime-logs/methods/inventory/none/EvoMaster_inventory_none_faults/test_10_deleteOnWarehousReturnsMismatchResponseWithSchema/run_stdout.log,/home/azureuser/yas/evomaster-config/runtime-logs/methods/inventory/none/EvoMaster_inventory_none_faults/test_10_deleteOnWarehousReturnsMismatchResponseWithSchema/run_stderr.log
location,admin_only,EvoMaster_location_admin_only_faults.java,EvoMaster_location_admin_only_faults,test_17_putOnState_or_provincReturnsMismatchResponseWithSchema,False,1,403,/location/backoffice/state-or-provinces/{id},PUT,403,.statusCode(403) .assertThat(),5,".put(baseUrlOfSut + ""/location/backoffice/state-or-provinces/6707079192966285937"")",".body("" { "" + 
                    "" \""type\"" : \""\"" "" + 
                    "" } "")",,faults,/home/azureuser/yas/evomaster-config/generated-tests/blackbox/location/admin_only/EvoMaster_location_admin_only_faults.java,23,6,True,0,,0,0,,100.0,0,0,0,0,0,0,False,,/home/azureuser/yas/evomaster-config/runtime-logs/classes/location/admin_only/EvoMaster_location_admin_only_faults,/home/azureuser/yas/evomaster-config/runtime-logs/classes/location/admin_only/EvoMaster_location_admin_only_faults/compile.log,/home/azureuser/yas/evomaster-config/runtime-logs/classes/location/admin_only/EvoMaster_location_admin_only_faults/compile_stdout.log,/home/azureuser/yas/evomaster-config/runtime-logs/classes/location/admin_only/EvoMaster_location_admin_only_faults/compile_stderr.log,True,True,0,,0,False,8.03,5.39,160.12,Test passed (detected via Surefire XML),/home/azureuser/yas/evomaster-config/runtime-logs/methods/location/admin_only/EvoMaster_location_admin_only_faults/test_17_putOnState_or_provincReturnsMismatchResponseWithSchema,/home/azureuser/yas/evomaster-config/runtime-logs/methods/location/admin_only/EvoMaster_location_admin_only_faults/test_17_putOnState_or_provincReturnsMismatchResponseWithSchema/run.log,/home/azureuser/yas/evomaster-config/runtime-logs/methods/location/admin_only/EvoMaster_location_admin_only_faults/test_17_putOnState_or_provincReturnsMismatchResponseWithSchema/run_stdout.log,/home/azureuser/yas/evomaster-config/runtime-logs/methods/location/admin_only/EvoMaster_location_admin_only_faults/test_17_putOnState_or_provincReturnsMismatchResponseWithSchema/run_stderr.log
location,admin_only,EvoMaster_location_admin_only_successes.java,EvoMaster_location_admin_only_successes,test_16_putOnState_or_provincReturns204,True,1,204,/location/backoffice/state-or-provinces/{id},PUT,204;400,.statusCode(204) .assertThat() | .statusCode(400) .assertThat(),9,".put(baseUrlOfSut + ""/location/backoffice/state-or-provinces/21"") | .delete(baseUrlOfSut + ""/location/backoffice/state-or-provinces/21"")",".body("" { "" + 
                    "" \""name\"" : \""CzChXryIi\"", "" + 
                    "" \""countryId\"" : 88 "" + 
                    "" } "")",".header(""Authorization"", ""Bearer eyJhbGciOiJSUzI1NiIsInR5cCIgOiAiSldUIiwia2lkIiA6ICJ0d1VDQzd6VDg0MHlkRFhQUGVhcDlmMmpZOE9wTjQ0RWZSTmJsNW5GNUI4In0.eyJleHAiOjE3NzczMjQ2MzksImlhdCI6MTc3NzMyNDMzOSwianRpIjoiYjFmNWZjZWItNWRmMC00MWU4LWFlNDgtNTI5YjMxNzBlMjYwIiwiaXNzIjoiaHR0cDovL2lkZW50aXR5L3JlYWxtcy9ZYXMiLCJzdWIiOiIzMGM1ZjgzMS01MTU2LTQ4NzctODQxYy00YmU4NzQxYTVmZTEiLCJ0eXAiOiJCZWFyZXIiLCJhenAiOiJiYWNrb2ZmaWNlLWJmZiIsInNpZCI6ImI2MzMyMDdmLTQwODEtNDVlMS1hZDA5LWFhNDkxM2YzMjFkNiIsInJlYWxtX2FjY2VzcyI6eyJyb2xlcyI6WyJBRE1JTiJdfSwic2NvcGUiOiJlbWFpbCBwcm9maWxlIiwiZW1haWxfdmVyaWZpZWQiOmZhbHNlLCJwcmVmZXJyZWRfdXNlcm5hbWUiOiJhZG1pbl9vbmx5In0.jcnQ-e69_3UdIoPirPY2lhies5OSxhnEBBiY68YTtS5ElGksffpSSmWOzEt4MeFUa_cFoE4Cko5DNMDfcOFV0DxxouG0YNe7rhNAN2m-KQv5Tcc4JAXKUJ14bUCv-CefB0_Jt1sYiFEV69tNmpvGPzkDVBLyc3Ahsk6sPbuIGa8JSOjGhaYWnMwpB5bPC37tBma0yzn1cblsPd-b95asX56OyP41AmU56mXszeoIEDpRDVesFgwCHzAFWZYrU57kxlwrvAM2Lqo81ZTpyWq27gfZNkxWdodgX69WzvsOTJMA6V44o6cO6p1KbvMzZ8pwPDMn6OAPWtItFn_dipAz-w"") | .header(""Authorization"", ""Bearer eyJhbGciOiJSUzI1NiIsInR5cCIgOiAiSldUIiwia2lkIiA6ICJ0d1VDQzd6VDg0MHlkRFhQUGVhcDlmMmpZOE9wTjQ0RWZSTmJsNW5GNUI4In0.eyJleHAiOjE3NzczMjQ2MzksImlhdCI6MTc3NzMyNDMzOSwianRpIjoiYjFmNWZjZWItNWRmMC00MWU4LWFlNDgtNTI5YjMxNzBlMjYwIiwiaXNzIjoiaHR0cDovL2lkZW50aXR5L3JlYWxtcy9ZYXMiLCJzdWIiOiIzMGM1ZjgzMS01MTU2LTQ4NzctODQxYy00YmU4NzQxYTVmZTEiLCJ0eXAiOiJCZWFyZXIiLCJhenAiOiJiYWNrb2ZmaWNlLWJmZiIsInNpZCI6ImI2MzMyMDdmLTQwODEtNDVlMS1hZDA5LWFhNDkxM2YzMjFkNiIsInJlYWxtX2FjY2VzcyI6eyJyb2xlcyI6WyJBRE1JTiJdfSwic2NvcGUiOiJlbWFpbCBwcm9maWxlIiwiZW1haWxfdmVyaWZpZWQiOmZhbHNlLCJwcmVmZXJyZWRfdXNlcm5hbWUiOiJhZG1pbl9vbmx5In0.jcnQ-e69_3UdIoPirPY2lhies5OSxhnEBBiY68YTtS5ElGksffpSSmWOzEt4MeFUa_cFoE4Cko5DNMDfcOFV0DxxouG0YNe7rhNAN2m-KQv5Tcc4JAXKUJ14bUCv-CefB0_Jt1sYiFEV69tNmpvGPzkDVBLyc3Ahsk6sPbuIGa8JSOjGhaYWnMwpB5bPC37tBma0yzn1cblsPd-b95asX56OyP41AmU56mXszeoIEDpRDVesFgwCHzAFWZYrU57kxlwrvAM2Lqo81ZTpyWq27gfZNkxWdodgX69WzvsOTJMA6V44o6cO6p1KbvMzZ8pwPDMn6OAPWtItFn_dipAz-w"")",successes,/home/azureuser/yas/evomaster-config/generated-tests/blackbox/location/admin_only/EvoMaster_location_admin_only_successes.java,23,6,True,0,,0,0,,100.0,0,0,0,0,0,0,False,,/home/azureuser/yas/evomaster-config/runtime-logs/classes/location/admin_only/EvoMaster_location_admin_only_successes,/home/azureuser/yas/evomaster-config/runtime-logs/classes/location/admin_only/EvoMaster_location_admin_only_successes/compile.log,/home/azureuser/yas/evomaster-config/runtime-logs/classes/location/admin_only/EvoMaster_location_admin_only_successes/compile_stdout.log,/home/azureuser/yas/evomaster-config/runtime-logs/classes/location/admin_only/EvoMaster_location_admin_only_successes/compile_stderr.log,False,True,1,java.lang.AssertionError;test_failure,1,False,8.03,5.63,162.89,"Tests run: 1, Failures: 1, Errors: 0, Skipped: 0",/home/azureuser/yas/evomaster-config/runtime-logs/methods/location/admin_only/EvoMaster_location_admin_only_successes/test_16_putOnState_or_provincReturns204,/home/azureuser/yas/evomaster-config/runtime-logs/methods/location/admin_only/EvoMaster_location_admin_only_successes/test_16_putOnState_or_provincReturns204/run.log,/home/azureuser/yas/evomaster-config/runtime-logs/methods/location/admin_only/EvoMaster_location_admin_only_successes/test_16_putOnState_or_provincReturns204/run_stdout.log,/home/azureuser/yas/evomaster-config/runtime-logs/methods/location/admin_only/EvoMaster_location_admin_only_successes/test_16_putOnState_or_provincReturns204/run_stderr.log
location,customer,EvoMaster_location_customer_faults.java,EvoMaster_location_customer_faults,test_24_putOnState_or_provincReturnsMismatchResponseWithSchema,False,1,403,/location/backoffice/state-or-provinces/{id},PUT,403,.statusCode(403) .assertThat(),2,".put(baseUrlOfSut + ""/location/backoffice/state-or-provinces/-6691496060996220706"")",".body("" { "" + 
                    "" \""type\"" : \""jWh2zL\"", "" + 
                    "" \""countryId\"" : 923 "" + 
                    "" } "")",".header(""Authorization"", ""Bearer eyJhbGciOiJSUzI1NiIsInR5cCIgOiAiSldUIiwia2lkIiA6ICJ0d1VDQzd6VDg0MHlkRFhQUGVhcDlmMmpZOE9wTjQ0RWZSTmJsNW5GNUI4In0.eyJleHAiOjE3NzczMjQ2MzksImlhdCI6MTc3NzMyNDMzOSwianRpIjoiYjhjNTllYTAtOTk5OS00NmIwLTgwN2QtZWE1MmRmNGZiMDY2IiwiaXNzIjoiaHR0cDovL2lkZW50aXR5L3JlYWxtcy9ZYXMiLCJzdWIiOiJjNGMxYmFhMy1jM2IzLTRjMjYtOTJjOC05NGM4NmI5MTk2YTQiLCJ0eXAiOiJCZWFyZXIiLCJhenAiOiJiYWNrb2ZmaWNlLWJmZiIsInNpZCI6IjYxMmExNmYxLTJiNmYtNGQyNi05NGYwLWJkNTcxMDgwY2U3NiIsInJlYWxtX2FjY2VzcyI6eyJyb2xlcyI6WyJkZWZhdWx0LXJvbGVzLXlhcyIsIm9mZmxpbmVfYWNjZXNzIiwiQ1VTVE9NRVIiLCJ1bWFfYXV0aG9yaXphdGlvbiJdfSwic2NvcGUiOiJlbWFpbCBwcm9maWxlIiwiZW1haWxfdmVyaWZpZWQiOmZhbHNlLCJwcmVmZXJyZWRfdXNlcm5hbWUiOiJ1c2VyIn0.jujraRU87AXybbjh0ommxsqbf3-Fvh9vxoMQgViAqmvXOCu0FbKEUxuR1MoikTBQzbfJPilpRH31dJRRHR-x3QrO7FNid3Rj4BA2KmNfxe9sf7KM05_d5LwXUrDVUDUDg8lkJ9fGkhcLmDA12J_6iy8WVg0nHZQCbCEM5qXbL_JoMrd2BMqB_SIAmT5OCg3xoy16EeGIbVHVx5AiHhaYjoDXHxuoNggvAahkr1FJc5sMvg-kjV_SubwrP4l9huEnKcN-YnRuOC-zzxwF6ITc9fqztGXuO-CmN6NoL-N1qDEuip2-OGZ969Tc4_mZQoEAIqHLtvnOqoHcyKWf5J7GKg"")",faults,/home/azureuser/yas/evomaster-config/generated-tests/blackbox/location/customer/EvoMaster_location_customer_faults.java,23,6,True,0,,0,0,,100.0,0,0,0,0,0,0,False,,/home/azureuser/yas/evomaster-config/runtime-logs/classes/location/customer/EvoMaster_location_customer_faults,/home/azureuser/yas/evomaster-config/runtime-logs/classes/location/customer/EvoMaster_location_customer_faults/compile.log,/home/azureuser/yas/evomaster-config/runtime-logs/classes/location/customer/EvoMaster_location_customer_faults/compile_stdout.log,/home/azureuser/yas/evomaster-config/runtime-logs/classes/location/customer/EvoMaster_location_customer_faults/compile_stderr.log,False,True,1,java.lang.AssertionError;test_failure,1,False,7.51,5.84,167.29,"Tests run: 1, Failures: 1, Errors: 0, Skipped: 0",/home/azureuser/yas/evomaster-config/runtime-logs/methods/location/customer/EvoMaster_location_customer_faults/test_24_putOnState_or_provincReturnsMismatchResponseWithSchema,/home/azureuser/yas/evomaster-config/runtime-logs/methods/location/customer/EvoMaster_location_customer_faults/test_24_putOnState_or_provincReturnsMismatchResponseWithSchema/run.log,/home/azureuser/yas/evomaster-config/runtime-logs/methods/location/customer/EvoMaster_location_customer_faults/test_24_putOnState_or_provincReturnsMismatchResponseWithSchema/run_stdout.log,/home/azureuser/yas/evomaster-config/runtime-logs/methods/location/customer/EvoMaster_location_customer_faults/test_24_putOnState_or_provincReturnsMismatchResponseWithSchema/run_stderr.log
location,customer,EvoMaster_location_customer_faults.java,EvoMaster_location_customer_faults,test_27_putOnState_or_provincReturnsMismatchResponseWithSchema,False,1,403,/location/backoffice/state-or-provinces/{id},PUT,403,.statusCode(403) .assertThat(),5,".put(baseUrlOfSut + ""/location/backoffice/state-or-provinces/248"")",".body("" { "" + 
                    "" \""name\"" : \""rFo\"", "" + 
                    "" \""type\"" : \""zBkCcuDznwrbIR\"" "" + 
                    "" } "")",,faults,/home/azureuser/yas/evomaster-config/generated-tests/blackbox/location/customer/EvoMaster_location_customer_faults.java,23,6,True,0,,0,0,,100.0,0,0,0,0,0,0,False,,/home/azureuser/yas/evomaster-config/runtime-logs/classes/location/customer/EvoMaster_location_customer_faults,/home/azureuser/yas/evomaster-config/runtime-logs/classes/location/customer/EvoMaster_location_customer_faults/compile.log,/home/azureuser/yas/evomaster-config/runtime-logs/classes/location/customer/EvoMaster_location_customer_faults/compile_stdout.log,/home/azureuser/yas/evomaster-config/runtime-logs/classes/location/customer/EvoMaster_location_customer_faults/compile_stderr.log,True,True,0,,0,False,8.03,5.62,157.02,Test passed (detected via Surefire XML),/home/azureuser/yas/evomaster-config/runtime-logs/methods/location/customer/EvoMaster_location_customer_faults/test_27_putOnState_or_provincReturnsMismatchResponseWithSchema,/home/azureuser/yas/evomaster-config/runtime-logs/methods/location/customer/EvoMaster_location_customer_faults/test_27_putOnState_or_provincReturnsMismatchResponseWithSchema/run.log,/home/azureuser/yas/evomaster-config/runtime-logs/methods/location/customer/EvoMaster_location_customer_faults/test_27_putOnState_or_provincReturnsMismatchResponseWithSchema/run_stdout.log,/home/azureuser/yas/evomaster-config/runtime-logs/methods/location/customer/EvoMaster_location_customer_faults/test_27_putOnState_or_provincReturnsMismatchResponseWithSchema/run_stderr.log
location,none,EvoMaster_location_none_faults.java,EvoMaster_location_none_faults,test_13_putOnState_or_provincReturnsMismatchResponseWithSchema,False,1,403,/location/backoffice/state-or-provinces/{id},PUT,403,.statusCode(403) .assertThat(),5,".put(baseUrlOfSut + ""/location/backoffice/state-or-provinces/655"")",".body("" { "" + 
                    "" \""code\"" : \""1ouiesl4RSoO9o\"", "" + 
                    "" \""type\"" : \""UWicr5t6EdmOhB\"", "" + 
                    "" \""countryId\"" : 296 "" + 
                    "" } "")",,faults,/home/azureuser/yas/evomaster-config/generated-tests/blackbox/location/none/EvoMaster_location_none_faults.java,23,6,True,0,,0,0,,100.0,0,0,0,0,0,0,False,,/home/azureuser/yas/evomaster-config/runtime-logs/classes/location/none/EvoMaster_location_none_faults,/home/azureuser/yas/evomaster-config/runtime-logs/classes/location/none/EvoMaster_location_none_faults/compile.log,/home/azureuser/yas/evomaster-config/runtime-logs/classes/location/none/EvoMaster_location_none_faults/compile_stdout.log,/home/azureuser/yas/evomaster-config/runtime-logs/classes/location/none/EvoMaster_location_none_faults/compile_stderr.log,True,True,0,,0,False,8.02,5.44,161.28,Test passed (detected via Surefire XML),/home/azureuser/yas/evomaster-config/runtime-logs/methods/location/none/EvoMaster_location_none_faults/test_13_putOnState_or_provincReturnsMismatchResponseWithSchema,/home/azureuser/yas/evomaster-config/runtime-logs/methods/location/none/EvoMaster_location_none_faults/test_13_putOnState_or_provincReturnsMismatchResponseWithSchema/run.log,/home/azureuser/yas/evomaster-config/runtime-logs/methods/location/none/EvoMaster_location_none_faults/test_13_putOnState_or_provincReturnsMismatchResponseWithSchema/run_stdout.log,/home/azureuser/yas/evomaster-config/runtime-logs/methods/location/none/EvoMaster_location_none_faults/test_13_putOnState_or_provincReturnsMismatchResponseWithSchema/run_stderr.log
product,admin_only,EvoMaster_product_admin_only_faults.java,EvoMaster_product_admin_only_faults,test_2_postOnProductsShowsFaults_100_101,False,1,500,/product/backoffice/products,POST,500,.statusCode(500) .assertThat(),6,".post(baseUrlOfSut + ""/product/backoffice/products"")",".body("" { "" + 
                    "" \""name\"" : \""HL_Pofq2jLCV1Od\"", "" + 
                    "" \""slug\"" : \""q4NgMepfR00\"", "" + 
                    "" \""shortDescription\"" : \""puCoKu5cMVl\"", "" + 
                    "" \""specification\"" : \""OJNlwrfBmE\"", "" + 
                    "" \""sku\"" : \""\"", "" + 
                    "" \""weight\"" : 3.2848625891206914E8, "" + 
                    "" \""dimensionUnit\"" : \""CM\"", "" + 
                    "" \""width\"" : 2.438932945001461E8, "" + 
                    "" \""height\"" : 6.546697684821316E8, "" + 
                    "" \""price\"" : 8.222325460876026E8, "" + 
                    "" \""isAllowedToOrder\"" : true, "" + 
                    "" \""isPublished\"" : false, "" + 
                    "" \""isFeatured\"" : true, "" + 
                    "" \""stockTrackingEnabled\"" : true, "" + 
                    "" \""thumbnailMediaId\"" : 540, "" + 
                    "" \""variations\"" : [ { "" + 
                    "" \""gtin\"" : \""1ZKc\"", "" + 
                    "" \""productImageIds\"" : [ 699, 601, 676 ] "" + 
                    "" }, { "" + 
                    "" \""sku\"" : \""qj\"", "" + 
                    "" \""productImageIds\"" : [ ], "" + 
                    "" \""optionValuesByOptionId\"" : { "" + 
                    "" \""anplA0IbNgj1FB\"" : \""f1ai3wcBbGmi62\"", "" + 
                    "" \""Sjy\"" : \""ISDN\"", "" + 
                    "" \""wBDP7r\"" : \""NZpGRMOcG\"" "" + 
                    "" } "" + 
                    "" } ], "" + 
                    "" \""productOptionValueDisplays\"" : [ { "" + 
                    "" \""productOptionId\"" : 368 "" + 
                    "" }, { "" + 
                    "" \""productOptionId\"" : 2119143158, "" + 
                    "" \""displayOrder\"" : 94, "" + 
                    "" \""value\"" : \""lBf509M6OzGwqmp0\"" "" + 
                    "" }, { "" + 
                    "" \""displayType\"" : \""X\"", "" + 
                    "" \""value\"" : \""5eXyLbw\"" "" + 
                    "" }, { "" + 
                    "" \""displayOrder\"" : 815, "" + 
                    "" \""value\"" : \""tGETtfzmp2vkX\"" "" + 
                    "" } ], "" + 
                    "" \""relatedProductIds\"" : [ ] "" + 
                    "" } "")",".header(""Authorization"", ""Bearer eyJhbGciOiJSUzI1NiIsInR5cCIgOiAiSldUIiwia2lkIiA6ICJ0d1VDQzd6VDg0MHlkRFhQUGVhcDlmMmpZOE9wTjQ0RWZSTmJsNW5GNUI4In0.eyJleHAiOjE3NzczMjQ2MzksImlhdCI6MTc3NzMyNDMzOSwianRpIjoiYjFmNWZjZWItNWRmMC00MWU4LWFlNDgtNTI5YjMxNzBlMjYwIiwiaXNzIjoiaHR0cDovL2lkZW50aXR5L3JlYWxtcy9ZYXMiLCJzdWIiOiIzMGM1ZjgzMS01MTU2LTQ4NzctODQxYy00YmU4NzQxYTVmZTEiLCJ0eXAiOiJCZWFyZXIiLCJhenAiOiJiYWNrb2ZmaWNlLWJmZiIsInNpZCI6ImI2MzMyMDdmLTQwODEtNDVlMS1hZDA5LWFhNDkxM2YzMjFkNiIsInJlYWxtX2FjY2VzcyI6eyJyb2xlcyI6WyJBRE1JTiJdfSwic2NvcGUiOiJlbWFpbCBwcm9maWxlIiwiZW1haWxfdmVyaWZpZWQiOmZhbHNlLCJwcmVmZXJyZWRfdXNlcm5hbWUiOiJhZG1pbl9vbmx5In0.jcnQ-e69_3UdIoPirPY2lhies5OSxhnEBBiY68YTtS5ElGksffpSSmWOzEt4MeFUa_cFoE4Cko5DNMDfcOFV0DxxouG0YNe7rhNAN2m-KQv5Tcc4JAXKUJ14bUCv-CefB0_Jt1sYiFEV69tNmpvGPzkDVBLyc3Ahsk6sPbuIGa8JSOjGhaYWnMwpB5bPC37tBma0yzn1cblsPd-b95asX56OyP41AmU56mXszeoIEDpRDVesFgwCHzAFWZYrU57kxlwrvAM2Lqo81ZTpyWq27gfZNkxWdodgX69WzvsOTJMA6V44o6cO6p1KbvMzZ8pwPDMn6OAPWtItFn_dipAz-w"")",faults,/home/azureuser/yas/evomaster-config/generated-tests/blackbox/product/admin_only/EvoMaster_product_admin_only_faults.java,23,6,True,0,,0,0,,100.0,0,0,0,0,0,0,False,,/home/azureuser/yas/evomaster-config/runtime-logs/classes/product/admin_only/EvoMaster_product_admin_only_faults,/home/azureuser/yas/evomaster-config/runtime-logs/classes/product/admin_only/EvoMaster_product_admin_only_faults/compile.log,/home/azureuser/yas/evomaster-config/runtime-logs/classes/product/admin_only/EvoMaster_product_admin_only_faults/compile_stdout.log,/home/azureuser/yas/evomaster-config/runtime-logs/classes/product/admin_only/EvoMaster_product_admin_only_faults/compile_stderr.log,False,True,1,java.lang.AssertionError;test_failure,1,False,7.52,5.52,161.51,"Tests run: 1, Failures: 1, Errors: 0, Skipped: 0",/home/azureuser/yas/evomaster-config/runtime-logs/methods/product/admin_only/EvoMaster_product_admin_only_faults/test_2_postOnProductsShowsFaults_100_101,/home/azureuser/yas/evomaster-config/runtime-logs/methods/product/admin_only/EvoMaster_product_admin_only_faults/test_2_postOnProductsShowsFaults_100_101/run.log,/home/azureuser/yas/evomaster-config/runtime-logs/methods/product/admin_only/EvoMaster_product_admin_only_faults/test_2_postOnProductsShowsFaults_100_101/run_stdout.log,/home/azureuser/yas/evomaster-config/runtime-logs/methods/product/admin_only/EvoMaster_product_admin_only_faults/test_2_postOnProductsShowsFaults_100_101/run_stderr.log
product,customer,EvoMaster_product_customer_faults.java,EvoMaster_product_customer_faults,test_15_postOnProductsReturnsMismatchResponseWithSchema,False,1,403,/product/backoffice/products,POST,403,.statusCode(403) .assertThat(),2,".post(baseUrlOfSut + ""/product/backoffice/products"")",".body("" { "" + 
                    "" \""name\"" : \""taitqPvA7WZ\"", "" + 
                    "" \""slug\"" : \""7bhPxHrJGNa\"", "" + 
                    "" \""brandId\"" : 852, "" + 
                    "" \""categoryIds\"" : [ 209, 275, 450, 163 ], "" + 
                    "" \""description\"" : \""lZJ\"", "" + 
                    "" \""gtin\"" : \""GVRWhPmeQPAfap7B\"", "" + 
                    "" \""length\"" : 2.5400503395463694E7, "" + 
                    "" \""price\"" : -3.0205552792115337E8, "" + 
                    "" \""thumbnailMediaId\"" : 346, "" + 
                    "" \""productImageIds\"" : [ 16, -277855847, 174 ], "" + 
                    "" \""variations\"" : [ { "" + 
                    "" \""name\"" : \""04iVU\"", "" + 
                    "" \""slug\"" : \""T4XTq_IUW7qv\"", "" + 
                    "" \""sku\"" : \""jynRFcJwRYk\"", "" + 
                    "" \""price\"" : -6.528987206006737E8, "" + 
                    "" \""optionValuesByOptionId\"" : { "" + 
                    "" \""lmc\"" : \""WbqpU55K79w\"", "" + 
                    "" \""f1Ja\"" : \""i5cnNHBQJ\"", "" + 
                    "" \""\"" : \""lhEo608C\"", "" + 
                    "" \""fyB\"" : \""qTBG5Qlim3uEXUCL\"" "" + 
                    "" } "" + 
                    "" } ], "" + 
                    "" \""productOptionValueDisplays\"" : [ { "" + 
                    "" \""productOptionId\"" : 1925746131, "" + 
                    "" \""displayType\"" : \""qK\"" "" + 
                    "" }, { "" + 
                    "" \""productOptionId\"" : 627 "" + 
                    "" }, { "" + 
                    "" \""productOptionId\"" : 531, "" + 
                    "" \""displayType\"" : \""qORyAY9\"", "" + 
                    "" \""displayOrder\"" : 711, "" + 
                    "" \""value\"" : \""l6aw9upa6\"" "" + 
                    "" }, { "" + 
                    "" \""productOptionId\"" : -5915086140833541109 "" + 
                    "" }, { "" + 
                    "" \""productOptionId\"" : 4 "" + 
                    "" } ] "" + 
                    "" } "")",".header(""Authorization"", ""Bearer eyJhbGciOiJSUzI1NiIsInR5cCIgOiAiSldUIiwia2lkIiA6ICJ0d1VDQzd6VDg0MHlkRFhQUGVhcDlmMmpZOE9wTjQ0RWZSTmJsNW5GNUI4In0.eyJleHAiOjE3NzczMjQ2MzksImlhdCI6MTc3NzMyNDMzOSwianRpIjoiYjhjNTllYTAtOTk5OS00NmIwLTgwN2QtZWE1MmRmNGZiMDY2IiwiaXNzIjoiaHR0cDovL2lkZW50aXR5L3JlYWxtcy9ZYXMiLCJzdWIiOiJjNGMxYmFhMy1jM2IzLTRjMjYtOTJjOC05NGM4NmI5MTk2YTQiLCJ0eXAiOiJCZWFyZXIiLCJhenAiOiJiYWNrb2ZmaWNlLWJmZiIsInNpZCI6IjYxMmExNmYxLTJiNmYtNGQyNi05NGYwLWJkNTcxMDgwY2U3NiIsInJlYWxtX2FjY2VzcyI6eyJyb2xlcyI6WyJkZWZhdWx0LXJvbGVzLXlhcyIsIm9mZmxpbmVfYWNjZXNzIiwiQ1VTVE9NRVIiLCJ1bWFfYXV0aG9yaXphdGlvbiJdfSwic2NvcGUiOiJlbWFpbCBwcm9maWxlIiwiZW1haWxfdmVyaWZpZWQiOmZhbHNlLCJwcmVmZXJyZWRfdXNlcm5hbWUiOiJ1c2VyIn0.jujraRU87AXybbjh0ommxsqbf3-Fvh9vxoMQgViAqmvXOCu0FbKEUxuR1MoikTBQzbfJPilpRH31dJRRHR-x3QrO7FNid3Rj4BA2KmNfxe9sf7KM05_d5LwXUrDVUDUDg8lkJ9fGkhcLmDA12J_6iy8WVg0nHZQCbCEM5qXbL_JoMrd2BMqB_SIAmT5OCg3xoy16EeGIbVHVx5AiHhaYjoDXHxuoNggvAahkr1FJc5sMvg-kjV_SubwrP4l9huEnKcN-YnRuOC-zzxwF6ITc9fqztGXuO-CmN6NoL-N1qDEuip2-OGZ969Tc4_mZQoEAIqHLtvnOqoHcyKWf5J7GKg"")",faults,/home/azureuser/yas/evomaster-config/generated-tests/blackbox/product/customer/EvoMaster_product_customer_faults.java,23,6,True,0,,0,0,,100.0,0,0,0,0,0,0,False,,/home/azureuser/yas/evomaster-config/runtime-logs/classes/product/customer/EvoMaster_product_customer_faults,/home/azureuser/yas/evomaster-config/runtime-logs/classes/product/customer/EvoMaster_product_customer_faults/compile.log,/home/azureuser/yas/evomaster-config/runtime-logs/classes/product/customer/EvoMaster_product_customer_faults/compile_stdout.log,/home/azureuser/yas/evomaster-config/runtime-logs/classes/product/customer/EvoMaster_product_customer_faults/compile_stderr.log,False,True,1,java.lang.AssertionError;test_failure,1,False,7.01,5.14,164.0,"Tests run: 1, Failures: 1, Errors: 0, Skipped: 0",/home/azureuser/yas/evomaster-config/runtime-logs/methods/product/customer/EvoMaster_product_customer_faults/test_15_postOnProductsReturnsMismatchResponseWithSchema,/home/azureuser/yas/evomaster-config/runtime-logs/methods/product/customer/EvoMaster_product_customer_faults/test_15_postOnProductsReturnsMismatchResponseWithSchema/run.log,/home/azureuser/yas/evomaster-config/runtime-logs/methods/product/customer/EvoMaster_product_customer_faults/test_15_postOnProductsReturnsMismatchResponseWithSchema/run_stdout.log,/home/azureuser/yas/evomaster-config/runtime-logs/methods/product/customer/EvoMaster_product_customer_faults/test_15_postOnProductsReturnsMismatchResponseWithSchema/run_stderr.log
product,none,EvoMaster_product_none_faults.java,EvoMaster_product_none_faults,test_16_postOnProductsReturnsMismatchResponseWithSchema,False,1,403,/product/backoffice/products,POST,403,.statusCode(403) .assertThat(),5,".post(baseUrlOfSut + ""/product/backoffice/products"")",".body("" { "" + 
                    "" \""name\"" : \""cqGK_YYQ0NgLD\"", "" + 
                    "" \""slug\"" : \""bKWSRST8FPOeKlZ\"", "" + 
                    "" \""brandId\"" : 88, "" + 
                    "" \""categoryIds\"" : [ 428, 439, 357 ], "" + 
                    "" \""shortDescription\"" : \""wnR7D\"", "" + 
                    "" \""description\"" : \""c_AcZFM\"", "" + 
                    "" \""specification\"" : \""vTgofe5T30\"", "" + 
                    "" \""sku\"" : \""3n\"", "" + 
                    "" \""gtin\"" : \""I\"", "" + 
                    "" \""length\"" : 2.137408103575049E8, "" + 
                    "" \""price\"" : -1.4080073496110272E8, "" + 
                    "" \""isPublished\"" : false, "" + 
                    "" \""isFeatured\"" : true, "" + 
                    "" \""metaTitle\"" : \""wv9RiYvW37EY\"", "" + 
                    "" \""metaDescription\"" : \""lTn6qHsATtN\"", "" + 
                    "" \""thumbnailMediaId\"" : 614, "" + 
                    "" \""variations\"" : [ { "" + 
                    "" \""slug\"" : \""fj6ql76wCoNQV2A\"", "" + 
                    "" \""gtin\"" : \""_l\"", "" + 
                    "" \""price\"" : -3.4433190410020524E8 "" + 
                    "" }, { "" + 
                    "" \""name\"" : \""yOX\"", "" + 
                    "" \""gtin\"" : \""0JBI\"", "" + 
                    "" \""thumbnailMediaId\"" : 674, "" + 
                    "" \""optionValuesByOptionId\"" : { } "" + 
                    "" }, { "" + 
                    "" \""price\"" : -3.282562131655262E8, "" + 
                    "" \""productImageIds\"" : [ 792, -2458282315207439664, -525779327, 1195839494 ] "" + 
                    "" } ], "" + 
                    "" \""relatedProductIds\"" : [ 755, 6850786583662192026, 304, 889 ] "" + 
                    "" } "")",,faults,/home/azureuser/yas/evomaster-config/generated-tests/blackbox/product/none/EvoMaster_product_none_faults.java,23,6,True,0,,0,0,,100.0,0,0,0,0,0,0,False,,/home/azureuser/yas/evomaster-config/runtime-logs/classes/product/none/EvoMaster_product_none_faults,/home/azureuser/yas/evomaster-config/runtime-logs/classes/product/none/EvoMaster_product_none_faults/compile.log,/home/azureuser/yas/evomaster-config/runtime-logs/classes/product/none/EvoMaster_product_none_faults/compile_stdout.log,/home/azureuser/yas/evomaster-config/runtime-logs/classes/product/none/EvoMaster_product_none_faults/compile_stderr.log,True,True,0,,0,False,8.53,5.94,177.98,Test passed (detected via Surefire XML),/home/azureuser/yas/evomaster-config/runtime-logs/methods/product/none/EvoMaster_product_none_faults/test_16_postOnProductsReturnsMismatchResponseWithSchema,/home/azureuser/yas/evomaster-config/runtime-logs/methods/product/none/EvoMaster_product_none_faults/test_16_postOnProductsReturnsMismatchResponseWithSchema/run.log,/home/azureuser/yas/evomaster-config/runtime-logs/methods/product/none/EvoMaster_product_none_faults/test_16_postOnProductsReturnsMismatchResponseWithSchema/run_stdout.log,/home/azureuser/yas/evomaster-config/runtime-logs/methods/product/none/EvoMaster_product_none_faults/test_16_postOnProductsReturnsMismatchResponseWithSchema/run_stderr.log
rating,admin_only,EvoMaster_rating_admin_only_faults.java,EvoMaster_rating_admin_only_faults,test_2_postOnRatingsShowsFaults_100_101,False,1,500,/rating/storefront/ratings,POST,500,.statusCode(500) .assertThat(),6,".post(baseUrlOfSut + ""/rating/storefront/ratings"")",".body("" { "" + 
                    "" \""productId\"" : 475 "" + 
                    "" } "")",".header(""Authorization"", ""Bearer eyJhbGciOiJSUzI1NiIsInR5cCIgOiAiSldUIiwia2lkIiA6ICJ0d1VDQzd6VDg0MHlkRFhQUGVhcDlmMmpZOE9wTjQ0RWZSTmJsNW5GNUI4In0.eyJleHAiOjE3NzczMjQ2MzksImlhdCI6MTc3NzMyNDMzOSwianRpIjoiYjFmNWZjZWItNWRmMC00MWU4LWFlNDgtNTI5YjMxNzBlMjYwIiwiaXNzIjoiaHR0cDovL2lkZW50aXR5L3JlYWxtcy9ZYXMiLCJzdWIiOiIzMGM1ZjgzMS01MTU2LTQ4NzctODQxYy00YmU4NzQxYTVmZTEiLCJ0eXAiOiJCZWFyZXIiLCJhenAiOiJiYWNrb2ZmaWNlLWJmZiIsInNpZCI6ImI2MzMyMDdmLTQwODEtNDVlMS1hZDA5LWFhNDkxM2YzMjFkNiIsInJlYWxtX2FjY2VzcyI6eyJyb2xlcyI6WyJBRE1JTiJdfSwic2NvcGUiOiJlbWFpbCBwcm9maWxlIiwiZW1haWxfdmVyaWZpZWQiOmZhbHNlLCJwcmVmZXJyZWRfdXNlcm5hbWUiOiJhZG1pbl9vbmx5In0.jcnQ-e69_3UdIoPirPY2lhies5OSxhnEBBiY68YTtS5ElGksffpSSmWOzEt4MeFUa_cFoE4Cko5DNMDfcOFV0DxxouG0YNe7rhNAN2m-KQv5Tcc4JAXKUJ14bUCv-CefB0_Jt1sYiFEV69tNmpvGPzkDVBLyc3Ahsk6sPbuIGa8JSOjGhaYWnMwpB5bPC37tBma0yzn1cblsPd-b95asX56OyP41AmU56mXszeoIEDpRDVesFgwCHzAFWZYrU57kxlwrvAM2Lqo81ZTpyWq27gfZNkxWdodgX69WzvsOTJMA6V44o6cO6p1KbvMzZ8pwPDMn6OAPWtItFn_dipAz-w"")",faults,/home/azureuser/yas/evomaster-config/generated-tests/blackbox/rating/admin_only/EvoMaster_rating_admin_only_faults.java,23,6,True,0,,0,0,,100.0,0,0,0,0,0,0,False,,/home/azureuser/yas/evomaster-config/runtime-logs/classes/rating/admin_only/EvoMaster_rating_admin_only_faults,/home/azureuser/yas/evomaster-config/runtime-logs/classes/rating/admin_only/EvoMaster_rating_admin_only_faults/compile.log,/home/azureuser/yas/evomaster-config/runtime-logs/classes/rating/admin_only/EvoMaster_rating_admin_only_faults/compile_stdout.log,/home/azureuser/yas/evomaster-config/runtime-logs/classes/rating/admin_only/EvoMaster_rating_admin_only_faults/compile_stderr.log,False,True,1,java.lang.AssertionError;test_failure,1,False,7.02,5.61,163.93,"Tests run: 1, Failures: 1, Errors: 0, Skipped: 0",/home/azureuser/yas/evomaster-config/runtime-logs/methods/rating/admin_only/EvoMaster_rating_admin_only_faults/test_2_postOnRatingsShowsFaults_100_101,/home/azureuser/yas/evomaster-config/runtime-logs/methods/rating/admin_only/EvoMaster_rating_admin_only_faults/test_2_postOnRatingsShowsFaults_100_101/run.log,/home/azureuser/yas/evomaster-config/runtime-logs/methods/rating/admin_only/EvoMaster_rating_admin_only_faults/test_2_postOnRatingsShowsFaults_100_101/run_stdout.log,/home/azureuser/yas/evomaster-config/runtime-logs/methods/rating/admin_only/EvoMaster_rating_admin_only_faults/test_2_postOnRatingsShowsFaults_100_101/run_stderr.log
rating,admin_only,EvoMaster_rating_admin_only_faults.java,EvoMaster_rating_admin_only_faults,test_4_postOnRatingsReturnsMismatchResponseWithSchema,False,1,403,/rating/storefront/ratings,POST,403,.statusCode(403) .assertThat(),6,".post(baseUrlOfSut + ""/rating/storefront/ratings"")",".body("" { "" + 
                    "" \""content\"" : \""ztRNQpFU6xBStQ04\"", "" + 
                    "" \""star\"" : 838, "" + 
                    "" \""productId\"" : 649 "" + 
                    "" } "")",".header(""Authorization"", ""Bearer eyJhbGciOiJSUzI1NiIsInR5cCIgOiAiSldUIiwia2lkIiA6ICJ0d1VDQzd6VDg0MHlkRFhQUGVhcDlmMmpZOE9wTjQ0RWZSTmJsNW5GNUI4In0.eyJleHAiOjE3NzczMjQ2MzksImlhdCI6MTc3NzMyNDMzOSwianRpIjoiYjFmNWZjZWItNWRmMC00MWU4LWFlNDgtNTI5YjMxNzBlMjYwIiwiaXNzIjoiaHR0cDovL2lkZW50aXR5L3JlYWxtcy9ZYXMiLCJzdWIiOiIzMGM1ZjgzMS01MTU2LTQ4NzctODQxYy00YmU4NzQxYTVmZTEiLCJ0eXAiOiJCZWFyZXIiLCJhenAiOiJiYWNrb2ZmaWNlLWJmZiIsInNpZCI6ImI2MzMyMDdmLTQwODEtNDVlMS1hZDA5LWFhNDkxM2YzMjFkNiIsInJlYWxtX2FjY2VzcyI6eyJyb2xlcyI6WyJBRE1JTiJdfSwic2NvcGUiOiJlbWFpbCBwcm9maWxlIiwiZW1haWxfdmVyaWZpZWQiOmZhbHNlLCJwcmVmZXJyZWRfdXNlcm5hbWUiOiJhZG1pbl9vbmx5In0.jcnQ-e69_3UdIoPirPY2lhies5OSxhnEBBiY68YTtS5ElGksffpSSmWOzEt4MeFUa_cFoE4Cko5DNMDfcOFV0DxxouG0YNe7rhNAN2m-KQv5Tcc4JAXKUJ14bUCv-CefB0_Jt1sYiFEV69tNmpvGPzkDVBLyc3Ahsk6sPbuIGa8JSOjGhaYWnMwpB5bPC37tBma0yzn1cblsPd-b95asX56OyP41AmU56mXszeoIEDpRDVesFgwCHzAFWZYrU57kxlwrvAM2Lqo81ZTpyWq27gfZNkxWdodgX69WzvsOTJMA6V44o6cO6p1KbvMzZ8pwPDMn6OAPWtItFn_dipAz-w"")",faults,/home/azureuser/yas/evomaster-config/generated-tests/blackbox/rating/admin_only/EvoMaster_rating_admin_only_faults.java,23,6,True,0,,0,0,,100.0,0,0,0,0,0,0,False,,/home/azureuser/yas/evomaster-config/runtime-logs/classes/rating/admin_only/EvoMaster_rating_admin_only_faults,/home/azureuser/yas/evomaster-config/runtime-logs/classes/rating/admin_only/EvoMaster_rating_admin_only_faults/compile.log,/home/azureuser/yas/evomaster-config/runtime-logs/classes/rating/admin_only/EvoMaster_rating_admin_only_faults/compile_stdout.log,/home/azureuser/yas/evomaster-config/runtime-logs/classes/rating/admin_only/EvoMaster_rating_admin_only_faults/compile_stderr.log,False,True,1,java.lang.AssertionError;test_failure,1,False,7.01,5.37,161.08,"Tests run: 1, Failures: 1, Errors: 0, Skipped: 0",/home/azureuser/yas/evomaster-config/runtime-logs/methods/rating/admin_only/EvoMaster_rating_admin_only_faults/test_4_postOnRatingsReturnsMismatchResponseWithSchema,/home/azureuser/yas/evomaster-config/runtime-logs/methods/rating/admin_only/EvoMaster_rating_admin_only_faults/test_4_postOnRatingsReturnsMismatchResponseWithSchema/run.log,/home/azureuser/yas/evomaster-config/runtime-logs/methods/rating/admin_only/EvoMaster_rating_admin_only_faults/test_4_postOnRatingsReturnsMismatchResponseWithSchema/run_stdout.log,/home/azureuser/yas/evomaster-config/runtime-logs/methods/rating/admin_only/EvoMaster_rating_admin_only_faults/test_4_postOnRatingsReturnsMismatchResponseWithSchema/run_stderr.log
rating,admin_only,EvoMaster_rating_admin_only_faults.java,EvoMaster_rating_admin_only_faults,test_5_postOnRatingsReturnsMismatchResponseWithSchema,False,1,403,/rating/storefront/ratings,POST,403,.statusCode(403) .assertThat(),5,".post(baseUrlOfSut + ""/rating/storefront/ratings"")",".body("" { "" + 
                    "" \""star\"" : 604 "" + 
                    "" } "")",,faults,/home/azureuser/yas/evomaster-config/generated-tests/blackbox/rating/admin_only/EvoMaster_rating_admin_only_faults.java,23,6,True,0,,0,0,,100.0,0,0,0,0,0,0,False,,/home/azureuser/yas/evomaster-config/runtime-logs/classes/rating/admin_only/EvoMaster_rating_admin_only_faults,/home/azureuser/yas/evomaster-config/runtime-logs/classes/rating/admin_only/EvoMaster_rating_admin_only_faults/compile.log,/home/azureuser/yas/evomaster-config/runtime-logs/classes/rating/admin_only/EvoMaster_rating_admin_only_faults/compile_stdout.log,/home/azureuser/yas/evomaster-config/runtime-logs/classes/rating/admin_only/EvoMaster_rating_admin_only_faults/compile_stderr.log,True,True,0,,0,False,8.03,5.77,170.83,Test passed (detected via Surefire XML),/home/azureuser/yas/evomaster-config/runtime-logs/methods/rating/admin_only/EvoMaster_rating_admin_only_faults/test_5_postOnRatingsReturnsMismatchResponseWithSchema,/home/azureuser/yas/evomaster-config/runtime-logs/methods/rating/admin_only/EvoMaster_rating_admin_only_faults/test_5_postOnRatingsReturnsMismatchResponseWithSchema/run.log,/home/azureuser/yas/evomaster-config/runtime-logs/methods/rating/admin_only/EvoMaster_rating_admin_only_faults/test_5_postOnRatingsReturnsMismatchResponseWithSchema/run_stdout.log,/home/azureuser/yas/evomaster-config/runtime-logs/methods/rating/admin_only/EvoMaster_rating_admin_only_faults/test_5_postOnRatingsReturnsMismatchResponseWithSchema/run_stderr.log
rating,admin_only,EvoMaster_rating_admin_only_faults.java,EvoMaster_rating_admin_only_faults,test_6_deleteOnRateReturnsMismatchResponseWithSchema,False,1,403,/rating/backoffice/ratings/{id},DELETE,403,.statusCode(403) .assertThat(),5,".delete(baseUrlOfSut + ""/rating/backoffice/ratings/395"")",,,faults,/home/azureuser/yas/evomaster-config/generated-tests/blackbox/rating/admin_only/EvoMaster_rating_admin_only_faults.java,23,6,True,0,,0,0,,100.0,0,0,0,0,0,0,False,,/home/azureuser/yas/evomaster-config/runtime-logs/classes/rating/admin_only/EvoMaster_rating_admin_only_faults,/home/azureuser/yas/evomaster-config/runtime-logs/classes/rating/admin_only/EvoMaster_rating_admin_only_faults/compile.log,/home/azureuser/yas/evomaster-config/runtime-logs/classes/rating/admin_only/EvoMaster_rating_admin_only_faults/compile_stdout.log,/home/azureuser/yas/evomaster-config/runtime-logs/classes/rating/admin_only/EvoMaster_rating_admin_only_faults/compile_stderr.log,True,True,0,,0,False,7.52,5.51,154.79,Test passed (detected via Surefire XML),/home/azureuser/yas/evomaster-config/runtime-logs/methods/rating/admin_only/EvoMaster_rating_admin_only_faults/test_6_deleteOnRateReturnsMismatchResponseWithSchema,/home/azureuser/yas/evomaster-config/runtime-logs/methods/rating/admin_only/EvoMaster_rating_admin_only_faults/test_6_deleteOnRateReturnsMismatchResponseWithSchema/run.log,/home/azureuser/yas/evomaster-config/runtime-logs/methods/rating/admin_only/EvoMaster_rating_admin_only_faults/test_6_deleteOnRateReturnsMismatchResponseWithSchema/run_stdout.log,/home/azureuser/yas/evomaster-config/runtime-logs/methods/rating/admin_only/EvoMaster_rating_admin_only_faults/test_6_deleteOnRateReturnsMismatchResponseWithSchema/run_stderr.log
rating,admin_only,EvoMaster_rating_admin_only_faults.java,EvoMaster_rating_admin_only_faults,test_7_deleteOnRateReturnsMismatchResponseWithSchema,False,1,404,/rating/backoffice/ratings/{id},DELETE,404,.statusCode(404) .assertThat(),6,".delete(baseUrlOfSut + ""/rating/backoffice/ratings/35"")",,".header(""Authorization"", ""Bearer eyJhbGciOiJSUzI1NiIsInR5cCIgOiAiSldUIiwia2lkIiA6ICJ0d1VDQzd6VDg0MHlkRFhQUGVhcDlmMmpZOE9wTjQ0RWZSTmJsNW5GNUI4In0.eyJleHAiOjE3NzczMjQ2MzksImlhdCI6MTc3NzMyNDMzOSwianRpIjoiYjFmNWZjZWItNWRmMC00MWU4LWFlNDgtNTI5YjMxNzBlMjYwIiwiaXNzIjoiaHR0cDovL2lkZW50aXR5L3JlYWxtcy9ZYXMiLCJzdWIiOiIzMGM1ZjgzMS01MTU2LTQ4NzctODQxYy00YmU4NzQxYTVmZTEiLCJ0eXAiOiJCZWFyZXIiLCJhenAiOiJiYWNrb2ZmaWNlLWJmZiIsInNpZCI6ImI2MzMyMDdmLTQwODEtNDVlMS1hZDA5LWFhNDkxM2YzMjFkNiIsInJlYWxtX2FjY2VzcyI6eyJyb2xlcyI6WyJBRE1JTiJdfSwic2NvcGUiOiJlbWFpbCBwcm9maWxlIiwiZW1haWxfdmVyaWZpZWQiOmZhbHNlLCJwcmVmZXJyZWRfdXNlcm5hbWUiOiJhZG1pbl9vbmx5In0.jcnQ-e69_3UdIoPirPY2lhies5OSxhnEBBiY68YTtS5ElGksffpSSmWOzEt4MeFUa_cFoE4Cko5DNMDfcOFV0DxxouG0YNe7rhNAN2m-KQv5Tcc4JAXKUJ14bUCv-CefB0_Jt1sYiFEV69tNmpvGPzkDVBLyc3Ahsk6sPbuIGa8JSOjGhaYWnMwpB5bPC37tBma0yzn1cblsPd-b95asX56OyP41AmU56mXszeoIEDpRDVesFgwCHzAFWZYrU57kxlwrvAM2Lqo81ZTpyWq27gfZNkxWdodgX69WzvsOTJMA6V44o6cO6p1KbvMzZ8pwPDMn6OAPWtItFn_dipAz-w"")",faults,/home/azureuser/yas/evomaster-config/generated-tests/blackbox/rating/admin_only/EvoMaster_rating_admin_only_faults.java,23,6,True,0,,0,0,,100.0,0,0,0,0,0,0,False,,/home/azureuser/yas/evomaster-config/runtime-logs/classes/rating/admin_only/EvoMaster_rating_admin_only_faults,/home/azureuser/yas/evomaster-config/runtime-logs/classes/rating/admin_only/EvoMaster_rating_admin_only_faults/compile.log,/home/azureuser/yas/evomaster-config/runtime-logs/classes/rating/admin_only/EvoMaster_rating_admin_only_faults/compile_stdout.log,/home/azureuser/yas/evomaster-config/runtime-logs/classes/rating/admin_only/EvoMaster_rating_admin_only_faults/compile_stderr.log,False,True,1,java.lang.AssertionError;test_failure,1,False,7.03,5.35,158.74,"Tests run: 1, Failures: 1, Errors: 0, Skipped: 0",/home/azureuser/yas/evomaster-config/runtime-logs/methods/rating/admin_only/EvoMaster_rating_admin_only_faults/test_7_deleteOnRateReturnsMismatchResponseWithSchema,/home/azureuser/yas/evomaster-config/runtime-logs/methods/rating/admin_only/EvoMaster_rating_admin_only_faults/test_7_deleteOnRateReturnsMismatchResponseWithSchema/run.log,/home/azureuser/yas/evomaster-config/runtime-logs/methods/rating/admin_only/EvoMaster_rating_admin_only_faults/test_7_deleteOnRateReturnsMismatchResponseWithSchema/run_stdout.log,/home/azureuser/yas/evomaster-config/runtime-logs/methods/rating/admin_only/EvoMaster_rating_admin_only_faults/test_7_deleteOnRateReturnsMismatchResponseWithSchema/run_stderr.log
rating,admin_only,EvoMaster_rating_admin_only_faults.java,EvoMaster_rating_admin_only_faults,test_8_deleteOnRateReturnsMismatchResponseWithSchema,False,1,404,/rating/backoffice/ratings/{id},DELETE,404,.statusCode(404) .assertThat(),6,".delete(baseUrlOfSut + ""/rating/backoffice/ratings/-2128706280632160961"")",,".header(""Authorization"", ""Bearer eyJhbGciOiJSUzI1NiIsInR5cCIgOiAiSldUIiwia2lkIiA6ICJ0d1VDQzd6VDg0MHlkRFhQUGVhcDlmMmpZOE9wTjQ0RWZSTmJsNW5GNUI4In0.eyJleHAiOjE3NzczMjQ2MzksImlhdCI6MTc3NzMyNDMzOSwianRpIjoiYjFmNWZjZWItNWRmMC00MWU4LWFlNDgtNTI5YjMxNzBlMjYwIiwiaXNzIjoiaHR0cDovL2lkZW50aXR5L3JlYWxtcy9ZYXMiLCJzdWIiOiIzMGM1ZjgzMS01MTU2LTQ4NzctODQxYy00YmU4NzQxYTVmZTEiLCJ0eXAiOiJCZWFyZXIiLCJhenAiOiJiYWNrb2ZmaWNlLWJmZiIsInNpZCI6ImI2MzMyMDdmLTQwODEtNDVlMS1hZDA5LWFhNDkxM2YzMjFkNiIsInJlYWxtX2FjY2VzcyI6eyJyb2xlcyI6WyJBRE1JTiJdfSwic2NvcGUiOiJlbWFpbCBwcm9maWxlIiwiZW1haWxfdmVyaWZpZWQiOmZhbHNlLCJwcmVmZXJyZWRfdXNlcm5hbWUiOiJhZG1pbl9vbmx5In0.jcnQ-e69_3UdIoPirPY2lhies5OSxhnEBBiY68YTtS5ElGksffpSSmWOzEt4MeFUa_cFoE4Cko5DNMDfcOFV0DxxouG0YNe7rhNAN2m-KQv5Tcc4JAXKUJ14bUCv-CefB0_Jt1sYiFEV69tNmpvGPzkDVBLyc3Ahsk6sPbuIGa8JSOjGhaYWnMwpB5bPC37tBma0yzn1cblsPd-b95asX56OyP41AmU56mXszeoIEDpRDVesFgwCHzAFWZYrU57kxlwrvAM2Lqo81ZTpyWq27gfZNkxWdodgX69WzvsOTJMA6V44o6cO6p1KbvMzZ8pwPDMn6OAPWtItFn_dipAz-w"")",faults,/home/azureuser/yas/evomaster-config/generated-tests/blackbox/rating/admin_only/EvoMaster_rating_admin_only_faults.java,23,6,True,0,,0,0,,100.0,0,0,0,0,0,0,False,,/home/azureuser/yas/evomaster-config/runtime-logs/classes/rating/admin_only/EvoMaster_rating_admin_only_faults,/home/azureuser/yas/evomaster-config/runtime-logs/classes/rating/admin_only/EvoMaster_rating_admin_only_faults/compile.log,/home/azureuser/yas/evomaster-config/runtime-logs/classes/rating/admin_only/EvoMaster_rating_admin_only_faults/compile_stdout.log,/home/azureuser/yas/evomaster-config/runtime-logs/classes/rating/admin_only/EvoMaster_rating_admin_only_faults/compile_stderr.log,False,True,1,java.lang.AssertionError;test_failure,1,False,7.03,5.42,159.66,"Tests run: 1, Failures: 1, Errors: 0, Skipped: 0",/home/azureuser/yas/evomaster-config/runtime-logs/methods/rating/admin_only/EvoMaster_rating_admin_only_faults/test_8_deleteOnRateReturnsMismatchResponseWithSchema,/home/azureuser/yas/evomaster-config/runtime-logs/methods/rating/admin_only/EvoMaster_rating_admin_only_faults/test_8_deleteOnRateReturnsMismatchResponseWithSchema/run.log,/home/azureuser/yas/evomaster-config/runtime-logs/methods/rating/admin_only/EvoMaster_rating_admin_only_faults/test_8_deleteOnRateReturnsMismatchResponseWithSchema/run_stdout.log,/home/azureuser/yas/evomaster-config/runtime-logs/methods/rating/admin_only/EvoMaster_rating_admin_only_faults/test_8_deleteOnRateReturnsMismatchResponseWithSchema/run_stderr.log
rating,admin_only,EvoMaster_rating_admin_only_faults.java,EvoMaster_rating_admin_only_faults,test_10_getOnLatestReturnsMismatchResponseWithSchema,False,1,401,/rating/backoffice/ratings/latest/{count},GET,401,.statusCode(401) .assertThat(),2,".get(baseUrlOfSut + ""/rating/backoffice/ratings/latest/66"")",,,faults,/home/azureuser/yas/evomaster-config/generated-tests/blackbox/rating/admin_only/EvoMaster_rating_admin_only_faults.java,23,6,True,0,,0,0,,100.0,0,0,0,0,0,0,False,,/home/azureuser/yas/evomaster-config/runtime-logs/classes/rating/admin_only/EvoMaster_rating_admin_only_faults,/home/azureuser/yas/evomaster-config/runtime-logs/classes/rating/admin_only/EvoMaster_rating_admin_only_faults/compile.log,/home/azureuser/yas/evomaster-config/runtime-logs/classes/rating/admin_only/EvoMaster_rating_admin_only_faults/compile_stdout.log,/home/azureuser/yas/evomaster-config/runtime-logs/classes/rating/admin_only/EvoMaster_rating_admin_only_faults/compile_stderr.log,True,True,0,,0,False,7.02,5.81,171.72,Test passed (detected via Surefire XML),/home/azureuser/yas/evomaster-config/runtime-logs/methods/rating/admin_only/EvoMaster_rating_admin_only_faults/test_10_getOnLatestReturnsMismatchResponseWithSchema,/home/azureuser/yas/evomaster-config/runtime-logs/methods/rating/admin_only/EvoMaster_rating_admin_only_faults/test_10_getOnLatestReturnsMismatchResponseWithSchema/run.log,/home/azureuser/yas/evomaster-config/runtime-logs/methods/rating/admin_only/EvoMaster_rating_admin_only_faults/test_10_getOnLatestReturnsMismatchResponseWithSchema/run_stdout.log,/home/azureuser/yas/evomaster-config/runtime-logs/methods/rating/admin_only/EvoMaster_rating_admin_only_faults/test_10_getOnLatestReturnsMismatchResponseWithSchema/run_stderr.log
rating,admin_only,EvoMaster_rating_admin_only_successes.java,EvoMaster_rating_admin_only_successes,test_3_getOnLatestReturnsEmptyList,False,1,200,/rating/backoffice/ratings/latest/{count},GET,200,.statusCode(200) .assertThat(),3,".get(baseUrlOfSut + ""/rating/backoffice/ratings/latest/504"")",,".header(""Authorization"", ""Bearer eyJhbGciOiJSUzI1NiIsInR5cCIgOiAiSldUIiwia2lkIiA6ICJ0d1VDQzd6VDg0MHlkRFhQUGVhcDlmMmpZOE9wTjQ0RWZSTmJsNW5GNUI4In0.eyJleHAiOjE3NzczMjQ2MzksImlhdCI6MTc3NzMyNDMzOSwianRpIjoiYjFmNWZjZWItNWRmMC00MWU4LWFlNDgtNTI5YjMxNzBlMjYwIiwiaXNzIjoiaHR0cDovL2lkZW50aXR5L3JlYWxtcy9ZYXMiLCJzdWIiOiIzMGM1ZjgzMS01MTU2LTQ4NzctODQxYy00YmU4NzQxYTVmZTEiLCJ0eXAiOiJCZWFyZXIiLCJhenAiOiJiYWNrb2ZmaWNlLWJmZiIsInNpZCI6ImI2MzMyMDdmLTQwODEtNDVlMS1hZDA5LWFhNDkxM2YzMjFkNiIsInJlYWxtX2FjY2VzcyI6eyJyb2xlcyI6WyJBRE1JTiJdfSwic2NvcGUiOiJlbWFpbCBwcm9maWxlIiwiZW1haWxfdmVyaWZpZWQiOmZhbHNlLCJwcmVmZXJyZWRfdXNlcm5hbWUiOiJhZG1pbl9vbmx5In0.jcnQ-e69_3UdIoPirPY2lhies5OSxhnEBBiY68YTtS5ElGksffpSSmWOzEt4MeFUa_cFoE4Cko5DNMDfcOFV0DxxouG0YNe7rhNAN2m-KQv5Tcc4JAXKUJ14bUCv-CefB0_Jt1sYiFEV69tNmpvGPzkDVBLyc3Ahsk6sPbuIGa8JSOjGhaYWnMwpB5bPC37tBma0yzn1cblsPd-b95asX56OyP41AmU56mXszeoIEDpRDVesFgwCHzAFWZYrU57kxlwrvAM2Lqo81ZTpyWq27gfZNkxWdodgX69WzvsOTJMA6V44o6cO6p1KbvMzZ8pwPDMn6OAPWtItFn_dipAz-w"")",successes,/home/azureuser/yas/evomaster-config/generated-tests/blackbox/rating/admin_only/EvoMaster_rating_admin_only_successes.java,23,6,True,0,,0,0,,100.0,0,0,0,0,0,0,False,,/home/azureuser/yas/evomaster-config/runtime-logs/classes/rating/admin_only/EvoMaster_rating_admin_only_successes,/home/azureuser/yas/evomaster-config/runtime-logs/classes/rating/admin_only/EvoMaster_rating_admin_only_successes/compile.log,/home/azureuser/yas/evomaster-config/runtime-logs/classes/rating/admin_only/EvoMaster_rating_admin_only_successes/compile_stdout.log,/home/azureuser/yas/evomaster-config/runtime-logs/classes/rating/admin_only/EvoMaster_rating_admin_only_successes/compile_stderr.log,False,True,1,java.lang.AssertionError;test_failure,1,False,7.03,5.55,163.81,"Tests run: 1, Failures: 1, Errors: 0, Skipped: 0",/home/azureuser/yas/evomaster-config/runtime-logs/methods/rating/admin_only/EvoMaster_rating_admin_only_successes/test_3_getOnLatestReturnsEmptyList,/home/azureuser/yas/evomaster-config/runtime-logs/methods/rating/admin_only/EvoMaster_rating_admin_only_successes/test_3_getOnLatestReturnsEmptyList/run.log,/home/azureuser/yas/evomaster-config/runtime-logs/methods/rating/admin_only/EvoMaster_rating_admin_only_successes/test_3_getOnLatestReturnsEmptyList/run_stdout.log,/home/azureuser/yas/evomaster-config/runtime-logs/methods/rating/admin_only/EvoMaster_rating_admin_only_successes/test_3_getOnLatestReturnsEmptyList/run_stderr.log
rating,customer,EvoMaster_rating_customer_faults.java,EvoMaster_rating_customer_faults,test_0_postOnRatingsShowsFaults_100_101,False,1,500,/rating/storefront/ratings,POST,500,.statusCode(500) .assertThat(),6,".post(baseUrlOfSut + ""/rating/storefront/ratings"")",".body("" { "" + 
                    "" \""content\"" : \""K7AHJpc\"", "" + 
                    "" \""productId\"" : 303 "" + 
                    "" } "")",".header(""Authorization"", ""Bearer eyJhbGciOiJSUzI1NiIsInR5cCIgOiAiSldUIiwia2lkIiA6ICJ0d1VDQzd6VDg0MHlkRFhQUGVhcDlmMmpZOE9wTjQ0RWZSTmJsNW5GNUI4In0.eyJleHAiOjE3NzczMjQ2MzksImlhdCI6MTc3NzMyNDMzOSwianRpIjoiYjhjNTllYTAtOTk5OS00NmIwLTgwN2QtZWE1MmRmNGZiMDY2IiwiaXNzIjoiaHR0cDovL2lkZW50aXR5L3JlYWxtcy9ZYXMiLCJzdWIiOiJjNGMxYmFhMy1jM2IzLTRjMjYtOTJjOC05NGM4NmI5MTk2YTQiLCJ0eXAiOiJCZWFyZXIiLCJhenAiOiJiYWNrb2ZmaWNlLWJmZiIsInNpZCI6IjYxMmExNmYxLTJiNmYtNGQyNi05NGYwLWJkNTcxMDgwY2U3NiIsInJlYWxtX2FjY2VzcyI6eyJyb2xlcyI6WyJkZWZhdWx0LXJvbGVzLXlhcyIsIm9mZmxpbmVfYWNjZXNzIiwiQ1VTVE9NRVIiLCJ1bWFfYXV0aG9yaXphdGlvbiJdfSwic2NvcGUiOiJlbWFpbCBwcm9maWxlIiwiZW1haWxfdmVyaWZpZWQiOmZhbHNlLCJwcmVmZXJyZWRfdXNlcm5hbWUiOiJ1c2VyIn0.jujraRU87AXybbjh0ommxsqbf3-Fvh9vxoMQgViAqmvXOCu0FbKEUxuR1MoikTBQzbfJPilpRH31dJRRHR-x3QrO7FNid3Rj4BA2KmNfxe9sf7KM05_d5LwXUrDVUDUDg8lkJ9fGkhcLmDA12J_6iy8WVg0nHZQCbCEM5qXbL_JoMrd2BMqB_SIAmT5OCg3xoy16EeGIbVHVx5AiHhaYjoDXHxuoNggvAahkr1FJc5sMvg-kjV_SubwrP4l9huEnKcN-YnRuOC-zzxwF6ITc9fqztGXuO-CmN6NoL-N1qDEuip2-OGZ969Tc4_mZQoEAIqHLtvnOqoHcyKWf5J7GKg"")",faults,/home/azureuser/yas/evomaster-config/generated-tests/blackbox/rating/customer/EvoMaster_rating_customer_faults.java,23,6,True,0,,0,0,,100.0,0,0,0,0,0,0,False,,/home/azureuser/yas/evomaster-config/runtime-logs/classes/rating/customer/EvoMaster_rating_customer_faults,/home/azureuser/yas/evomaster-config/runtime-logs/classes/rating/customer/EvoMaster_rating_customer_faults/compile.log,/home/azureuser/yas/evomaster-config/runtime-logs/classes/rating/customer/EvoMaster_rating_customer_faults/compile_stdout.log,/home/azureuser/yas/evomaster-config/runtime-logs/classes/rating/customer/EvoMaster_rating_customer_faults/compile_stderr.log,False,True,1,java.lang.AssertionError;test_failure,1,False,7.03,5.43,160.42,"Tests run: 1, Failures: 1, Errors: 0, Skipped: 0",/home/azureuser/yas/evomaster-config/runtime-logs/methods/rating/customer/EvoMaster_rating_customer_faults/test_0_postOnRatingsShowsFaults_100_101,/home/azureuser/yas/evomaster-config/runtime-logs/methods/rating/customer/EvoMaster_rating_customer_faults/test_0_postOnRatingsShowsFaults_100_101/run.log,/home/azureuser/yas/evomaster-config/runtime-logs/methods/rating/customer/EvoMaster_rating_customer_faults/test_0_postOnRatingsShowsFaults_100_101/run_stdout.log,/home/azureuser/yas/evomaster-config/runtime-logs/methods/rating/customer/EvoMaster_rating_customer_faults/test_0_postOnRatingsShowsFaults_100_101/run_stderr.log
rating,customer,EvoMaster_rating_customer_faults.java,EvoMaster_rating_customer_faults,test_9_postOnRatingsReturnsMismatchResponseWithSchema,False,1,403,/rating/storefront/ratings,POST,403,.statusCode(403) .assertThat(),6,".post(baseUrlOfSut + ""/rating/storefront/ratings"")",".body("" { "" + 
                    "" \""star\"" : 29, "" + 
                    "" \""productId\"" : 42, "" + 
                    "" \""productName\"" : \""wDwp3Cc4efU\"" "" + 
                    "" } "")",".header(""Authorization"", ""Bearer eyJhbGciOiJSUzI1NiIsInR5cCIgOiAiSldUIiwia2lkIiA6ICJ0d1VDQzd6VDg0MHlkRFhQUGVhcDlmMmpZOE9wTjQ0RWZSTmJsNW5GNUI4In0.eyJleHAiOjE3NzczMjQ2MzksImlhdCI6MTc3NzMyNDMzOSwianRpIjoiYjhjNTllYTAtOTk5OS00NmIwLTgwN2QtZWE1MmRmNGZiMDY2IiwiaXNzIjoiaHR0cDovL2lkZW50aXR5L3JlYWxtcy9ZYXMiLCJzdWIiOiJjNGMxYmFhMy1jM2IzLTRjMjYtOTJjOC05NGM4NmI5MTk2YTQiLCJ0eXAiOiJCZWFyZXIiLCJhenAiOiJiYWNrb2ZmaWNlLWJmZiIsInNpZCI6IjYxMmExNmYxLTJiNmYtNGQyNi05NGYwLWJkNTcxMDgwY2U3NiIsInJlYWxtX2FjY2VzcyI6eyJyb2xlcyI6WyJkZWZhdWx0LXJvbGVzLXlhcyIsIm9mZmxpbmVfYWNjZXNzIiwiQ1VTVE9NRVIiLCJ1bWFfYXV0aG9yaXphdGlvbiJdfSwic2NvcGUiOiJlbWFpbCBwcm9maWxlIiwiZW1haWxfdmVyaWZpZWQiOmZhbHNlLCJwcmVmZXJyZWRfdXNlcm5hbWUiOiJ1c2VyIn0.jujraRU87AXybbjh0ommxsqbf3-Fvh9vxoMQgViAqmvXOCu0FbKEUxuR1MoikTBQzbfJPilpRH31dJRRHR-x3QrO7FNid3Rj4BA2KmNfxe9sf7KM05_d5LwXUrDVUDUDg8lkJ9fGkhcLmDA12J_6iy8WVg0nHZQCbCEM5qXbL_JoMrd2BMqB_SIAmT5OCg3xoy16EeGIbVHVx5AiHhaYjoDXHxuoNggvAahkr1FJc5sMvg-kjV_SubwrP4l9huEnKcN-YnRuOC-zzxwF6ITc9fqztGXuO-CmN6NoL-N1qDEuip2-OGZ969Tc4_mZQoEAIqHLtvnOqoHcyKWf5J7GKg"")",faults,/home/azureuser/yas/evomaster-config/generated-tests/blackbox/rating/customer/EvoMaster_rating_customer_faults.java,23,6,True,0,,0,0,,100.0,0,0,0,0,0,0,False,,/home/azureuser/yas/evomaster-config/runtime-logs/classes/rating/customer/EvoMaster_rating_customer_faults,/home/azureuser/yas/evomaster-config/runtime-logs/classes/rating/customer/EvoMaster_rating_customer_faults/compile.log,/home/azureuser/yas/evomaster-config/runtime-logs/classes/rating/customer/EvoMaster_rating_customer_faults/compile_stdout.log,/home/azureuser/yas/evomaster-config/runtime-logs/classes/rating/customer/EvoMaster_rating_customer_faults/compile_stderr.log,False,True,1,java.lang.AssertionError;test_failure,1,False,7.01,5.55,172.23,"Tests run: 1, Failures: 1, Errors: 0, Skipped: 0",/home/azureuser/yas/evomaster-config/runtime-logs/methods/rating/customer/EvoMaster_rating_customer_faults/test_9_postOnRatingsReturnsMismatchResponseWithSchema,/home/azureuser/yas/evomaster-config/runtime-logs/methods/rating/customer/EvoMaster_rating_customer_faults/test_9_postOnRatingsReturnsMismatchResponseWithSchema/run.log,/home/azureuser/yas/evomaster-config/runtime-logs/methods/rating/customer/EvoMaster_rating_customer_faults/test_9_postOnRatingsReturnsMismatchResponseWithSchema/run_stdout.log,/home/azureuser/yas/evomaster-config/runtime-logs/methods/rating/customer/EvoMaster_rating_customer_faults/test_9_postOnRatingsReturnsMismatchResponseWithSchema/run_stderr.log
rating,customer,EvoMaster_rating_customer_faults.java,EvoMaster_rating_customer_faults,test_10_postOnRatingsReturnsMismatchResponseWithSchema,False,1,403,/rating/storefront/ratings,POST,403,.statusCode(403) .assertThat(),5,".post(baseUrlOfSut + ""/rating/storefront/ratings"")",".body("" { "" + 
                    "" \""star\"" : 40, "" + 
                    "" \""productName\"" : \""kifEmL\"" "" + 
                    "" } "")",,faults,/home/azureuser/yas/evomaster-config/generated-tests/blackbox/rating/customer/EvoMaster_rating_customer_faults.java,23,6,True,0,,0,0,,100.0,0,0,0,0,0,0,False,,/home/azureuser/yas/evomaster-config/runtime-logs/classes/rating/customer/EvoMaster_rating_customer_faults,/home/azureuser/yas/evomaster-config/runtime-logs/classes/rating/customer/EvoMaster_rating_customer_faults/compile.log,/home/azureuser/yas/evomaster-config/runtime-logs/classes/rating/customer/EvoMaster_rating_customer_faults/compile_stdout.log,/home/azureuser/yas/evomaster-config/runtime-logs/classes/rating/customer/EvoMaster_rating_customer_faults/compile_stderr.log,True,True,0,,0,False,7.53,5.34,170.95,Test passed (detected via Surefire XML),/home/azureuser/yas/evomaster-config/runtime-logs/methods/rating/customer/EvoMaster_rating_customer_faults/test_10_postOnRatingsReturnsMismatchResponseWithSchema,/home/azureuser/yas/evomaster-config/runtime-logs/methods/rating/customer/EvoMaster_rating_customer_faults/test_10_postOnRatingsReturnsMismatchResponseWithSchema/run.log,/home/azureuser/yas/evomaster-config/runtime-logs/methods/rating/customer/EvoMaster_rating_customer_faults/test_10_postOnRatingsReturnsMismatchResponseWithSchema/run_stdout.log,/home/azureuser/yas/evomaster-config/runtime-logs/methods/rating/customer/EvoMaster_rating_customer_faults/test_10_postOnRatingsReturnsMismatchResponseWithSchema/run_stderr.log
rating,customer,EvoMaster_rating_customer_faults.java,EvoMaster_rating_customer_faults,test_11_deleteOnRateReturnsMismatchResponseWithSchema,False,1,403,/rating/backoffice/ratings/{id},DELETE,403,.statusCode(403) .assertThat(),2,".delete(baseUrlOfSut + ""/rating/backoffice/ratings/3516949777103153481"")",,".header(""Authorization"", ""Bearer eyJhbGciOiJSUzI1NiIsInR5cCIgOiAiSldUIiwia2lkIiA6ICJ0d1VDQzd6VDg0MHlkRFhQUGVhcDlmMmpZOE9wTjQ0RWZSTmJsNW5GNUI4In0.eyJleHAiOjE3NzczMjQ2MzksImlhdCI6MTc3NzMyNDMzOSwianRpIjoiYjhjNTllYTAtOTk5OS00NmIwLTgwN2QtZWE1MmRmNGZiMDY2IiwiaXNzIjoiaHR0cDovL2lkZW50aXR5L3JlYWxtcy9ZYXMiLCJzdWIiOiJjNGMxYmFhMy1jM2IzLTRjMjYtOTJjOC05NGM4NmI5MTk2YTQiLCJ0eXAiOiJCZWFyZXIiLCJhenAiOiJiYWNrb2ZmaWNlLWJmZiIsInNpZCI6IjYxMmExNmYxLTJiNmYtNGQyNi05NGYwLWJkNTcxMDgwY2U3NiIsInJlYWxtX2FjY2VzcyI6eyJyb2xlcyI6WyJkZWZhdWx0LXJvbGVzLXlhcyIsIm9mZmxpbmVfYWNjZXNzIiwiQ1VTVE9NRVIiLCJ1bWFfYXV0aG9yaXphdGlvbiJdfSwic2NvcGUiOiJlbWFpbCBwcm9maWxlIiwiZW1haWxfdmVyaWZpZWQiOmZhbHNlLCJwcmVmZXJyZWRfdXNlcm5hbWUiOiJ1c2VyIn0.jujraRU87AXybbjh0ommxsqbf3-Fvh9vxoMQgViAqmvXOCu0FbKEUxuR1MoikTBQzbfJPilpRH31dJRRHR-x3QrO7FNid3Rj4BA2KmNfxe9sf7KM05_d5LwXUrDVUDUDg8lkJ9fGkhcLmDA12J_6iy8WVg0nHZQCbCEM5qXbL_JoMrd2BMqB_SIAmT5OCg3xoy16EeGIbVHVx5AiHhaYjoDXHxuoNggvAahkr1FJc5sMvg-kjV_SubwrP4l9huEnKcN-YnRuOC-zzxwF6ITc9fqztGXuO-CmN6NoL-N1qDEuip2-OGZ969Tc4_mZQoEAIqHLtvnOqoHcyKWf5J7GKg"")",faults,/home/azureuser/yas/evomaster-config/generated-tests/blackbox/rating/customer/EvoMaster_rating_customer_faults.java,23,6,True,0,,0,0,,100.0,0,0,0,0,0,0,False,,/home/azureuser/yas/evomaster-config/runtime-logs/classes/rating/customer/EvoMaster_rating_customer_faults,/home/azureuser/yas/evomaster-config/runtime-logs/classes/rating/customer/EvoMaster_rating_customer_faults/compile.log,/home/azureuser/yas/evomaster-config/runtime-logs/classes/rating/customer/EvoMaster_rating_customer_faults/compile_stdout.log,/home/azureuser/yas/evomaster-config/runtime-logs/classes/rating/customer/EvoMaster_rating_customer_faults/compile_stderr.log,False,True,1,java.lang.AssertionError;test_failure,1,False,7.01,5.47,164.2,"Tests run: 1, Failures: 1, Errors: 0, Skipped: 0",/home/azureuser/yas/evomaster-config/runtime-logs/methods/rating/customer/EvoMaster_rating_customer_faults/test_11_deleteOnRateReturnsMismatchResponseWithSchema,/home/azureuser/yas/evomaster-config/runtime-logs/methods/rating/customer/EvoMaster_rating_customer_faults/test_11_deleteOnRateReturnsMismatchResponseWithSchema/run.log,/home/azureuser/yas/evomaster-config/runtime-logs/methods/rating/customer/EvoMaster_rating_customer_faults/test_11_deleteOnRateReturnsMismatchResponseWithSchema/run_stdout.log,/home/azureuser/yas/evomaster-config/runtime-logs/methods/rating/customer/EvoMaster_rating_customer_faults/test_11_deleteOnRateReturnsMismatchResponseWithSchema/run_stderr.log
rating,customer,EvoMaster_rating_customer_faults.java,EvoMaster_rating_customer_faults,test_12_deleteOnRateReturnsMismatchResponseWithSchema,False,1,403,/rating/backoffice/ratings/{id},DELETE,403,.statusCode(403) .assertThat(),5,".delete(baseUrlOfSut + ""/rating/backoffice/ratings/519"")",,,faults,/home/azureuser/yas/evomaster-config/generated-tests/blackbox/rating/customer/EvoMaster_rating_customer_faults.java,23,6,True,0,,0,0,,100.0,0,0,0,0,0,0,False,,/home/azureuser/yas/evomaster-config/runtime-logs/classes/rating/customer/EvoMaster_rating_customer_faults,/home/azureuser/yas/evomaster-config/runtime-logs/classes/rating/customer/EvoMaster_rating_customer_faults/compile.log,/home/azureuser/yas/evomaster-config/runtime-logs/classes/rating/customer/EvoMaster_rating_customer_faults/compile_stdout.log,/home/azureuser/yas/evomaster-config/runtime-logs/classes/rating/customer/EvoMaster_rating_customer_faults/compile_stderr.log,True,True,0,,0,False,7.52,5.52,160.65,Test passed (detected via Surefire XML),/home/azureuser/yas/evomaster-config/runtime-logs/methods/rating/customer/EvoMaster_rating_customer_faults/test_12_deleteOnRateReturnsMismatchResponseWithSchema,/home/azureuser/yas/evomaster-config/runtime-logs/methods/rating/customer/EvoMaster_rating_customer_faults/test_12_deleteOnRateReturnsMismatchResponseWithSchema/run.log,/home/azureuser/yas/evomaster-config/runtime-logs/methods/rating/customer/EvoMaster_rating_customer_faults/test_12_deleteOnRateReturnsMismatchResponseWithSchema/run_stdout.log,/home/azureuser/yas/evomaster-config/runtime-logs/methods/rating/customer/EvoMaster_rating_customer_faults/test_12_deleteOnRateReturnsMismatchResponseWithSchema/run_stderr.log
rating,customer,EvoMaster_rating_customer_faults.java,EvoMaster_rating_customer_faults,test_13_getOnLatestReturnsMismatchResponseWithSchema,False,1,401,/rating/backoffice/ratings/latest/{count},GET,401,.statusCode(401) .assertThat(),2,".get(baseUrlOfSut + ""/rating/backoffice/ratings/latest/508"")",,,faults,/home/azureuser/yas/evomaster-config/generated-tests/blackbox/rating/customer/EvoMaster_rating_customer_faults.java,23,6,True,0,,0,0,,100.0,0,0,0,0,0,0,False,,/home/azureuser/yas/evomaster-config/runtime-logs/classes/rating/customer/EvoMaster_rating_customer_faults,/home/azureuser/yas/evomaster-config/runtime-logs/classes/rating/customer/EvoMaster_rating_customer_faults/compile.log,/home/azureuser/yas/evomaster-config/runtime-logs/classes/rating/customer/EvoMaster_rating_customer_faults/compile_stdout.log,/home/azureuser/yas/evomaster-config/runtime-logs/classes/rating/customer/EvoMaster_rating_customer_faults/compile_stderr.log,True,True,0,,0,False,7.01,5.66,160.17,Test passed (detected via Surefire XML),/home/azureuser/yas/evomaster-config/runtime-logs/methods/rating/customer/EvoMaster_rating_customer_faults/test_13_getOnLatestReturnsMismatchResponseWithSchema,/home/azureuser/yas/evomaster-config/runtime-logs/methods/rating/customer/EvoMaster_rating_customer_faults/test_13_getOnLatestReturnsMismatchResponseWithSchema/run.log,/home/azureuser/yas/evomaster-config/runtime-logs/methods/rating/customer/EvoMaster_rating_customer_faults/test_13_getOnLatestReturnsMismatchResponseWithSchema/run_stdout.log,/home/azureuser/yas/evomaster-config/runtime-logs/methods/rating/customer/EvoMaster_rating_customer_faults/test_13_getOnLatestReturnsMismatchResponseWithSchema/run_stderr.log
rating,customer,EvoMaster_rating_customer_faults.java,EvoMaster_rating_customer_faults,test_14_getOnLatestReturnsMismatchResponseWithSchema,False,1,403,/rating/backoffice/ratings/latest/{count},GET,403,.statusCode(403) .assertThat(),2,".get(baseUrlOfSut + ""/rating/backoffice/ratings/latest/567"")",,".header(""Authorization"", ""Bearer eyJhbGciOiJSUzI1NiIsInR5cCIgOiAiSldUIiwia2lkIiA6ICJ0d1VDQzd6VDg0MHlkRFhQUGVhcDlmMmpZOE9wTjQ0RWZSTmJsNW5GNUI4In0.eyJleHAiOjE3NzczMjQ2MzksImlhdCI6MTc3NzMyNDMzOSwianRpIjoiYjhjNTllYTAtOTk5OS00NmIwLTgwN2QtZWE1MmRmNGZiMDY2IiwiaXNzIjoiaHR0cDovL2lkZW50aXR5L3JlYWxtcy9ZYXMiLCJzdWIiOiJjNGMxYmFhMy1jM2IzLTRjMjYtOTJjOC05NGM4NmI5MTk2YTQiLCJ0eXAiOiJCZWFyZXIiLCJhenAiOiJiYWNrb2ZmaWNlLWJmZiIsInNpZCI6IjYxMmExNmYxLTJiNmYtNGQyNi05NGYwLWJkNTcxMDgwY2U3NiIsInJlYWxtX2FjY2VzcyI6eyJyb2xlcyI6WyJkZWZhdWx0LXJvbGVzLXlhcyIsIm9mZmxpbmVfYWNjZXNzIiwiQ1VTVE9NRVIiLCJ1bWFfYXV0aG9yaXphdGlvbiJdfSwic2NvcGUiOiJlbWFpbCBwcm9maWxlIiwiZW1haWxfdmVyaWZpZWQiOmZhbHNlLCJwcmVmZXJyZWRfdXNlcm5hbWUiOiJ1c2VyIn0.jujraRU87AXybbjh0ommxsqbf3-Fvh9vxoMQgViAqmvXOCu0FbKEUxuR1MoikTBQzbfJPilpRH31dJRRHR-x3QrO7FNid3Rj4BA2KmNfxe9sf7KM05_d5LwXUrDVUDUDg8lkJ9fGkhcLmDA12J_6iy8WVg0nHZQCbCEM5qXbL_JoMrd2BMqB_SIAmT5OCg3xoy16EeGIbVHVx5AiHhaYjoDXHxuoNggvAahkr1FJc5sMvg-kjV_SubwrP4l9huEnKcN-YnRuOC-zzxwF6ITc9fqztGXuO-CmN6NoL-N1qDEuip2-OGZ969Tc4_mZQoEAIqHLtvnOqoHcyKWf5J7GKg"")",faults,/home/azureuser/yas/evomaster-config/generated-tests/blackbox/rating/customer/EvoMaster_rating_customer_faults.java,23,6,True,0,,0,0,,100.0,0,0,0,0,0,0,False,,/home/azureuser/yas/evomaster-config/runtime-logs/classes/rating/customer/EvoMaster_rating_customer_faults,/home/azureuser/yas/evomaster-config/runtime-logs/classes/rating/customer/EvoMaster_rating_customer_faults/compile.log,/home/azureuser/yas/evomaster-config/runtime-logs/classes/rating/customer/EvoMaster_rating_customer_faults/compile_stdout.log,/home/azureuser/yas/evomaster-config/runtime-logs/classes/rating/customer/EvoMaster_rating_customer_faults/compile_stderr.log,False,True,1,java.lang.AssertionError;test_failure,1,False,6.51,5.29,164.12,"Tests run: 1, Failures: 1, Errors: 0, Skipped: 0",/home/azureuser/yas/evomaster-config/runtime-logs/methods/rating/customer/EvoMaster_rating_customer_faults/test_14_getOnLatestReturnsMismatchResponseWithSchema,/home/azureuser/yas/evomaster-config/runtime-logs/methods/rating/customer/EvoMaster_rating_customer_faults/test_14_getOnLatestReturnsMismatchResponseWithSchema/run.log,/home/azureuser/yas/evomaster-config/runtime-logs/methods/rating/customer/EvoMaster_rating_customer_faults/test_14_getOnLatestReturnsMismatchResponseWithSchema/run_stdout.log,/home/azureuser/yas/evomaster-config/runtime-logs/methods/rating/customer/EvoMaster_rating_customer_faults/test_14_getOnLatestReturnsMismatchResponseWithSchema/run_stderr.log
rating,none,EvoMaster_rating_none_faults.java,EvoMaster_rating_none_faults,test_7_postOnRatingsReturnsMismatchResponseWithSchema,False,1,403,/rating/storefront/ratings,POST,403,.statusCode(403) .assertThat(),5,".post(baseUrlOfSut + ""/rating/storefront/ratings"")",".body("" { "" + 
                    "" \""star\"" : 915 "" + 
                    "" } "")",,faults,/home/azureuser/yas/evomaster-config/generated-tests/blackbox/rating/none/EvoMaster_rating_none_faults.java,23,6,True,0,,0,0,,100.0,0,0,0,0,0,0,False,,/home/azureuser/yas/evomaster-config/runtime-logs/classes/rating/none/EvoMaster_rating_none_faults,/home/azureuser/yas/evomaster-config/runtime-logs/classes/rating/none/EvoMaster_rating_none_faults/compile.log,/home/azureuser/yas/evomaster-config/runtime-logs/classes/rating/none/EvoMaster_rating_none_faults/compile_stdout.log,/home/azureuser/yas/evomaster-config/runtime-logs/classes/rating/none/EvoMaster_rating_none_faults/compile_stderr.log,True,True,0,,0,False,7.02,5.27,154.64,Test passed (detected via Surefire XML),/home/azureuser/yas/evomaster-config/runtime-logs/methods/rating/none/EvoMaster_rating_none_faults/test_7_postOnRatingsReturnsMismatchResponseWithSchema,/home/azureuser/yas/evomaster-config/runtime-logs/methods/rating/none/EvoMaster_rating_none_faults/test_7_postOnRatingsReturnsMismatchResponseWithSchema/run.log,/home/azureuser/yas/evomaster-config/runtime-logs/methods/rating/none/EvoMaster_rating_none_faults/test_7_postOnRatingsReturnsMismatchResponseWithSchema/run_stdout.log,/home/azureuser/yas/evomaster-config/runtime-logs/methods/rating/none/EvoMaster_rating_none_faults/test_7_postOnRatingsReturnsMismatchResponseWithSchema/run_stderr.log
rating,none,EvoMaster_rating_none_faults.java,EvoMaster_rating_none_faults,test_8_deleteOnRateReturnsMismatchResponseWithSchema,False,1,403,/rating/backoffice/ratings/{id},DELETE,403,.statusCode(403) .assertThat(),5,".delete(baseUrlOfSut + ""/rating/backoffice/ratings/422"")",,,faults,/home/azureuser/yas/evomaster-config/generated-tests/blackbox/rating/none/EvoMaster_rating_none_faults.java,23,6,True,0,,0,0,,100.0,0,0,0,0,0,0,False,,/home/azureuser/yas/evomaster-config/runtime-logs/classes/rating/none/EvoMaster_rating_none_faults,/home/azureuser/yas/evomaster-config/runtime-logs/classes/rating/none/EvoMaster_rating_none_faults/compile.log,/home/azureuser/yas/evomaster-config/runtime-logs/classes/rating/none/EvoMaster_rating_none_faults/compile_stdout.log,/home/azureuser/yas/evomaster-config/runtime-logs/classes/rating/none/EvoMaster_rating_none_faults/compile_stderr.log,True,True,0,,0,False,7.52,5.52,165.78,Test passed (detected via Surefire XML),/home/azureuser/yas/evomaster-config/runtime-logs/methods/rating/none/EvoMaster_rating_none_faults/test_8_deleteOnRateReturnsMismatchResponseWithSchema,/home/azureuser/yas/evomaster-config/runtime-logs/methods/rating/none/EvoMaster_rating_none_faults/test_8_deleteOnRateReturnsMismatchResponseWithSchema/run.log,/home/azureuser/yas/evomaster-config/runtime-logs/methods/rating/none/EvoMaster_rating_none_faults/test_8_deleteOnRateReturnsMismatchResponseWithSchema/run_stdout.log,/home/azureuser/yas/evomaster-config/runtime-logs/methods/rating/none/EvoMaster_rating_none_faults/test_8_deleteOnRateReturnsMismatchResponseWithSchema/run_stderr.log
rating,none,EvoMaster_rating_none_faults.java,EvoMaster_rating_none_faults,test_9_getOnLatestReturnsMismatchResponseWithSchema,False,1,401,/rating/backoffice/ratings/latest/{count},GET,401,.statusCode(401) .assertThat(),2,".get(baseUrlOfSut + ""/rating/backoffice/ratings/latest/437"")",,,faults,/home/azureuser/yas/evomaster-config/generated-tests/blackbox/rating/none/EvoMaster_rating_none_faults.java,23,6,True,0,,0,0,,100.0,0,0,0,0,0,0,False,,/home/azureuser/yas/evomaster-config/runtime-logs/classes/rating/none/EvoMaster_rating_none_faults,/home/azureuser/yas/evomaster-config/runtime-logs/classes/rating/none/EvoMaster_rating_none_faults/compile.log,/home/azureuser/yas/evomaster-config/runtime-logs/classes/rating/none/EvoMaster_rating_none_faults/compile_stdout.log,/home/azureuser/yas/evomaster-config/runtime-logs/classes/rating/none/EvoMaster_rating_none_faults/compile_stderr.log,True,True,0,,0,False,6.51,5.66,164.98,Test passed (detected via Surefire XML),/home/azureuser/yas/evomaster-config/runtime-logs/methods/rating/none/EvoMaster_rating_none_faults/test_9_getOnLatestReturnsMismatchResponseWithSchema,/home/azureuser/yas/evomaster-config/runtime-logs/methods/rating/none/EvoMaster_rating_none_faults/test_9_getOnLatestReturnsMismatchResponseWithSchema/run.log,/home/azureuser/yas/evomaster-config/runtime-logs/methods/rating/none/EvoMaster_rating_none_faults/test_9_getOnLatestReturnsMismatchResponseWithSchema/run_stdout.log,/home/azureuser/yas/evomaster-config/runtime-logs/methods/rating/none/EvoMaster_rating_none_faults/test_9_getOnLatestReturnsMismatchResponseWithSchema/run_stderr.log
sampledata,admin_only,EvoMaster_sampledata_admin_only_faults.java,EvoMaster_sampledata_admin_only_faults,test_0_postOnSampledataReturnsMismatchResponseWithSchema,False,1,200,/sampledata/storefront/sampledata,POST,200,.statusCode(200) .assertThat(),3,".post(baseUrlOfSut + ""/sampledata/storefront/sampledata"")",".body("" { "" + 
                    "" \""message\"" : \""kvMG91nqtm42\"" "" + 
                    "" } "")",".header(""Authorization"", ""Bearer eyJhbGciOiJSUzI1NiIsInR5cCIgOiAiSldUIiwia2lkIiA6ICJ0d1VDQzd6VDg0MHlkRFhQUGVhcDlmMmpZOE9wTjQ0RWZSTmJsNW5GNUI4In0.eyJleHAiOjE3NzczMjQ2MzksImlhdCI6MTc3NzMyNDMzOSwianRpIjoiYjFmNWZjZWItNWRmMC00MWU4LWFlNDgtNTI5YjMxNzBlMjYwIiwiaXNzIjoiaHR0cDovL2lkZW50aXR5L3JlYWxtcy9ZYXMiLCJzdWIiOiIzMGM1ZjgzMS01MTU2LTQ4NzctODQxYy00YmU4NzQxYTVmZTEiLCJ0eXAiOiJCZWFyZXIiLCJhenAiOiJiYWNrb2ZmaWNlLWJmZiIsInNpZCI6ImI2MzMyMDdmLTQwODEtNDVlMS1hZDA5LWFhNDkxM2YzMjFkNiIsInJlYWxtX2FjY2VzcyI6eyJyb2xlcyI6WyJBRE1JTiJdfSwic2NvcGUiOiJlbWFpbCBwcm9maWxlIiwiZW1haWxfdmVyaWZpZWQiOmZhbHNlLCJwcmVmZXJyZWRfdXNlcm5hbWUiOiJhZG1pbl9vbmx5In0.jcnQ-e69_3UdIoPirPY2lhies5OSxhnEBBiY68YTtS5ElGksffpSSmWOzEt4MeFUa_cFoE4Cko5DNMDfcOFV0DxxouG0YNe7rhNAN2m-KQv5Tcc4JAXKUJ14bUCv-CefB0_Jt1sYiFEV69tNmpvGPzkDVBLyc3Ahsk6sPbuIGa8JSOjGhaYWnMwpB5bPC37tBma0yzn1cblsPd-b95asX56OyP41AmU56mXszeoIEDpRDVesFgwCHzAFWZYrU57kxlwrvAM2Lqo81ZTpyWq27gfZNkxWdodgX69WzvsOTJMA6V44o6cO6p1KbvMzZ8pwPDMn6OAPWtItFn_dipAz-w"")",faults,/home/azureuser/yas/evomaster-config/generated-tests/blackbox/sampledata/admin_only/EvoMaster_sampledata_admin_only_faults.java,23,6,True,0,,0,0,,100.0,0,0,0,0,0,0,False,,/home/azureuser/yas/evomaster-config/runtime-logs/classes/sampledata/admin_only/EvoMaster_sampledata_admin_only_faults,/home/azureuser/yas/evomaster-config/runtime-logs/classes/sampledata/admin_only/EvoMaster_sampledata_admin_only_faults/compile.log,/home/azureuser/yas/evomaster-config/runtime-logs/classes/sampledata/admin_only/EvoMaster_sampledata_admin_only_faults/compile_stdout.log,/home/azureuser/yas/evomaster-config/runtime-logs/classes/sampledata/admin_only/EvoMaster_sampledata_admin_only_faults/compile_stderr.log,False,True,1,java.lang.AssertionError;test_failure,1,False,7.02,5.66,161.45,"Tests run: 1, Failures: 1, Errors: 0, Skipped: 0",/home/azureuser/yas/evomaster-config/runtime-logs/methods/sampledata/admin_only/EvoMaster_sampledata_admin_only_faults/test_0_postOnSampledataReturnsMismatchResponseWithSchema,/home/azureuser/yas/evomaster-config/runtime-logs/methods/sampledata/admin_only/EvoMaster_sampledata_admin_only_faults/test_0_postOnSampledataReturnsMismatchResponseWithSchema/run.log,/home/azureuser/yas/evomaster-config/runtime-logs/methods/sampledata/admin_only/EvoMaster_sampledata_admin_only_faults/test_0_postOnSampledataReturnsMismatchResponseWithSchema/run_stdout.log,/home/azureuser/yas/evomaster-config/runtime-logs/methods/sampledata/admin_only/EvoMaster_sampledata_admin_only_faults/test_0_postOnSampledataReturnsMismatchResponseWithSchema/run_stderr.log
sampledata,admin_only,EvoMaster_sampledata_admin_only_faults.java,EvoMaster_sampledata_admin_only_faults,test_1_postOnSampledataReturnsMismatchResponseWithSchema,False,1,200,/sampledata/storefront/sampledata,POST,200,.statusCode(200) .assertThat(),3,".post(baseUrlOfSut + ""/sampledata/storefront/sampledata"")",".body("" { "" + 
                    "" \""message\"" : \""dhBsu_1HiIlIS\"" "" + 
                    "" } "")",,faults,/home/azureuser/yas/evomaster-config/generated-tests/blackbox/sampledata/admin_only/EvoMaster_sampledata_admin_only_faults.java,23,6,True,0,,0,0,,100.0,0,0,0,0,0,0,False,,/home/azureuser/yas/evomaster-config/runtime-logs/classes/sampledata/admin_only/EvoMaster_sampledata_admin_only_faults,/home/azureuser/yas/evomaster-config/runtime-logs/classes/sampledata/admin_only/EvoMaster_sampledata_admin_only_faults/compile.log,/home/azureuser/yas/evomaster-config/runtime-logs/classes/sampledata/admin_only/EvoMaster_sampledata_admin_only_faults/compile_stdout.log,/home/azureuser/yas/evomaster-config/runtime-logs/classes/sampledata/admin_only/EvoMaster_sampledata_admin_only_faults/compile_stderr.log,False,True,1,java.lang.AssertionError;java.util.concurrent.TimeoutException;test_error,1,False,67.56,5.73,156.89,"Tests run: 1, Failures: 0, Errors: 1, Skipped: 0",/home/azureuser/yas/evomaster-config/runtime-logs/methods/sampledata/admin_only/EvoMaster_sampledata_admin_only_faults/test_1_postOnSampledataReturnsMismatchResponseWithSchema,/home/azureuser/yas/evomaster-config/runtime-logs/methods/sampledata/admin_only/EvoMaster_sampledata_admin_only_faults/test_1_postOnSampledataReturnsMismatchResponseWithSchema/run.log,/home/azureuser/yas/evomaster-config/runtime-logs/methods/sampledata/admin_only/EvoMaster_sampledata_admin_only_faults/test_1_postOnSampledataReturnsMismatchResponseWithSchema/run_stdout.log,/home/azureuser/yas/evomaster-config/runtime-logs/methods/sampledata/admin_only/EvoMaster_sampledata_admin_only_faults/test_1_postOnSampledataReturnsMismatchResponseWithSchema/run_stderr.log
sampledata,customer,EvoMaster_sampledata_customer_faults.java,EvoMaster_sampledata_customer_faults,test_0_postOnSampledataReturnsMismatchResponseWithSchema,False,1,200,/sampledata/storefront/sampledata,POST,200,.statusCode(200) .assertThat(),3,".post(baseUrlOfSut + ""/sampledata/storefront/sampledata"")",".body("" { "" + 
                    "" \""message\"" : \""\"" "" + 
                    "" } "")",".header(""Authorization"", ""Bearer eyJhbGciOiJSUzI1NiIsInR5cCIgOiAiSldUIiwia2lkIiA6ICJ0d1VDQzd6VDg0MHlkRFhQUGVhcDlmMmpZOE9wTjQ0RWZSTmJsNW5GNUI4In0.eyJleHAiOjE3NzczMjQ2MzksImlhdCI6MTc3NzMyNDMzOSwianRpIjoiYjhjNTllYTAtOTk5OS00NmIwLTgwN2QtZWE1MmRmNGZiMDY2IiwiaXNzIjoiaHR0cDovL2lkZW50aXR5L3JlYWxtcy9ZYXMiLCJzdWIiOiJjNGMxYmFhMy1jM2IzLTRjMjYtOTJjOC05NGM4NmI5MTk2YTQiLCJ0eXAiOiJCZWFyZXIiLCJhenAiOiJiYWNrb2ZmaWNlLWJmZiIsInNpZCI6IjYxMmExNmYxLTJiNmYtNGQyNi05NGYwLWJkNTcxMDgwY2U3NiIsInJlYWxtX2FjY2VzcyI6eyJyb2xlcyI6WyJkZWZhdWx0LXJvbGVzLXlhcyIsIm9mZmxpbmVfYWNjZXNzIiwiQ1VTVE9NRVIiLCJ1bWFfYXV0aG9yaXphdGlvbiJdfSwic2NvcGUiOiJlbWFpbCBwcm9maWxlIiwiZW1haWxfdmVyaWZpZWQiOmZhbHNlLCJwcmVmZXJyZWRfdXNlcm5hbWUiOiJ1c2VyIn0.jujraRU87AXybbjh0ommxsqbf3-Fvh9vxoMQgViAqmvXOCu0FbKEUxuR1MoikTBQzbfJPilpRH31dJRRHR-x3QrO7FNid3Rj4BA2KmNfxe9sf7KM05_d5LwXUrDVUDUDg8lkJ9fGkhcLmDA12J_6iy8WVg0nHZQCbCEM5qXbL_JoMrd2BMqB_SIAmT5OCg3xoy16EeGIbVHVx5AiHhaYjoDXHxuoNggvAahkr1FJc5sMvg-kjV_SubwrP4l9huEnKcN-YnRuOC-zzxwF6ITc9fqztGXuO-CmN6NoL-N1qDEuip2-OGZ969Tc4_mZQoEAIqHLtvnOqoHcyKWf5J7GKg"")",faults,/home/azureuser/yas/evomaster-config/generated-tests/blackbox/sampledata/customer/EvoMaster_sampledata_customer_faults.java,23,6,True,0,,0,0,,100.0,0,0,0,0,0,0,False,,/home/azureuser/yas/evomaster-config/runtime-logs/classes/sampledata/customer/EvoMaster_sampledata_customer_faults,/home/azureuser/yas/evomaster-config/runtime-logs/classes/sampledata/customer/EvoMaster_sampledata_customer_faults/compile.log,/home/azureuser/yas/evomaster-config/runtime-logs/classes/sampledata/customer/EvoMaster_sampledata_customer_faults/compile_stdout.log,/home/azureuser/yas/evomaster-config/runtime-logs/classes/sampledata/customer/EvoMaster_sampledata_customer_faults/compile_stderr.log,False,True,1,java.lang.AssertionError;test_failure,1,False,7.02,5.75,164.49,"Tests run: 1, Failures: 1, Errors: 0, Skipped: 0",/home/azureuser/yas/evomaster-config/runtime-logs/methods/sampledata/customer/EvoMaster_sampledata_customer_faults/test_0_postOnSampledataReturnsMismatchResponseWithSchema,/home/azureuser/yas/evomaster-config/runtime-logs/methods/sampledata/customer/EvoMaster_sampledata_customer_faults/test_0_postOnSampledataReturnsMismatchResponseWithSchema/run.log,/home/azureuser/yas/evomaster-config/runtime-logs/methods/sampledata/customer/EvoMaster_sampledata_customer_faults/test_0_postOnSampledataReturnsMismatchResponseWithSchema/run_stdout.log,/home/azureuser/yas/evomaster-config/runtime-logs/methods/sampledata/customer/EvoMaster_sampledata_customer_faults/test_0_postOnSampledataReturnsMismatchResponseWithSchema/run_stderr.log
sampledata,customer,EvoMaster_sampledata_customer_faults.java,EvoMaster_sampledata_customer_faults,test_1_postOnSampledataReturnsMismatchResponseWithSchema,False,1,200,/sampledata/storefront/sampledata,POST,200,.statusCode(200) .assertThat(),3,".post(baseUrlOfSut + ""/sampledata/storefront/sampledata"")",".body("" { } "")",,faults,/home/azureuser/yas/evomaster-config/generated-tests/blackbox/sampledata/customer/EvoMaster_sampledata_customer_faults.java,23,6,True,0,,0,0,,100.0,0,0,0,0,0,0,False,,/home/azureuser/yas/evomaster-config/runtime-logs/classes/sampledata/customer/EvoMaster_sampledata_customer_faults,/home/azureuser/yas/evomaster-config/runtime-logs/classes/sampledata/customer/EvoMaster_sampledata_customer_faults/compile.log,/home/azureuser/yas/evomaster-config/runtime-logs/classes/sampledata/customer/EvoMaster_sampledata_customer_faults/compile_stdout.log,/home/azureuser/yas/evomaster-config/runtime-logs/classes/sampledata/customer/EvoMaster_sampledata_customer_faults/compile_stderr.log,False,True,1,java.lang.AssertionError;java.util.concurrent.TimeoutException;test_error,1,False,67.08,5.7,158.38,"Tests run: 1, Failures: 0, Errors: 1, Skipped: 0",/home/azureuser/yas/evomaster-config/runtime-logs/methods/sampledata/customer/EvoMaster_sampledata_customer_faults/test_1_postOnSampledataReturnsMismatchResponseWithSchema,/home/azureuser/yas/evomaster-config/runtime-logs/methods/sampledata/customer/EvoMaster_sampledata_customer_faults/test_1_postOnSampledataReturnsMismatchResponseWithSchema/run.log,/home/azureuser/yas/evomaster-config/runtime-logs/methods/sampledata/customer/EvoMaster_sampledata_customer_faults/test_1_postOnSampledataReturnsMismatchResponseWithSchema/run_stdout.log,/home/azureuser/yas/evomaster-config/runtime-logs/methods/sampledata/customer/EvoMaster_sampledata_customer_faults/test_1_postOnSampledataReturnsMismatchResponseWithSchema/run_stderr.log
sampledata,none,EvoMaster_sampledata_none_faults.java,EvoMaster_sampledata_none_faults,test_0_postOnSampledataReturnsMismatchResponseWithSchema,False,1,200,/sampledata/storefront/sampledata,POST,200,.statusCode(200) .assertThat(),3,".post(baseUrlOfSut + ""/sampledata/storefront/sampledata"")",".body("" { "" + 
                    "" \""message\"" : \""t9q3yTeaOU\"" "" + 
                    "" } "")",,faults,/home/azureuser/yas/evomaster-config/generated-tests/blackbox/sampledata/none/EvoMaster_sampledata_none_faults.java,23,6,True,0,,0,0,,100.0,0,0,0,0,0,0,False,,/home/azureuser/yas/evomaster-config/runtime-logs/classes/sampledata/none/EvoMaster_sampledata_none_faults,/home/azureuser/yas/evomaster-config/runtime-logs/classes/sampledata/none/EvoMaster_sampledata_none_faults/compile.log,/home/azureuser/yas/evomaster-config/runtime-logs/classes/sampledata/none/EvoMaster_sampledata_none_faults/compile_stdout.log,/home/azureuser/yas/evomaster-config/runtime-logs/classes/sampledata/none/EvoMaster_sampledata_none_faults/compile_stderr.log,False,True,1,java.lang.AssertionError;java.util.concurrent.TimeoutException;test_error,1,False,67.07,5.5,163.52,"Tests run: 1, Failures: 0, Errors: 1, Skipped: 0",/home/azureuser/yas/evomaster-config/runtime-logs/methods/sampledata/none/EvoMaster_sampledata_none_faults/test_0_postOnSampledataReturnsMismatchResponseWithSchema,/home/azureuser/yas/evomaster-config/runtime-logs/methods/sampledata/none/EvoMaster_sampledata_none_faults/test_0_postOnSampledataReturnsMismatchResponseWithSchema/run.log,/home/azureuser/yas/evomaster-config/runtime-logs/methods/sampledata/none/EvoMaster_sampledata_none_faults/test_0_postOnSampledataReturnsMismatchResponseWithSchema/run_stdout.log,/home/azureuser/yas/evomaster-config/runtime-logs/methods/sampledata/none/EvoMaster_sampledata_none_faults/test_0_postOnSampledataReturnsMismatchResponseWithSchema/run_stderr.log
