service,profile,file,class,test_method,is_complex_method,call_index,call_expected_status_code,endpoint,http,asserted_code,asserts_the_expected_HTTP_status_codes?,assert_count,missing_url_parameter_values,missing_request_body,credentials_header,file_type,file_path,imports_count,wildcard_imports,compiled,compile_error_count,compile_error_types,missing_imports,incorrect_imports,unused_imports,dependency_availability_pct,syntax_errors,type_errors,undefined_variables,type_annotation_errors,generic_type_misuses,compile_exit_code,compile_timeout,compile_error_summary,class_log_dir,compile_log_path,compile_stdout_log_path,compile_stderr_log_path,runs,run_detected,runtime_error_count,runtime_error_types,run_exit_code,run_timeout,execution_seconds,cpu_seconds,peak_working_set_mb,run_error_summary,method_log_dir,run_log_path,run_stdout_log_path,run_stderr_log_path
cart,admin_only,EvoMaster_cart_admin_only_faults.java,EvoMaster_cart_admin_only_faults,test_0_getOnItemsReturnsMismatchResponseWithSchema,False,1,403,/cart/storefront/cart/items,GET,403,.statusCode(403) .assertThat(),6,".get(baseUrlOfSut + ""/cart/storefront/cart/items"")",,,faults,/home/azureuser/yas/evomaster-config/generated-tests/blackbox/cart/admin_only/EvoMaster_cart_admin_only_faults.java,23,6,True,0,,0,0,,100.0,0,0,0,0,0,0,False,,/home/azureuser/yas/evomaster-config/runtime-logs/classes/cart/admin_only/EvoMaster_cart_admin_only_faults,/home/azureuser/yas/evomaster-config/runtime-logs/classes/cart/admin_only/EvoMaster_cart_admin_only_faults/compile.log,/home/azureuser/yas/evomaster-config/runtime-logs/classes/cart/admin_only/EvoMaster_cart_admin_only_faults/compile_stdout.log,/home/azureuser/yas/evomaster-config/runtime-logs/classes/cart/admin_only/EvoMaster_cart_admin_only_faults/compile_stderr.log,True,True,0,,0,False,15.07,11.08,156.74,Test passed (detected via Surefire XML),/home/azureuser/yas/evomaster-config/runtime-logs/methods/cart/admin_only/EvoMaster_cart_admin_only_faults/test_0_getOnItemsReturnsMismatchResponseWithSchema,/home/azureuser/yas/evomaster-config/runtime-logs/methods/cart/admin_only/EvoMaster_cart_admin_only_faults/test_0_getOnItemsReturnsMismatchResponseWithSchema/run.log,/home/azureuser/yas/evomaster-config/runtime-logs/methods/cart/admin_only/EvoMaster_cart_admin_only_faults/test_0_getOnItemsReturnsMismatchResponseWithSchema/run_stdout.log,/home/azureuser/yas/evomaster-config/runtime-logs/methods/cart/admin_only/EvoMaster_cart_admin_only_faults/test_0_getOnItemsReturnsMismatchResponseWithSchema/run_stderr.log
cart,admin_only,EvoMaster_cart_admin_only_successes.java,EvoMaster_cart_admin_only_successes,test_0_getOnItemsReturns1Element,False,1,200,/cart/storefront/cart/items,GET,200,.statusCode(200) .assertThat(),6,".get(baseUrlOfSut + ""/cart/storefront/cart/items"")",,".header(""Authorization"", ""Bearer eyJhbGciOiJSUzI1NiIsInR5cCIgOiAiSldUIiwia2lkIiA6ICJ5UnVxX2x3MGdHbXppekN6M183cmNYZXVWS24zaHpvQ21pVV9lT1B0Wm9vIn0.eyJleHAiOjE3Nzc1MjAzNDksImlhdCI6MTc3NzUxNjc0OSwianRpIjoiNDU1MzkwYjUtYTljZi00MDQzLThiODctZmUyZjE4MWYxNWZlIiwiaXNzIjoiaHR0cDovL2lkZW50aXR5L3JlYWxtcy9ZYXMiLCJzdWIiOiJmMjNmMjQ4Ni1lOWVmLTQ3NGMtYjdlZS1hYjkwNzNlNDliOTkiLCJ0eXAiOiJCZWFyZXIiLCJhenAiOiJiYWNrb2ZmaWNlLWJmZiIsInNpZCI6ImYzY2I0MmM4LTQzNGUtNDQ2MC1hZDQyLWZjZDI5ZDViZjJhNSIsInJlYWxtX2FjY2VzcyI6eyJyb2xlcyI6WyJBRE1JTiJdfSwic2NvcGUiOiJlbWFpbCBwcm9maWxlIiwiZW1haWxfdmVyaWZpZWQiOmZhbHNlLCJwcmVmZXJyZWRfdXNlcm5hbWUiOiJhZG1pbl9vbmx5In0.hURWrHrD7yrmVBjNManxk70QLYZMSiGrlwa4ygjROvsvwPdjhamyKyyNue2iV_RcmMbXqeBUZhjhbNLbt0MYGkdRFGVr_tJo7T_2fYypf1zL-v1AAv0Iyr4Nad9p8Lc-q9xAMh3-dpx9eZkYMmVtn-m7jz5Y5slwkrdbNlV-RbK8zmTzxuSNO91pAHDG9h9uaaOU_1J4uSrqJT8Jhp33e4sZFf7uAL3jkXa2ltKwA6z2fzMwt5zZVBYWluDhogno2RcaFovPr2oJQvLJA3-6nK0uJXzehPvCkLDYI4hGkcN39dvr5yHal8mfXXZBvLfyRA7umo40GUJIfQVX-Yhe7g"")",successes,/home/azureuser/yas/evomaster-config/generated-tests/blackbox/cart/admin_only/EvoMaster_cart_admin_only_successes.java,23,6,True,0,,0,0,,100.0,0,0,0,0,0,0,False,,/home/azureuser/yas/evomaster-config/runtime-logs/classes/cart/admin_only/EvoMaster_cart_admin_only_successes,/home/azureuser/yas/evomaster-config/runtime-logs/classes/cart/admin_only/EvoMaster_cart_admin_only_successes/compile.log,/home/azureuser/yas/evomaster-config/runtime-logs/classes/cart/admin_only/EvoMaster_cart_admin_only_successes/compile_stdout.log,/home/azureuser/yas/evomaster-config/runtime-logs/classes/cart/admin_only/EvoMaster_cart_admin_only_successes/compile_stderr.log,False,True,1,java.lang.AssertionError;test_failure,1,False,15.55,11.13,159.83,"Tests run: 1, Failures: 1, Errors: 0, Skipped: 0",/home/azureuser/yas/evomaster-config/runtime-logs/methods/cart/admin_only/EvoMaster_cart_admin_only_successes/test_0_getOnItemsReturns1Element,/home/azureuser/yas/evomaster-config/runtime-logs/methods/cart/admin_only/EvoMaster_cart_admin_only_successes/test_0_getOnItemsReturns1Element/run.log,/home/azureuser/yas/evomaster-config/runtime-logs/methods/cart/admin_only/EvoMaster_cart_admin_only_successes/test_0_getOnItemsReturns1Element/run_stdout.log,/home/azureuser/yas/evomaster-config/runtime-logs/methods/cart/admin_only/EvoMaster_cart_admin_only_successes/test_0_getOnItemsReturns1Element/run_stderr.log
cart,customer,EvoMaster_cart_customer_faults.java,EvoMaster_cart_customer_faults,test_1_getOnItemsReturnsMismatchResponseWithSchema,False,1,403,/cart/storefront/cart/items,GET,403,.statusCode(403) .assertThat(),6,".get(baseUrlOfSut + ""/cart/storefront/cart/items"")",,,faults,/home/azureuser/yas/evomaster-config/generated-tests/blackbox/cart/customer/EvoMaster_cart_customer_faults.java,23,6,True,0,,0,0,,100.0,0,0,0,0,0,0,False,,/home/azureuser/yas/evomaster-config/runtime-logs/classes/cart/customer/EvoMaster_cart_customer_faults,/home/azureuser/yas/evomaster-config/runtime-logs/classes/cart/customer/EvoMaster_cart_customer_faults/compile.log,/home/azureuser/yas/evomaster-config/runtime-logs/classes/cart/customer/EvoMaster_cart_customer_faults/compile_stdout.log,/home/azureuser/yas/evomaster-config/runtime-logs/classes/cart/customer/EvoMaster_cart_customer_faults/compile_stderr.log,True,True,0,,0,False,14.2,10.83,153.34,Test passed (detected via Surefire XML),/home/azureuser/yas/evomaster-config/runtime-logs/methods/cart/customer/EvoMaster_cart_customer_faults/test_1_getOnItemsReturnsMismatchResponseWithSchema,/home/azureuser/yas/evomaster-config/runtime-logs/methods/cart/customer/EvoMaster_cart_customer_faults/test_1_getOnItemsReturnsMismatchResponseWithSchema/run.log,/home/azureuser/yas/evomaster-config/runtime-logs/methods/cart/customer/EvoMaster_cart_customer_faults/test_1_getOnItemsReturnsMismatchResponseWithSchema/run_stdout.log,/home/azureuser/yas/evomaster-config/runtime-logs/methods/cart/customer/EvoMaster_cart_customer_faults/test_1_getOnItemsReturnsMismatchResponseWithSchema/run_stderr.log
cart,customer,EvoMaster_cart_customer_successes.java,EvoMaster_cart_customer_successes,test_0_getOnItemsReturns1Element,False,1,200,/cart/storefront/cart/items,GET,200,.statusCode(200) .assertThat(),6,".get(baseUrlOfSut + ""/cart/storefront/cart/items"")",,".header(""Authorization"", ""Bearer eyJhbGciOiJSUzI1NiIsInR5cCIgOiAiSldUIiwia2lkIiA6ICJ5UnVxX2x3MGdHbXppekN6M183cmNYZXVWS24zaHpvQ21pVV9lT1B0Wm9vIn0.eyJleHAiOjE3Nzc1MjAzMjgsImlhdCI6MTc3NzUxNjcyOCwianRpIjoiMjI2N2M2OTUtMzZmNC00NzRmLTlkNGUtNGMzYTRmZTg5ODg5IiwiaXNzIjoiaHR0cDovL2lkZW50aXR5L3JlYWxtcy9ZYXMiLCJzdWIiOiIxNDhkMGZjNi1lYmZjLTQ0MjQtYjVmZC1hZjZjZGNlNTQxNDQiLCJ0eXAiOiJCZWFyZXIiLCJhenAiOiJiYWNrb2ZmaWNlLWJmZiIsInNpZCI6IjFlODY3ZGEwLTYxZjEtNGM1ZS1iNjU4LTgzMmQ5ZDg1NTg4MCIsInJlYWxtX2FjY2VzcyI6eyJyb2xlcyI6WyJkZWZhdWx0LXJvbGVzLXlhcyIsIm9mZmxpbmVfYWNjZXNzIiwiQ1VTVE9NRVIiLCJ1bWFfYXV0aG9yaXphdGlvbiJdfSwic2NvcGUiOiJlbWFpbCBwcm9maWxlIiwiZW1haWxfdmVyaWZpZWQiOmZhbHNlLCJwcmVmZXJyZWRfdXNlcm5hbWUiOiJ1c2VyIn0.fgTGRdL8SmYfv411A9jrQxF39pP5vZoJqxQpDJtxT_ObJultpBBwWtB-RNb1cCWFHQEbejGVp1-oQ1aaY0yPadiUj4qlly5wBQgCO8Liu7wRyBmOBYXjthS9ag0pl_b1Kzs9ULSKX14gNvApqhH3aTqOJ3d1zhm8ZocGHVC5ZzXigIy-JoYH7L800fTU8_fr18YDr6kgwiK1v5qUVuwKX7C3XEwFOF_C2KCngoFH67EXkCxQV4CqMpEqSyAVpiAlun3fk-BHktclwrnNOoZBbKtT-guVtesoT-I_vMQiCuLzXMBpvxxBYQykpIbctNw5BxtO7B9G32JdGW98fNaqVA"")",successes,/home/azureuser/yas/evomaster-config/generated-tests/blackbox/cart/customer/EvoMaster_cart_customer_successes.java,23,6,True,0,,0,0,,100.0,0,0,0,0,0,0,False,,/home/azureuser/yas/evomaster-config/runtime-logs/classes/cart/customer/EvoMaster_cart_customer_successes,/home/azureuser/yas/evomaster-config/runtime-logs/classes/cart/customer/EvoMaster_cart_customer_successes/compile.log,/home/azureuser/yas/evomaster-config/runtime-logs/classes/cart/customer/EvoMaster_cart_customer_successes/compile_stdout.log,/home/azureuser/yas/evomaster-config/runtime-logs/classes/cart/customer/EvoMaster_cart_customer_successes/compile_stderr.log,False,True,1,java.lang.AssertionError;test_failure,1,False,14.04,11.1,161.61,"Tests run: 1, Failures: 1, Errors: 0, Skipped: 0",/home/azureuser/yas/evomaster-config/runtime-logs/methods/cart/customer/EvoMaster_cart_customer_successes/test_0_getOnItemsReturns1Element,/home/azureuser/yas/evomaster-config/runtime-logs/methods/cart/customer/EvoMaster_cart_customer_successes/test_0_getOnItemsReturns1Element/run.log,/home/azureuser/yas/evomaster-config/runtime-logs/methods/cart/customer/EvoMaster_cart_customer_successes/test_0_getOnItemsReturns1Element/run_stdout.log,/home/azureuser/yas/evomaster-config/runtime-logs/methods/cart/customer/EvoMaster_cart_customer_successes/test_0_getOnItemsReturns1Element/run_stderr.log
cart,none,EvoMaster_cart_none_faults.java,EvoMaster_cart_none_faults,test_0_getOnItemsReturnsMismatchResponseWithSchema,False,1,403,/cart/storefront/cart/items,GET,403,.statusCode(403) .assertThat(),6,".get(baseUrlOfSut + ""/cart/storefront/cart/items"")",,,faults,/home/azureuser/yas/evomaster-config/generated-tests/blackbox/cart/none/EvoMaster_cart_none_faults.java,23,6,True,0,,0,0,,100.0,0,0,0,0,0,0,False,,/home/azureuser/yas/evomaster-config/runtime-logs/classes/cart/none/EvoMaster_cart_none_faults,/home/azureuser/yas/evomaster-config/runtime-logs/classes/cart/none/EvoMaster_cart_none_faults/compile.log,/home/azureuser/yas/evomaster-config/runtime-logs/classes/cart/none/EvoMaster_cart_none_faults/compile_stdout.log,/home/azureuser/yas/evomaster-config/runtime-logs/classes/cart/none/EvoMaster_cart_none_faults/compile_stderr.log,True,True,0,,0,False,14.05,11.36,156.91,Test passed (detected via Surefire XML),/home/azureuser/yas/evomaster-config/runtime-logs/methods/cart/none/EvoMaster_cart_none_faults/test_0_getOnItemsReturnsMismatchResponseWithSchema,/home/azureuser/yas/evomaster-config/runtime-logs/methods/cart/none/EvoMaster_cart_none_faults/test_0_getOnItemsReturnsMismatchResponseWithSchema/run.log,/home/azureuser/yas/evomaster-config/runtime-logs/methods/cart/none/EvoMaster_cart_none_faults/test_0_getOnItemsReturnsMismatchResponseWithSchema/run_stdout.log,/home/azureuser/yas/evomaster-config/runtime-logs/methods/cart/none/EvoMaster_cart_none_faults/test_0_getOnItemsReturnsMismatchResponseWithSchema/run_stderr.log
customer,admin_only,EvoMaster_customer_admin_only_faults.java,EvoMaster_customer_admin_only_faults,test_9_getOnProfileReturnsMismatchResponseWithSchema,False,1,401,/customer/storefront/customer/profile,GET,401,.statusCode(401) .assertThat(),2,".get(baseUrlOfSut + ""/customer/storefront/customer/profile"")",,,faults,/home/azureuser/yas/evomaster-config/generated-tests/blackbox/customer/admin_only/EvoMaster_customer_admin_only_faults.java,23,6,True,0,,0,0,,100.0,0,0,0,0,0,0,False,,/home/azureuser/yas/evomaster-config/runtime-logs/classes/customer/admin_only/EvoMaster_customer_admin_only_faults,/home/azureuser/yas/evomaster-config/runtime-logs/classes/customer/admin_only/EvoMaster_customer_admin_only_faults/compile.log,/home/azureuser/yas/evomaster-config/runtime-logs/classes/customer/admin_only/EvoMaster_customer_admin_only_faults/compile_stdout.log,/home/azureuser/yas/evomaster-config/runtime-logs/classes/customer/admin_only/EvoMaster_customer_admin_only_faults/compile_stderr.log,True,True,0,,0,False,13.04,11.2,159.47,Test passed (detected via Surefire XML),/home/azureuser/yas/evomaster-config/runtime-logs/methods/customer/admin_only/EvoMaster_customer_admin_only_faults/test_9_getOnProfileReturnsMismatchResponseWithSchema,/home/azureuser/yas/evomaster-config/runtime-logs/methods/customer/admin_only/EvoMaster_customer_admin_only_faults/test_9_getOnProfileReturnsMismatchResponseWithSchema/run.log,/home/azureuser/yas/evomaster-config/runtime-logs/methods/customer/admin_only/EvoMaster_customer_admin_only_faults/test_9_getOnProfileReturnsMismatchResponseWithSchema/run_stdout.log,/home/azureuser/yas/evomaster-config/runtime-logs/methods/customer/admin_only/EvoMaster_customer_admin_only_faults/test_9_getOnProfileReturnsMismatchResponseWithSchema/run_stderr.log
customer,admin_only,EvoMaster_customer_admin_only_faults.java,EvoMaster_customer_admin_only_faults,test_10_getOnProfileReturnsMismatchResponseWithSchema,False,1,403,/customer/storefront/customer/profile,GET,403,.statusCode(403) .assertThat(),2,".get(baseUrlOfSut + ""/customer/storefront/customer/profile"")",,".header(""Authorization"", ""Bearer eyJhbGciOiJSUzI1NiIsInR5cCIgOiAiSldUIiwia2lkIiA6ICJ5UnVxX2x3MGdHbXppekN6M183cmNYZXVWS24zaHpvQ21pVV9lT1B0Wm9vIn0.eyJleHAiOjE3Nzc1MjAzNDksImlhdCI6MTc3NzUxNjc0OSwianRpIjoiNDU1MzkwYjUtYTljZi00MDQzLThiODctZmUyZjE4MWYxNWZlIiwiaXNzIjoiaHR0cDovL2lkZW50aXR5L3JlYWxtcy9ZYXMiLCJzdWIiOiJmMjNmMjQ4Ni1lOWVmLTQ3NGMtYjdlZS1hYjkwNzNlNDliOTkiLCJ0eXAiOiJCZWFyZXIiLCJhenAiOiJiYWNrb2ZmaWNlLWJmZiIsInNpZCI6ImYzY2I0MmM4LTQzNGUtNDQ2MC1hZDQyLWZjZDI5ZDViZjJhNSIsInJlYWxtX2FjY2VzcyI6eyJyb2xlcyI6WyJBRE1JTiJdfSwic2NvcGUiOiJlbWFpbCBwcm9maWxlIiwiZW1haWxfdmVyaWZpZWQiOmZhbHNlLCJwcmVmZXJyZWRfdXNlcm5hbWUiOiJhZG1pbl9vbmx5In0.hURWrHrD7yrmVBjNManxk70QLYZMSiGrlwa4ygjROvsvwPdjhamyKyyNue2iV_RcmMbXqeBUZhjhbNLbt0MYGkdRFGVr_tJo7T_2fYypf1zL-v1AAv0Iyr4Nad9p8Lc-q9xAMh3-dpx9eZkYMmVtn-m7jz5Y5slwkrdbNlV-RbK8zmTzxuSNO91pAHDG9h9uaaOU_1J4uSrqJT8Jhp33e4sZFf7uAL3jkXa2ltKwA6z2fzMwt5zZVBYWluDhogno2RcaFovPr2oJQvLJA3-6nK0uJXzehPvCkLDYI4hGkcN39dvr5yHal8mfXXZBvLfyRA7umo40GUJIfQVX-Yhe7g"")",faults,/home/azureuser/yas/evomaster-config/generated-tests/blackbox/customer/admin_only/EvoMaster_customer_admin_only_faults.java,23,6,True,0,,0,0,,100.0,0,0,0,0,0,0,False,,/home/azureuser/yas/evomaster-config/runtime-logs/classes/customer/admin_only/EvoMaster_customer_admin_only_faults,/home/azureuser/yas/evomaster-config/runtime-logs/classes/customer/admin_only/EvoMaster_customer_admin_only_faults/compile.log,/home/azureuser/yas/evomaster-config/runtime-logs/classes/customer/admin_only/EvoMaster_customer_admin_only_faults/compile_stdout.log,/home/azureuser/yas/evomaster-config/runtime-logs/classes/customer/admin_only/EvoMaster_customer_admin_only_faults/compile_stderr.log,True,True,0,,0,False,13.55,11.28,170.24,Test passed (detected via Surefire XML),/home/azureuser/yas/evomaster-config/runtime-logs/methods/customer/admin_only/EvoMaster_customer_admin_only_faults/test_10_getOnProfileReturnsMismatchResponseWithSchema,/home/azureuser/yas/evomaster-config/runtime-logs/methods/customer/admin_only/EvoMaster_customer_admin_only_faults/test_10_getOnProfileReturnsMismatchResponseWithSchema/run.log,/home/azureuser/yas/evomaster-config/runtime-logs/methods/customer/admin_only/EvoMaster_customer_admin_only_faults/test_10_getOnProfileReturnsMismatchResponseWithSchema/run_stdout.log,/home/azureuser/yas/evomaster-config/runtime-logs/methods/customer/admin_only/EvoMaster_customer_admin_only_faults/test_10_getOnProfileReturnsMismatchResponseWithSchema/run_stderr.log
customer,customer,EvoMaster_customer_customer_faults.java,EvoMaster_customer_customer_faults,test_11_getOnProfileReturnsMismatchResponseWithSchema,False,1,401,/customer/storefront/customer/profile,GET,401,.statusCode(401) .assertThat(),2,".get(baseUrlOfSut + ""/customer/storefront/customer/profile"")",,,faults,/home/azureuser/yas/evomaster-config/generated-tests/blackbox/customer/customer/EvoMaster_customer_customer_faults.java,23,6,True,0,,0,0,,100.0,0,0,0,0,0,0,False,,/home/azureuser/yas/evomaster-config/runtime-logs/classes/customer/customer/EvoMaster_customer_customer_faults,/home/azureuser/yas/evomaster-config/runtime-logs/classes/customer/customer/EvoMaster_customer_customer_faults/compile.log,/home/azureuser/yas/evomaster-config/runtime-logs/classes/customer/customer/EvoMaster_customer_customer_faults/compile_stdout.log,/home/azureuser/yas/evomaster-config/runtime-logs/classes/customer/customer/EvoMaster_customer_customer_faults/compile_stderr.log,True,True,0,,0,False,12.54,11.22,161.74,Test passed (detected via Surefire XML),/home/azureuser/yas/evomaster-config/runtime-logs/methods/customer/customer/EvoMaster_customer_customer_faults/test_11_getOnProfileReturnsMismatchResponseWithSchema,/home/azureuser/yas/evomaster-config/runtime-logs/methods/customer/customer/EvoMaster_customer_customer_faults/test_11_getOnProfileReturnsMismatchResponseWithSchema/run.log,/home/azureuser/yas/evomaster-config/runtime-logs/methods/customer/customer/EvoMaster_customer_customer_faults/test_11_getOnProfileReturnsMismatchResponseWithSchema/run_stdout.log,/home/azureuser/yas/evomaster-config/runtime-logs/methods/customer/customer/EvoMaster_customer_customer_faults/test_11_getOnProfileReturnsMismatchResponseWithSchema/run_stderr.log
customer,customer,EvoMaster_customer_customer_successes.java,EvoMaster_customer_customer_successes,test_1_getOnProfileReturnsObject,False,1,200,/customer/storefront/customer/profile,GET,200,.statusCode(200) .assertThat(),6,".get(baseUrlOfSut + ""/customer/storefront/customer/profile"")",,".header(""Authorization"", ""Bearer eyJhbGciOiJSUzI1NiIsInR5cCIgOiAiSldUIiwia2lkIiA6ICJ5UnVxX2x3MGdHbXppekN6M183cmNYZXVWS24zaHpvQ21pVV9lT1B0Wm9vIn0.eyJleHAiOjE3Nzc1MjAzMjgsImlhdCI6MTc3NzUxNjcyOCwianRpIjoiMjI2N2M2OTUtMzZmNC00NzRmLTlkNGUtNGMzYTRmZTg5ODg5IiwiaXNzIjoiaHR0cDovL2lkZW50aXR5L3JlYWxtcy9ZYXMiLCJzdWIiOiIxNDhkMGZjNi1lYmZjLTQ0MjQtYjVmZC1hZjZjZGNlNTQxNDQiLCJ0eXAiOiJCZWFyZXIiLCJhenAiOiJiYWNrb2ZmaWNlLWJmZiIsInNpZCI6IjFlODY3ZGEwLTYxZjEtNGM1ZS1iNjU4LTgzMmQ5ZDg1NTg4MCIsInJlYWxtX2FjY2VzcyI6eyJyb2xlcyI6WyJkZWZhdWx0LXJvbGVzLXlhcyIsIm9mZmxpbmVfYWNjZXNzIiwiQ1VTVE9NRVIiLCJ1bWFfYXV0aG9yaXphdGlvbiJdfSwic2NvcGUiOiJlbWFpbCBwcm9maWxlIiwiZW1haWxfdmVyaWZpZWQiOmZhbHNlLCJwcmVmZXJyZWRfdXNlcm5hbWUiOiJ1c2VyIn0.fgTGRdL8SmYfv411A9jrQxF39pP5vZoJqxQpDJtxT_ObJultpBBwWtB-RNb1cCWFHQEbejGVp1-oQ1aaY0yPadiUj4qlly5wBQgCO8Liu7wRyBmOBYXjthS9ag0pl_b1Kzs9ULSKX14gNvApqhH3aTqOJ3d1zhm8ZocGHVC5ZzXigIy-JoYH7L800fTU8_fr18YDr6kgwiK1v5qUVuwKX7C3XEwFOF_C2KCngoFH67EXkCxQV4CqMpEqSyAVpiAlun3fk-BHktclwrnNOoZBbKtT-guVtesoT-I_vMQiCuLzXMBpvxxBYQykpIbctNw5BxtO7B9G32JdGW98fNaqVA"")",successes,/home/azureuser/yas/evomaster-config/generated-tests/blackbox/customer/customer/EvoMaster_customer_customer_successes.java,23,6,True,0,,0,0,,100.0,0,0,0,0,0,0,False,,/home/azureuser/yas/evomaster-config/runtime-logs/classes/customer/customer/EvoMaster_customer_customer_successes,/home/azureuser/yas/evomaster-config/runtime-logs/classes/customer/customer/EvoMaster_customer_customer_successes/compile.log,/home/azureuser/yas/evomaster-config/runtime-logs/classes/customer/customer/EvoMaster_customer_customer_successes/compile_stdout.log,/home/azureuser/yas/evomaster-config/runtime-logs/classes/customer/customer/EvoMaster_customer_customer_successes/compile_stderr.log,True,True,0,,0,False,16.05,11.33,163.18,Test passed (detected via Surefire XML),/home/azureuser/yas/evomaster-config/runtime-logs/methods/customer/customer/EvoMaster_customer_customer_successes/test_1_getOnProfileReturnsObject,/home/azureuser/yas/evomaster-config/runtime-logs/methods/customer/customer/EvoMaster_customer_customer_successes/test_1_getOnProfileReturnsObject/run.log,/home/azureuser/yas/evomaster-config/runtime-logs/methods/customer/customer/EvoMaster_customer_customer_successes/test_1_getOnProfileReturnsObject/run_stdout.log,/home/azureuser/yas/evomaster-config/runtime-logs/methods/customer/customer/EvoMaster_customer_customer_successes/test_1_getOnProfileReturnsObject/run_stderr.log
customer,none,EvoMaster_customer_none_faults.java,EvoMaster_customer_none_faults,test_6_getOnProfileReturnsMismatchResponseWithSchema,False,1,401,/customer/storefront/customer/profile,GET,401,.statusCode(401) .assertThat(),2,".get(baseUrlOfSut + ""/customer/storefront/customer/profile"")",,,faults,/home/azureuser/yas/evomaster-config/generated-tests/blackbox/customer/none/EvoMaster_customer_none_faults.java,23,6,True,0,,0,0,,100.0,0,0,0,0,0,0,False,,/home/azureuser/yas/evomaster-config/runtime-logs/classes/customer/none/EvoMaster_customer_none_faults,/home/azureuser/yas/evomaster-config/runtime-logs/classes/customer/none/EvoMaster_customer_none_faults/compile.log,/home/azureuser/yas/evomaster-config/runtime-logs/classes/customer/none/EvoMaster_customer_none_faults/compile_stdout.log,/home/azureuser/yas/evomaster-config/runtime-logs/classes/customer/none/EvoMaster_customer_none_faults/compile_stderr.log,True,True,0,,0,False,12.55,11.32,156.13,Test passed (detected via Surefire XML),/home/azureuser/yas/evomaster-config/runtime-logs/methods/customer/none/EvoMaster_customer_none_faults/test_6_getOnProfileReturnsMismatchResponseWithSchema,/home/azureuser/yas/evomaster-config/runtime-logs/methods/customer/none/EvoMaster_customer_none_faults/test_6_getOnProfileReturnsMismatchResponseWithSchema/run.log,/home/azureuser/yas/evomaster-config/runtime-logs/methods/customer/none/EvoMaster_customer_none_faults/test_6_getOnProfileReturnsMismatchResponseWithSchema/run_stdout.log,/home/azureuser/yas/evomaster-config/runtime-logs/methods/customer/none/EvoMaster_customer_none_faults/test_6_getOnProfileReturnsMismatchResponseWithSchema/run_stderr.log
inventory,admin_only,EvoMaster_inventory_admin_only_faults.java,EvoMaster_inventory_admin_only_faults,test_17_deleteOnWarehousReturnsMismatchResponseWithSchema,False,1,403,/inventory/backoffice/warehouses/{id},DELETE,403,.statusCode(403) .assertThat(),5,".delete(baseUrlOfSut + ""/inventory/backoffice/warehouses/425"")",,,faults,/home/azureuser/yas/evomaster-config/generated-tests/blackbox/inventory/admin_only/EvoMaster_inventory_admin_only_faults.java,23,6,True,0,,0,0,,100.0,0,0,0,0,0,0,False,,/home/azureuser/yas/evomaster-config/runtime-logs/classes/inventory/admin_only/EvoMaster_inventory_admin_only_faults,/home/azureuser/yas/evomaster-config/runtime-logs/classes/inventory/admin_only/EvoMaster_inventory_admin_only_faults/compile.log,/home/azureuser/yas/evomaster-config/runtime-logs/classes/inventory/admin_only/EvoMaster_inventory_admin_only_faults/compile_stdout.log,/home/azureuser/yas/evomaster-config/runtime-logs/classes/inventory/admin_only/EvoMaster_inventory_admin_only_faults/compile_stderr.log,True,True,0,,0,False,15.55,11.6,157.52,Test passed (detected via Surefire XML),/home/azureuser/yas/evomaster-config/runtime-logs/methods/inventory/admin_only/EvoMaster_inventory_admin_only_faults/test_17_deleteOnWarehousReturnsMismatchResponseWithSchema,/home/azureuser/yas/evomaster-config/runtime-logs/methods/inventory/admin_only/EvoMaster_inventory_admin_only_faults/test_17_deleteOnWarehousReturnsMismatchResponseWithSchema/run.log,/home/azureuser/yas/evomaster-config/runtime-logs/methods/inventory/admin_only/EvoMaster_inventory_admin_only_faults/test_17_deleteOnWarehousReturnsMismatchResponseWithSchema/run_stdout.log,/home/azureuser/yas/evomaster-config/runtime-logs/methods/inventory/admin_only/EvoMaster_inventory_admin_only_faults/test_17_deleteOnWarehousReturnsMismatchResponseWithSchema/run_stderr.log
inventory,admin_only,EvoMaster_inventory_admin_only_others.java,EvoMaster_inventory_admin_only_others,test_3_deleteOnWarehousReturns404,False,1,404,/inventory/backoffice/warehouses/{id},DELETE,404,.statusCode(404) .assertThat(),6,".delete(baseUrlOfSut + ""/inventory/backoffice/warehouses/1031778382"")",,".header(""Authorization"", ""Bearer eyJhbGciOiJSUzI1NiIsInR5cCIgOiAiSldUIiwia2lkIiA6ICJ5UnVxX2x3MGdHbXppekN6M183cmNYZXVWS24zaHpvQ21pVV9lT1B0Wm9vIn0.eyJleHAiOjE3Nzc1MjAzNDksImlhdCI6MTc3NzUxNjc0OSwianRpIjoiNDU1MzkwYjUtYTljZi00MDQzLThiODctZmUyZjE4MWYxNWZlIiwiaXNzIjoiaHR0cDovL2lkZW50aXR5L3JlYWxtcy9ZYXMiLCJzdWIiOiJmMjNmMjQ4Ni1lOWVmLTQ3NGMtYjdlZS1hYjkwNzNlNDliOTkiLCJ0eXAiOiJCZWFyZXIiLCJhenAiOiJiYWNrb2ZmaWNlLWJmZiIsInNpZCI6ImYzY2I0MmM4LTQzNGUtNDQ2MC1hZDQyLWZjZDI5ZDViZjJhNSIsInJlYWxtX2FjY2VzcyI6eyJyb2xlcyI6WyJBRE1JTiJdfSwic2NvcGUiOiJlbWFpbCBwcm9maWxlIiwiZW1haWxfdmVyaWZpZWQiOmZhbHNlLCJwcmVmZXJyZWRfdXNlcm5hbWUiOiJhZG1pbl9vbmx5In0.hURWrHrD7yrmVBjNManxk70QLYZMSiGrlwa4ygjROvsvwPdjhamyKyyNue2iV_RcmMbXqeBUZhjhbNLbt0MYGkdRFGVr_tJo7T_2fYypf1zL-v1AAv0Iyr4Nad9p8Lc-q9xAMh3-dpx9eZkYMmVtn-m7jz5Y5slwkrdbNlV-RbK8zmTzxuSNO91pAHDG9h9uaaOU_1J4uSrqJT8Jhp33e4sZFf7uAL3jkXa2ltKwA6z2fzMwt5zZVBYWluDhogno2RcaFovPr2oJQvLJA3-6nK0uJXzehPvCkLDYI4hGkcN39dvr5yHal8mfXXZBvLfyRA7umo40GUJIfQVX-Yhe7g"")",others,/home/azureuser/yas/evomaster-config/generated-tests/blackbox/inventory/admin_only/EvoMaster_inventory_admin_only_others.java,23,6,True,0,,0,0,,100.0,0,0,0,0,0,0,False,,/home/azureuser/yas/evomaster-config/runtime-logs/classes/inventory/admin_only/EvoMaster_inventory_admin_only_others,/home/azureuser/yas/evomaster-config/runtime-logs/classes/inventory/admin_only/EvoMaster_inventory_admin_only_others/compile.log,/home/azureuser/yas/evomaster-config/runtime-logs/classes/inventory/admin_only/EvoMaster_inventory_admin_only_others/compile_stdout.log,/home/azureuser/yas/evomaster-config/runtime-logs/classes/inventory/admin_only/EvoMaster_inventory_admin_only_others/compile_stderr.log,True,True,0,,0,False,17.08,11.29,155.74,Test passed (detected via Surefire XML),/home/azureuser/yas/evomaster-config/runtime-logs/methods/inventory/admin_only/EvoMaster_inventory_admin_only_others/test_3_deleteOnWarehousReturns404,/home/azureuser/yas/evomaster-config/runtime-logs/methods/inventory/admin_only/EvoMaster_inventory_admin_only_others/test_3_deleteOnWarehousReturns404/run.log,/home/azureuser/yas/evomaster-config/runtime-logs/methods/inventory/admin_only/EvoMaster_inventory_admin_only_others/test_3_deleteOnWarehousReturns404/run_stdout.log,/home/azureuser/yas/evomaster-config/runtime-logs/methods/inventory/admin_only/EvoMaster_inventory_admin_only_others/test_3_deleteOnWarehousReturns404/run_stderr.log
inventory,customer,EvoMaster_inventory_customer_faults.java,EvoMaster_inventory_customer_faults,test_19_deleteOnWarehousReturnsMismatchResponseWithSchema,False,1,403,/inventory/backoffice/warehouses/{id},DELETE,403,.statusCode(403) .assertThat(),2,".delete(baseUrlOfSut + ""/inventory/backoffice/warehouses/2141686294"")",,".header(""Authorization"", ""Bearer eyJhbGciOiJSUzI1NiIsInR5cCIgOiAiSldUIiwia2lkIiA6ICJ5UnVxX2x3MGdHbXppekN6M183cmNYZXVWS24zaHpvQ21pVV9lT1B0Wm9vIn0.eyJleHAiOjE3Nzc1MjAzMjgsImlhdCI6MTc3NzUxNjcyOCwianRpIjoiMjI2N2M2OTUtMzZmNC00NzRmLTlkNGUtNGMzYTRmZTg5ODg5IiwiaXNzIjoiaHR0cDovL2lkZW50aXR5L3JlYWxtcy9ZYXMiLCJzdWIiOiIxNDhkMGZjNi1lYmZjLTQ0MjQtYjVmZC1hZjZjZGNlNTQxNDQiLCJ0eXAiOiJCZWFyZXIiLCJhenAiOiJiYWNrb2ZmaWNlLWJmZiIsInNpZCI6IjFlODY3ZGEwLTYxZjEtNGM1ZS1iNjU4LTgzMmQ5ZDg1NTg4MCIsInJlYWxtX2FjY2VzcyI6eyJyb2xlcyI6WyJkZWZhdWx0LXJvbGVzLXlhcyIsIm9mZmxpbmVfYWNjZXNzIiwiQ1VTVE9NRVIiLCJ1bWFfYXV0aG9yaXphdGlvbiJdfSwic2NvcGUiOiJlbWFpbCBwcm9maWxlIiwiZW1haWxfdmVyaWZpZWQiOmZhbHNlLCJwcmVmZXJyZWRfdXNlcm5hbWUiOiJ1c2VyIn0.fgTGRdL8SmYfv411A9jrQxF39pP5vZoJqxQpDJtxT_ObJultpBBwWtB-RNb1cCWFHQEbejGVp1-oQ1aaY0yPadiUj4qlly5wBQgCO8Liu7wRyBmOBYXjthS9ag0pl_b1Kzs9ULSKX14gNvApqhH3aTqOJ3d1zhm8ZocGHVC5ZzXigIy-JoYH7L800fTU8_fr18YDr6kgwiK1v5qUVuwKX7C3XEwFOF_C2KCngoFH67EXkCxQV4CqMpEqSyAVpiAlun3fk-BHktclwrnNOoZBbKtT-guVtesoT-I_vMQiCuLzXMBpvxxBYQykpIbctNw5BxtO7B9G32JdGW98fNaqVA"")",faults,/home/azureuser/yas/evomaster-config/generated-tests/blackbox/inventory/customer/EvoMaster_inventory_customer_faults.java,23,6,True,0,,0,0,,100.0,0,0,0,0,0,0,False,,/home/azureuser/yas/evomaster-config/runtime-logs/classes/inventory/customer/EvoMaster_inventory_customer_faults,/home/azureuser/yas/evomaster-config/runtime-logs/classes/inventory/customer/EvoMaster_inventory_customer_faults/compile.log,/home/azureuser/yas/evomaster-config/runtime-logs/classes/inventory/customer/EvoMaster_inventory_customer_faults/compile_stdout.log,/home/azureuser/yas/evomaster-config/runtime-logs/classes/inventory/customer/EvoMaster_inventory_customer_faults/compile_stderr.log,True,True,0,,0,False,13.05,11.33,161.55,Test passed (detected via Surefire XML),/home/azureuser/yas/evomaster-config/runtime-logs/methods/inventory/customer/EvoMaster_inventory_customer_faults/test_19_deleteOnWarehousReturnsMismatchResponseWithSchema,/home/azureuser/yas/evomaster-config/runtime-logs/methods/inventory/customer/EvoMaster_inventory_customer_faults/test_19_deleteOnWarehousReturnsMismatchResponseWithSchema/run.log,/home/azureuser/yas/evomaster-config/runtime-logs/methods/inventory/customer/EvoMaster_inventory_customer_faults/test_19_deleteOnWarehousReturnsMismatchResponseWithSchema/run_stdout.log,/home/azureuser/yas/evomaster-config/runtime-logs/methods/inventory/customer/EvoMaster_inventory_customer_faults/test_19_deleteOnWarehousReturnsMismatchResponseWithSchema/run_stderr.log
inventory,customer,EvoMaster_inventory_customer_faults.java,EvoMaster_inventory_customer_faults,test_20_deleteOnWarehousReturnsMismatchResponseWithSchema,False,1,403,/inventory/backoffice/warehouses/{id},DELETE,403,.statusCode(403) .assertThat(),5,".delete(baseUrlOfSut + ""/inventory/backoffice/warehouses/-529080046"")",,,faults,/home/azureuser/yas/evomaster-config/generated-tests/blackbox/inventory/customer/EvoMaster_inventory_customer_faults.java,23,6,True,0,,0,0,,100.0,0,0,0,0,0,0,False,,/home/azureuser/yas/evomaster-config/runtime-logs/classes/inventory/customer/EvoMaster_inventory_customer_faults,/home/azureuser/yas/evomaster-config/runtime-logs/classes/inventory/customer/EvoMaster_inventory_customer_faults/compile.log,/home/azureuser/yas/evomaster-config/runtime-logs/classes/inventory/customer/EvoMaster_inventory_customer_faults/compile_stdout.log,/home/azureuser/yas/evomaster-config/runtime-logs/classes/inventory/customer/EvoMaster_inventory_customer_faults/compile_stderr.log,True,True,0,,0,False,14.55,11.5,158.55,Test passed (detected via Surefire XML),/home/azureuser/yas/evomaster-config/runtime-logs/methods/inventory/customer/EvoMaster_inventory_customer_faults/test_20_deleteOnWarehousReturnsMismatchResponseWithSchema,/home/azureuser/yas/evomaster-config/runtime-logs/methods/inventory/customer/EvoMaster_inventory_customer_faults/test_20_deleteOnWarehousReturnsMismatchResponseWithSchema/run.log,/home/azureuser/yas/evomaster-config/runtime-logs/methods/inventory/customer/EvoMaster_inventory_customer_faults/test_20_deleteOnWarehousReturnsMismatchResponseWithSchema/run_stdout.log,/home/azureuser/yas/evomaster-config/runtime-logs/methods/inventory/customer/EvoMaster_inventory_customer_faults/test_20_deleteOnWarehousReturnsMismatchResponseWithSchema/run_stderr.log
inventory,none,EvoMaster_inventory_none_faults.java,EvoMaster_inventory_none_faults,test_10_deleteOnWarehousReturnsMismatchResponseWithSchema,False,1,403,/inventory/backoffice/warehouses/{id},DELETE,403,.statusCode(403) .assertThat(),5,".delete(baseUrlOfSut + ""/inventory/backoffice/warehouses/383"")",,,faults,/home/azureuser/yas/evomaster-config/generated-tests/blackbox/inventory/none/EvoMaster_inventory_none_faults.java,23,6,True,0,,0,0,,100.0,0,0,0,0,0,0,False,,/home/azureuser/yas/evomaster-config/runtime-logs/classes/inventory/none/EvoMaster_inventory_none_faults,/home/azureuser/yas/evomaster-config/runtime-logs/classes/inventory/none/EvoMaster_inventory_none_faults/compile.log,/home/azureuser/yas/evomaster-config/runtime-logs/classes/inventory/none/EvoMaster_inventory_none_faults/compile_stdout.log,/home/azureuser/yas/evomaster-config/runtime-logs/classes/inventory/none/EvoMaster_inventory_none_faults/compile_stderr.log,True,True,0,,0,False,14.05,11.18,154.92,Test passed (detected via Surefire XML),/home/azureuser/yas/evomaster-config/runtime-logs/methods/inventory/none/EvoMaster_inventory_none_faults/test_10_deleteOnWarehousReturnsMismatchResponseWithSchema,/home/azureuser/yas/evomaster-config/runtime-logs/methods/inventory/none/EvoMaster_inventory_none_faults/test_10_deleteOnWarehousReturnsMismatchResponseWithSchema/run.log,/home/azureuser/yas/evomaster-config/runtime-logs/methods/inventory/none/EvoMaster_inventory_none_faults/test_10_deleteOnWarehousReturnsMismatchResponseWithSchema/run_stdout.log,/home/azureuser/yas/evomaster-config/runtime-logs/methods/inventory/none/EvoMaster_inventory_none_faults/test_10_deleteOnWarehousReturnsMismatchResponseWithSchema/run_stderr.log
location,admin_only,EvoMaster_location_admin_only_faults.java,EvoMaster_location_admin_only_faults,test_17_putOnState_or_provincReturnsMismatchResponseWithSchema,False,1,403,/location/backoffice/state-or-provinces/{id},PUT,403,.statusCode(403) .assertThat(),5,".put(baseUrlOfSut + ""/location/backoffice/state-or-provinces/6707079192966285937"")",".body("" { "" + 
                    "" \""type\"" : \""\"" "" + 
                    "" } "")",,faults,/home/azureuser/yas/evomaster-config/generated-tests/blackbox/location/admin_only/EvoMaster_location_admin_only_faults.java,23,6,True,0,,0,0,,100.0,0,0,0,0,0,0,False,,/home/azureuser/yas/evomaster-config/runtime-logs/classes/location/admin_only/EvoMaster_location_admin_only_faults,/home/azureuser/yas/evomaster-config/runtime-logs/classes/location/admin_only/EvoMaster_location_admin_only_faults/compile.log,/home/azureuser/yas/evomaster-config/runtime-logs/classes/location/admin_only/EvoMaster_location_admin_only_faults/compile_stdout.log,/home/azureuser/yas/evomaster-config/runtime-logs/classes/location/admin_only/EvoMaster_location_admin_only_faults/compile_stderr.log,True,True,0,,0,False,15.58,11.65,153.66,Test passed (detected via Surefire XML),/home/azureuser/yas/evomaster-config/runtime-logs/methods/location/admin_only/EvoMaster_location_admin_only_faults/test_17_putOnState_or_provincReturnsMismatchResponseWithSchema,/home/azureuser/yas/evomaster-config/runtime-logs/methods/location/admin_only/EvoMaster_location_admin_only_faults/test_17_putOnState_or_provincReturnsMismatchResponseWithSchema/run.log,/home/azureuser/yas/evomaster-config/runtime-logs/methods/location/admin_only/EvoMaster_location_admin_only_faults/test_17_putOnState_or_provincReturnsMismatchResponseWithSchema/run_stdout.log,/home/azureuser/yas/evomaster-config/runtime-logs/methods/location/admin_only/EvoMaster_location_admin_only_faults/test_17_putOnState_or_provincReturnsMismatchResponseWithSchema/run_stderr.log
location,admin_only,EvoMaster_location_admin_only_successes.java,EvoMaster_location_admin_only_successes,test_16_putOnState_or_provincReturns204,True,1,204,/location/backoffice/state-or-provinces/{id},PUT,204;400,.statusCode(204) .assertThat() | .statusCode(400) .assertThat(),9,".put(baseUrlOfSut + ""/location/backoffice/state-or-provinces/21"") | .delete(baseUrlOfSut + ""/location/backoffice/state-or-provinces/21"")",".body("" { "" + 
                    "" \""name\"" : \""CzChXryIi\"", "" + 
                    "" \""countryId\"" : 88 "" + 
                    "" } "")",".header(""Authorization"", ""Bearer eyJhbGciOiJSUzI1NiIsInR5cCIgOiAiSldUIiwia2lkIiA6ICJ5UnVxX2x3MGdHbXppekN6M183cmNYZXVWS24zaHpvQ21pVV9lT1B0Wm9vIn0.eyJleHAiOjE3Nzc1MjAzNDksImlhdCI6MTc3NzUxNjc0OSwianRpIjoiNDU1MzkwYjUtYTljZi00MDQzLThiODctZmUyZjE4MWYxNWZlIiwiaXNzIjoiaHR0cDovL2lkZW50aXR5L3JlYWxtcy9ZYXMiLCJzdWIiOiJmMjNmMjQ4Ni1lOWVmLTQ3NGMtYjdlZS1hYjkwNzNlNDliOTkiLCJ0eXAiOiJCZWFyZXIiLCJhenAiOiJiYWNrb2ZmaWNlLWJmZiIsInNpZCI6ImYzY2I0MmM4LTQzNGUtNDQ2MC1hZDQyLWZjZDI5ZDViZjJhNSIsInJlYWxtX2FjY2VzcyI6eyJyb2xlcyI6WyJBRE1JTiJdfSwic2NvcGUiOiJlbWFpbCBwcm9maWxlIiwiZW1haWxfdmVyaWZpZWQiOmZhbHNlLCJwcmVmZXJyZWRfdXNlcm5hbWUiOiJhZG1pbl9vbmx5In0.hURWrHrD7yrmVBjNManxk70QLYZMSiGrlwa4ygjROvsvwPdjhamyKyyNue2iV_RcmMbXqeBUZhjhbNLbt0MYGkdRFGVr_tJo7T_2fYypf1zL-v1AAv0Iyr4Nad9p8Lc-q9xAMh3-dpx9eZkYMmVtn-m7jz5Y5slwkrdbNlV-RbK8zmTzxuSNO91pAHDG9h9uaaOU_1J4uSrqJT8Jhp33e4sZFf7uAL3jkXa2ltKwA6z2fzMwt5zZVBYWluDhogno2RcaFovPr2oJQvLJA3-6nK0uJXzehPvCkLDYI4hGkcN39dvr5yHal8mfXXZBvLfyRA7umo40GUJIfQVX-Yhe7g"") | .header(""Authorization"", ""Bearer eyJhbGciOiJSUzI1NiIsInR5cCIgOiAiSldUIiwia2lkIiA6ICJ5UnVxX2x3MGdHbXppekN6M183cmNYZXVWS24zaHpvQ21pVV9lT1B0Wm9vIn0.eyJleHAiOjE3Nzc1MjAzNDksImlhdCI6MTc3NzUxNjc0OSwianRpIjoiNDU1MzkwYjUtYTljZi00MDQzLThiODctZmUyZjE4MWYxNWZlIiwiaXNzIjoiaHR0cDovL2lkZW50aXR5L3JlYWxtcy9ZYXMiLCJzdWIiOiJmMjNmMjQ4Ni1lOWVmLTQ3NGMtYjdlZS1hYjkwNzNlNDliOTkiLCJ0eXAiOiJCZWFyZXIiLCJhenAiOiJiYWNrb2ZmaWNlLWJmZiIsInNpZCI6ImYzY2I0MmM4LTQzNGUtNDQ2MC1hZDQyLWZjZDI5ZDViZjJhNSIsInJlYWxtX2FjY2VzcyI6eyJyb2xlcyI6WyJBRE1JTiJdfSwic2NvcGUiOiJlbWFpbCBwcm9maWxlIiwiZW1haWxfdmVyaWZpZWQiOmZhbHNlLCJwcmVmZXJyZWRfdXNlcm5hbWUiOiJhZG1pbl9vbmx5In0.hURWrHrD7yrmVBjNManxk70QLYZMSiGrlwa4ygjROvsvwPdjhamyKyyNue2iV_RcmMbXqeBUZhjhbNLbt0MYGkdRFGVr_tJo7T_2fYypf1zL-v1AAv0Iyr4Nad9p8Lc-q9xAMh3-dpx9eZkYMmVtn-m7jz5Y5slwkrdbNlV-RbK8zmTzxuSNO91pAHDG9h9uaaOU_1J4uSrqJT8Jhp33e4sZFf7uAL3jkXa2ltKwA6z2fzMwt5zZVBYWluDhogno2RcaFovPr2oJQvLJA3-6nK0uJXzehPvCkLDYI4hGkcN39dvr5yHal8mfXXZBvLfyRA7umo40GUJIfQVX-Yhe7g"")",successes,/home/azureuser/yas/evomaster-config/generated-tests/blackbox/location/admin_only/EvoMaster_location_admin_only_successes.java,23,6,True,0,,0,0,,100.0,0,0,0,0,0,0,False,,/home/azureuser/yas/evomaster-config/runtime-logs/classes/location/admin_only/EvoMaster_location_admin_only_successes,/home/azureuser/yas/evomaster-config/runtime-logs/classes/location/admin_only/EvoMaster_location_admin_only_successes/compile.log,/home/azureuser/yas/evomaster-config/runtime-logs/classes/location/admin_only/EvoMaster_location_admin_only_successes/compile_stdout.log,/home/azureuser/yas/evomaster-config/runtime-logs/classes/location/admin_only/EvoMaster_location_admin_only_successes/compile_stderr.log,True,True,0,,0,False,18.16,11.51,155.38,Test passed (detected via Surefire XML),/home/azureuser/yas/evomaster-config/runtime-logs/methods/location/admin_only/EvoMaster_location_admin_only_successes/test_16_putOnState_or_provincReturns204,/home/azureuser/yas/evomaster-config/runtime-logs/methods/location/admin_only/EvoMaster_location_admin_only_successes/test_16_putOnState_or_provincReturns204/run.log,/home/azureuser/yas/evomaster-config/runtime-logs/methods/location/admin_only/EvoMaster_location_admin_only_successes/test_16_putOnState_or_provincReturns204/run_stdout.log,/home/azureuser/yas/evomaster-config/runtime-logs/methods/location/admin_only/EvoMaster_location_admin_only_successes/test_16_putOnState_or_provincReturns204/run_stderr.log
location,customer,EvoMaster_location_customer_faults.java,EvoMaster_location_customer_faults,test_24_putOnState_or_provincReturnsMismatchResponseWithSchema,False,1,403,/location/backoffice/state-or-provinces/{id},PUT,403,.statusCode(403) .assertThat(),2,".put(baseUrlOfSut + ""/location/backoffice/state-or-provinces/-6691496060996220706"")",".body("" { "" + 
                    "" \""type\"" : \""jWh2zL\"", "" + 
                    "" \""countryId\"" : 923 "" + 
                    "" } "")",".header(""Authorization"", ""Bearer eyJhbGciOiJSUzI1NiIsInR5cCIgOiAiSldUIiwia2lkIiA6ICJ5UnVxX2x3MGdHbXppekN6M183cmNYZXVWS24zaHpvQ21pVV9lT1B0Wm9vIn0.eyJleHAiOjE3Nzc1MjAzMjgsImlhdCI6MTc3NzUxNjcyOCwianRpIjoiMjI2N2M2OTUtMzZmNC00NzRmLTlkNGUtNGMzYTRmZTg5ODg5IiwiaXNzIjoiaHR0cDovL2lkZW50aXR5L3JlYWxtcy9ZYXMiLCJzdWIiOiIxNDhkMGZjNi1lYmZjLTQ0MjQtYjVmZC1hZjZjZGNlNTQxNDQiLCJ0eXAiOiJCZWFyZXIiLCJhenAiOiJiYWNrb2ZmaWNlLWJmZiIsInNpZCI6IjFlODY3ZGEwLTYxZjEtNGM1ZS1iNjU4LTgzMmQ5ZDg1NTg4MCIsInJlYWxtX2FjY2VzcyI6eyJyb2xlcyI6WyJkZWZhdWx0LXJvbGVzLXlhcyIsIm9mZmxpbmVfYWNjZXNzIiwiQ1VTVE9NRVIiLCJ1bWFfYXV0aG9yaXphdGlvbiJdfSwic2NvcGUiOiJlbWFpbCBwcm9maWxlIiwiZW1haWxfdmVyaWZpZWQiOmZhbHNlLCJwcmVmZXJyZWRfdXNlcm5hbWUiOiJ1c2VyIn0.fgTGRdL8SmYfv411A9jrQxF39pP5vZoJqxQpDJtxT_ObJultpBBwWtB-RNb1cCWFHQEbejGVp1-oQ1aaY0yPadiUj4qlly5wBQgCO8Liu7wRyBmOBYXjthS9ag0pl_b1Kzs9ULSKX14gNvApqhH3aTqOJ3d1zhm8ZocGHVC5ZzXigIy-JoYH7L800fTU8_fr18YDr6kgwiK1v5qUVuwKX7C3XEwFOF_C2KCngoFH67EXkCxQV4CqMpEqSyAVpiAlun3fk-BHktclwrnNOoZBbKtT-guVtesoT-I_vMQiCuLzXMBpvxxBYQykpIbctNw5BxtO7B9G32JdGW98fNaqVA"")",faults,/home/azureuser/yas/evomaster-config/generated-tests/blackbox/location/customer/EvoMaster_location_customer_faults.java,23,6,True,0,,0,0,,100.0,0,0,0,0,0,0,False,,/home/azureuser/yas/evomaster-config/runtime-logs/classes/location/customer/EvoMaster_location_customer_faults,/home/azureuser/yas/evomaster-config/runtime-logs/classes/location/customer/EvoMaster_location_customer_faults/compile.log,/home/azureuser/yas/evomaster-config/runtime-logs/classes/location/customer/EvoMaster_location_customer_faults/compile_stdout.log,/home/azureuser/yas/evomaster-config/runtime-logs/classes/location/customer/EvoMaster_location_customer_faults/compile_stderr.log,True,True,0,,0,False,13.04,11.42,152.09,Test passed (detected via Surefire XML),/home/azureuser/yas/evomaster-config/runtime-logs/methods/location/customer/EvoMaster_location_customer_faults/test_24_putOnState_or_provincReturnsMismatchResponseWithSchema,/home/azureuser/yas/evomaster-config/runtime-logs/methods/location/customer/EvoMaster_location_customer_faults/test_24_putOnState_or_provincReturnsMismatchResponseWithSchema/run.log,/home/azureuser/yas/evomaster-config/runtime-logs/methods/location/customer/EvoMaster_location_customer_faults/test_24_putOnState_or_provincReturnsMismatchResponseWithSchema/run_stdout.log,/home/azureuser/yas/evomaster-config/runtime-logs/methods/location/customer/EvoMaster_location_customer_faults/test_24_putOnState_or_provincReturnsMismatchResponseWithSchema/run_stderr.log
location,customer,EvoMaster_location_customer_faults.java,EvoMaster_location_customer_faults,test_27_putOnState_or_provincReturnsMismatchResponseWithSchema,False,1,403,/location/backoffice/state-or-provinces/{id},PUT,403,.statusCode(403) .assertThat(),5,".put(baseUrlOfSut + ""/location/backoffice/state-or-provinces/248"")",".body("" { "" + 
                    "" \""name\"" : \""rFo\"", "" + 
                    "" \""type\"" : \""zBkCcuDznwrbIR\"" "" + 
                    "" } "")",,faults,/home/azureuser/yas/evomaster-config/generated-tests/blackbox/location/customer/EvoMaster_location_customer_faults.java,23,6,True,0,,0,0,,100.0,0,0,0,0,0,0,False,,/home/azureuser/yas/evomaster-config/runtime-logs/classes/location/customer/EvoMaster_location_customer_faults,/home/azureuser/yas/evomaster-config/runtime-logs/classes/location/customer/EvoMaster_location_customer_faults/compile.log,/home/azureuser/yas/evomaster-config/runtime-logs/classes/location/customer/EvoMaster_location_customer_faults/compile_stdout.log,/home/azureuser/yas/evomaster-config/runtime-logs/classes/location/customer/EvoMaster_location_customer_faults/compile_stderr.log,True,True,0,,0,False,14.54,11.48,155.25,Test passed (detected via Surefire XML),/home/azureuser/yas/evomaster-config/runtime-logs/methods/location/customer/EvoMaster_location_customer_faults/test_27_putOnState_or_provincReturnsMismatchResponseWithSchema,/home/azureuser/yas/evomaster-config/runtime-logs/methods/location/customer/EvoMaster_location_customer_faults/test_27_putOnState_or_provincReturnsMismatchResponseWithSchema/run.log,/home/azureuser/yas/evomaster-config/runtime-logs/methods/location/customer/EvoMaster_location_customer_faults/test_27_putOnState_or_provincReturnsMismatchResponseWithSchema/run_stdout.log,/home/azureuser/yas/evomaster-config/runtime-logs/methods/location/customer/EvoMaster_location_customer_faults/test_27_putOnState_or_provincReturnsMismatchResponseWithSchema/run_stderr.log
location,none,EvoMaster_location_none_faults.java,EvoMaster_location_none_faults,test_13_putOnState_or_provincReturnsMismatchResponseWithSchema,False,1,403,/location/backoffice/state-or-provinces/{id},PUT,403,.statusCode(403) .assertThat(),5,".put(baseUrlOfSut + ""/location/backoffice/state-or-provinces/655"")",".body("" { "" + 
                    "" \""code\"" : \""1ouiesl4RSoO9o\"", "" + 
                    "" \""type\"" : \""UWicr5t6EdmOhB\"", "" + 
                    "" \""countryId\"" : 296 "" + 
                    "" } "")",,faults,/home/azureuser/yas/evomaster-config/generated-tests/blackbox/location/none/EvoMaster_location_none_faults.java,23,6,True,0,,0,0,,100.0,0,0,0,0,0,0,False,,/home/azureuser/yas/evomaster-config/runtime-logs/classes/location/none/EvoMaster_location_none_faults,/home/azureuser/yas/evomaster-config/runtime-logs/classes/location/none/EvoMaster_location_none_faults/compile.log,/home/azureuser/yas/evomaster-config/runtime-logs/classes/location/none/EvoMaster_location_none_faults/compile_stdout.log,/home/azureuser/yas/evomaster-config/runtime-logs/classes/location/none/EvoMaster_location_none_faults/compile_stderr.log,True,True,0,,0,False,15.05,11.66,153.87,Test passed (detected via Surefire XML),/home/azureuser/yas/evomaster-config/runtime-logs/methods/location/none/EvoMaster_location_none_faults/test_13_putOnState_or_provincReturnsMismatchResponseWithSchema,/home/azureuser/yas/evomaster-config/runtime-logs/methods/location/none/EvoMaster_location_none_faults/test_13_putOnState_or_provincReturnsMismatchResponseWithSchema/run.log,/home/azureuser/yas/evomaster-config/runtime-logs/methods/location/none/EvoMaster_location_none_faults/test_13_putOnState_or_provincReturnsMismatchResponseWithSchema/run_stdout.log,/home/azureuser/yas/evomaster-config/runtime-logs/methods/location/none/EvoMaster_location_none_faults/test_13_putOnState_or_provincReturnsMismatchResponseWithSchema/run_stderr.log
product,admin_only,EvoMaster_product_admin_only_faults.java,EvoMaster_product_admin_only_faults,test_2_postOnProductsShowsFaults_100_101,False,1,500,/product/backoffice/products,POST,500,.statusCode(500) .assertThat(),6,".post(baseUrlOfSut + ""/product/backoffice/products"")",".body("" { "" + 
                    "" \""name\"" : \""HL_Pofq2jLCV1Od\"", "" + 
                    "" \""slug\"" : \""q4NgMepfR00\"", "" + 
                    "" \""shortDescription\"" : \""puCoKu5cMVl\"", "" + 
                    "" \""specification\"" : \""OJNlwrfBmE\"", "" + 
                    "" \""sku\"" : \""\"", "" + 
                    "" \""weight\"" : 3.2848625891206914E8, "" + 
                    "" \""dimensionUnit\"" : \""CM\"", "" + 
                    "" \""width\"" : 2.438932945001461E8, "" + 
                    "" \""height\"" : 6.546697684821316E8, "" + 
                    "" \""price\"" : 8.222325460876026E8, "" + 
                    "" \""isAllowedToOrder\"" : true, "" + 
                    "" \""isPublished\"" : false, "" + 
                    "" \""isFeatured\"" : true, "" + 
                    "" \""stockTrackingEnabled\"" : true, "" + 
                    "" \""thumbnailMediaId\"" : 540, "" + 
                    "" \""variations\"" : [ { "" + 
                    "" \""gtin\"" : \""1ZKc\"", "" + 
                    "" \""productImageIds\"" : [ 699, 601, 676 ] "" + 
                    "" }, { "" + 
                    "" \""sku\"" : \""qj\"", "" + 
                    "" \""productImageIds\"" : [ ], "" + 
                    "" \""optionValuesByOptionId\"" : { "" + 
                    "" \""anplA0IbNgj1FB\"" : \""f1ai3wcBbGmi62\"", "" + 
                    "" \""Sjy\"" : \""ISDN\"", "" + 
                    "" \""wBDP7r\"" : \""NZpGRMOcG\"" "" + 
                    "" } "" + 
                    "" } ], "" + 
                    "" \""productOptionValueDisplays\"" : [ { "" + 
                    "" \""productOptionId\"" : 368 "" + 
                    "" }, { "" + 
                    "" \""productOptionId\"" : 2119143158, "" + 
                    "" \""displayOrder\"" : 94, "" + 
                    "" \""value\"" : \""lBf509M6OzGwqmp0\"" "" + 
                    "" }, { "" + 
                    "" \""displayType\"" : \""X\"", "" + 
                    "" \""value\"" : \""5eXyLbw\"" "" + 
                    "" }, { "" + 
                    "" \""displayOrder\"" : 815, "" + 
                    "" \""value\"" : \""tGETtfzmp2vkX\"" "" + 
                    "" } ], "" + 
                    "" \""relatedProductIds\"" : [ ] "" + 
                    "" } "")",".header(""Authorization"", ""Bearer eyJhbGciOiJSUzI1NiIsInR5cCIgOiAiSldUIiwia2lkIiA6ICJ5UnVxX2x3MGdHbXppekN6M183cmNYZXVWS24zaHpvQ21pVV9lT1B0Wm9vIn0.eyJleHAiOjE3Nzc1MjAzNDksImlhdCI6MTc3NzUxNjc0OSwianRpIjoiNDU1MzkwYjUtYTljZi00MDQzLThiODctZmUyZjE4MWYxNWZlIiwiaXNzIjoiaHR0cDovL2lkZW50aXR5L3JlYWxtcy9ZYXMiLCJzdWIiOiJmMjNmMjQ4Ni1lOWVmLTQ3NGMtYjdlZS1hYjkwNzNlNDliOTkiLCJ0eXAiOiJCZWFyZXIiLCJhenAiOiJiYWNrb2ZmaWNlLWJmZiIsInNpZCI6ImYzY2I0MmM4LTQzNGUtNDQ2MC1hZDQyLWZjZDI5ZDViZjJhNSIsInJlYWxtX2FjY2VzcyI6eyJyb2xlcyI6WyJBRE1JTiJdfSwic2NvcGUiOiJlbWFpbCBwcm9maWxlIiwiZW1haWxfdmVyaWZpZWQiOmZhbHNlLCJwcmVmZXJyZWRfdXNlcm5hbWUiOiJhZG1pbl9vbmx5In0.hURWrHrD7yrmVBjNManxk70QLYZMSiGrlwa4ygjROvsvwPdjhamyKyyNue2iV_RcmMbXqeBUZhjhbNLbt0MYGkdRFGVr_tJo7T_2fYypf1zL-v1AAv0Iyr4Nad9p8Lc-q9xAMh3-dpx9eZkYMmVtn-m7jz5Y5slwkrdbNlV-RbK8zmTzxuSNO91pAHDG9h9uaaOU_1J4uSrqJT8Jhp33e4sZFf7uAL3jkXa2ltKwA6z2fzMwt5zZVBYWluDhogno2RcaFovPr2oJQvLJA3-6nK0uJXzehPvCkLDYI4hGkcN39dvr5yHal8mfXXZBvLfyRA7umo40GUJIfQVX-Yhe7g"")",faults,/home/azureuser/yas/evomaster-config/generated-tests/blackbox/product/admin_only/EvoMaster_product_admin_only_faults.java,23,6,True,0,,0,0,,100.0,0,0,0,0,0,0,False,,/home/azureuser/yas/evomaster-config/runtime-logs/classes/product/admin_only/EvoMaster_product_admin_only_faults,/home/azureuser/yas/evomaster-config/runtime-logs/classes/product/admin_only/EvoMaster_product_admin_only_faults/compile.log,/home/azureuser/yas/evomaster-config/runtime-logs/classes/product/admin_only/EvoMaster_product_admin_only_faults/compile_stdout.log,/home/azureuser/yas/evomaster-config/runtime-logs/classes/product/admin_only/EvoMaster_product_admin_only_faults/compile_stderr.log,True,True,0,,0,False,17.18,11.47,153.74,Test passed (detected via Surefire XML),/home/azureuser/yas/evomaster-config/runtime-logs/methods/product/admin_only/EvoMaster_product_admin_only_faults/test_2_postOnProductsShowsFaults_100_101,/home/azureuser/yas/evomaster-config/runtime-logs/methods/product/admin_only/EvoMaster_product_admin_only_faults/test_2_postOnProductsShowsFaults_100_101/run.log,/home/azureuser/yas/evomaster-config/runtime-logs/methods/product/admin_only/EvoMaster_product_admin_only_faults/test_2_postOnProductsShowsFaults_100_101/run_stdout.log,/home/azureuser/yas/evomaster-config/runtime-logs/methods/product/admin_only/EvoMaster_product_admin_only_faults/test_2_postOnProductsShowsFaults_100_101/run_stderr.log
product,customer,EvoMaster_product_customer_faults.java,EvoMaster_product_customer_faults,test_15_postOnProductsReturnsMismatchResponseWithSchema,False,1,403,/product/backoffice/products,POST,403,.statusCode(403) .assertThat(),2,".post(baseUrlOfSut + ""/product/backoffice/products"")",".body("" { "" + 
                    "" \""name\"" : \""taitqPvA7WZ\"", "" + 
                    "" \""slug\"" : \""7bhPxHrJGNa\"", "" + 
                    "" \""brandId\"" : 852, "" + 
                    "" \""categoryIds\"" : [ 209, 275, 450, 163 ], "" + 
                    "" \""description\"" : \""lZJ\"", "" + 
                    "" \""gtin\"" : \""GVRWhPmeQPAfap7B\"", "" + 
                    "" \""length\"" : 2.5400503395463694E7, "" + 
                    "" \""price\"" : -3.0205552792115337E8, "" + 
                    "" \""thumbnailMediaId\"" : 346, "" + 
                    "" \""productImageIds\"" : [ 16, -277855847, 174 ], "" + 
                    "" \""variations\"" : [ { "" + 
                    "" \""name\"" : \""04iVU\"", "" + 
                    "" \""slug\"" : \""T4XTq_IUW7qv\"", "" + 
                    "" \""sku\"" : \""jynRFcJwRYk\"", "" + 
                    "" \""price\"" : -6.528987206006737E8, "" + 
                    "" \""optionValuesByOptionId\"" : { "" + 
                    "" \""lmc\"" : \""WbqpU55K79w\"", "" + 
                    "" \""f1Ja\"" : \""i5cnNHBQJ\"", "" + 
                    "" \""\"" : \""lhEo608C\"", "" + 
                    "" \""fyB\"" : \""qTBG5Qlim3uEXUCL\"" "" + 
                    "" } "" + 
                    "" } ], "" + 
                    "" \""productOptionValueDisplays\"" : [ { "" + 
                    "" \""productOptionId\"" : 1925746131, "" + 
                    "" \""displayType\"" : \""qK\"" "" + 
                    "" }, { "" + 
                    "" \""productOptionId\"" : 627 "" + 
                    "" }, { "" + 
                    "" \""productOptionId\"" : 531, "" + 
                    "" \""displayType\"" : \""qORyAY9\"", "" + 
                    "" \""displayOrder\"" : 711, "" + 
                    "" \""value\"" : \""l6aw9upa6\"" "" + 
                    "" }, { "" + 
                    "" \""productOptionId\"" : -5915086140833541109 "" + 
                    "" }, { "" + 
                    "" \""productOptionId\"" : 4 "" + 
                    "" } ] "" + 
                    "" } "")",".header(""Authorization"", ""Bearer eyJhbGciOiJSUzI1NiIsInR5cCIgOiAiSldUIiwia2lkIiA6ICJ5UnVxX2x3MGdHbXppekN6M183cmNYZXVWS24zaHpvQ21pVV9lT1B0Wm9vIn0.eyJleHAiOjE3Nzc1MjAzMjgsImlhdCI6MTc3NzUxNjcyOCwianRpIjoiMjI2N2M2OTUtMzZmNC00NzRmLTlkNGUtNGMzYTRmZTg5ODg5IiwiaXNzIjoiaHR0cDovL2lkZW50aXR5L3JlYWxtcy9ZYXMiLCJzdWIiOiIxNDhkMGZjNi1lYmZjLTQ0MjQtYjVmZC1hZjZjZGNlNTQxNDQiLCJ0eXAiOiJCZWFyZXIiLCJhenAiOiJiYWNrb2ZmaWNlLWJmZiIsInNpZCI6IjFlODY3ZGEwLTYxZjEtNGM1ZS1iNjU4LTgzMmQ5ZDg1NTg4MCIsInJlYWxtX2FjY2VzcyI6eyJyb2xlcyI6WyJkZWZhdWx0LXJvbGVzLXlhcyIsIm9mZmxpbmVfYWNjZXNzIiwiQ1VTVE9NRVIiLCJ1bWFfYXV0aG9yaXphdGlvbiJdfSwic2NvcGUiOiJlbWFpbCBwcm9maWxlIiwiZW1haWxfdmVyaWZpZWQiOmZhbHNlLCJwcmVmZXJyZWRfdXNlcm5hbWUiOiJ1c2VyIn0.fgTGRdL8SmYfv411A9jrQxF39pP5vZoJqxQpDJtxT_ObJultpBBwWtB-RNb1cCWFHQEbejGVp1-oQ1aaY0yPadiUj4qlly5wBQgCO8Liu7wRyBmOBYXjthS9ag0pl_b1Kzs9ULSKX14gNvApqhH3aTqOJ3d1zhm8ZocGHVC5ZzXigIy-JoYH7L800fTU8_fr18YDr6kgwiK1v5qUVuwKX7C3XEwFOF_C2KCngoFH67EXkCxQV4CqMpEqSyAVpiAlun3fk-BHktclwrnNOoZBbKtT-guVtesoT-I_vMQiCuLzXMBpvxxBYQykpIbctNw5BxtO7B9G32JdGW98fNaqVA"")",faults,/home/azureuser/yas/evomaster-config/generated-tests/blackbox/product/customer/EvoMaster_product_customer_faults.java,23,6,True,0,,0,0,,100.0,0,0,0,0,0,0,False,,/home/azureuser/yas/evomaster-config/runtime-logs/classes/product/customer/EvoMaster_product_customer_faults,/home/azureuser/yas/evomaster-config/runtime-logs/classes/product/customer/EvoMaster_product_customer_faults/compile.log,/home/azureuser/yas/evomaster-config/runtime-logs/classes/product/customer/EvoMaster_product_customer_faults/compile_stdout.log,/home/azureuser/yas/evomaster-config/runtime-logs/classes/product/customer/EvoMaster_product_customer_faults/compile_stderr.log,True,True,0,,0,False,18.14,11.7,152.14,Test passed (detected via Surefire XML),/home/azureuser/yas/evomaster-config/runtime-logs/methods/product/customer/EvoMaster_product_customer_faults/test_15_postOnProductsReturnsMismatchResponseWithSchema,/home/azureuser/yas/evomaster-config/runtime-logs/methods/product/customer/EvoMaster_product_customer_faults/test_15_postOnProductsReturnsMismatchResponseWithSchema/run.log,/home/azureuser/yas/evomaster-config/runtime-logs/methods/product/customer/EvoMaster_product_customer_faults/test_15_postOnProductsReturnsMismatchResponseWithSchema/run_stdout.log,/home/azureuser/yas/evomaster-config/runtime-logs/methods/product/customer/EvoMaster_product_customer_faults/test_15_postOnProductsReturnsMismatchResponseWithSchema/run_stderr.log
product,none,EvoMaster_product_none_faults.java,EvoMaster_product_none_faults,test_16_postOnProductsReturnsMismatchResponseWithSchema,False,1,403,/product/backoffice/products,POST,403,.statusCode(403) .assertThat(),5,".post(baseUrlOfSut + ""/product/backoffice/products"")",".body("" { "" + 
                    "" \""name\"" : \""cqGK_YYQ0NgLD\"", "" + 
                    "" \""slug\"" : \""bKWSRST8FPOeKlZ\"", "" + 
                    "" \""brandId\"" : 88, "" + 
                    "" \""categoryIds\"" : [ 428, 439, 357 ], "" + 
                    "" \""shortDescription\"" : \""wnR7D\"", "" + 
                    "" \""description\"" : \""c_AcZFM\"", "" + 
                    "" \""specification\"" : \""vTgofe5T30\"", "" + 
                    "" \""sku\"" : \""3n\"", "" + 
                    "" \""gtin\"" : \""I\"", "" + 
                    "" \""length\"" : 2.137408103575049E8, "" + 
                    "" \""price\"" : -1.4080073496110272E8, "" + 
                    "" \""isPublished\"" : false, "" + 
                    "" \""isFeatured\"" : true, "" + 
                    "" \""metaTitle\"" : \""wv9RiYvW37EY\"", "" + 
                    "" \""metaDescription\"" : \""lTn6qHsATtN\"", "" + 
                    "" \""thumbnailMediaId\"" : 614, "" + 
                    "" \""variations\"" : [ { "" + 
                    "" \""slug\"" : \""fj6ql76wCoNQV2A\"", "" + 
                    "" \""gtin\"" : \""_l\"", "" + 
                    "" \""price\"" : -3.4433190410020524E8 "" + 
                    "" }, { "" + 
                    "" \""name\"" : \""yOX\"", "" + 
                    "" \""gtin\"" : \""0JBI\"", "" + 
                    "" \""thumbnailMediaId\"" : 674, "" + 
                    "" \""optionValuesByOptionId\"" : { } "" + 
                    "" }, { "" + 
                    "" \""price\"" : -3.282562131655262E8, "" + 
                    "" \""productImageIds\"" : [ 792, -2458282315207439664, -525779327, 1195839494 ] "" + 
                    "" } ], "" + 
                    "" \""relatedProductIds\"" : [ 755, 6850786583662192026, 304, 889 ] "" + 
                    "" } "")",,faults,/home/azureuser/yas/evomaster-config/generated-tests/blackbox/product/none/EvoMaster_product_none_faults.java,23,6,True,0,,0,0,,100.0,0,0,0,0,0,0,False,,/home/azureuser/yas/evomaster-config/runtime-logs/classes/product/none/EvoMaster_product_none_faults,/home/azureuser/yas/evomaster-config/runtime-logs/classes/product/none/EvoMaster_product_none_faults/compile.log,/home/azureuser/yas/evomaster-config/runtime-logs/classes/product/none/EvoMaster_product_none_faults/compile_stdout.log,/home/azureuser/yas/evomaster-config/runtime-logs/classes/product/none/EvoMaster_product_none_faults/compile_stderr.log,True,True,0,,0,False,17.68,11.42,157.91,Test passed (detected via Surefire XML),/home/azureuser/yas/evomaster-config/runtime-logs/methods/product/none/EvoMaster_product_none_faults/test_16_postOnProductsReturnsMismatchResponseWithSchema,/home/azureuser/yas/evomaster-config/runtime-logs/methods/product/none/EvoMaster_product_none_faults/test_16_postOnProductsReturnsMismatchResponseWithSchema/run.log,/home/azureuser/yas/evomaster-config/runtime-logs/methods/product/none/EvoMaster_product_none_faults/test_16_postOnProductsReturnsMismatchResponseWithSchema/run_stdout.log,/home/azureuser/yas/evomaster-config/runtime-logs/methods/product/none/EvoMaster_product_none_faults/test_16_postOnProductsReturnsMismatchResponseWithSchema/run_stderr.log
rating,admin_only,EvoMaster_rating_admin_only_faults.java,EvoMaster_rating_admin_only_faults,test_2_postOnRatingsShowsFaults_100_101,False,1,500,/rating/storefront/ratings,POST,500,.statusCode(500) .assertThat(),6,".post(baseUrlOfSut + ""/rating/storefront/ratings"")",".body("" { "" + 
                    "" \""productId\"" : 475 "" + 
                    "" } "")",".header(""Authorization"", ""Bearer eyJhbGciOiJSUzI1NiIsInR5cCIgOiAiSldUIiwia2lkIiA6ICJ5UnVxX2x3MGdHbXppekN6M183cmNYZXVWS24zaHpvQ21pVV9lT1B0Wm9vIn0.eyJleHAiOjE3Nzc1MjAzNDksImlhdCI6MTc3NzUxNjc0OSwianRpIjoiNDU1MzkwYjUtYTljZi00MDQzLThiODctZmUyZjE4MWYxNWZlIiwiaXNzIjoiaHR0cDovL2lkZW50aXR5L3JlYWxtcy9ZYXMiLCJzdWIiOiJmMjNmMjQ4Ni1lOWVmLTQ3NGMtYjdlZS1hYjkwNzNlNDliOTkiLCJ0eXAiOiJCZWFyZXIiLCJhenAiOiJiYWNrb2ZmaWNlLWJmZiIsInNpZCI6ImYzY2I0MmM4LTQzNGUtNDQ2MC1hZDQyLWZjZDI5ZDViZjJhNSIsInJlYWxtX2FjY2VzcyI6eyJyb2xlcyI6WyJBRE1JTiJdfSwic2NvcGUiOiJlbWFpbCBwcm9maWxlIiwiZW1haWxfdmVyaWZpZWQiOmZhbHNlLCJwcmVmZXJyZWRfdXNlcm5hbWUiOiJhZG1pbl9vbmx5In0.hURWrHrD7yrmVBjNManxk70QLYZMSiGrlwa4ygjROvsvwPdjhamyKyyNue2iV_RcmMbXqeBUZhjhbNLbt0MYGkdRFGVr_tJo7T_2fYypf1zL-v1AAv0Iyr4Nad9p8Lc-q9xAMh3-dpx9eZkYMmVtn-m7jz5Y5slwkrdbNlV-RbK8zmTzxuSNO91pAHDG9h9uaaOU_1J4uSrqJT8Jhp33e4sZFf7uAL3jkXa2ltKwA6z2fzMwt5zZVBYWluDhogno2RcaFovPr2oJQvLJA3-6nK0uJXzehPvCkLDYI4hGkcN39dvr5yHal8mfXXZBvLfyRA7umo40GUJIfQVX-Yhe7g"")",faults,/home/azureuser/yas/evomaster-config/generated-tests/blackbox/rating/admin_only/EvoMaster_rating_admin_only_faults.java,23,6,True,0,,0,0,,100.0,0,0,0,0,0,0,False,,/home/azureuser/yas/evomaster-config/runtime-logs/classes/rating/admin_only/EvoMaster_rating_admin_only_faults,/home/azureuser/yas/evomaster-config/runtime-logs/classes/rating/admin_only/EvoMaster_rating_admin_only_faults/compile.log,/home/azureuser/yas/evomaster-config/runtime-logs/classes/rating/admin_only/EvoMaster_rating_admin_only_faults/compile_stdout.log,/home/azureuser/yas/evomaster-config/runtime-logs/classes/rating/admin_only/EvoMaster_rating_admin_only_faults/compile_stderr.log,True,True,0,,0,False,16.55,11.32,154.05,Test passed (detected via Surefire XML),/home/azureuser/yas/evomaster-config/runtime-logs/methods/rating/admin_only/EvoMaster_rating_admin_only_faults/test_2_postOnRatingsShowsFaults_100_101,/home/azureuser/yas/evomaster-config/runtime-logs/methods/rating/admin_only/EvoMaster_rating_admin_only_faults/test_2_postOnRatingsShowsFaults_100_101/run.log,/home/azureuser/yas/evomaster-config/runtime-logs/methods/rating/admin_only/EvoMaster_rating_admin_only_faults/test_2_postOnRatingsShowsFaults_100_101/run_stdout.log,/home/azureuser/yas/evomaster-config/runtime-logs/methods/rating/admin_only/EvoMaster_rating_admin_only_faults/test_2_postOnRatingsShowsFaults_100_101/run_stderr.log
rating,admin_only,EvoMaster_rating_admin_only_faults.java,EvoMaster_rating_admin_only_faults,test_4_postOnRatingsReturnsMismatchResponseWithSchema,False,1,403,/rating/storefront/ratings,POST,403,.statusCode(403) .assertThat(),6,".post(baseUrlOfSut + ""/rating/storefront/ratings"")",".body("" { "" + 
                    "" \""content\"" : \""ztRNQpFU6xBStQ04\"", "" + 
                    "" \""star\"" : 838, "" + 
                    "" \""productId\"" : 649 "" + 
                    "" } "")",".header(""Authorization"", ""Bearer eyJhbGciOiJSUzI1NiIsInR5cCIgOiAiSldUIiwia2lkIiA6ICJ5UnVxX2x3MGdHbXppekN6M183cmNYZXVWS24zaHpvQ21pVV9lT1B0Wm9vIn0.eyJleHAiOjE3Nzc1MjAzNDksImlhdCI6MTc3NzUxNjc0OSwianRpIjoiNDU1MzkwYjUtYTljZi00MDQzLThiODctZmUyZjE4MWYxNWZlIiwiaXNzIjoiaHR0cDovL2lkZW50aXR5L3JlYWxtcy9ZYXMiLCJzdWIiOiJmMjNmMjQ4Ni1lOWVmLTQ3NGMtYjdlZS1hYjkwNzNlNDliOTkiLCJ0eXAiOiJCZWFyZXIiLCJhenAiOiJiYWNrb2ZmaWNlLWJmZiIsInNpZCI6ImYzY2I0MmM4LTQzNGUtNDQ2MC1hZDQyLWZjZDI5ZDViZjJhNSIsInJlYWxtX2FjY2VzcyI6eyJyb2xlcyI6WyJBRE1JTiJdfSwic2NvcGUiOiJlbWFpbCBwcm9maWxlIiwiZW1haWxfdmVyaWZpZWQiOmZhbHNlLCJwcmVmZXJyZWRfdXNlcm5hbWUiOiJhZG1pbl9vbmx5In0.hURWrHrD7yrmVBjNManxk70QLYZMSiGrlwa4ygjROvsvwPdjhamyKyyNue2iV_RcmMbXqeBUZhjhbNLbt0MYGkdRFGVr_tJo7T_2fYypf1zL-v1AAv0Iyr4Nad9p8Lc-q9xAMh3-dpx9eZkYMmVtn-m7jz5Y5slwkrdbNlV-RbK8zmTzxuSNO91pAHDG9h9uaaOU_1J4uSrqJT8Jhp33e4sZFf7uAL3jkXa2ltKwA6z2fzMwt5zZVBYWluDhogno2RcaFovPr2oJQvLJA3-6nK0uJXzehPvCkLDYI4hGkcN39dvr5yHal8mfXXZBvLfyRA7umo40GUJIfQVX-Yhe7g"")",faults,/home/azureuser/yas/evomaster-config/generated-tests/blackbox/rating/admin_only/EvoMaster_rating_admin_only_faults.java,23,6,True,0,,0,0,,100.0,0,0,0,0,0,0,False,,/home/azureuser/yas/evomaster-config/runtime-logs/classes/rating/admin_only/EvoMaster_rating_admin_only_faults,/home/azureuser/yas/evomaster-config/runtime-logs/classes/rating/admin_only/EvoMaster_rating_admin_only_faults/compile.log,/home/azureuser/yas/evomaster-config/runtime-logs/classes/rating/admin_only/EvoMaster_rating_admin_only_faults/compile_stdout.log,/home/azureuser/yas/evomaster-config/runtime-logs/classes/rating/admin_only/EvoMaster_rating_admin_only_faults/compile_stderr.log,True,True,0,,0,False,19.05,11.62,153.95,Test passed (detected via Surefire XML),/home/azureuser/yas/evomaster-config/runtime-logs/methods/rating/admin_only/EvoMaster_rating_admin_only_faults/test_4_postOnRatingsReturnsMismatchResponseWithSchema,/home/azureuser/yas/evomaster-config/runtime-logs/methods/rating/admin_only/EvoMaster_rating_admin_only_faults/test_4_postOnRatingsReturnsMismatchResponseWithSchema/run.log,/home/azureuser/yas/evomaster-config/runtime-logs/methods/rating/admin_only/EvoMaster_rating_admin_only_faults/test_4_postOnRatingsReturnsMismatchResponseWithSchema/run_stdout.log,/home/azureuser/yas/evomaster-config/runtime-logs/methods/rating/admin_only/EvoMaster_rating_admin_only_faults/test_4_postOnRatingsReturnsMismatchResponseWithSchema/run_stderr.log
rating,admin_only,EvoMaster_rating_admin_only_faults.java,EvoMaster_rating_admin_only_faults,test_5_postOnRatingsReturnsMismatchResponseWithSchema,False,1,403,/rating/storefront/ratings,POST,403,.statusCode(403) .assertThat(),5,".post(baseUrlOfSut + ""/rating/storefront/ratings"")",".body("" { "" + 
                    "" \""star\"" : 604 "" + 
                    "" } "")",,faults,/home/azureuser/yas/evomaster-config/generated-tests/blackbox/rating/admin_only/EvoMaster_rating_admin_only_faults.java,23,6,True,0,,0,0,,100.0,0,0,0,0,0,0,False,,/home/azureuser/yas/evomaster-config/runtime-logs/classes/rating/admin_only/EvoMaster_rating_admin_only_faults,/home/azureuser/yas/evomaster-config/runtime-logs/classes/rating/admin_only/EvoMaster_rating_admin_only_faults/compile.log,/home/azureuser/yas/evomaster-config/runtime-logs/classes/rating/admin_only/EvoMaster_rating_admin_only_faults/compile_stdout.log,/home/azureuser/yas/evomaster-config/runtime-logs/classes/rating/admin_only/EvoMaster_rating_admin_only_faults/compile_stderr.log,True,True,0,,0,False,14.56,11.61,160.38,Test passed (detected via Surefire XML),/home/azureuser/yas/evomaster-config/runtime-logs/methods/rating/admin_only/EvoMaster_rating_admin_only_faults/test_5_postOnRatingsReturnsMismatchResponseWithSchema,/home/azureuser/yas/evomaster-config/runtime-logs/methods/rating/admin_only/EvoMaster_rating_admin_only_faults/test_5_postOnRatingsReturnsMismatchResponseWithSchema/run.log,/home/azureuser/yas/evomaster-config/runtime-logs/methods/rating/admin_only/EvoMaster_rating_admin_only_faults/test_5_postOnRatingsReturnsMismatchResponseWithSchema/run_stdout.log,/home/azureuser/yas/evomaster-config/runtime-logs/methods/rating/admin_only/EvoMaster_rating_admin_only_faults/test_5_postOnRatingsReturnsMismatchResponseWithSchema/run_stderr.log
rating,admin_only,EvoMaster_rating_admin_only_faults.java,EvoMaster_rating_admin_only_faults,test_6_deleteOnRateReturnsMismatchResponseWithSchema,False,1,403,/rating/backoffice/ratings/{id},DELETE,403,.statusCode(403) .assertThat(),5,".delete(baseUrlOfSut + ""/rating/backoffice/ratings/395"")",,,faults,/home/azureuser/yas/evomaster-config/generated-tests/blackbox/rating/admin_only/EvoMaster_rating_admin_only_faults.java,23,6,True,0,,0,0,,100.0,0,0,0,0,0,0,False,,/home/azureuser/yas/evomaster-config/runtime-logs/classes/rating/admin_only/EvoMaster_rating_admin_only_faults,/home/azureuser/yas/evomaster-config/runtime-logs/classes/rating/admin_only/EvoMaster_rating_admin_only_faults/compile.log,/home/azureuser/yas/evomaster-config/runtime-logs/classes/rating/admin_only/EvoMaster_rating_admin_only_faults/compile_stdout.log,/home/azureuser/yas/evomaster-config/runtime-logs/classes/rating/admin_only/EvoMaster_rating_admin_only_faults/compile_stderr.log,True,True,0,,0,False,14.04,11.41,163.09,Test passed (detected via Surefire XML),/home/azureuser/yas/evomaster-config/runtime-logs/methods/rating/admin_only/EvoMaster_rating_admin_only_faults/test_6_deleteOnRateReturnsMismatchResponseWithSchema,/home/azureuser/yas/evomaster-config/runtime-logs/methods/rating/admin_only/EvoMaster_rating_admin_only_faults/test_6_deleteOnRateReturnsMismatchResponseWithSchema/run.log,/home/azureuser/yas/evomaster-config/runtime-logs/methods/rating/admin_only/EvoMaster_rating_admin_only_faults/test_6_deleteOnRateReturnsMismatchResponseWithSchema/run_stdout.log,/home/azureuser/yas/evomaster-config/runtime-logs/methods/rating/admin_only/EvoMaster_rating_admin_only_faults/test_6_deleteOnRateReturnsMismatchResponseWithSchema/run_stderr.log
rating,admin_only,EvoMaster_rating_admin_only_faults.java,EvoMaster_rating_admin_only_faults,test_7_deleteOnRateReturnsMismatchResponseWithSchema,False,1,404,/rating/backoffice/ratings/{id},DELETE,404,.statusCode(404) .assertThat(),6,".delete(baseUrlOfSut + ""/rating/backoffice/ratings/35"")",,".header(""Authorization"", ""Bearer eyJhbGciOiJSUzI1NiIsInR5cCIgOiAiSldUIiwia2lkIiA6ICJ5UnVxX2x3MGdHbXppekN6M183cmNYZXVWS24zaHpvQ21pVV9lT1B0Wm9vIn0.eyJleHAiOjE3Nzc1MjAzNDksImlhdCI6MTc3NzUxNjc0OSwianRpIjoiNDU1MzkwYjUtYTljZi00MDQzLThiODctZmUyZjE4MWYxNWZlIiwiaXNzIjoiaHR0cDovL2lkZW50aXR5L3JlYWxtcy9ZYXMiLCJzdWIiOiJmMjNmMjQ4Ni1lOWVmLTQ3NGMtYjdlZS1hYjkwNzNlNDliOTkiLCJ0eXAiOiJCZWFyZXIiLCJhenAiOiJiYWNrb2ZmaWNlLWJmZiIsInNpZCI6ImYzY2I0MmM4LTQzNGUtNDQ2MC1hZDQyLWZjZDI5ZDViZjJhNSIsInJlYWxtX2FjY2VzcyI6eyJyb2xlcyI6WyJBRE1JTiJdfSwic2NvcGUiOiJlbWFpbCBwcm9maWxlIiwiZW1haWxfdmVyaWZpZWQiOmZhbHNlLCJwcmVmZXJyZWRfdXNlcm5hbWUiOiJhZG1pbl9vbmx5In0.hURWrHrD7yrmVBjNManxk70QLYZMSiGrlwa4ygjROvsvwPdjhamyKyyNue2iV_RcmMbXqeBUZhjhbNLbt0MYGkdRFGVr_tJo7T_2fYypf1zL-v1AAv0Iyr4Nad9p8Lc-q9xAMh3-dpx9eZkYMmVtn-m7jz5Y5slwkrdbNlV-RbK8zmTzxuSNO91pAHDG9h9uaaOU_1J4uSrqJT8Jhp33e4sZFf7uAL3jkXa2ltKwA6z2fzMwt5zZVBYWluDhogno2RcaFovPr2oJQvLJA3-6nK0uJXzehPvCkLDYI4hGkcN39dvr5yHal8mfXXZBvLfyRA7umo40GUJIfQVX-Yhe7g"")",faults,/home/azureuser/yas/evomaster-config/generated-tests/blackbox/rating/admin_only/EvoMaster_rating_admin_only_faults.java,23,6,True,0,,0,0,,100.0,0,0,0,0,0,0,False,,/home/azureuser/yas/evomaster-config/runtime-logs/classes/rating/admin_only/EvoMaster_rating_admin_only_faults,/home/azureuser/yas/evomaster-config/runtime-logs/classes/rating/admin_only/EvoMaster_rating_admin_only_faults/compile.log,/home/azureuser/yas/evomaster-config/runtime-logs/classes/rating/admin_only/EvoMaster_rating_admin_only_faults/compile_stdout.log,/home/azureuser/yas/evomaster-config/runtime-logs/classes/rating/admin_only/EvoMaster_rating_admin_only_faults/compile_stderr.log,True,True,0,,0,False,14.55,11.16,151.6,Test passed (detected via Surefire XML),/home/azureuser/yas/evomaster-config/runtime-logs/methods/rating/admin_only/EvoMaster_rating_admin_only_faults/test_7_deleteOnRateReturnsMismatchResponseWithSchema,/home/azureuser/yas/evomaster-config/runtime-logs/methods/rating/admin_only/EvoMaster_rating_admin_only_faults/test_7_deleteOnRateReturnsMismatchResponseWithSchema/run.log,/home/azureuser/yas/evomaster-config/runtime-logs/methods/rating/admin_only/EvoMaster_rating_admin_only_faults/test_7_deleteOnRateReturnsMismatchResponseWithSchema/run_stdout.log,/home/azureuser/yas/evomaster-config/runtime-logs/methods/rating/admin_only/EvoMaster_rating_admin_only_faults/test_7_deleteOnRateReturnsMismatchResponseWithSchema/run_stderr.log
rating,admin_only,EvoMaster_rating_admin_only_faults.java,EvoMaster_rating_admin_only_faults,test_8_deleteOnRateReturnsMismatchResponseWithSchema,False,1,404,/rating/backoffice/ratings/{id},DELETE,404,.statusCode(404) .assertThat(),6,".delete(baseUrlOfSut + ""/rating/backoffice/ratings/-2128706280632160961"")",,".header(""Authorization"", ""Bearer eyJhbGciOiJSUzI1NiIsInR5cCIgOiAiSldUIiwia2lkIiA6ICJ5UnVxX2x3MGdHbXppekN6M183cmNYZXVWS24zaHpvQ21pVV9lT1B0Wm9vIn0.eyJleHAiOjE3Nzc1MjAzNDksImlhdCI6MTc3NzUxNjc0OSwianRpIjoiNDU1MzkwYjUtYTljZi00MDQzLThiODctZmUyZjE4MWYxNWZlIiwiaXNzIjoiaHR0cDovL2lkZW50aXR5L3JlYWxtcy9ZYXMiLCJzdWIiOiJmMjNmMjQ4Ni1lOWVmLTQ3NGMtYjdlZS1hYjkwNzNlNDliOTkiLCJ0eXAiOiJCZWFyZXIiLCJhenAiOiJiYWNrb2ZmaWNlLWJmZiIsInNpZCI6ImYzY2I0MmM4LTQzNGUtNDQ2MC1hZDQyLWZjZDI5ZDViZjJhNSIsInJlYWxtX2FjY2VzcyI6eyJyb2xlcyI6WyJBRE1JTiJdfSwic2NvcGUiOiJlbWFpbCBwcm9maWxlIiwiZW1haWxfdmVyaWZpZWQiOmZhbHNlLCJwcmVmZXJyZWRfdXNlcm5hbWUiOiJhZG1pbl9vbmx5In0.hURWrHrD7yrmVBjNManxk70QLYZMSiGrlwa4ygjROvsvwPdjhamyKyyNue2iV_RcmMbXqeBUZhjhbNLbt0MYGkdRFGVr_tJo7T_2fYypf1zL-v1AAv0Iyr4Nad9p8Lc-q9xAMh3-dpx9eZkYMmVtn-m7jz5Y5slwkrdbNlV-RbK8zmTzxuSNO91pAHDG9h9uaaOU_1J4uSrqJT8Jhp33e4sZFf7uAL3jkXa2ltKwA6z2fzMwt5zZVBYWluDhogno2RcaFovPr2oJQvLJA3-6nK0uJXzehPvCkLDYI4hGkcN39dvr5yHal8mfXXZBvLfyRA7umo40GUJIfQVX-Yhe7g"")",faults,/home/azureuser/yas/evomaster-config/generated-tests/blackbox/rating/admin_only/EvoMaster_rating_admin_only_faults.java,23,6,True,0,,0,0,,100.0,0,0,0,0,0,0,False,,/home/azureuser/yas/evomaster-config/runtime-logs/classes/rating/admin_only/EvoMaster_rating_admin_only_faults,/home/azureuser/yas/evomaster-config/runtime-logs/classes/rating/admin_only/EvoMaster_rating_admin_only_faults/compile.log,/home/azureuser/yas/evomaster-config/runtime-logs/classes/rating/admin_only/EvoMaster_rating_admin_only_faults/compile_stdout.log,/home/azureuser/yas/evomaster-config/runtime-logs/classes/rating/admin_only/EvoMaster_rating_admin_only_faults/compile_stderr.log,True,True,0,,0,False,14.55,11.43,154.04,Test passed (detected via Surefire XML),/home/azureuser/yas/evomaster-config/runtime-logs/methods/rating/admin_only/EvoMaster_rating_admin_only_faults/test_8_deleteOnRateReturnsMismatchResponseWithSchema,/home/azureuser/yas/evomaster-config/runtime-logs/methods/rating/admin_only/EvoMaster_rating_admin_only_faults/test_8_deleteOnRateReturnsMismatchResponseWithSchema/run.log,/home/azureuser/yas/evomaster-config/runtime-logs/methods/rating/admin_only/EvoMaster_rating_admin_only_faults/test_8_deleteOnRateReturnsMismatchResponseWithSchema/run_stdout.log,/home/azureuser/yas/evomaster-config/runtime-logs/methods/rating/admin_only/EvoMaster_rating_admin_only_faults/test_8_deleteOnRateReturnsMismatchResponseWithSchema/run_stderr.log
rating,admin_only,EvoMaster_rating_admin_only_faults.java,EvoMaster_rating_admin_only_faults,test_10_getOnLatestReturnsMismatchResponseWithSchema,False,1,401,/rating/backoffice/ratings/latest/{count},GET,401,.statusCode(401) .assertThat(),2,".get(baseUrlOfSut + ""/rating/backoffice/ratings/latest/66"")",,,faults,/home/azureuser/yas/evomaster-config/generated-tests/blackbox/rating/admin_only/EvoMaster_rating_admin_only_faults.java,23,6,True,0,,0,0,,100.0,0,0,0,0,0,0,False,,/home/azureuser/yas/evomaster-config/runtime-logs/classes/rating/admin_only/EvoMaster_rating_admin_only_faults,/home/azureuser/yas/evomaster-config/runtime-logs/classes/rating/admin_only/EvoMaster_rating_admin_only_faults/compile.log,/home/azureuser/yas/evomaster-config/runtime-logs/classes/rating/admin_only/EvoMaster_rating_admin_only_faults/compile_stdout.log,/home/azureuser/yas/evomaster-config/runtime-logs/classes/rating/admin_only/EvoMaster_rating_admin_only_faults/compile_stderr.log,True,True,0,,0,False,13.87,11.14,159.8,Test passed (detected via Surefire XML),/home/azureuser/yas/evomaster-config/runtime-logs/methods/rating/admin_only/EvoMaster_rating_admin_only_faults/test_10_getOnLatestReturnsMismatchResponseWithSchema,/home/azureuser/yas/evomaster-config/runtime-logs/methods/rating/admin_only/EvoMaster_rating_admin_only_faults/test_10_getOnLatestReturnsMismatchResponseWithSchema/run.log,/home/azureuser/yas/evomaster-config/runtime-logs/methods/rating/admin_only/EvoMaster_rating_admin_only_faults/test_10_getOnLatestReturnsMismatchResponseWithSchema/run_stdout.log,/home/azureuser/yas/evomaster-config/runtime-logs/methods/rating/admin_only/EvoMaster_rating_admin_only_faults/test_10_getOnLatestReturnsMismatchResponseWithSchema/run_stderr.log
rating,admin_only,EvoMaster_rating_admin_only_successes.java,EvoMaster_rating_admin_only_successes,test_3_getOnLatestReturnsEmptyList,False,1,200,/rating/backoffice/ratings/latest/{count},GET,200,.statusCode(200) .assertThat(),3,".get(baseUrlOfSut + ""/rating/backoffice/ratings/latest/504"")",,".header(""Authorization"", ""Bearer eyJhbGciOiJSUzI1NiIsInR5cCIgOiAiSldUIiwia2lkIiA6ICJ5UnVxX2x3MGdHbXppekN6M183cmNYZXVWS24zaHpvQ21pVV9lT1B0Wm9vIn0.eyJleHAiOjE3Nzc1MjAzNDksImlhdCI6MTc3NzUxNjc0OSwianRpIjoiNDU1MzkwYjUtYTljZi00MDQzLThiODctZmUyZjE4MWYxNWZlIiwiaXNzIjoiaHR0cDovL2lkZW50aXR5L3JlYWxtcy9ZYXMiLCJzdWIiOiJmMjNmMjQ4Ni1lOWVmLTQ3NGMtYjdlZS1hYjkwNzNlNDliOTkiLCJ0eXAiOiJCZWFyZXIiLCJhenAiOiJiYWNrb2ZmaWNlLWJmZiIsInNpZCI6ImYzY2I0MmM4LTQzNGUtNDQ2MC1hZDQyLWZjZDI5ZDViZjJhNSIsInJlYWxtX2FjY2VzcyI6eyJyb2xlcyI6WyJBRE1JTiJdfSwic2NvcGUiOiJlbWFpbCBwcm9maWxlIiwiZW1haWxfdmVyaWZpZWQiOmZhbHNlLCJwcmVmZXJyZWRfdXNlcm5hbWUiOiJhZG1pbl9vbmx5In0.hURWrHrD7yrmVBjNManxk70QLYZMSiGrlwa4ygjROvsvwPdjhamyKyyNue2iV_RcmMbXqeBUZhjhbNLbt0MYGkdRFGVr_tJo7T_2fYypf1zL-v1AAv0Iyr4Nad9p8Lc-q9xAMh3-dpx9eZkYMmVtn-m7jz5Y5slwkrdbNlV-RbK8zmTzxuSNO91pAHDG9h9uaaOU_1J4uSrqJT8Jhp33e4sZFf7uAL3jkXa2ltKwA6z2fzMwt5zZVBYWluDhogno2RcaFovPr2oJQvLJA3-6nK0uJXzehPvCkLDYI4hGkcN39dvr5yHal8mfXXZBvLfyRA7umo40GUJIfQVX-Yhe7g"")",successes,/home/azureuser/yas/evomaster-config/generated-tests/blackbox/rating/admin_only/EvoMaster_rating_admin_only_successes.java,23,6,True,0,,0,0,,100.0,0,0,0,0,0,0,False,,/home/azureuser/yas/evomaster-config/runtime-logs/classes/rating/admin_only/EvoMaster_rating_admin_only_successes,/home/azureuser/yas/evomaster-config/runtime-logs/classes/rating/admin_only/EvoMaster_rating_admin_only_successes/compile.log,/home/azureuser/yas/evomaster-config/runtime-logs/classes/rating/admin_only/EvoMaster_rating_admin_only_successes/compile_stdout.log,/home/azureuser/yas/evomaster-config/runtime-logs/classes/rating/admin_only/EvoMaster_rating_admin_only_successes/compile_stderr.log,True,True,0,,0,False,14.56,11.5,155.83,Test passed (detected via Surefire XML),/home/azureuser/yas/evomaster-config/runtime-logs/methods/rating/admin_only/EvoMaster_rating_admin_only_successes/test_3_getOnLatestReturnsEmptyList,/home/azureuser/yas/evomaster-config/runtime-logs/methods/rating/admin_only/EvoMaster_rating_admin_only_successes/test_3_getOnLatestReturnsEmptyList/run.log,/home/azureuser/yas/evomaster-config/runtime-logs/methods/rating/admin_only/EvoMaster_rating_admin_only_successes/test_3_getOnLatestReturnsEmptyList/run_stdout.log,/home/azureuser/yas/evomaster-config/runtime-logs/methods/rating/admin_only/EvoMaster_rating_admin_only_successes/test_3_getOnLatestReturnsEmptyList/run_stderr.log
rating,customer,EvoMaster_rating_customer_faults.java,EvoMaster_rating_customer_faults,test_0_postOnRatingsShowsFaults_100_101,False,1,500,/rating/storefront/ratings,POST,500,.statusCode(500) .assertThat(),6,".post(baseUrlOfSut + ""/rating/storefront/ratings"")",".body("" { "" + 
                    "" \""content\"" : \""K7AHJpc\"", "" + 
                    "" \""productId\"" : 303 "" + 
                    "" } "")",".header(""Authorization"", ""Bearer eyJhbGciOiJSUzI1NiIsInR5cCIgOiAiSldUIiwia2lkIiA6ICJ5UnVxX2x3MGdHbXppekN6M183cmNYZXVWS24zaHpvQ21pVV9lT1B0Wm9vIn0.eyJleHAiOjE3Nzc1MjAzMjgsImlhdCI6MTc3NzUxNjcyOCwianRpIjoiMjI2N2M2OTUtMzZmNC00NzRmLTlkNGUtNGMzYTRmZTg5ODg5IiwiaXNzIjoiaHR0cDovL2lkZW50aXR5L3JlYWxtcy9ZYXMiLCJzdWIiOiIxNDhkMGZjNi1lYmZjLTQ0MjQtYjVmZC1hZjZjZGNlNTQxNDQiLCJ0eXAiOiJCZWFyZXIiLCJhenAiOiJiYWNrb2ZmaWNlLWJmZiIsInNpZCI6IjFlODY3ZGEwLTYxZjEtNGM1ZS1iNjU4LTgzMmQ5ZDg1NTg4MCIsInJlYWxtX2FjY2VzcyI6eyJyb2xlcyI6WyJkZWZhdWx0LXJvbGVzLXlhcyIsIm9mZmxpbmVfYWNjZXNzIiwiQ1VTVE9NRVIiLCJ1bWFfYXV0aG9yaXphdGlvbiJdfSwic2NvcGUiOiJlbWFpbCBwcm9maWxlIiwiZW1haWxfdmVyaWZpZWQiOmZhbHNlLCJwcmVmZXJyZWRfdXNlcm5hbWUiOiJ1c2VyIn0.fgTGRdL8SmYfv411A9jrQxF39pP5vZoJqxQpDJtxT_ObJultpBBwWtB-RNb1cCWFHQEbejGVp1-oQ1aaY0yPadiUj4qlly5wBQgCO8Liu7wRyBmOBYXjthS9ag0pl_b1Kzs9ULSKX14gNvApqhH3aTqOJ3d1zhm8ZocGHVC5ZzXigIy-JoYH7L800fTU8_fr18YDr6kgwiK1v5qUVuwKX7C3XEwFOF_C2KCngoFH67EXkCxQV4CqMpEqSyAVpiAlun3fk-BHktclwrnNOoZBbKtT-guVtesoT-I_vMQiCuLzXMBpvxxBYQykpIbctNw5BxtO7B9G32JdGW98fNaqVA"")",faults,/home/azureuser/yas/evomaster-config/generated-tests/blackbox/rating/customer/EvoMaster_rating_customer_faults.java,23,6,True,0,,0,0,,100.0,0,0,0,0,0,0,False,,/home/azureuser/yas/evomaster-config/runtime-logs/classes/rating/customer/EvoMaster_rating_customer_faults,/home/azureuser/yas/evomaster-config/runtime-logs/classes/rating/customer/EvoMaster_rating_customer_faults/compile.log,/home/azureuser/yas/evomaster-config/runtime-logs/classes/rating/customer/EvoMaster_rating_customer_faults/compile_stdout.log,/home/azureuser/yas/evomaster-config/runtime-logs/classes/rating/customer/EvoMaster_rating_customer_faults/compile_stderr.log,True,True,0,,0,False,14.55,11.51,154.02,Test passed (detected via Surefire XML),/home/azureuser/yas/evomaster-config/runtime-logs/methods/rating/customer/EvoMaster_rating_customer_faults/test_0_postOnRatingsShowsFaults_100_101,/home/azureuser/yas/evomaster-config/runtime-logs/methods/rating/customer/EvoMaster_rating_customer_faults/test_0_postOnRatingsShowsFaults_100_101/run.log,/home/azureuser/yas/evomaster-config/runtime-logs/methods/rating/customer/EvoMaster_rating_customer_faults/test_0_postOnRatingsShowsFaults_100_101/run_stdout.log,/home/azureuser/yas/evomaster-config/runtime-logs/methods/rating/customer/EvoMaster_rating_customer_faults/test_0_postOnRatingsShowsFaults_100_101/run_stderr.log
rating,customer,EvoMaster_rating_customer_faults.java,EvoMaster_rating_customer_faults,test_9_postOnRatingsReturnsMismatchResponseWithSchema,False,1,403,/rating/storefront/ratings,POST,403,.statusCode(403) .assertThat(),6,".post(baseUrlOfSut + ""/rating/storefront/ratings"")",".body("" { "" + 
                    "" \""star\"" : 29, "" + 
                    "" \""productId\"" : 42, "" + 
                    "" \""productName\"" : \""wDwp3Cc4efU\"" "" + 
                    "" } "")",".header(""Authorization"", ""Bearer eyJhbGciOiJSUzI1NiIsInR5cCIgOiAiSldUIiwia2lkIiA6ICJ5UnVxX2x3MGdHbXppekN6M183cmNYZXVWS24zaHpvQ21pVV9lT1B0Wm9vIn0.eyJleHAiOjE3Nzc1MjAzMjgsImlhdCI6MTc3NzUxNjcyOCwianRpIjoiMjI2N2M2OTUtMzZmNC00NzRmLTlkNGUtNGMzYTRmZTg5ODg5IiwiaXNzIjoiaHR0cDovL2lkZW50aXR5L3JlYWxtcy9ZYXMiLCJzdWIiOiIxNDhkMGZjNi1lYmZjLTQ0MjQtYjVmZC1hZjZjZGNlNTQxNDQiLCJ0eXAiOiJCZWFyZXIiLCJhenAiOiJiYWNrb2ZmaWNlLWJmZiIsInNpZCI6IjFlODY3ZGEwLTYxZjEtNGM1ZS1iNjU4LTgzMmQ5ZDg1NTg4MCIsInJlYWxtX2FjY2VzcyI6eyJyb2xlcyI6WyJkZWZhdWx0LXJvbGVzLXlhcyIsIm9mZmxpbmVfYWNjZXNzIiwiQ1VTVE9NRVIiLCJ1bWFfYXV0aG9yaXphdGlvbiJdfSwic2NvcGUiOiJlbWFpbCBwcm9maWxlIiwiZW1haWxfdmVyaWZpZWQiOmZhbHNlLCJwcmVmZXJyZWRfdXNlcm5hbWUiOiJ1c2VyIn0.fgTGRdL8SmYfv411A9jrQxF39pP5vZoJqxQpDJtxT_ObJultpBBwWtB-RNb1cCWFHQEbejGVp1-oQ1aaY0yPadiUj4qlly5wBQgCO8Liu7wRyBmOBYXjthS9ag0pl_b1Kzs9ULSKX14gNvApqhH3aTqOJ3d1zhm8ZocGHVC5ZzXigIy-JoYH7L800fTU8_fr18YDr6kgwiK1v5qUVuwKX7C3XEwFOF_C2KCngoFH67EXkCxQV4CqMpEqSyAVpiAlun3fk-BHktclwrnNOoZBbKtT-guVtesoT-I_vMQiCuLzXMBpvxxBYQykpIbctNw5BxtO7B9G32JdGW98fNaqVA"")",faults,/home/azureuser/yas/evomaster-config/generated-tests/blackbox/rating/customer/EvoMaster_rating_customer_faults.java,23,6,True,0,,0,0,,100.0,0,0,0,0,0,0,False,,/home/azureuser/yas/evomaster-config/runtime-logs/classes/rating/customer/EvoMaster_rating_customer_faults,/home/azureuser/yas/evomaster-config/runtime-logs/classes/rating/customer/EvoMaster_rating_customer_faults/compile.log,/home/azureuser/yas/evomaster-config/runtime-logs/classes/rating/customer/EvoMaster_rating_customer_faults/compile_stdout.log,/home/azureuser/yas/evomaster-config/runtime-logs/classes/rating/customer/EvoMaster_rating_customer_faults/compile_stderr.log,True,True,0,,0,False,15.56,11.17,157.95,Test passed (detected via Surefire XML),/home/azureuser/yas/evomaster-config/runtime-logs/methods/rating/customer/EvoMaster_rating_customer_faults/test_9_postOnRatingsReturnsMismatchResponseWithSchema,/home/azureuser/yas/evomaster-config/runtime-logs/methods/rating/customer/EvoMaster_rating_customer_faults/test_9_postOnRatingsReturnsMismatchResponseWithSchema/run.log,/home/azureuser/yas/evomaster-config/runtime-logs/methods/rating/customer/EvoMaster_rating_customer_faults/test_9_postOnRatingsReturnsMismatchResponseWithSchema/run_stdout.log,/home/azureuser/yas/evomaster-config/runtime-logs/methods/rating/customer/EvoMaster_rating_customer_faults/test_9_postOnRatingsReturnsMismatchResponseWithSchema/run_stderr.log
rating,customer,EvoMaster_rating_customer_faults.java,EvoMaster_rating_customer_faults,test_10_postOnRatingsReturnsMismatchResponseWithSchema,False,1,403,/rating/storefront/ratings,POST,403,.statusCode(403) .assertThat(),5,".post(baseUrlOfSut + ""/rating/storefront/ratings"")",".body("" { "" + 
                    "" \""star\"" : 40, "" + 
                    "" \""productName\"" : \""kifEmL\"" "" + 
                    "" } "")",,faults,/home/azureuser/yas/evomaster-config/generated-tests/blackbox/rating/customer/EvoMaster_rating_customer_faults.java,23,6,True,0,,0,0,,100.0,0,0,0,0,0,0,False,,/home/azureuser/yas/evomaster-config/runtime-logs/classes/rating/customer/EvoMaster_rating_customer_faults,/home/azureuser/yas/evomaster-config/runtime-logs/classes/rating/customer/EvoMaster_rating_customer_faults/compile.log,/home/azureuser/yas/evomaster-config/runtime-logs/classes/rating/customer/EvoMaster_rating_customer_faults/compile_stdout.log,/home/azureuser/yas/evomaster-config/runtime-logs/classes/rating/customer/EvoMaster_rating_customer_faults/compile_stderr.log,True,True,0,,0,False,15.05,11.93,167.47,Test passed (detected via Surefire XML),/home/azureuser/yas/evomaster-config/runtime-logs/methods/rating/customer/EvoMaster_rating_customer_faults/test_10_postOnRatingsReturnsMismatchResponseWithSchema,/home/azureuser/yas/evomaster-config/runtime-logs/methods/rating/customer/EvoMaster_rating_customer_faults/test_10_postOnRatingsReturnsMismatchResponseWithSchema/run.log,/home/azureuser/yas/evomaster-config/runtime-logs/methods/rating/customer/EvoMaster_rating_customer_faults/test_10_postOnRatingsReturnsMismatchResponseWithSchema/run_stdout.log,/home/azureuser/yas/evomaster-config/runtime-logs/methods/rating/customer/EvoMaster_rating_customer_faults/test_10_postOnRatingsReturnsMismatchResponseWithSchema/run_stderr.log
rating,customer,EvoMaster_rating_customer_faults.java,EvoMaster_rating_customer_faults,test_11_deleteOnRateReturnsMismatchResponseWithSchema,False,1,403,/rating/backoffice/ratings/{id},DELETE,403,.statusCode(403) .assertThat(),2,".delete(baseUrlOfSut + ""/rating/backoffice/ratings/3516949777103153481"")",,".header(""Authorization"", ""Bearer eyJhbGciOiJSUzI1NiIsInR5cCIgOiAiSldUIiwia2lkIiA6ICJ5UnVxX2x3MGdHbXppekN6M183cmNYZXVWS24zaHpvQ21pVV9lT1B0Wm9vIn0.eyJleHAiOjE3Nzc1MjAzMjgsImlhdCI6MTc3NzUxNjcyOCwianRpIjoiMjI2N2M2OTUtMzZmNC00NzRmLTlkNGUtNGMzYTRmZTg5ODg5IiwiaXNzIjoiaHR0cDovL2lkZW50aXR5L3JlYWxtcy9ZYXMiLCJzdWIiOiIxNDhkMGZjNi1lYmZjLTQ0MjQtYjVmZC1hZjZjZGNlNTQxNDQiLCJ0eXAiOiJCZWFyZXIiLCJhenAiOiJiYWNrb2ZmaWNlLWJmZiIsInNpZCI6IjFlODY3ZGEwLTYxZjEtNGM1ZS1iNjU4LTgzMmQ5ZDg1NTg4MCIsInJlYWxtX2FjY2VzcyI6eyJyb2xlcyI6WyJkZWZhdWx0LXJvbGVzLXlhcyIsIm9mZmxpbmVfYWNjZXNzIiwiQ1VTVE9NRVIiLCJ1bWFfYXV0aG9yaXphdGlvbiJdfSwic2NvcGUiOiJlbWFpbCBwcm9maWxlIiwiZW1haWxfdmVyaWZpZWQiOmZhbHNlLCJwcmVmZXJyZWRfdXNlcm5hbWUiOiJ1c2VyIn0.fgTGRdL8SmYfv411A9jrQxF39pP5vZoJqxQpDJtxT_ObJultpBBwWtB-RNb1cCWFHQEbejGVp1-oQ1aaY0yPadiUj4qlly5wBQgCO8Liu7wRyBmOBYXjthS9ag0pl_b1Kzs9ULSKX14gNvApqhH3aTqOJ3d1zhm8ZocGHVC5ZzXigIy-JoYH7L800fTU8_fr18YDr6kgwiK1v5qUVuwKX7C3XEwFOF_C2KCngoFH67EXkCxQV4CqMpEqSyAVpiAlun3fk-BHktclwrnNOoZBbKtT-guVtesoT-I_vMQiCuLzXMBpvxxBYQykpIbctNw5BxtO7B9G32JdGW98fNaqVA"")",faults,/home/azureuser/yas/evomaster-config/generated-tests/blackbox/rating/customer/EvoMaster_rating_customer_faults.java,23,6,True,0,,0,0,,100.0,0,0,0,0,0,0,False,,/home/azureuser/yas/evomaster-config/runtime-logs/classes/rating/customer/EvoMaster_rating_customer_faults,/home/azureuser/yas/evomaster-config/runtime-logs/classes/rating/customer/EvoMaster_rating_customer_faults/compile.log,/home/azureuser/yas/evomaster-config/runtime-logs/classes/rating/customer/EvoMaster_rating_customer_faults/compile_stdout.log,/home/azureuser/yas/evomaster-config/runtime-logs/classes/rating/customer/EvoMaster_rating_customer_faults/compile_stderr.log,True,True,0,,0,False,13.09,11.52,155.9,Test passed (detected via Surefire XML),/home/azureuser/yas/evomaster-config/runtime-logs/methods/rating/customer/EvoMaster_rating_customer_faults/test_11_deleteOnRateReturnsMismatchResponseWithSchema,/home/azureuser/yas/evomaster-config/runtime-logs/methods/rating/customer/EvoMaster_rating_customer_faults/test_11_deleteOnRateReturnsMismatchResponseWithSchema/run.log,/home/azureuser/yas/evomaster-config/runtime-logs/methods/rating/customer/EvoMaster_rating_customer_faults/test_11_deleteOnRateReturnsMismatchResponseWithSchema/run_stdout.log,/home/azureuser/yas/evomaster-config/runtime-logs/methods/rating/customer/EvoMaster_rating_customer_faults/test_11_deleteOnRateReturnsMismatchResponseWithSchema/run_stderr.log
rating,customer,EvoMaster_rating_customer_faults.java,EvoMaster_rating_customer_faults,test_12_deleteOnRateReturnsMismatchResponseWithSchema,False,1,403,/rating/backoffice/ratings/{id},DELETE,403,.statusCode(403) .assertThat(),5,".delete(baseUrlOfSut + ""/rating/backoffice/ratings/519"")",,,faults,/home/azureuser/yas/evomaster-config/generated-tests/blackbox/rating/customer/EvoMaster_rating_customer_faults.java,23,6,True,0,,0,0,,100.0,0,0,0,0,0,0,False,,/home/azureuser/yas/evomaster-config/runtime-logs/classes/rating/customer/EvoMaster_rating_customer_faults,/home/azureuser/yas/evomaster-config/runtime-logs/classes/rating/customer/EvoMaster_rating_customer_faults/compile.log,/home/azureuser/yas/evomaster-config/runtime-logs/classes/rating/customer/EvoMaster_rating_customer_faults/compile_stdout.log,/home/azureuser/yas/evomaster-config/runtime-logs/classes/rating/customer/EvoMaster_rating_customer_faults/compile_stderr.log,True,True,0,,0,False,14.04,11.1,157.48,Test passed (detected via Surefire XML),/home/azureuser/yas/evomaster-config/runtime-logs/methods/rating/customer/EvoMaster_rating_customer_faults/test_12_deleteOnRateReturnsMismatchResponseWithSchema,/home/azureuser/yas/evomaster-config/runtime-logs/methods/rating/customer/EvoMaster_rating_customer_faults/test_12_deleteOnRateReturnsMismatchResponseWithSchema/run.log,/home/azureuser/yas/evomaster-config/runtime-logs/methods/rating/customer/EvoMaster_rating_customer_faults/test_12_deleteOnRateReturnsMismatchResponseWithSchema/run_stdout.log,/home/azureuser/yas/evomaster-config/runtime-logs/methods/rating/customer/EvoMaster_rating_customer_faults/test_12_deleteOnRateReturnsMismatchResponseWithSchema/run_stderr.log
rating,customer,EvoMaster_rating_customer_faults.java,EvoMaster_rating_customer_faults,test_13_getOnLatestReturnsMismatchResponseWithSchema,False,1,401,/rating/backoffice/ratings/latest/{count},GET,401,.statusCode(401) .assertThat(),2,".get(baseUrlOfSut + ""/rating/backoffice/ratings/latest/508"")",,,faults,/home/azureuser/yas/evomaster-config/generated-tests/blackbox/rating/customer/EvoMaster_rating_customer_faults.java,23,6,True,0,,0,0,,100.0,0,0,0,0,0,0,False,,/home/azureuser/yas/evomaster-config/runtime-logs/classes/rating/customer/EvoMaster_rating_customer_faults,/home/azureuser/yas/evomaster-config/runtime-logs/classes/rating/customer/EvoMaster_rating_customer_faults/compile.log,/home/azureuser/yas/evomaster-config/runtime-logs/classes/rating/customer/EvoMaster_rating_customer_faults/compile_stdout.log,/home/azureuser/yas/evomaster-config/runtime-logs/classes/rating/customer/EvoMaster_rating_customer_faults/compile_stderr.log,True,True,0,,0,False,13.04,12.02,176.97,Test passed (detected via Surefire XML),/home/azureuser/yas/evomaster-config/runtime-logs/methods/rating/customer/EvoMaster_rating_customer_faults/test_13_getOnLatestReturnsMismatchResponseWithSchema,/home/azureuser/yas/evomaster-config/runtime-logs/methods/rating/customer/EvoMaster_rating_customer_faults/test_13_getOnLatestReturnsMismatchResponseWithSchema/run.log,/home/azureuser/yas/evomaster-config/runtime-logs/methods/rating/customer/EvoMaster_rating_customer_faults/test_13_getOnLatestReturnsMismatchResponseWithSchema/run_stdout.log,/home/azureuser/yas/evomaster-config/runtime-logs/methods/rating/customer/EvoMaster_rating_customer_faults/test_13_getOnLatestReturnsMismatchResponseWithSchema/run_stderr.log
rating,customer,EvoMaster_rating_customer_faults.java,EvoMaster_rating_customer_faults,test_14_getOnLatestReturnsMismatchResponseWithSchema,False,1,403,/rating/backoffice/ratings/latest/{count},GET,403,.statusCode(403) .assertThat(),2,".get(baseUrlOfSut + ""/rating/backoffice/ratings/latest/567"")",,".header(""Authorization"", ""Bearer eyJhbGciOiJSUzI1NiIsInR5cCIgOiAiSldUIiwia2lkIiA6ICJ5UnVxX2x3MGdHbXppekN6M183cmNYZXVWS24zaHpvQ21pVV9lT1B0Wm9vIn0.eyJleHAiOjE3Nzc1MjAzMjgsImlhdCI6MTc3NzUxNjcyOCwianRpIjoiMjI2N2M2OTUtMzZmNC00NzRmLTlkNGUtNGMzYTRmZTg5ODg5IiwiaXNzIjoiaHR0cDovL2lkZW50aXR5L3JlYWxtcy9ZYXMiLCJzdWIiOiIxNDhkMGZjNi1lYmZjLTQ0MjQtYjVmZC1hZjZjZGNlNTQxNDQiLCJ0eXAiOiJCZWFyZXIiLCJhenAiOiJiYWNrb2ZmaWNlLWJmZiIsInNpZCI6IjFlODY3ZGEwLTYxZjEtNGM1ZS1iNjU4LTgzMmQ5ZDg1NTg4MCIsInJlYWxtX2FjY2VzcyI6eyJyb2xlcyI6WyJkZWZhdWx0LXJvbGVzLXlhcyIsIm9mZmxpbmVfYWNjZXNzIiwiQ1VTVE9NRVIiLCJ1bWFfYXV0aG9yaXphdGlvbiJdfSwic2NvcGUiOiJlbWFpbCBwcm9maWxlIiwiZW1haWxfdmVyaWZpZWQiOmZhbHNlLCJwcmVmZXJyZWRfdXNlcm5hbWUiOiJ1c2VyIn0.fgTGRdL8SmYfv411A9jrQxF39pP5vZoJqxQpDJtxT_ObJultpBBwWtB-RNb1cCWFHQEbejGVp1-oQ1aaY0yPadiUj4qlly5wBQgCO8Liu7wRyBmOBYXjthS9ag0pl_b1Kzs9ULSKX14gNvApqhH3aTqOJ3d1zhm8ZocGHVC5ZzXigIy-JoYH7L800fTU8_fr18YDr6kgwiK1v5qUVuwKX7C3XEwFOF_C2KCngoFH67EXkCxQV4CqMpEqSyAVpiAlun3fk-BHktclwrnNOoZBbKtT-guVtesoT-I_vMQiCuLzXMBpvxxBYQykpIbctNw5BxtO7B9G32JdGW98fNaqVA"")",faults,/home/azureuser/yas/evomaster-config/generated-tests/blackbox/rating/customer/EvoMaster_rating_customer_faults.java,23,6,True,0,,0,0,,100.0,0,0,0,0,0,0,False,,/home/azureuser/yas/evomaster-config/runtime-logs/classes/rating/customer/EvoMaster_rating_customer_faults,/home/azureuser/yas/evomaster-config/runtime-logs/classes/rating/customer/EvoMaster_rating_customer_faults/compile.log,/home/azureuser/yas/evomaster-config/runtime-logs/classes/rating/customer/EvoMaster_rating_customer_faults/compile_stdout.log,/home/azureuser/yas/evomaster-config/runtime-logs/classes/rating/customer/EvoMaster_rating_customer_faults/compile_stderr.log,True,True,0,,0,False,13.04,11.71,155.91,Test passed (detected via Surefire XML),/home/azureuser/yas/evomaster-config/runtime-logs/methods/rating/customer/EvoMaster_rating_customer_faults/test_14_getOnLatestReturnsMismatchResponseWithSchema,/home/azureuser/yas/evomaster-config/runtime-logs/methods/rating/customer/EvoMaster_rating_customer_faults/test_14_getOnLatestReturnsMismatchResponseWithSchema/run.log,/home/azureuser/yas/evomaster-config/runtime-logs/methods/rating/customer/EvoMaster_rating_customer_faults/test_14_getOnLatestReturnsMismatchResponseWithSchema/run_stdout.log,/home/azureuser/yas/evomaster-config/runtime-logs/methods/rating/customer/EvoMaster_rating_customer_faults/test_14_getOnLatestReturnsMismatchResponseWithSchema/run_stderr.log
rating,none,EvoMaster_rating_none_faults.java,EvoMaster_rating_none_faults,test_7_postOnRatingsReturnsMismatchResponseWithSchema,False,1,403,/rating/storefront/ratings,POST,403,.statusCode(403) .assertThat(),5,".post(baseUrlOfSut + ""/rating/storefront/ratings"")",".body("" { "" + 
                    "" \""star\"" : 915 "" + 
                    "" } "")",,faults,/home/azureuser/yas/evomaster-config/generated-tests/blackbox/rating/none/EvoMaster_rating_none_faults.java,23,6,True,0,,0,0,,100.0,0,0,0,0,0,0,False,,/home/azureuser/yas/evomaster-config/runtime-logs/classes/rating/none/EvoMaster_rating_none_faults,/home/azureuser/yas/evomaster-config/runtime-logs/classes/rating/none/EvoMaster_rating_none_faults/compile.log,/home/azureuser/yas/evomaster-config/runtime-logs/classes/rating/none/EvoMaster_rating_none_faults/compile_stdout.log,/home/azureuser/yas/evomaster-config/runtime-logs/classes/rating/none/EvoMaster_rating_none_faults/compile_stderr.log,True,True,0,,0,False,14.04,11.14,154.85,Test passed (detected via Surefire XML),/home/azureuser/yas/evomaster-config/runtime-logs/methods/rating/none/EvoMaster_rating_none_faults/test_7_postOnRatingsReturnsMismatchResponseWithSchema,/home/azureuser/yas/evomaster-config/runtime-logs/methods/rating/none/EvoMaster_rating_none_faults/test_7_postOnRatingsReturnsMismatchResponseWithSchema/run.log,/home/azureuser/yas/evomaster-config/runtime-logs/methods/rating/none/EvoMaster_rating_none_faults/test_7_postOnRatingsReturnsMismatchResponseWithSchema/run_stdout.log,/home/azureuser/yas/evomaster-config/runtime-logs/methods/rating/none/EvoMaster_rating_none_faults/test_7_postOnRatingsReturnsMismatchResponseWithSchema/run_stderr.log
rating,none,EvoMaster_rating_none_faults.java,EvoMaster_rating_none_faults,test_8_deleteOnRateReturnsMismatchResponseWithSchema,False,1,403,/rating/backoffice/ratings/{id},DELETE,403,.statusCode(403) .assertThat(),5,".delete(baseUrlOfSut + ""/rating/backoffice/ratings/422"")",,,faults,/home/azureuser/yas/evomaster-config/generated-tests/blackbox/rating/none/EvoMaster_rating_none_faults.java,23,6,True,0,,0,0,,100.0,0,0,0,0,0,0,False,,/home/azureuser/yas/evomaster-config/runtime-logs/classes/rating/none/EvoMaster_rating_none_faults,/home/azureuser/yas/evomaster-config/runtime-logs/classes/rating/none/EvoMaster_rating_none_faults/compile.log,/home/azureuser/yas/evomaster-config/runtime-logs/classes/rating/none/EvoMaster_rating_none_faults/compile_stdout.log,/home/azureuser/yas/evomaster-config/runtime-logs/classes/rating/none/EvoMaster_rating_none_faults/compile_stderr.log,True,True,0,,0,False,14.05,11.47,155.53,Test passed (detected via Surefire XML),/home/azureuser/yas/evomaster-config/runtime-logs/methods/rating/none/EvoMaster_rating_none_faults/test_8_deleteOnRateReturnsMismatchResponseWithSchema,/home/azureuser/yas/evomaster-config/runtime-logs/methods/rating/none/EvoMaster_rating_none_faults/test_8_deleteOnRateReturnsMismatchResponseWithSchema/run.log,/home/azureuser/yas/evomaster-config/runtime-logs/methods/rating/none/EvoMaster_rating_none_faults/test_8_deleteOnRateReturnsMismatchResponseWithSchema/run_stdout.log,/home/azureuser/yas/evomaster-config/runtime-logs/methods/rating/none/EvoMaster_rating_none_faults/test_8_deleteOnRateReturnsMismatchResponseWithSchema/run_stderr.log
rating,none,EvoMaster_rating_none_faults.java,EvoMaster_rating_none_faults,test_9_getOnLatestReturnsMismatchResponseWithSchema,False,1,401,/rating/backoffice/ratings/latest/{count},GET,401,.statusCode(401) .assertThat(),2,".get(baseUrlOfSut + ""/rating/backoffice/ratings/latest/437"")",,,faults,/home/azureuser/yas/evomaster-config/generated-tests/blackbox/rating/none/EvoMaster_rating_none_faults.java,23,6,True,0,,0,0,,100.0,0,0,0,0,0,0,False,,/home/azureuser/yas/evomaster-config/runtime-logs/classes/rating/none/EvoMaster_rating_none_faults,/home/azureuser/yas/evomaster-config/runtime-logs/classes/rating/none/EvoMaster_rating_none_faults/compile.log,/home/azureuser/yas/evomaster-config/runtime-logs/classes/rating/none/EvoMaster_rating_none_faults/compile_stdout.log,/home/azureuser/yas/evomaster-config/runtime-logs/classes/rating/none/EvoMaster_rating_none_faults/compile_stderr.log,True,True,0,,0,False,13.04,11.63,160.12,Test passed (detected via Surefire XML),/home/azureuser/yas/evomaster-config/runtime-logs/methods/rating/none/EvoMaster_rating_none_faults/test_9_getOnLatestReturnsMismatchResponseWithSchema,/home/azureuser/yas/evomaster-config/runtime-logs/methods/rating/none/EvoMaster_rating_none_faults/test_9_getOnLatestReturnsMismatchResponseWithSchema/run.log,/home/azureuser/yas/evomaster-config/runtime-logs/methods/rating/none/EvoMaster_rating_none_faults/test_9_getOnLatestReturnsMismatchResponseWithSchema/run_stdout.log,/home/azureuser/yas/evomaster-config/runtime-logs/methods/rating/none/EvoMaster_rating_none_faults/test_9_getOnLatestReturnsMismatchResponseWithSchema/run_stderr.log
sampledata,admin_only,EvoMaster_sampledata_admin_only_faults.java,EvoMaster_sampledata_admin_only_faults,test_0_postOnSampledataReturnsMismatchResponseWithSchema,False,1,200,/sampledata/storefront/sampledata,POST,200,.statusCode(200) .assertThat(),3,".post(baseUrlOfSut + ""/sampledata/storefront/sampledata"")",".body("" { "" + 
                    "" \""message\"" : \""kvMG91nqtm42\"" "" + 
                    "" } "")",".header(""Authorization"", ""Bearer eyJhbGciOiJSUzI1NiIsInR5cCIgOiAiSldUIiwia2lkIiA6ICJ5UnVxX2x3MGdHbXppekN6M183cmNYZXVWS24zaHpvQ21pVV9lT1B0Wm9vIn0.eyJleHAiOjE3Nzc1MjAzNDksImlhdCI6MTc3NzUxNjc0OSwianRpIjoiNDU1MzkwYjUtYTljZi00MDQzLThiODctZmUyZjE4MWYxNWZlIiwiaXNzIjoiaHR0cDovL2lkZW50aXR5L3JlYWxtcy9ZYXMiLCJzdWIiOiJmMjNmMjQ4Ni1lOWVmLTQ3NGMtYjdlZS1hYjkwNzNlNDliOTkiLCJ0eXAiOiJCZWFyZXIiLCJhenAiOiJiYWNrb2ZmaWNlLWJmZiIsInNpZCI6ImYzY2I0MmM4LTQzNGUtNDQ2MC1hZDQyLWZjZDI5ZDViZjJhNSIsInJlYWxtX2FjY2VzcyI6eyJyb2xlcyI6WyJBRE1JTiJdfSwic2NvcGUiOiJlbWFpbCBwcm9maWxlIiwiZW1haWxfdmVyaWZpZWQiOmZhbHNlLCJwcmVmZXJyZWRfdXNlcm5hbWUiOiJhZG1pbl9vbmx5In0.hURWrHrD7yrmVBjNManxk70QLYZMSiGrlwa4ygjROvsvwPdjhamyKyyNue2iV_RcmMbXqeBUZhjhbNLbt0MYGkdRFGVr_tJo7T_2fYypf1zL-v1AAv0Iyr4Nad9p8Lc-q9xAMh3-dpx9eZkYMmVtn-m7jz5Y5slwkrdbNlV-RbK8zmTzxuSNO91pAHDG9h9uaaOU_1J4uSrqJT8Jhp33e4sZFf7uAL3jkXa2ltKwA6z2fzMwt5zZVBYWluDhogno2RcaFovPr2oJQvLJA3-6nK0uJXzehPvCkLDYI4hGkcN39dvr5yHal8mfXXZBvLfyRA7umo40GUJIfQVX-Yhe7g"")",faults,/home/azureuser/yas/evomaster-config/generated-tests/blackbox/sampledata/admin_only/EvoMaster_sampledata_admin_only_faults.java,23,6,True,0,,0,0,,100.0,0,0,0,0,0,0,False,,/home/azureuser/yas/evomaster-config/runtime-logs/classes/sampledata/admin_only/EvoMaster_sampledata_admin_only_faults,/home/azureuser/yas/evomaster-config/runtime-logs/classes/sampledata/admin_only/EvoMaster_sampledata_admin_only_faults/compile.log,/home/azureuser/yas/evomaster-config/runtime-logs/classes/sampledata/admin_only/EvoMaster_sampledata_admin_only_faults/compile_stdout.log,/home/azureuser/yas/evomaster-config/runtime-logs/classes/sampledata/admin_only/EvoMaster_sampledata_admin_only_faults/compile_stderr.log,True,True,0,,0,False,19.63,11.72,154.13,Test passed (detected via Surefire XML),/home/azureuser/yas/evomaster-config/runtime-logs/methods/sampledata/admin_only/EvoMaster_sampledata_admin_only_faults/test_0_postOnSampledataReturnsMismatchResponseWithSchema,/home/azureuser/yas/evomaster-config/runtime-logs/methods/sampledata/admin_only/EvoMaster_sampledata_admin_only_faults/test_0_postOnSampledataReturnsMismatchResponseWithSchema/run.log,/home/azureuser/yas/evomaster-config/runtime-logs/methods/sampledata/admin_only/EvoMaster_sampledata_admin_only_faults/test_0_postOnSampledataReturnsMismatchResponseWithSchema/run_stdout.log,/home/azureuser/yas/evomaster-config/runtime-logs/methods/sampledata/admin_only/EvoMaster_sampledata_admin_only_faults/test_0_postOnSampledataReturnsMismatchResponseWithSchema/run_stderr.log
sampledata,admin_only,EvoMaster_sampledata_admin_only_faults.java,EvoMaster_sampledata_admin_only_faults,test_1_postOnSampledataReturnsMismatchResponseWithSchema,False,1,200,/sampledata/storefront/sampledata,POST,200,.statusCode(200) .assertThat(),3,".post(baseUrlOfSut + ""/sampledata/storefront/sampledata"")",".body("" { "" + 
                    "" \""message\"" : \""dhBsu_1HiIlIS\"" "" + 
                    "" } "")",,faults,/home/azureuser/yas/evomaster-config/generated-tests/blackbox/sampledata/admin_only/EvoMaster_sampledata_admin_only_faults.java,23,6,True,0,,0,0,,100.0,0,0,0,0,0,0,False,,/home/azureuser/yas/evomaster-config/runtime-logs/classes/sampledata/admin_only/EvoMaster_sampledata_admin_only_faults,/home/azureuser/yas/evomaster-config/runtime-logs/classes/sampledata/admin_only/EvoMaster_sampledata_admin_only_faults/compile.log,/home/azureuser/yas/evomaster-config/runtime-logs/classes/sampledata/admin_only/EvoMaster_sampledata_admin_only_faults/compile_stdout.log,/home/azureuser/yas/evomaster-config/runtime-logs/classes/sampledata/admin_only/EvoMaster_sampledata_admin_only_faults/compile_stderr.log,True,True,0,,0,False,14.55,11.06,156.63,Test passed (detected via Surefire XML),/home/azureuser/yas/evomaster-config/runtime-logs/methods/sampledata/admin_only/EvoMaster_sampledata_admin_only_faults/test_1_postOnSampledataReturnsMismatchResponseWithSchema,/home/azureuser/yas/evomaster-config/runtime-logs/methods/sampledata/admin_only/EvoMaster_sampledata_admin_only_faults/test_1_postOnSampledataReturnsMismatchResponseWithSchema/run.log,/home/azureuser/yas/evomaster-config/runtime-logs/methods/sampledata/admin_only/EvoMaster_sampledata_admin_only_faults/test_1_postOnSampledataReturnsMismatchResponseWithSchema/run_stdout.log,/home/azureuser/yas/evomaster-config/runtime-logs/methods/sampledata/admin_only/EvoMaster_sampledata_admin_only_faults/test_1_postOnSampledataReturnsMismatchResponseWithSchema/run_stderr.log
sampledata,customer,EvoMaster_sampledata_customer_faults.java,EvoMaster_sampledata_customer_faults,test_0_postOnSampledataReturnsMismatchResponseWithSchema,False,1,200,/sampledata/storefront/sampledata,POST,200,.statusCode(200) .assertThat(),3,".post(baseUrlOfSut + ""/sampledata/storefront/sampledata"")",".body("" { "" + 
                    "" \""message\"" : \""\"" "" + 
                    "" } "")",".header(""Authorization"", ""Bearer eyJhbGciOiJSUzI1NiIsInR5cCIgOiAiSldUIiwia2lkIiA6ICJ5UnVxX2x3MGdHbXppekN6M183cmNYZXVWS24zaHpvQ21pVV9lT1B0Wm9vIn0.eyJleHAiOjE3Nzc1MjAzMjgsImlhdCI6MTc3NzUxNjcyOCwianRpIjoiMjI2N2M2OTUtMzZmNC00NzRmLTlkNGUtNGMzYTRmZTg5ODg5IiwiaXNzIjoiaHR0cDovL2lkZW50aXR5L3JlYWxtcy9ZYXMiLCJzdWIiOiIxNDhkMGZjNi1lYmZjLTQ0MjQtYjVmZC1hZjZjZGNlNTQxNDQiLCJ0eXAiOiJCZWFyZXIiLCJhenAiOiJiYWNrb2ZmaWNlLWJmZiIsInNpZCI6IjFlODY3ZGEwLTYxZjEtNGM1ZS1iNjU4LTgzMmQ5ZDg1NTg4MCIsInJlYWxtX2FjY2VzcyI6eyJyb2xlcyI6WyJkZWZhdWx0LXJvbGVzLXlhcyIsIm9mZmxpbmVfYWNjZXNzIiwiQ1VTVE9NRVIiLCJ1bWFfYXV0aG9yaXphdGlvbiJdfSwic2NvcGUiOiJlbWFpbCBwcm9maWxlIiwiZW1haWxfdmVyaWZpZWQiOmZhbHNlLCJwcmVmZXJyZWRfdXNlcm5hbWUiOiJ1c2VyIn0.fgTGRdL8SmYfv411A9jrQxF39pP5vZoJqxQpDJtxT_ObJultpBBwWtB-RNb1cCWFHQEbejGVp1-oQ1aaY0yPadiUj4qlly5wBQgCO8Liu7wRyBmOBYXjthS9ag0pl_b1Kzs9ULSKX14gNvApqhH3aTqOJ3d1zhm8ZocGHVC5ZzXigIy-JoYH7L800fTU8_fr18YDr6kgwiK1v5qUVuwKX7C3XEwFOF_C2KCngoFH67EXkCxQV4CqMpEqSyAVpiAlun3fk-BHktclwrnNOoZBbKtT-guVtesoT-I_vMQiCuLzXMBpvxxBYQykpIbctNw5BxtO7B9G32JdGW98fNaqVA"")",faults,/home/azureuser/yas/evomaster-config/generated-tests/blackbox/sampledata/customer/EvoMaster_sampledata_customer_faults.java,23,6,True,0,,0,0,,100.0,0,0,0,0,0,0,False,,/home/azureuser/yas/evomaster-config/runtime-logs/classes/sampledata/customer/EvoMaster_sampledata_customer_faults,/home/azureuser/yas/evomaster-config/runtime-logs/classes/sampledata/customer/EvoMaster_sampledata_customer_faults/compile.log,/home/azureuser/yas/evomaster-config/runtime-logs/classes/sampledata/customer/EvoMaster_sampledata_customer_faults/compile_stdout.log,/home/azureuser/yas/evomaster-config/runtime-logs/classes/sampledata/customer/EvoMaster_sampledata_customer_faults/compile_stderr.log,True,True,0,,0,False,15.05,11.64,154.59,Test passed (detected via Surefire XML),/home/azureuser/yas/evomaster-config/runtime-logs/methods/sampledata/customer/EvoMaster_sampledata_customer_faults/test_0_postOnSampledataReturnsMismatchResponseWithSchema,/home/azureuser/yas/evomaster-config/runtime-logs/methods/sampledata/customer/EvoMaster_sampledata_customer_faults/test_0_postOnSampledataReturnsMismatchResponseWithSchema/run.log,/home/azureuser/yas/evomaster-config/runtime-logs/methods/sampledata/customer/EvoMaster_sampledata_customer_faults/test_0_postOnSampledataReturnsMismatchResponseWithSchema/run_stdout.log,/home/azureuser/yas/evomaster-config/runtime-logs/methods/sampledata/customer/EvoMaster_sampledata_customer_faults/test_0_postOnSampledataReturnsMismatchResponseWithSchema/run_stderr.log
sampledata,customer,EvoMaster_sampledata_customer_faults.java,EvoMaster_sampledata_customer_faults,test_1_postOnSampledataReturnsMismatchResponseWithSchema,False,1,200,/sampledata/storefront/sampledata,POST,200,.statusCode(200) .assertThat(),3,".post(baseUrlOfSut + ""/sampledata/storefront/sampledata"")",".body("" { } "")",,faults,/home/azureuser/yas/evomaster-config/generated-tests/blackbox/sampledata/customer/EvoMaster_sampledata_customer_faults.java,23,6,True,0,,0,0,,100.0,0,0,0,0,0,0,False,,/home/azureuser/yas/evomaster-config/runtime-logs/classes/sampledata/customer/EvoMaster_sampledata_customer_faults,/home/azureuser/yas/evomaster-config/runtime-logs/classes/sampledata/customer/EvoMaster_sampledata_customer_faults/compile.log,/home/azureuser/yas/evomaster-config/runtime-logs/classes/sampledata/customer/EvoMaster_sampledata_customer_faults/compile_stdout.log,/home/azureuser/yas/evomaster-config/runtime-logs/classes/sampledata/customer/EvoMaster_sampledata_customer_faults/compile_stderr.log,True,True,0,,0,False,14.56,11.54,159.01,Test passed (detected via Surefire XML),/home/azureuser/yas/evomaster-config/runtime-logs/methods/sampledata/customer/EvoMaster_sampledata_customer_faults/test_1_postOnSampledataReturnsMismatchResponseWithSchema,/home/azureuser/yas/evomaster-config/runtime-logs/methods/sampledata/customer/EvoMaster_sampledata_customer_faults/test_1_postOnSampledataReturnsMismatchResponseWithSchema/run.log,/home/azureuser/yas/evomaster-config/runtime-logs/methods/sampledata/customer/EvoMaster_sampledata_customer_faults/test_1_postOnSampledataReturnsMismatchResponseWithSchema/run_stdout.log,/home/azureuser/yas/evomaster-config/runtime-logs/methods/sampledata/customer/EvoMaster_sampledata_customer_faults/test_1_postOnSampledataReturnsMismatchResponseWithSchema/run_stderr.log
sampledata,none,EvoMaster_sampledata_none_faults.java,EvoMaster_sampledata_none_faults,test_0_postOnSampledataReturnsMismatchResponseWithSchema,False,1,200,/sampledata/storefront/sampledata,POST,200,.statusCode(200) .assertThat(),3,".post(baseUrlOfSut + ""/sampledata/storefront/sampledata"")",".body("" { "" + 
                    "" \""message\"" : \""t9q3yTeaOU\"" "" + 
                    "" } "")",,faults,/home/azureuser/yas/evomaster-config/generated-tests/blackbox/sampledata/none/EvoMaster_sampledata_none_faults.java,23,6,True,0,,0,0,,100.0,0,0,0,0,0,0,False,,/home/azureuser/yas/evomaster-config/runtime-logs/classes/sampledata/none/EvoMaster_sampledata_none_faults,/home/azureuser/yas/evomaster-config/runtime-logs/classes/sampledata/none/EvoMaster_sampledata_none_faults/compile.log,/home/azureuser/yas/evomaster-config/runtime-logs/classes/sampledata/none/EvoMaster_sampledata_none_faults/compile_stdout.log,/home/azureuser/yas/evomaster-config/runtime-logs/classes/sampledata/none/EvoMaster_sampledata_none_faults/compile_stderr.log,True,True,0,,0,False,14.55,11.33,153.12,Test passed (detected via Surefire XML),/home/azureuser/yas/evomaster-config/runtime-logs/methods/sampledata/none/EvoMaster_sampledata_none_faults/test_0_postOnSampledataReturnsMismatchResponseWithSchema,/home/azureuser/yas/evomaster-config/runtime-logs/methods/sampledata/none/EvoMaster_sampledata_none_faults/test_0_postOnSampledataReturnsMismatchResponseWithSchema/run.log,/home/azureuser/yas/evomaster-config/runtime-logs/methods/sampledata/none/EvoMaster_sampledata_none_faults/test_0_postOnSampledataReturnsMismatchResponseWithSchema/run_stdout.log,/home/azureuser/yas/evomaster-config/runtime-logs/methods/sampledata/none/EvoMaster_sampledata_none_faults/test_0_postOnSampledataReturnsMismatchResponseWithSchema/run_stderr.log
