service,profile,file,class,test_method,is_complex_method,call_index,call_expected_status_code,endpoint,http,asserted_code,asserts_the_expected_HTTP_status_codes?,assert_count,missing_url_parameter_values,missing_request_body,credentials_header,file_type,file_path,imports_count,wildcard_imports,compiled,compile_error_count,compile_error_types,missing_imports,incorrect_imports,unused_imports,dependency_availability_pct,syntax_errors,type_errors,undefined_variables,type_annotation_errors,generic_type_misuses,compile_exit_code,compile_timeout,compile_error_summary,class_log_dir,compile_log_path,compile_stdout_log_path,compile_stderr_log_path,runs,run_detected,runtime_error_count,runtime_error_types,run_exit_code,run_timeout,execution_seconds,cpu_seconds,peak_working_set_mb,run_error_summary,method_log_dir,run_log_path,run_stdout_log_path,run_stderr_log_path
cart,admin_only,EvoMaster_cart_admin_only_faults.java,EvoMaster_cart_admin_only_faults,test_1_getOnItemsReturnsMismatchResponseWithSchema,False,1,403,/cart/storefront/cart/items,GET,403,.statusCode(403) .assertThat(),6,".get(baseUrlOfSut + ""/cart/storefront/cart/items"")",,,faults,/home/azureuser/yas/evomaster-config/generated-tests/blackbox/cart/admin_only/EvoMaster_cart_admin_only_faults.java,21,6,True,0,,0,0,,100.0,0,0,0,0,0,0,False,,/home/azureuser/yas/evomaster-config/runtime-logs/classes/cart/admin_only/EvoMaster_cart_admin_only_faults,/home/azureuser/yas/evomaster-config/runtime-logs/classes/cart/admin_only/EvoMaster_cart_admin_only_faults/compile.log,/home/azureuser/yas/evomaster-config/runtime-logs/classes/cart/admin_only/EvoMaster_cart_admin_only_faults/compile_stdout.log,/home/azureuser/yas/evomaster-config/runtime-logs/classes/cart/admin_only/EvoMaster_cart_admin_only_faults/compile_stderr.log,True,True,0,,0,False,10.03,6.64,160.53,,/home/azureuser/yas/evomaster-config/runtime-logs/methods/cart/admin_only/EvoMaster_cart_admin_only_faults/test_1_getOnItemsReturnsMismatchResponseWithSchema,/home/azureuser/yas/evomaster-config/runtime-logs/methods/cart/admin_only/EvoMaster_cart_admin_only_faults/test_1_getOnItemsReturnsMismatchResponseWithSchema/run.log,/home/azureuser/yas/evomaster-config/runtime-logs/methods/cart/admin_only/EvoMaster_cart_admin_only_faults/test_1_getOnItemsReturnsMismatchResponseWithSchema/run_stdout.log,/home/azureuser/yas/evomaster-config/runtime-logs/methods/cart/admin_only/EvoMaster_cart_admin_only_faults/test_1_getOnItemsReturnsMismatchResponseWithSchema/run_stderr.log
cart,admin_only,EvoMaster_cart_admin_only_successes.java,EvoMaster_cart_admin_only_successes,test_0_getOnItemsReturns3Elements,False,1,200,/cart/storefront/cart/items,GET,200,.statusCode(200) .assertThat(),12,".get(baseUrlOfSut + ""/cart/storefront/cart/items"")",,".header(""Authorization"", ""Bearer eyJhbGciOiJSUzI1NiIsInR5cCIgOiAiSldUIiwia2lkIiA6ICJLcTh2dHJEazBLOGpLX1c5NWJreTFKaTN5RzRSMy1oUmc1dzY3NDVkZ3RRIn0.eyJleHAiOjE3Nzg0MTcwNjMsImlhdCI6MTc3ODQxNjc2MywianRpIjoiNGQ5YzRjZTgtMGNkMS00YzE0LTk1YWYtNjI4NTkzZTc1MmI5IiwiaXNzIjoiaHR0cDovL2lkZW50aXR5L3JlYWxtcy9ZYXMiLCJzdWIiOiI0ZjY0ZmNiYy1jMTVhLTQzMGYtYTJiOC1jZWE0NmEyODQyMWEiLCJ0eXAiOiJCZWFyZXIiLCJhenAiOiJiYWNrb2ZmaWNlLWJmZiIsInNpZCI6ImU1ODkyZjJjLTk5MWItNDJjNy1hNDYwLTA2MzcyMzNlOTE3MyIsInJlYWxtX2FjY2VzcyI6eyJyb2xlcyI6WyJBRE1JTiJdfSwic2NvcGUiOiJlbWFpbCBwcm9maWxlIiwiZW1haWxfdmVyaWZpZWQiOmZhbHNlLCJwcmVmZXJyZWRfdXNlcm5hbWUiOiJhZG1pbl9vbmx5In0.Mp5TBvovlXUTl73CP_I3-VV76Ho7mDDKEuL6iC1eWuCMjpsjdlquf9uS3jPydUWNb0whtFxRxcvaqildTIeI8-7je7BzqDwCLZBgVUqjQIccQi33O3l8Ia1wN6Z_ZPHHGuZp0-oXx3fivUfPLmKkGGOcQTVE0KY81VD4oAPIEU9o_OYK6sic8AYDkH1JTNdsuZ_B7pnjSToOw75U9Z6ZtNMIL8xOPUwhZiHmm8RB13u1SDqFhuLJ1nZcQ_a0cEkt7Vj4tiAbtXlfPL57P0oRh9VLvETIH9_iORbu5c-NiPPA4iehmdsfYzyxmYxNkvdmtt7VkltK8foOv8zJryio-w"")",successes,/home/azureuser/yas/evomaster-config/generated-tests/blackbox/cart/admin_only/EvoMaster_cart_admin_only_successes.java,21,6,True,0,,0,0,,100.0,0,0,0,0,0,0,False,,/home/azureuser/yas/evomaster-config/runtime-logs/classes/cart/admin_only/EvoMaster_cart_admin_only_successes,/home/azureuser/yas/evomaster-config/runtime-logs/classes/cart/admin_only/EvoMaster_cart_admin_only_successes/compile.log,/home/azureuser/yas/evomaster-config/runtime-logs/classes/cart/admin_only/EvoMaster_cart_admin_only_successes/compile_stdout.log,/home/azureuser/yas/evomaster-config/runtime-logs/classes/cart/admin_only/EvoMaster_cart_admin_only_successes/compile_stderr.log,False,True,1,java.lang.AssertionError;test_failure,1,False,9.02,6.23,157.83,"Tests run: 1, Failures: 1, Errors: 0, Skipped: 0",/home/azureuser/yas/evomaster-config/runtime-logs/methods/cart/admin_only/EvoMaster_cart_admin_only_successes/test_0_getOnItemsReturns3Elements,/home/azureuser/yas/evomaster-config/runtime-logs/methods/cart/admin_only/EvoMaster_cart_admin_only_successes/test_0_getOnItemsReturns3Elements/run.log,/home/azureuser/yas/evomaster-config/runtime-logs/methods/cart/admin_only/EvoMaster_cart_admin_only_successes/test_0_getOnItemsReturns3Elements/run_stdout.log,/home/azureuser/yas/evomaster-config/runtime-logs/methods/cart/admin_only/EvoMaster_cart_admin_only_successes/test_0_getOnItemsReturns3Elements/run_stderr.log
cart,customer,EvoMaster_cart_customer_faults.java,EvoMaster_cart_customer_faults,test_0_getOnItemsReturnsMismatchResponseWithSchema,False,1,403,/cart/storefront/cart/items,GET,403,.statusCode(403) .assertThat(),6,".get(baseUrlOfSut + ""/cart/storefront/cart/items"")",,,faults,/home/azureuser/yas/evomaster-config/generated-tests/blackbox/cart/customer/EvoMaster_cart_customer_faults.java,21,6,True,0,,0,0,,100.0,0,0,0,0,0,0,False,,/home/azureuser/yas/evomaster-config/runtime-logs/classes/cart/customer/EvoMaster_cart_customer_faults,/home/azureuser/yas/evomaster-config/runtime-logs/classes/cart/customer/EvoMaster_cart_customer_faults/compile.log,/home/azureuser/yas/evomaster-config/runtime-logs/classes/cart/customer/EvoMaster_cart_customer_faults/compile_stdout.log,/home/azureuser/yas/evomaster-config/runtime-logs/classes/cart/customer/EvoMaster_cart_customer_faults/compile_stderr.log,True,True,0,,0,False,8.52,6.68,184.75,,/home/azureuser/yas/evomaster-config/runtime-logs/methods/cart/customer/EvoMaster_cart_customer_faults/test_0_getOnItemsReturnsMismatchResponseWithSchema,/home/azureuser/yas/evomaster-config/runtime-logs/methods/cart/customer/EvoMaster_cart_customer_faults/test_0_getOnItemsReturnsMismatchResponseWithSchema/run.log,/home/azureuser/yas/evomaster-config/runtime-logs/methods/cart/customer/EvoMaster_cart_customer_faults/test_0_getOnItemsReturnsMismatchResponseWithSchema/run_stdout.log,/home/azureuser/yas/evomaster-config/runtime-logs/methods/cart/customer/EvoMaster_cart_customer_faults/test_0_getOnItemsReturnsMismatchResponseWithSchema/run_stderr.log
cart,customer,EvoMaster_cart_customer_successes.java,EvoMaster_cart_customer_successes,test_0_getOnItemsReturns2Elements,False,1,200,/cart/storefront/cart/items,GET,200,.statusCode(200) .assertThat(),9,".get(baseUrlOfSut + ""/cart/storefront/cart/items"")",,".header(""Authorization"", ""Bearer eyJhbGciOiJSUzI1NiIsInR5cCIgOiAiSldUIiwia2lkIiA6ICJLcTh2dHJEazBLOGpLX1c5NWJreTFKaTN5RzRSMy1oUmc1dzY3NDVkZ3RRIn0.eyJleHAiOjE3Nzg0MTcwNjQsImlhdCI6MTc3ODQxNjc2NCwianRpIjoiYWZhNDdjZGMtNjk5Ni00YWEyLWJkY2ItOGU3YWRmY2QyZTY5IiwiaXNzIjoiaHR0cDovL2lkZW50aXR5L3JlYWxtcy9ZYXMiLCJzdWIiOiI3MzdhNzgxZi01YzAxLTQ1ZWQtOGE4Yy0zOGQ1NjVjNGM2NTYiLCJ0eXAiOiJCZWFyZXIiLCJhenAiOiJiYWNrb2ZmaWNlLWJmZiIsInNpZCI6IjJhYjhhODdiLTczNzItNGRlMS04YzZkLWI5ZjJkMDgyY2FhMCIsInJlYWxtX2FjY2VzcyI6eyJyb2xlcyI6WyJkZWZhdWx0LXJvbGVzLXlhcyIsIm9mZmxpbmVfYWNjZXNzIiwiQ1VTVE9NRVIiLCJ1bWFfYXV0aG9yaXphdGlvbiJdfSwic2NvcGUiOiJlbWFpbCBwcm9maWxlIiwiZW1haWxfdmVyaWZpZWQiOmZhbHNlLCJwcmVmZXJyZWRfdXNlcm5hbWUiOiJ1c2VyIn0.xqioILj_XEtww3I7QL_CT7cu8Qkl_9gERzGbgf-j5_-a9iXmhGWruku7Iv5j7z8BtDGkfHQ8H8kOIqs0tiytQU6rVGcE9mBqcqaN1secxoKpNEyTrvDlqTe7YSv6WpGMwD9fFrR6HMsikdcsKMwxAuig39rol9Q0BkuMpoXW2x7krw_AZo-EC-BcK2hMH6KT8laxroPDWxMcUZ4z5hHcKKve3Q2SzxyW8PpH8WbMvsqjxAh8m6tzt0gK7uAvqqnhzupGg5ilP8z_012x6aqGXgT9SpjG3sjFYKRSvtaqjFg5kdNa-kUq2G4QIhOrJAx2YIcmwODCckrudfIRrKbjVw"")",successes,/home/azureuser/yas/evomaster-config/generated-tests/blackbox/cart/customer/EvoMaster_cart_customer_successes.java,21,6,True,0,,0,0,,100.0,0,0,0,0,0,0,False,,/home/azureuser/yas/evomaster-config/runtime-logs/classes/cart/customer/EvoMaster_cart_customer_successes,/home/azureuser/yas/evomaster-config/runtime-logs/classes/cart/customer/EvoMaster_cart_customer_successes/compile.log,/home/azureuser/yas/evomaster-config/runtime-logs/classes/cart/customer/EvoMaster_cart_customer_successes/compile_stdout.log,/home/azureuser/yas/evomaster-config/runtime-logs/classes/cart/customer/EvoMaster_cart_customer_successes/compile_stderr.log,False,True,1,java.lang.AssertionError;test_failure,1,False,8.53,6.64,167.8,"Tests run: 1, Failures: 1, Errors: 0, Skipped: 0",/home/azureuser/yas/evomaster-config/runtime-logs/methods/cart/customer/EvoMaster_cart_customer_successes/test_0_getOnItemsReturns2Elements,/home/azureuser/yas/evomaster-config/runtime-logs/methods/cart/customer/EvoMaster_cart_customer_successes/test_0_getOnItemsReturns2Elements/run.log,/home/azureuser/yas/evomaster-config/runtime-logs/methods/cart/customer/EvoMaster_cart_customer_successes/test_0_getOnItemsReturns2Elements/run_stdout.log,/home/azureuser/yas/evomaster-config/runtime-logs/methods/cart/customer/EvoMaster_cart_customer_successes/test_0_getOnItemsReturns2Elements/run_stderr.log
cart,none,EvoMaster_cart_none_faults.java,EvoMaster_cart_none_faults,test_0_getOnItemsReturnsMismatchResponseWithSchema,False,1,403,/cart/storefront/cart/items,GET,403,.statusCode(403) .assertThat(),6,".get(baseUrlOfSut + ""/cart/storefront/cart/items"")",,,faults,/home/azureuser/yas/evomaster-config/generated-tests/blackbox/cart/none/EvoMaster_cart_none_faults.java,21,6,True,0,,0,0,,100.0,0,0,0,0,0,0,False,,/home/azureuser/yas/evomaster-config/runtime-logs/classes/cart/none/EvoMaster_cart_none_faults,/home/azureuser/yas/evomaster-config/runtime-logs/classes/cart/none/EvoMaster_cart_none_faults/compile.log,/home/azureuser/yas/evomaster-config/runtime-logs/classes/cart/none/EvoMaster_cart_none_faults/compile_stdout.log,/home/azureuser/yas/evomaster-config/runtime-logs/classes/cart/none/EvoMaster_cart_none_faults/compile_stderr.log,True,True,0,,0,False,8.02,6.41,158.03,,/home/azureuser/yas/evomaster-config/runtime-logs/methods/cart/none/EvoMaster_cart_none_faults/test_0_getOnItemsReturnsMismatchResponseWithSchema,/home/azureuser/yas/evomaster-config/runtime-logs/methods/cart/none/EvoMaster_cart_none_faults/test_0_getOnItemsReturnsMismatchResponseWithSchema/run.log,/home/azureuser/yas/evomaster-config/runtime-logs/methods/cart/none/EvoMaster_cart_none_faults/test_0_getOnItemsReturnsMismatchResponseWithSchema/run_stdout.log,/home/azureuser/yas/evomaster-config/runtime-logs/methods/cart/none/EvoMaster_cart_none_faults/test_0_getOnItemsReturnsMismatchResponseWithSchema/run_stderr.log
cart,super_admin,EvoMaster_cart_super_admin_faults.java,EvoMaster_cart_super_admin_faults,test_0_getOnItemsReturnsMismatchResponseWithSchema,False,1,403,/cart/storefront/cart/items,GET,403,.statusCode(403) .assertThat(),6,".get(baseUrlOfSut + ""/cart/storefront/cart/items"")",,,faults,/home/azureuser/yas/evomaster-config/generated-tests/blackbox/cart/super_admin/EvoMaster_cart_super_admin_faults.java,21,6,True,0,,0,0,,100.0,0,0,0,0,0,0,False,,/home/azureuser/yas/evomaster-config/runtime-logs/classes/cart/super_admin/EvoMaster_cart_super_admin_faults,/home/azureuser/yas/evomaster-config/runtime-logs/classes/cart/super_admin/EvoMaster_cart_super_admin_faults/compile.log,/home/azureuser/yas/evomaster-config/runtime-logs/classes/cart/super_admin/EvoMaster_cart_super_admin_faults/compile_stdout.log,/home/azureuser/yas/evomaster-config/runtime-logs/classes/cart/super_admin/EvoMaster_cart_super_admin_faults/compile_stderr.log,True,True,0,,0,False,8.52,6.85,164.05,,/home/azureuser/yas/evomaster-config/runtime-logs/methods/cart/super_admin/EvoMaster_cart_super_admin_faults/test_0_getOnItemsReturnsMismatchResponseWithSchema,/home/azureuser/yas/evomaster-config/runtime-logs/methods/cart/super_admin/EvoMaster_cart_super_admin_faults/test_0_getOnItemsReturnsMismatchResponseWithSchema/run.log,/home/azureuser/yas/evomaster-config/runtime-logs/methods/cart/super_admin/EvoMaster_cart_super_admin_faults/test_0_getOnItemsReturnsMismatchResponseWithSchema/run_stdout.log,/home/azureuser/yas/evomaster-config/runtime-logs/methods/cart/super_admin/EvoMaster_cart_super_admin_faults/test_0_getOnItemsReturnsMismatchResponseWithSchema/run_stderr.log
cart,super_admin,EvoMaster_cart_super_admin_successes.java,EvoMaster_cart_super_admin_successes,test_0_getOnItemsReturns2Elements,False,1,200,/cart/storefront/cart/items,GET,200,.statusCode(200) .assertThat(),9,".get(baseUrlOfSut + ""/cart/storefront/cart/items"")",,".header(""Authorization"", ""Bearer eyJhbGciOiJSUzI1NiIsInR5cCIgOiAiSldUIiwia2lkIiA6ICJLcTh2dHJEazBLOGpLX1c5NWJreTFKaTN5RzRSMy1oUmc1dzY3NDVkZ3RRIn0.eyJleHAiOjE3Nzg0MTcwNjUsImlhdCI6MTc3ODQxNjc2NSwianRpIjoiMzM4NTllNmYtMmY4Ny00ZmZiLTk4MzQtOTk3NGJhNTRlMTI2IiwiaXNzIjoiaHR0cDovL2lkZW50aXR5L3JlYWxtcy9ZYXMiLCJzdWIiOiI4OGE3YzM0MS00YTMzLTQ2YTctODkyMS03M2U4YTI0MmE4NTIiLCJ0eXAiOiJCZWFyZXIiLCJhenAiOiJiYWNrb2ZmaWNlLWJmZiIsInNpZCI6IjNhYTU2YzJhLTQ4YjEtNGVlZi1iNzBhLTRlZTQ2MDVlMTkwNyIsInJlYWxtX2FjY2VzcyI6eyJyb2xlcyI6WyJTVVBFUi1BRE1JTiJdfSwic2NvcGUiOiJlbWFpbCBwcm9maWxlIiwiZW1haWxfdmVyaWZpZWQiOmZhbHNlLCJwcmVmZXJyZWRfdXNlcm5hbWUiOiJzdXBlcl9hZG1pbiJ9.LkNHNeD1vMPVaktCHqxhSy8YEwzV5RsKYxCQrMbTBXeOkqinc38KHWbVzDZor6cWS9_rHxh_SpKAIOLispz-xZBxfht3v1lk9F5ybj_09ZfFt3CIEwjaUHNbk4wY0dgtp7AEdLb1hv90geCWHXUJheA0rp_WPM3Si5IyXMg1-EBm2UM1K610_Q8f7D_qxw7mQoqhL8dsXZjN2-nMeYOuXvMsVBbuVo_8W7xohUUs6mE4Cl-zao9ZBm-ucUOTnRWU2tQ9N6wrriG5_Tp7BgMb5dScEZkWKE1gNLqeeZ8B_FDPQL_2gRpp-EG4_1QlTrU2UnDYe1BxVw9TNd4kL8c-bw"")",successes,/home/azureuser/yas/evomaster-config/generated-tests/blackbox/cart/super_admin/EvoMaster_cart_super_admin_successes.java,21,6,True,0,,0,0,,100.0,0,0,0,0,0,0,False,,/home/azureuser/yas/evomaster-config/runtime-logs/classes/cart/super_admin/EvoMaster_cart_super_admin_successes,/home/azureuser/yas/evomaster-config/runtime-logs/classes/cart/super_admin/EvoMaster_cart_super_admin_successes/compile.log,/home/azureuser/yas/evomaster-config/runtime-logs/classes/cart/super_admin/EvoMaster_cart_super_admin_successes/compile_stdout.log,/home/azureuser/yas/evomaster-config/runtime-logs/classes/cart/super_admin/EvoMaster_cart_super_admin_successes/compile_stderr.log,False,True,1,java.lang.AssertionError;test_failure,1,False,8.52,6.45,165.01,"Tests run: 1, Failures: 1, Errors: 0, Skipped: 0",/home/azureuser/yas/evomaster-config/runtime-logs/methods/cart/super_admin/EvoMaster_cart_super_admin_successes/test_0_getOnItemsReturns2Elements,/home/azureuser/yas/evomaster-config/runtime-logs/methods/cart/super_admin/EvoMaster_cart_super_admin_successes/test_0_getOnItemsReturns2Elements/run.log,/home/azureuser/yas/evomaster-config/runtime-logs/methods/cart/super_admin/EvoMaster_cart_super_admin_successes/test_0_getOnItemsReturns2Elements/run_stdout.log,/home/azureuser/yas/evomaster-config/runtime-logs/methods/cart/super_admin/EvoMaster_cart_super_admin_successes/test_0_getOnItemsReturns2Elements/run_stderr.log
cart,user,EvoMaster_cart_user_faults.java,EvoMaster_cart_user_faults,test_0_getOnItemsReturnsMismatchResponseWithSchema,False,1,403,/cart/storefront/cart/items,GET,403,.statusCode(403) .assertThat(),6,".get(baseUrlOfSut + ""/cart/storefront/cart/items"")",,,faults,/home/azureuser/yas/evomaster-config/generated-tests/blackbox/cart/user/EvoMaster_cart_user_faults.java,21,6,True,0,,0,0,,100.0,0,0,0,0,0,0,False,,/home/azureuser/yas/evomaster-config/runtime-logs/classes/cart/user/EvoMaster_cart_user_faults,/home/azureuser/yas/evomaster-config/runtime-logs/classes/cart/user/EvoMaster_cart_user_faults/compile.log,/home/azureuser/yas/evomaster-config/runtime-logs/classes/cart/user/EvoMaster_cart_user_faults/compile_stdout.log,/home/azureuser/yas/evomaster-config/runtime-logs/classes/cart/user/EvoMaster_cart_user_faults/compile_stderr.log,True,True,0,,0,False,8.02,6.52,163.38,,/home/azureuser/yas/evomaster-config/runtime-logs/methods/cart/user/EvoMaster_cart_user_faults/test_0_getOnItemsReturnsMismatchResponseWithSchema,/home/azureuser/yas/evomaster-config/runtime-logs/methods/cart/user/EvoMaster_cart_user_faults/test_0_getOnItemsReturnsMismatchResponseWithSchema/run.log,/home/azureuser/yas/evomaster-config/runtime-logs/methods/cart/user/EvoMaster_cart_user_faults/test_0_getOnItemsReturnsMismatchResponseWithSchema/run_stdout.log,/home/azureuser/yas/evomaster-config/runtime-logs/methods/cart/user/EvoMaster_cart_user_faults/test_0_getOnItemsReturnsMismatchResponseWithSchema/run_stderr.log
cart,user,EvoMaster_cart_user_successes.java,EvoMaster_cart_user_successes,test_0_getOnItemsReturns1Element,False,1,200,/cart/storefront/cart/items,GET,200,.statusCode(200) .assertThat(),6,".get(baseUrlOfSut + ""/cart/storefront/cart/items"")",,".header(""Authorization"", ""Bearer eyJhbGciOiJSUzI1NiIsInR5cCIgOiAiSldUIiwia2lkIiA6ICJLcTh2dHJEazBLOGpLX1c5NWJreTFKaTN5RzRSMy1oUmc1dzY3NDVkZ3RRIn0.eyJleHAiOjE3Nzg0MTcwNjYsImlhdCI6MTc3ODQxNjc2NiwianRpIjoiMWI0M2U2Y2ItMWI0Yi00NThhLTg1N2EtNzViNzZmMWI3ZDU3IiwiaXNzIjoiaHR0cDovL2lkZW50aXR5L3JlYWxtcy9ZYXMiLCJzdWIiOiIzNjVlNmUwOC01Y2YyLTQ0YzktODg0NC00M2M3OGRkYjk4MWYiLCJ0eXAiOiJCZWFyZXIiLCJhenAiOiJiYWNrb2ZmaWNlLWJmZiIsInNpZCI6IjI1OGE2OTUzLWJiNGMtNGI0ZC05MDk5LWNiYjA2MThlY2ZjZiIsInJlYWxtX2FjY2VzcyI6eyJyb2xlcyI6WyJVU0VSIl19LCJzY29wZSI6ImVtYWlsIHByb2ZpbGUiLCJlbWFpbF92ZXJpZmllZCI6ZmFsc2UsInByZWZlcnJlZF91c2VybmFtZSI6InVzZXJfcm9sZSJ9.r7H-7cKAVpODNqoRzvNvUtH6_XuabK5hcp__1hg5TuLjGwBsLmhXnWGfp7FGJBCCzwGV_9y_dqJ0bUJhT4WBGoYrzi5vTmktBAXzVuOBkKKsBPiy96ihP7duQC3tyoNpj0Pj8LQW8KRQHRji1GkajDfcCRQuIePt0diZXI2SazFRRHPlrnS7P0khODa0uzLB8y0gtqhLFcOiHHmwTcr7MwhcXgqyE01SsDnELYPNT_LNhTSa4LJ-5Ia_CAtRogPQkXE8dIJs1Gi9KuJWXcRJlbJQXkKrO4ncbD-d8R--XttJcZhJsz0678n_kBdj_NmThlennDJFfB5Gg3zaxLo08w"")",successes,/home/azureuser/yas/evomaster-config/generated-tests/blackbox/cart/user/EvoMaster_cart_user_successes.java,21,6,True,0,,0,0,,100.0,0,0,0,0,0,0,False,,/home/azureuser/yas/evomaster-config/runtime-logs/classes/cart/user/EvoMaster_cart_user_successes,/home/azureuser/yas/evomaster-config/runtime-logs/classes/cart/user/EvoMaster_cart_user_successes/compile.log,/home/azureuser/yas/evomaster-config/runtime-logs/classes/cart/user/EvoMaster_cart_user_successes/compile_stdout.log,/home/azureuser/yas/evomaster-config/runtime-logs/classes/cart/user/EvoMaster_cart_user_successes/compile_stderr.log,False,True,1,java.lang.AssertionError;test_failure,1,False,8.04,6.37,158.45,"Tests run: 1, Failures: 1, Errors: 0, Skipped: 0",/home/azureuser/yas/evomaster-config/runtime-logs/methods/cart/user/EvoMaster_cart_user_successes/test_0_getOnItemsReturns1Element,/home/azureuser/yas/evomaster-config/runtime-logs/methods/cart/user/EvoMaster_cart_user_successes/test_0_getOnItemsReturns1Element/run.log,/home/azureuser/yas/evomaster-config/runtime-logs/methods/cart/user/EvoMaster_cart_user_successes/test_0_getOnItemsReturns1Element/run_stdout.log,/home/azureuser/yas/evomaster-config/runtime-logs/methods/cart/user/EvoMaster_cart_user_successes/test_0_getOnItemsReturns1Element/run_stderr.log
customer,admin_only,EvoMaster_customer_admin_only_faults.java,EvoMaster_customer_admin_only_faults,test_9_getOnProfileReturnsMismatchResponseWithSchema,False,1,401,/customer/storefront/customer/profile,GET,401,.statusCode(401) .assertThat(),2,".get(baseUrlOfSut + ""/customer/storefront/customer/profile"")",,,faults,/home/azureuser/yas/evomaster-config/generated-tests/blackbox/customer/admin_only/EvoMaster_customer_admin_only_faults.java,21,6,True,0,,0,0,,100.0,0,0,0,0,0,0,False,,/home/azureuser/yas/evomaster-config/runtime-logs/classes/customer/admin_only/EvoMaster_customer_admin_only_faults,/home/azureuser/yas/evomaster-config/runtime-logs/classes/customer/admin_only/EvoMaster_customer_admin_only_faults/compile.log,/home/azureuser/yas/evomaster-config/runtime-logs/classes/customer/admin_only/EvoMaster_customer_admin_only_faults/compile_stdout.log,/home/azureuser/yas/evomaster-config/runtime-logs/classes/customer/admin_only/EvoMaster_customer_admin_only_faults/compile_stderr.log,True,True,0,,0,False,7.52,6.38,164.76,,/home/azureuser/yas/evomaster-config/runtime-logs/methods/customer/admin_only/EvoMaster_customer_admin_only_faults/test_9_getOnProfileReturnsMismatchResponseWithSchema,/home/azureuser/yas/evomaster-config/runtime-logs/methods/customer/admin_only/EvoMaster_customer_admin_only_faults/test_9_getOnProfileReturnsMismatchResponseWithSchema/run.log,/home/azureuser/yas/evomaster-config/runtime-logs/methods/customer/admin_only/EvoMaster_customer_admin_only_faults/test_9_getOnProfileReturnsMismatchResponseWithSchema/run_stdout.log,/home/azureuser/yas/evomaster-config/runtime-logs/methods/customer/admin_only/EvoMaster_customer_admin_only_faults/test_9_getOnProfileReturnsMismatchResponseWithSchema/run_stderr.log
customer,admin_only,EvoMaster_customer_admin_only_faults.java,EvoMaster_customer_admin_only_faults,test_10_getOnProfileReturnsMismatchResponseWithSchema,False,1,403,/customer/storefront/customer/profile,GET,403,.statusCode(403) .assertThat(),2,".get(baseUrlOfSut + ""/customer/storefront/customer/profile"")",,".header(""Authorization"", ""Bearer eyJhbGciOiJSUzI1NiIsInR5cCIgOiAiSldUIiwia2lkIiA6ICJLcTh2dHJEazBLOGpLX1c5NWJreTFKaTN5RzRSMy1oUmc1dzY3NDVkZ3RRIn0.eyJleHAiOjE3Nzg0MTcwNjMsImlhdCI6MTc3ODQxNjc2MywianRpIjoiNGQ5YzRjZTgtMGNkMS00YzE0LTk1YWYtNjI4NTkzZTc1MmI5IiwiaXNzIjoiaHR0cDovL2lkZW50aXR5L3JlYWxtcy9ZYXMiLCJzdWIiOiI0ZjY0ZmNiYy1jMTVhLTQzMGYtYTJiOC1jZWE0NmEyODQyMWEiLCJ0eXAiOiJCZWFyZXIiLCJhenAiOiJiYWNrb2ZmaWNlLWJmZiIsInNpZCI6ImU1ODkyZjJjLTk5MWItNDJjNy1hNDYwLTA2MzcyMzNlOTE3MyIsInJlYWxtX2FjY2VzcyI6eyJyb2xlcyI6WyJBRE1JTiJdfSwic2NvcGUiOiJlbWFpbCBwcm9maWxlIiwiZW1haWxfdmVyaWZpZWQiOmZhbHNlLCJwcmVmZXJyZWRfdXNlcm5hbWUiOiJhZG1pbl9vbmx5In0.Mp5TBvovlXUTl73CP_I3-VV76Ho7mDDKEuL6iC1eWuCMjpsjdlquf9uS3jPydUWNb0whtFxRxcvaqildTIeI8-7je7BzqDwCLZBgVUqjQIccQi33O3l8Ia1wN6Z_ZPHHGuZp0-oXx3fivUfPLmKkGGOcQTVE0KY81VD4oAPIEU9o_OYK6sic8AYDkH1JTNdsuZ_B7pnjSToOw75U9Z6ZtNMIL8xOPUwhZiHmm8RB13u1SDqFhuLJ1nZcQ_a0cEkt7Vj4tiAbtXlfPL57P0oRh9VLvETIH9_iORbu5c-NiPPA4iehmdsfYzyxmYxNkvdmtt7VkltK8foOv8zJryio-w"")",faults,/home/azureuser/yas/evomaster-config/generated-tests/blackbox/customer/admin_only/EvoMaster_customer_admin_only_faults.java,21,6,True,0,,0,0,,100.0,0,0,0,0,0,0,False,,/home/azureuser/yas/evomaster-config/runtime-logs/classes/customer/admin_only/EvoMaster_customer_admin_only_faults,/home/azureuser/yas/evomaster-config/runtime-logs/classes/customer/admin_only/EvoMaster_customer_admin_only_faults/compile.log,/home/azureuser/yas/evomaster-config/runtime-logs/classes/customer/admin_only/EvoMaster_customer_admin_only_faults/compile_stdout.log,/home/azureuser/yas/evomaster-config/runtime-logs/classes/customer/admin_only/EvoMaster_customer_admin_only_faults/compile_stderr.log,True,True,0,,0,False,8.02,6.52,160.87,,/home/azureuser/yas/evomaster-config/runtime-logs/methods/customer/admin_only/EvoMaster_customer_admin_only_faults/test_10_getOnProfileReturnsMismatchResponseWithSchema,/home/azureuser/yas/evomaster-config/runtime-logs/methods/customer/admin_only/EvoMaster_customer_admin_only_faults/test_10_getOnProfileReturnsMismatchResponseWithSchema/run.log,/home/azureuser/yas/evomaster-config/runtime-logs/methods/customer/admin_only/EvoMaster_customer_admin_only_faults/test_10_getOnProfileReturnsMismatchResponseWithSchema/run_stdout.log,/home/azureuser/yas/evomaster-config/runtime-logs/methods/customer/admin_only/EvoMaster_customer_admin_only_faults/test_10_getOnProfileReturnsMismatchResponseWithSchema/run_stderr.log
customer,customer,EvoMaster_customer_customer_faults.java,EvoMaster_customer_customer_faults,test_10_getOnProfileReturnsMismatchResponseWithSchema,False,1,401,/customer/storefront/customer/profile,GET,401,.statusCode(401) .assertThat(),2,".get(baseUrlOfSut + ""/customer/storefront/customer/profile"")",,,faults,/home/azureuser/yas/evomaster-config/generated-tests/blackbox/customer/customer/EvoMaster_customer_customer_faults.java,21,6,True,0,,0,0,,100.0,0,0,0,0,0,0,False,,/home/azureuser/yas/evomaster-config/runtime-logs/classes/customer/customer/EvoMaster_customer_customer_faults,/home/azureuser/yas/evomaster-config/runtime-logs/classes/customer/customer/EvoMaster_customer_customer_faults/compile.log,/home/azureuser/yas/evomaster-config/runtime-logs/classes/customer/customer/EvoMaster_customer_customer_faults/compile_stdout.log,/home/azureuser/yas/evomaster-config/runtime-logs/classes/customer/customer/EvoMaster_customer_customer_faults/compile_stderr.log,True,True,0,,0,False,7.52,6.56,156.36,,/home/azureuser/yas/evomaster-config/runtime-logs/methods/customer/customer/EvoMaster_customer_customer_faults/test_10_getOnProfileReturnsMismatchResponseWithSchema,/home/azureuser/yas/evomaster-config/runtime-logs/methods/customer/customer/EvoMaster_customer_customer_faults/test_10_getOnProfileReturnsMismatchResponseWithSchema/run.log,/home/azureuser/yas/evomaster-config/runtime-logs/methods/customer/customer/EvoMaster_customer_customer_faults/test_10_getOnProfileReturnsMismatchResponseWithSchema/run_stdout.log,/home/azureuser/yas/evomaster-config/runtime-logs/methods/customer/customer/EvoMaster_customer_customer_faults/test_10_getOnProfileReturnsMismatchResponseWithSchema/run_stderr.log
customer,customer,EvoMaster_customer_customer_successes.java,EvoMaster_customer_customer_successes,test_1_getOnProfileReturnsObject,False,1,200,/customer/storefront/customer/profile,GET,200,.statusCode(200) .assertThat(),6,".get(baseUrlOfSut + ""/customer/storefront/customer/profile"")",,".header(""Authorization"", ""Bearer eyJhbGciOiJSUzI1NiIsInR5cCIgOiAiSldUIiwia2lkIiA6ICJLcTh2dHJEazBLOGpLX1c5NWJreTFKaTN5RzRSMy1oUmc1dzY3NDVkZ3RRIn0.eyJleHAiOjE3Nzg0MTcwNjQsImlhdCI6MTc3ODQxNjc2NCwianRpIjoiYWZhNDdjZGMtNjk5Ni00YWEyLWJkY2ItOGU3YWRmY2QyZTY5IiwiaXNzIjoiaHR0cDovL2lkZW50aXR5L3JlYWxtcy9ZYXMiLCJzdWIiOiI3MzdhNzgxZi01YzAxLTQ1ZWQtOGE4Yy0zOGQ1NjVjNGM2NTYiLCJ0eXAiOiJCZWFyZXIiLCJhenAiOiJiYWNrb2ZmaWNlLWJmZiIsInNpZCI6IjJhYjhhODdiLTczNzItNGRlMS04YzZkLWI5ZjJkMDgyY2FhMCIsInJlYWxtX2FjY2VzcyI6eyJyb2xlcyI6WyJkZWZhdWx0LXJvbGVzLXlhcyIsIm9mZmxpbmVfYWNjZXNzIiwiQ1VTVE9NRVIiLCJ1bWFfYXV0aG9yaXphdGlvbiJdfSwic2NvcGUiOiJlbWFpbCBwcm9maWxlIiwiZW1haWxfdmVyaWZpZWQiOmZhbHNlLCJwcmVmZXJyZWRfdXNlcm5hbWUiOiJ1c2VyIn0.xqioILj_XEtww3I7QL_CT7cu8Qkl_9gERzGbgf-j5_-a9iXmhGWruku7Iv5j7z8BtDGkfHQ8H8kOIqs0tiytQU6rVGcE9mBqcqaN1secxoKpNEyTrvDlqTe7YSv6WpGMwD9fFrR6HMsikdcsKMwxAuig39rol9Q0BkuMpoXW2x7krw_AZo-EC-BcK2hMH6KT8laxroPDWxMcUZ4z5hHcKKve3Q2SzxyW8PpH8WbMvsqjxAh8m6tzt0gK7uAvqqnhzupGg5ilP8z_012x6aqGXgT9SpjG3sjFYKRSvtaqjFg5kdNa-kUq2G4QIhOrJAx2YIcmwODCckrudfIRrKbjVw"")",successes,/home/azureuser/yas/evomaster-config/generated-tests/blackbox/customer/customer/EvoMaster_customer_customer_successes.java,21,6,True,0,,0,0,,100.0,0,0,0,0,0,0,False,,/home/azureuser/yas/evomaster-config/runtime-logs/classes/customer/customer/EvoMaster_customer_customer_successes,/home/azureuser/yas/evomaster-config/runtime-logs/classes/customer/customer/EvoMaster_customer_customer_successes/compile.log,/home/azureuser/yas/evomaster-config/runtime-logs/classes/customer/customer/EvoMaster_customer_customer_successes/compile_stdout.log,/home/azureuser/yas/evomaster-config/runtime-logs/classes/customer/customer/EvoMaster_customer_customer_successes/compile_stderr.log,True,True,0,,0,False,9.02,6.44,159.61,,/home/azureuser/yas/evomaster-config/runtime-logs/methods/customer/customer/EvoMaster_customer_customer_successes/test_1_getOnProfileReturnsObject,/home/azureuser/yas/evomaster-config/runtime-logs/methods/customer/customer/EvoMaster_customer_customer_successes/test_1_getOnProfileReturnsObject/run.log,/home/azureuser/yas/evomaster-config/runtime-logs/methods/customer/customer/EvoMaster_customer_customer_successes/test_1_getOnProfileReturnsObject/run_stdout.log,/home/azureuser/yas/evomaster-config/runtime-logs/methods/customer/customer/EvoMaster_customer_customer_successes/test_1_getOnProfileReturnsObject/run_stderr.log
customer,none,EvoMaster_customer_none_faults.java,EvoMaster_customer_none_faults,test_6_getOnProfileReturnsMismatchResponseWithSchema,False,1,401,/customer/storefront/customer/profile,GET,401,.statusCode(401) .assertThat(),2,".get(baseUrlOfSut + ""/customer/storefront/customer/profile"")",,,faults,/home/azureuser/yas/evomaster-config/generated-tests/blackbox/customer/none/EvoMaster_customer_none_faults.java,21,6,True,0,,0,0,,100.0,0,0,0,0,0,0,False,,/home/azureuser/yas/evomaster-config/runtime-logs/classes/customer/none/EvoMaster_customer_none_faults,/home/azureuser/yas/evomaster-config/runtime-logs/classes/customer/none/EvoMaster_customer_none_faults/compile.log,/home/azureuser/yas/evomaster-config/runtime-logs/classes/customer/none/EvoMaster_customer_none_faults/compile_stdout.log,/home/azureuser/yas/evomaster-config/runtime-logs/classes/customer/none/EvoMaster_customer_none_faults/compile_stderr.log,True,True,0,,0,False,7.02,6.6,163.55,,/home/azureuser/yas/evomaster-config/runtime-logs/methods/customer/none/EvoMaster_customer_none_faults/test_6_getOnProfileReturnsMismatchResponseWithSchema,/home/azureuser/yas/evomaster-config/runtime-logs/methods/customer/none/EvoMaster_customer_none_faults/test_6_getOnProfileReturnsMismatchResponseWithSchema/run.log,/home/azureuser/yas/evomaster-config/runtime-logs/methods/customer/none/EvoMaster_customer_none_faults/test_6_getOnProfileReturnsMismatchResponseWithSchema/run_stdout.log,/home/azureuser/yas/evomaster-config/runtime-logs/methods/customer/none/EvoMaster_customer_none_faults/test_6_getOnProfileReturnsMismatchResponseWithSchema/run_stderr.log
customer,super_admin,EvoMaster_customer_super_admin_faults.java,EvoMaster_customer_super_admin_faults,test_10_getOnProfileReturnsMismatchResponseWithSchema,False,1,401,/customer/storefront/customer/profile,GET,401,.statusCode(401) .assertThat(),2,".get(baseUrlOfSut + ""/customer/storefront/customer/profile"")",,,faults,/home/azureuser/yas/evomaster-config/generated-tests/blackbox/customer/super_admin/EvoMaster_customer_super_admin_faults.java,21,6,True,0,,0,0,,100.0,0,0,0,0,0,0,False,,/home/azureuser/yas/evomaster-config/runtime-logs/classes/customer/super_admin/EvoMaster_customer_super_admin_faults,/home/azureuser/yas/evomaster-config/runtime-logs/classes/customer/super_admin/EvoMaster_customer_super_admin_faults/compile.log,/home/azureuser/yas/evomaster-config/runtime-logs/classes/customer/super_admin/EvoMaster_customer_super_admin_faults/compile_stdout.log,/home/azureuser/yas/evomaster-config/runtime-logs/classes/customer/super_admin/EvoMaster_customer_super_admin_faults/compile_stderr.log,True,True,0,,0,False,7.52,6.54,164.31,,/home/azureuser/yas/evomaster-config/runtime-logs/methods/customer/super_admin/EvoMaster_customer_super_admin_faults/test_10_getOnProfileReturnsMismatchResponseWithSchema,/home/azureuser/yas/evomaster-config/runtime-logs/methods/customer/super_admin/EvoMaster_customer_super_admin_faults/test_10_getOnProfileReturnsMismatchResponseWithSchema/run.log,/home/azureuser/yas/evomaster-config/runtime-logs/methods/customer/super_admin/EvoMaster_customer_super_admin_faults/test_10_getOnProfileReturnsMismatchResponseWithSchema/run_stdout.log,/home/azureuser/yas/evomaster-config/runtime-logs/methods/customer/super_admin/EvoMaster_customer_super_admin_faults/test_10_getOnProfileReturnsMismatchResponseWithSchema/run_stderr.log
customer,super_admin,EvoMaster_customer_super_admin_faults.java,EvoMaster_customer_super_admin_faults,test_12_getOnProfileReturnsMismatchResponseWithSchema,False,1,403,/customer/storefront/customer/profile,GET,403,.statusCode(403) .assertThat(),2,".get(baseUrlOfSut + ""/customer/storefront/customer/profile"")",,".header(""Authorization"", ""Bearer eyJhbGciOiJSUzI1NiIsInR5cCIgOiAiSldUIiwia2lkIiA6ICJLcTh2dHJEazBLOGpLX1c5NWJreTFKaTN5RzRSMy1oUmc1dzY3NDVkZ3RRIn0.eyJleHAiOjE3Nzg0MTcwNjUsImlhdCI6MTc3ODQxNjc2NSwianRpIjoiMzM4NTllNmYtMmY4Ny00ZmZiLTk4MzQtOTk3NGJhNTRlMTI2IiwiaXNzIjoiaHR0cDovL2lkZW50aXR5L3JlYWxtcy9ZYXMiLCJzdWIiOiI4OGE3YzM0MS00YTMzLTQ2YTctODkyMS03M2U4YTI0MmE4NTIiLCJ0eXAiOiJCZWFyZXIiLCJhenAiOiJiYWNrb2ZmaWNlLWJmZiIsInNpZCI6IjNhYTU2YzJhLTQ4YjEtNGVlZi1iNzBhLTRlZTQ2MDVlMTkwNyIsInJlYWxtX2FjY2VzcyI6eyJyb2xlcyI6WyJTVVBFUi1BRE1JTiJdfSwic2NvcGUiOiJlbWFpbCBwcm9maWxlIiwiZW1haWxfdmVyaWZpZWQiOmZhbHNlLCJwcmVmZXJyZWRfdXNlcm5hbWUiOiJzdXBlcl9hZG1pbiJ9.LkNHNeD1vMPVaktCHqxhSy8YEwzV5RsKYxCQrMbTBXeOkqinc38KHWbVzDZor6cWS9_rHxh_SpKAIOLispz-xZBxfht3v1lk9F5ybj_09ZfFt3CIEwjaUHNbk4wY0dgtp7AEdLb1hv90geCWHXUJheA0rp_WPM3Si5IyXMg1-EBm2UM1K610_Q8f7D_qxw7mQoqhL8dsXZjN2-nMeYOuXvMsVBbuVo_8W7xohUUs6mE4Cl-zao9ZBm-ucUOTnRWU2tQ9N6wrriG5_Tp7BgMb5dScEZkWKE1gNLqeeZ8B_FDPQL_2gRpp-EG4_1QlTrU2UnDYe1BxVw9TNd4kL8c-bw"")",faults,/home/azureuser/yas/evomaster-config/generated-tests/blackbox/customer/super_admin/EvoMaster_customer_super_admin_faults.java,21,6,True,0,,0,0,,100.0,0,0,0,0,0,0,False,,/home/azureuser/yas/evomaster-config/runtime-logs/classes/customer/super_admin/EvoMaster_customer_super_admin_faults,/home/azureuser/yas/evomaster-config/runtime-logs/classes/customer/super_admin/EvoMaster_customer_super_admin_faults/compile.log,/home/azureuser/yas/evomaster-config/runtime-logs/classes/customer/super_admin/EvoMaster_customer_super_admin_faults/compile_stdout.log,/home/azureuser/yas/evomaster-config/runtime-logs/classes/customer/super_admin/EvoMaster_customer_super_admin_faults/compile_stderr.log,True,True,0,,0,False,7.52,6.59,157.99,,/home/azureuser/yas/evomaster-config/runtime-logs/methods/customer/super_admin/EvoMaster_customer_super_admin_faults/test_12_getOnProfileReturnsMismatchResponseWithSchema,/home/azureuser/yas/evomaster-config/runtime-logs/methods/customer/super_admin/EvoMaster_customer_super_admin_faults/test_12_getOnProfileReturnsMismatchResponseWithSchema/run.log,/home/azureuser/yas/evomaster-config/runtime-logs/methods/customer/super_admin/EvoMaster_customer_super_admin_faults/test_12_getOnProfileReturnsMismatchResponseWithSchema/run_stdout.log,/home/azureuser/yas/evomaster-config/runtime-logs/methods/customer/super_admin/EvoMaster_customer_super_admin_faults/test_12_getOnProfileReturnsMismatchResponseWithSchema/run_stderr.log
customer,user,EvoMaster_customer_user_faults.java,EvoMaster_customer_user_faults,test_11_getOnProfileReturnsMismatchResponseWithSchema,False,1,401,/customer/storefront/customer/profile,GET,401,.statusCode(401) .assertThat(),2,".get(baseUrlOfSut + ""/customer/storefront/customer/profile"")",,,faults,/home/azureuser/yas/evomaster-config/generated-tests/blackbox/customer/user/EvoMaster_customer_user_faults.java,21,6,True,0,,0,0,,100.0,0,0,0,0,0,0,False,,/home/azureuser/yas/evomaster-config/runtime-logs/classes/customer/user/EvoMaster_customer_user_faults,/home/azureuser/yas/evomaster-config/runtime-logs/classes/customer/user/EvoMaster_customer_user_faults/compile.log,/home/azureuser/yas/evomaster-config/runtime-logs/classes/customer/user/EvoMaster_customer_user_faults/compile_stdout.log,/home/azureuser/yas/evomaster-config/runtime-logs/classes/customer/user/EvoMaster_customer_user_faults/compile_stderr.log,True,True,0,,0,False,7.52,6.49,158.24,,/home/azureuser/yas/evomaster-config/runtime-logs/methods/customer/user/EvoMaster_customer_user_faults/test_11_getOnProfileReturnsMismatchResponseWithSchema,/home/azureuser/yas/evomaster-config/runtime-logs/methods/customer/user/EvoMaster_customer_user_faults/test_11_getOnProfileReturnsMismatchResponseWithSchema/run.log,/home/azureuser/yas/evomaster-config/runtime-logs/methods/customer/user/EvoMaster_customer_user_faults/test_11_getOnProfileReturnsMismatchResponseWithSchema/run_stdout.log,/home/azureuser/yas/evomaster-config/runtime-logs/methods/customer/user/EvoMaster_customer_user_faults/test_11_getOnProfileReturnsMismatchResponseWithSchema/run_stderr.log
customer,user,EvoMaster_customer_user_faults.java,EvoMaster_customer_user_faults,test_13_getOnProfileReturnsMismatchResponseWithSchema,False,1,403,/customer/storefront/customer/profile,GET,403,.statusCode(403) .assertThat(),2,".get(baseUrlOfSut + ""/customer/storefront/customer/profile"")",,".header(""Authorization"", ""Bearer eyJhbGciOiJSUzI1NiIsInR5cCIgOiAiSldUIiwia2lkIiA6ICJLcTh2dHJEazBLOGpLX1c5NWJreTFKaTN5RzRSMy1oUmc1dzY3NDVkZ3RRIn0.eyJleHAiOjE3Nzg0MTcwNjYsImlhdCI6MTc3ODQxNjc2NiwianRpIjoiMWI0M2U2Y2ItMWI0Yi00NThhLTg1N2EtNzViNzZmMWI3ZDU3IiwiaXNzIjoiaHR0cDovL2lkZW50aXR5L3JlYWxtcy9ZYXMiLCJzdWIiOiIzNjVlNmUwOC01Y2YyLTQ0YzktODg0NC00M2M3OGRkYjk4MWYiLCJ0eXAiOiJCZWFyZXIiLCJhenAiOiJiYWNrb2ZmaWNlLWJmZiIsInNpZCI6IjI1OGE2OTUzLWJiNGMtNGI0ZC05MDk5LWNiYjA2MThlY2ZjZiIsInJlYWxtX2FjY2VzcyI6eyJyb2xlcyI6WyJVU0VSIl19LCJzY29wZSI6ImVtYWlsIHByb2ZpbGUiLCJlbWFpbF92ZXJpZmllZCI6ZmFsc2UsInByZWZlcnJlZF91c2VybmFtZSI6InVzZXJfcm9sZSJ9.r7H-7cKAVpODNqoRzvNvUtH6_XuabK5hcp__1hg5TuLjGwBsLmhXnWGfp7FGJBCCzwGV_9y_dqJ0bUJhT4WBGoYrzi5vTmktBAXzVuOBkKKsBPiy96ihP7duQC3tyoNpj0Pj8LQW8KRQHRji1GkajDfcCRQuIePt0diZXI2SazFRRHPlrnS7P0khODa0uzLB8y0gtqhLFcOiHHmwTcr7MwhcXgqyE01SsDnELYPNT_LNhTSa4LJ-5Ia_CAtRogPQkXE8dIJs1Gi9KuJWXcRJlbJQXkKrO4ncbD-d8R--XttJcZhJsz0678n_kBdj_NmThlennDJFfB5Gg3zaxLo08w"")",faults,/home/azureuser/yas/evomaster-config/generated-tests/blackbox/customer/user/EvoMaster_customer_user_faults.java,21,6,True,0,,0,0,,100.0,0,0,0,0,0,0,False,,/home/azureuser/yas/evomaster-config/runtime-logs/classes/customer/user/EvoMaster_customer_user_faults,/home/azureuser/yas/evomaster-config/runtime-logs/classes/customer/user/EvoMaster_customer_user_faults/compile.log,/home/azureuser/yas/evomaster-config/runtime-logs/classes/customer/user/EvoMaster_customer_user_faults/compile_stdout.log,/home/azureuser/yas/evomaster-config/runtime-logs/classes/customer/user/EvoMaster_customer_user_faults/compile_stderr.log,True,True,0,,0,False,7.52,6.8,183.32,,/home/azureuser/yas/evomaster-config/runtime-logs/methods/customer/user/EvoMaster_customer_user_faults/test_13_getOnProfileReturnsMismatchResponseWithSchema,/home/azureuser/yas/evomaster-config/runtime-logs/methods/customer/user/EvoMaster_customer_user_faults/test_13_getOnProfileReturnsMismatchResponseWithSchema/run.log,/home/azureuser/yas/evomaster-config/runtime-logs/methods/customer/user/EvoMaster_customer_user_faults/test_13_getOnProfileReturnsMismatchResponseWithSchema/run_stdout.log,/home/azureuser/yas/evomaster-config/runtime-logs/methods/customer/user/EvoMaster_customer_user_faults/test_13_getOnProfileReturnsMismatchResponseWithSchema/run_stderr.log
inventory,customer,EvoMaster_inventory_customer_faults.java,EvoMaster_inventory_customer_faults,test_19_deleteOnWarehousReturnsMismatchResponseWithSchema,False,1,403,/inventory/backoffice/warehouses/{id},DELETE,403,.statusCode(403) .assertThat(),2,".delete(baseUrlOfSut + ""/inventory/backoffice/warehouses/-4988022448109142250"")",,".header(""Authorization"", ""Bearer eyJhbGciOiJSUzI1NiIsInR5cCIgOiAiSldUIiwia2lkIiA6ICJLcTh2dHJEazBLOGpLX1c5NWJreTFKaTN5RzRSMy1oUmc1dzY3NDVkZ3RRIn0.eyJleHAiOjE3Nzg0MTcwNjQsImlhdCI6MTc3ODQxNjc2NCwianRpIjoiYWZhNDdjZGMtNjk5Ni00YWEyLWJkY2ItOGU3YWRmY2QyZTY5IiwiaXNzIjoiaHR0cDovL2lkZW50aXR5L3JlYWxtcy9ZYXMiLCJzdWIiOiI3MzdhNzgxZi01YzAxLTQ1ZWQtOGE4Yy0zOGQ1NjVjNGM2NTYiLCJ0eXAiOiJCZWFyZXIiLCJhenAiOiJiYWNrb2ZmaWNlLWJmZiIsInNpZCI6IjJhYjhhODdiLTczNzItNGRlMS04YzZkLWI5ZjJkMDgyY2FhMCIsInJlYWxtX2FjY2VzcyI6eyJyb2xlcyI6WyJkZWZhdWx0LXJvbGVzLXlhcyIsIm9mZmxpbmVfYWNjZXNzIiwiQ1VTVE9NRVIiLCJ1bWFfYXV0aG9yaXphdGlvbiJdfSwic2NvcGUiOiJlbWFpbCBwcm9maWxlIiwiZW1haWxfdmVyaWZpZWQiOmZhbHNlLCJwcmVmZXJyZWRfdXNlcm5hbWUiOiJ1c2VyIn0.xqioILj_XEtww3I7QL_CT7cu8Qkl_9gERzGbgf-j5_-a9iXmhGWruku7Iv5j7z8BtDGkfHQ8H8kOIqs0tiytQU6rVGcE9mBqcqaN1secxoKpNEyTrvDlqTe7YSv6WpGMwD9fFrR6HMsikdcsKMwxAuig39rol9Q0BkuMpoXW2x7krw_AZo-EC-BcK2hMH6KT8laxroPDWxMcUZ4z5hHcKKve3Q2SzxyW8PpH8WbMvsqjxAh8m6tzt0gK7uAvqqnhzupGg5ilP8z_012x6aqGXgT9SpjG3sjFYKRSvtaqjFg5kdNa-kUq2G4QIhOrJAx2YIcmwODCckrudfIRrKbjVw"")",faults,/home/azureuser/yas/evomaster-config/generated-tests/blackbox/inventory/customer/EvoMaster_inventory_customer_faults.java,21,6,True,0,,0,0,,100.0,0,0,0,0,0,0,False,,/home/azureuser/yas/evomaster-config/runtime-logs/classes/inventory/customer/EvoMaster_inventory_customer_faults,/home/azureuser/yas/evomaster-config/runtime-logs/classes/inventory/customer/EvoMaster_inventory_customer_faults/compile.log,/home/azureuser/yas/evomaster-config/runtime-logs/classes/inventory/customer/EvoMaster_inventory_customer_faults/compile_stdout.log,/home/azureuser/yas/evomaster-config/runtime-logs/classes/inventory/customer/EvoMaster_inventory_customer_faults/compile_stderr.log,True,True,0,,0,False,8.02,6.25,159.06,,/home/azureuser/yas/evomaster-config/runtime-logs/methods/inventory/customer/EvoMaster_inventory_customer_faults/test_19_deleteOnWarehousReturnsMismatchResponseWithSchema,/home/azureuser/yas/evomaster-config/runtime-logs/methods/inventory/customer/EvoMaster_inventory_customer_faults/test_19_deleteOnWarehousReturnsMismatchResponseWithSchema/run.log,/home/azureuser/yas/evomaster-config/runtime-logs/methods/inventory/customer/EvoMaster_inventory_customer_faults/test_19_deleteOnWarehousReturnsMismatchResponseWithSchema/run_stdout.log,/home/azureuser/yas/evomaster-config/runtime-logs/methods/inventory/customer/EvoMaster_inventory_customer_faults/test_19_deleteOnWarehousReturnsMismatchResponseWithSchema/run_stderr.log
inventory,customer,EvoMaster_inventory_customer_faults.java,EvoMaster_inventory_customer_faults,test_20_deleteOnWarehousReturnsMismatchResponseWithSchema,False,1,403,/inventory/backoffice/warehouses/{id},DELETE,403,.statusCode(403) .assertThat(),5,".delete(baseUrlOfSut + ""/inventory/backoffice/warehouses/496"")",,,faults,/home/azureuser/yas/evomaster-config/generated-tests/blackbox/inventory/customer/EvoMaster_inventory_customer_faults.java,21,6,True,0,,0,0,,100.0,0,0,0,0,0,0,False,,/home/azureuser/yas/evomaster-config/runtime-logs/classes/inventory/customer/EvoMaster_inventory_customer_faults,/home/azureuser/yas/evomaster-config/runtime-logs/classes/inventory/customer/EvoMaster_inventory_customer_faults/compile.log,/home/azureuser/yas/evomaster-config/runtime-logs/classes/inventory/customer/EvoMaster_inventory_customer_faults/compile_stdout.log,/home/azureuser/yas/evomaster-config/runtime-logs/classes/inventory/customer/EvoMaster_inventory_customer_faults/compile_stderr.log,True,True,0,,0,False,9.03,6.48,156.45,,/home/azureuser/yas/evomaster-config/runtime-logs/methods/inventory/customer/EvoMaster_inventory_customer_faults/test_20_deleteOnWarehousReturnsMismatchResponseWithSchema,/home/azureuser/yas/evomaster-config/runtime-logs/methods/inventory/customer/EvoMaster_inventory_customer_faults/test_20_deleteOnWarehousReturnsMismatchResponseWithSchema/run.log,/home/azureuser/yas/evomaster-config/runtime-logs/methods/inventory/customer/EvoMaster_inventory_customer_faults/test_20_deleteOnWarehousReturnsMismatchResponseWithSchema/run_stdout.log,/home/azureuser/yas/evomaster-config/runtime-logs/methods/inventory/customer/EvoMaster_inventory_customer_faults/test_20_deleteOnWarehousReturnsMismatchResponseWithSchema/run_stderr.log
inventory,none,EvoMaster_inventory_none_faults.java,EvoMaster_inventory_none_faults,test_9_deleteOnWarehousReturnsMismatchResponseWithSchema,False,1,403,/inventory/backoffice/warehouses/{id},DELETE,403,.statusCode(403) .assertThat(),5,".delete(baseUrlOfSut + ""/inventory/backoffice/warehouses/896"")",,,faults,/home/azureuser/yas/evomaster-config/generated-tests/blackbox/inventory/none/EvoMaster_inventory_none_faults.java,21,6,True,0,,0,0,,100.0,0,0,0,0,0,0,False,,/home/azureuser/yas/evomaster-config/runtime-logs/classes/inventory/none/EvoMaster_inventory_none_faults,/home/azureuser/yas/evomaster-config/runtime-logs/classes/inventory/none/EvoMaster_inventory_none_faults/compile.log,/home/azureuser/yas/evomaster-config/runtime-logs/classes/inventory/none/EvoMaster_inventory_none_faults/compile_stdout.log,/home/azureuser/yas/evomaster-config/runtime-logs/classes/inventory/none/EvoMaster_inventory_none_faults/compile_stderr.log,True,True,0,,0,False,8.02,6.29,163.88,,/home/azureuser/yas/evomaster-config/runtime-logs/methods/inventory/none/EvoMaster_inventory_none_faults/test_9_deleteOnWarehousReturnsMismatchResponseWithSchema,/home/azureuser/yas/evomaster-config/runtime-logs/methods/inventory/none/EvoMaster_inventory_none_faults/test_9_deleteOnWarehousReturnsMismatchResponseWithSchema/run.log,/home/azureuser/yas/evomaster-config/runtime-logs/methods/inventory/none/EvoMaster_inventory_none_faults/test_9_deleteOnWarehousReturnsMismatchResponseWithSchema/run_stdout.log,/home/azureuser/yas/evomaster-config/runtime-logs/methods/inventory/none/EvoMaster_inventory_none_faults/test_9_deleteOnWarehousReturnsMismatchResponseWithSchema/run_stderr.log
inventory,super_admin,EvoMaster_inventory_super_admin_faults.java,EvoMaster_inventory_super_admin_faults,test_19_deleteOnWarehousReturnsMismatchResponseWithSchema,False,1,403,/inventory/backoffice/warehouses/{id},DELETE,403,.statusCode(403) .assertThat(),2,".delete(baseUrlOfSut + ""/inventory/backoffice/warehouses/507"")",,".header(""Authorization"", ""Bearer eyJhbGciOiJSUzI1NiIsInR5cCIgOiAiSldUIiwia2lkIiA6ICJLcTh2dHJEazBLOGpLX1c5NWJreTFKaTN5RzRSMy1oUmc1dzY3NDVkZ3RRIn0.eyJleHAiOjE3Nzg0MTcwNjUsImlhdCI6MTc3ODQxNjc2NSwianRpIjoiMzM4NTllNmYtMmY4Ny00ZmZiLTk4MzQtOTk3NGJhNTRlMTI2IiwiaXNzIjoiaHR0cDovL2lkZW50aXR5L3JlYWxtcy9ZYXMiLCJzdWIiOiI4OGE3YzM0MS00YTMzLTQ2YTctODkyMS03M2U4YTI0MmE4NTIiLCJ0eXAiOiJCZWFyZXIiLCJhenAiOiJiYWNrb2ZmaWNlLWJmZiIsInNpZCI6IjNhYTU2YzJhLTQ4YjEtNGVlZi1iNzBhLTRlZTQ2MDVlMTkwNyIsInJlYWxtX2FjY2VzcyI6eyJyb2xlcyI6WyJTVVBFUi1BRE1JTiJdfSwic2NvcGUiOiJlbWFpbCBwcm9maWxlIiwiZW1haWxfdmVyaWZpZWQiOmZhbHNlLCJwcmVmZXJyZWRfdXNlcm5hbWUiOiJzdXBlcl9hZG1pbiJ9.LkNHNeD1vMPVaktCHqxhSy8YEwzV5RsKYxCQrMbTBXeOkqinc38KHWbVzDZor6cWS9_rHxh_SpKAIOLispz-xZBxfht3v1lk9F5ybj_09ZfFt3CIEwjaUHNbk4wY0dgtp7AEdLb1hv90geCWHXUJheA0rp_WPM3Si5IyXMg1-EBm2UM1K610_Q8f7D_qxw7mQoqhL8dsXZjN2-nMeYOuXvMsVBbuVo_8W7xohUUs6mE4Cl-zao9ZBm-ucUOTnRWU2tQ9N6wrriG5_Tp7BgMb5dScEZkWKE1gNLqeeZ8B_FDPQL_2gRpp-EG4_1QlTrU2UnDYe1BxVw9TNd4kL8c-bw"")",faults,/home/azureuser/yas/evomaster-config/generated-tests/blackbox/inventory/super_admin/EvoMaster_inventory_super_admin_faults.java,21,6,True,0,,0,0,,100.0,0,0,0,0,0,0,False,,/home/azureuser/yas/evomaster-config/runtime-logs/classes/inventory/super_admin/EvoMaster_inventory_super_admin_faults,/home/azureuser/yas/evomaster-config/runtime-logs/classes/inventory/super_admin/EvoMaster_inventory_super_admin_faults/compile.log,/home/azureuser/yas/evomaster-config/runtime-logs/classes/inventory/super_admin/EvoMaster_inventory_super_admin_faults/compile_stdout.log,/home/azureuser/yas/evomaster-config/runtime-logs/classes/inventory/super_admin/EvoMaster_inventory_super_admin_faults/compile_stderr.log,True,True,0,,0,False,7.52,6.83,169.9,,/home/azureuser/yas/evomaster-config/runtime-logs/methods/inventory/super_admin/EvoMaster_inventory_super_admin_faults/test_19_deleteOnWarehousReturnsMismatchResponseWithSchema,/home/azureuser/yas/evomaster-config/runtime-logs/methods/inventory/super_admin/EvoMaster_inventory_super_admin_faults/test_19_deleteOnWarehousReturnsMismatchResponseWithSchema/run.log,/home/azureuser/yas/evomaster-config/runtime-logs/methods/inventory/super_admin/EvoMaster_inventory_super_admin_faults/test_19_deleteOnWarehousReturnsMismatchResponseWithSchema/run_stdout.log,/home/azureuser/yas/evomaster-config/runtime-logs/methods/inventory/super_admin/EvoMaster_inventory_super_admin_faults/test_19_deleteOnWarehousReturnsMismatchResponseWithSchema/run_stderr.log
inventory,super_admin,EvoMaster_inventory_super_admin_faults.java,EvoMaster_inventory_super_admin_faults,test_20_deleteOnWarehousReturnsMismatchResponseWithSchema,False,1,403,/inventory/backoffice/warehouses/{id},DELETE,403,.statusCode(403) .assertThat(),5,".delete(baseUrlOfSut + ""/inventory/backoffice/warehouses/160"")",,,faults,/home/azureuser/yas/evomaster-config/generated-tests/blackbox/inventory/super_admin/EvoMaster_inventory_super_admin_faults.java,21,6,True,0,,0,0,,100.0,0,0,0,0,0,0,False,,/home/azureuser/yas/evomaster-config/runtime-logs/classes/inventory/super_admin/EvoMaster_inventory_super_admin_faults,/home/azureuser/yas/evomaster-config/runtime-logs/classes/inventory/super_admin/EvoMaster_inventory_super_admin_faults/compile.log,/home/azureuser/yas/evomaster-config/runtime-logs/classes/inventory/super_admin/EvoMaster_inventory_super_admin_faults/compile_stdout.log,/home/azureuser/yas/evomaster-config/runtime-logs/classes/inventory/super_admin/EvoMaster_inventory_super_admin_faults/compile_stderr.log,True,True,0,,0,False,8.52,6.76,163.91,,/home/azureuser/yas/evomaster-config/runtime-logs/methods/inventory/super_admin/EvoMaster_inventory_super_admin_faults/test_20_deleteOnWarehousReturnsMismatchResponseWithSchema,/home/azureuser/yas/evomaster-config/runtime-logs/methods/inventory/super_admin/EvoMaster_inventory_super_admin_faults/test_20_deleteOnWarehousReturnsMismatchResponseWithSchema/run.log,/home/azureuser/yas/evomaster-config/runtime-logs/methods/inventory/super_admin/EvoMaster_inventory_super_admin_faults/test_20_deleteOnWarehousReturnsMismatchResponseWithSchema/run_stdout.log,/home/azureuser/yas/evomaster-config/runtime-logs/methods/inventory/super_admin/EvoMaster_inventory_super_admin_faults/test_20_deleteOnWarehousReturnsMismatchResponseWithSchema/run_stderr.log
inventory,user,EvoMaster_inventory_user_faults.java,EvoMaster_inventory_user_faults,test_21_deleteOnWarehousReturnsMismatchResponseWithSchema,False,1,403,/inventory/backoffice/warehouses/{id},DELETE,403,.statusCode(403) .assertThat(),2,".delete(baseUrlOfSut + ""/inventory/backoffice/warehouses/2261372377302633267"")",,".header(""Authorization"", ""Bearer eyJhbGciOiJSUzI1NiIsInR5cCIgOiAiSldUIiwia2lkIiA6ICJLcTh2dHJEazBLOGpLX1c5NWJreTFKaTN5RzRSMy1oUmc1dzY3NDVkZ3RRIn0.eyJleHAiOjE3Nzg0MTcwNjYsImlhdCI6MTc3ODQxNjc2NiwianRpIjoiMWI0M2U2Y2ItMWI0Yi00NThhLTg1N2EtNzViNzZmMWI3ZDU3IiwiaXNzIjoiaHR0cDovL2lkZW50aXR5L3JlYWxtcy9ZYXMiLCJzdWIiOiIzNjVlNmUwOC01Y2YyLTQ0YzktODg0NC00M2M3OGRkYjk4MWYiLCJ0eXAiOiJCZWFyZXIiLCJhenAiOiJiYWNrb2ZmaWNlLWJmZiIsInNpZCI6IjI1OGE2OTUzLWJiNGMtNGI0ZC05MDk5LWNiYjA2MThlY2ZjZiIsInJlYWxtX2FjY2VzcyI6eyJyb2xlcyI6WyJVU0VSIl19LCJzY29wZSI6ImVtYWlsIHByb2ZpbGUiLCJlbWFpbF92ZXJpZmllZCI6ZmFsc2UsInByZWZlcnJlZF91c2VybmFtZSI6InVzZXJfcm9sZSJ9.r7H-7cKAVpODNqoRzvNvUtH6_XuabK5hcp__1hg5TuLjGwBsLmhXnWGfp7FGJBCCzwGV_9y_dqJ0bUJhT4WBGoYrzi5vTmktBAXzVuOBkKKsBPiy96ihP7duQC3tyoNpj0Pj8LQW8KRQHRji1GkajDfcCRQuIePt0diZXI2SazFRRHPlrnS7P0khODa0uzLB8y0gtqhLFcOiHHmwTcr7MwhcXgqyE01SsDnELYPNT_LNhTSa4LJ-5Ia_CAtRogPQkXE8dIJs1Gi9KuJWXcRJlbJQXkKrO4ncbD-d8R--XttJcZhJsz0678n_kBdj_NmThlennDJFfB5Gg3zaxLo08w"")",faults,/home/azureuser/yas/evomaster-config/generated-tests/blackbox/inventory/user/EvoMaster_inventory_user_faults.java,21,6,True,0,,0,0,,100.0,0,0,0,0,0,0,False,,/home/azureuser/yas/evomaster-config/runtime-logs/classes/inventory/user/EvoMaster_inventory_user_faults,/home/azureuser/yas/evomaster-config/runtime-logs/classes/inventory/user/EvoMaster_inventory_user_faults/compile.log,/home/azureuser/yas/evomaster-config/runtime-logs/classes/inventory/user/EvoMaster_inventory_user_faults/compile_stdout.log,/home/azureuser/yas/evomaster-config/runtime-logs/classes/inventory/user/EvoMaster_inventory_user_faults/compile_stderr.log,True,True,0,,0,False,7.52,6.55,156.0,,/home/azureuser/yas/evomaster-config/runtime-logs/methods/inventory/user/EvoMaster_inventory_user_faults/test_21_deleteOnWarehousReturnsMismatchResponseWithSchema,/home/azureuser/yas/evomaster-config/runtime-logs/methods/inventory/user/EvoMaster_inventory_user_faults/test_21_deleteOnWarehousReturnsMismatchResponseWithSchema/run.log,/home/azureuser/yas/evomaster-config/runtime-logs/methods/inventory/user/EvoMaster_inventory_user_faults/test_21_deleteOnWarehousReturnsMismatchResponseWithSchema/run_stdout.log,/home/azureuser/yas/evomaster-config/runtime-logs/methods/inventory/user/EvoMaster_inventory_user_faults/test_21_deleteOnWarehousReturnsMismatchResponseWithSchema/run_stderr.log
inventory,user,EvoMaster_inventory_user_faults.java,EvoMaster_inventory_user_faults,test_22_deleteOnWarehousReturnsMismatchResponseWithSchema,False,1,403,/inventory/backoffice/warehouses/{id},DELETE,403,.statusCode(403) .assertThat(),5,".delete(baseUrlOfSut + ""/inventory/backoffice/warehouses/806"")",,,faults,/home/azureuser/yas/evomaster-config/generated-tests/blackbox/inventory/user/EvoMaster_inventory_user_faults.java,21,6,True,0,,0,0,,100.0,0,0,0,0,0,0,False,,/home/azureuser/yas/evomaster-config/runtime-logs/classes/inventory/user/EvoMaster_inventory_user_faults,/home/azureuser/yas/evomaster-config/runtime-logs/classes/inventory/user/EvoMaster_inventory_user_faults/compile.log,/home/azureuser/yas/evomaster-config/runtime-logs/classes/inventory/user/EvoMaster_inventory_user_faults/compile_stdout.log,/home/azureuser/yas/evomaster-config/runtime-logs/classes/inventory/user/EvoMaster_inventory_user_faults/compile_stderr.log,True,True,0,,0,False,8.02,6.23,163.64,,/home/azureuser/yas/evomaster-config/runtime-logs/methods/inventory/user/EvoMaster_inventory_user_faults/test_22_deleteOnWarehousReturnsMismatchResponseWithSchema,/home/azureuser/yas/evomaster-config/runtime-logs/methods/inventory/user/EvoMaster_inventory_user_faults/test_22_deleteOnWarehousReturnsMismatchResponseWithSchema/run.log,/home/azureuser/yas/evomaster-config/runtime-logs/methods/inventory/user/EvoMaster_inventory_user_faults/test_22_deleteOnWarehousReturnsMismatchResponseWithSchema/run_stdout.log,/home/azureuser/yas/evomaster-config/runtime-logs/methods/inventory/user/EvoMaster_inventory_user_faults/test_22_deleteOnWarehousReturnsMismatchResponseWithSchema/run_stderr.log
location,admin_only,EvoMaster_location_admin_only_faults.java,EvoMaster_location_admin_only_faults,test_16_putOnState_or_provincReturnsMismatchResponseWithSchema,False,1,403,/location/backoffice/state-or-provinces/{id},PUT,403,.statusCode(403) .assertThat(),5,".put(baseUrlOfSut + ""/location/backoffice/state-or-provinces/975"")",".body("" { "" + 
                    "" \""name\"": \""IR6127\"", "" + 
                    "" \""countryId\"": 177 "" + 
                    "" } "")",,faults,/home/azureuser/yas/evomaster-config/generated-tests/blackbox/location/admin_only/EvoMaster_location_admin_only_faults.java,21,6,True,0,,0,0,,100.0,0,0,0,0,0,0,False,,/home/azureuser/yas/evomaster-config/runtime-logs/classes/location/admin_only/EvoMaster_location_admin_only_faults,/home/azureuser/yas/evomaster-config/runtime-logs/classes/location/admin_only/EvoMaster_location_admin_only_faults/compile.log,/home/azureuser/yas/evomaster-config/runtime-logs/classes/location/admin_only/EvoMaster_location_admin_only_faults/compile_stdout.log,/home/azureuser/yas/evomaster-config/runtime-logs/classes/location/admin_only/EvoMaster_location_admin_only_faults/compile_stderr.log,True,True,0,,0,False,8.53,6.15,162.75,,/home/azureuser/yas/evomaster-config/runtime-logs/methods/location/admin_only/EvoMaster_location_admin_only_faults/test_16_putOnState_or_provincReturnsMismatchResponseWithSchema,/home/azureuser/yas/evomaster-config/runtime-logs/methods/location/admin_only/EvoMaster_location_admin_only_faults/test_16_putOnState_or_provincReturnsMismatchResponseWithSchema/run.log,/home/azureuser/yas/evomaster-config/runtime-logs/methods/location/admin_only/EvoMaster_location_admin_only_faults/test_16_putOnState_or_provincReturnsMismatchResponseWithSchema/run_stdout.log,/home/azureuser/yas/evomaster-config/runtime-logs/methods/location/admin_only/EvoMaster_location_admin_only_faults/test_16_putOnState_or_provincReturnsMismatchResponseWithSchema/run_stderr.log
location,admin_only,EvoMaster_location_admin_only_others.java,EvoMaster_location_admin_only_others,test_5_putOnState_or_provincReturns404,False,1,404,/location/backoffice/state-or-provinces/{id},PUT,404,.statusCode(404) .assertThat(),6,".put(baseUrlOfSut + ""/location/backoffice/state-or-provinces/332"")",".body("" { "" + 
                    "" \""name\"": \""pp8iucpRxh\"", "" + 
                    "" \""type\"": \""\"" "" + 
                    "" } "")",".header(""Authorization"", ""Bearer eyJhbGciOiJSUzI1NiIsInR5cCIgOiAiSldUIiwia2lkIiA6ICJLcTh2dHJEazBLOGpLX1c5NWJreTFKaTN5RzRSMy1oUmc1dzY3NDVkZ3RRIn0.eyJleHAiOjE3Nzg0MTcwNjMsImlhdCI6MTc3ODQxNjc2MywianRpIjoiNGQ5YzRjZTgtMGNkMS00YzE0LTk1YWYtNjI4NTkzZTc1MmI5IiwiaXNzIjoiaHR0cDovL2lkZW50aXR5L3JlYWxtcy9ZYXMiLCJzdWIiOiI0ZjY0ZmNiYy1jMTVhLTQzMGYtYTJiOC1jZWE0NmEyODQyMWEiLCJ0eXAiOiJCZWFyZXIiLCJhenAiOiJiYWNrb2ZmaWNlLWJmZiIsInNpZCI6ImU1ODkyZjJjLTk5MWItNDJjNy1hNDYwLTA2MzcyMzNlOTE3MyIsInJlYWxtX2FjY2VzcyI6eyJyb2xlcyI6WyJBRE1JTiJdfSwic2NvcGUiOiJlbWFpbCBwcm9maWxlIiwiZW1haWxfdmVyaWZpZWQiOmZhbHNlLCJwcmVmZXJyZWRfdXNlcm5hbWUiOiJhZG1pbl9vbmx5In0.Mp5TBvovlXUTl73CP_I3-VV76Ho7mDDKEuL6iC1eWuCMjpsjdlquf9uS3jPydUWNb0whtFxRxcvaqildTIeI8-7je7BzqDwCLZBgVUqjQIccQi33O3l8Ia1wN6Z_ZPHHGuZp0-oXx3fivUfPLmKkGGOcQTVE0KY81VD4oAPIEU9o_OYK6sic8AYDkH1JTNdsuZ_B7pnjSToOw75U9Z6ZtNMIL8xOPUwhZiHmm8RB13u1SDqFhuLJ1nZcQ_a0cEkt7Vj4tiAbtXlfPL57P0oRh9VLvETIH9_iORbu5c-NiPPA4iehmdsfYzyxmYxNkvdmtt7VkltK8foOv8zJryio-w"")",others,/home/azureuser/yas/evomaster-config/generated-tests/blackbox/location/admin_only/EvoMaster_location_admin_only_others.java,21,6,True,0,,0,0,,100.0,0,0,0,0,0,0,False,,/home/azureuser/yas/evomaster-config/runtime-logs/classes/location/admin_only/EvoMaster_location_admin_only_others,/home/azureuser/yas/evomaster-config/runtime-logs/classes/location/admin_only/EvoMaster_location_admin_only_others/compile.log,/home/azureuser/yas/evomaster-config/runtime-logs/classes/location/admin_only/EvoMaster_location_admin_only_others/compile_stdout.log,/home/azureuser/yas/evomaster-config/runtime-logs/classes/location/admin_only/EvoMaster_location_admin_only_others/compile_stderr.log,False,True,1,java.lang.AssertionError;test_failure,1,False,7.52,6.33,163.91,"Tests run: 1, Failures: 1, Errors: 0, Skipped: 0",/home/azureuser/yas/evomaster-config/runtime-logs/methods/location/admin_only/EvoMaster_location_admin_only_others/test_5_putOnState_or_provincReturns404,/home/azureuser/yas/evomaster-config/runtime-logs/methods/location/admin_only/EvoMaster_location_admin_only_others/test_5_putOnState_or_provincReturns404/run.log,/home/azureuser/yas/evomaster-config/runtime-logs/methods/location/admin_only/EvoMaster_location_admin_only_others/test_5_putOnState_or_provincReturns404/run_stdout.log,/home/azureuser/yas/evomaster-config/runtime-logs/methods/location/admin_only/EvoMaster_location_admin_only_others/test_5_putOnState_or_provincReturns404/run_stderr.log
location,customer,EvoMaster_location_customer_faults.java,EvoMaster_location_customer_faults,test_23_putOnState_or_provincReturnsMismatchResponseWithSchema,False,1,403,/location/backoffice/state-or-provinces/{id},PUT,403,.statusCode(403) .assertThat(),2,".put(baseUrlOfSut + ""/location/backoffice/state-or-provinces/242"")",".body("" { "" + 
                    "" \""name\"": \""BYbL3xgi\"" "" + 
                    "" } "")",".header(""Authorization"", ""Bearer eyJhbGciOiJSUzI1NiIsInR5cCIgOiAiSldUIiwia2lkIiA6ICJLcTh2dHJEazBLOGpLX1c5NWJreTFKaTN5RzRSMy1oUmc1dzY3NDVkZ3RRIn0.eyJleHAiOjE3Nzg0MTcwNjQsImlhdCI6MTc3ODQxNjc2NCwianRpIjoiYWZhNDdjZGMtNjk5Ni00YWEyLWJkY2ItOGU3YWRmY2QyZTY5IiwiaXNzIjoiaHR0cDovL2lkZW50aXR5L3JlYWxtcy9ZYXMiLCJzdWIiOiI3MzdhNzgxZi01YzAxLTQ1ZWQtOGE4Yy0zOGQ1NjVjNGM2NTYiLCJ0eXAiOiJCZWFyZXIiLCJhenAiOiJiYWNrb2ZmaWNlLWJmZiIsInNpZCI6IjJhYjhhODdiLTczNzItNGRlMS04YzZkLWI5ZjJkMDgyY2FhMCIsInJlYWxtX2FjY2VzcyI6eyJyb2xlcyI6WyJkZWZhdWx0LXJvbGVzLXlhcyIsIm9mZmxpbmVfYWNjZXNzIiwiQ1VTVE9NRVIiLCJ1bWFfYXV0aG9yaXphdGlvbiJdfSwic2NvcGUiOiJlbWFpbCBwcm9maWxlIiwiZW1haWxfdmVyaWZpZWQiOmZhbHNlLCJwcmVmZXJyZWRfdXNlcm5hbWUiOiJ1c2VyIn0.xqioILj_XEtww3I7QL_CT7cu8Qkl_9gERzGbgf-j5_-a9iXmhGWruku7Iv5j7z8BtDGkfHQ8H8kOIqs0tiytQU6rVGcE9mBqcqaN1secxoKpNEyTrvDlqTe7YSv6WpGMwD9fFrR6HMsikdcsKMwxAuig39rol9Q0BkuMpoXW2x7krw_AZo-EC-BcK2hMH6KT8laxroPDWxMcUZ4z5hHcKKve3Q2SzxyW8PpH8WbMvsqjxAh8m6tzt0gK7uAvqqnhzupGg5ilP8z_012x6aqGXgT9SpjG3sjFYKRSvtaqjFg5kdNa-kUq2G4QIhOrJAx2YIcmwODCckrudfIRrKbjVw"")",faults,/home/azureuser/yas/evomaster-config/generated-tests/blackbox/location/customer/EvoMaster_location_customer_faults.java,21,6,True,0,,0,0,,100.0,0,0,0,0,0,0,False,,/home/azureuser/yas/evomaster-config/runtime-logs/classes/location/customer/EvoMaster_location_customer_faults,/home/azureuser/yas/evomaster-config/runtime-logs/classes/location/customer/EvoMaster_location_customer_faults/compile.log,/home/azureuser/yas/evomaster-config/runtime-logs/classes/location/customer/EvoMaster_location_customer_faults/compile_stdout.log,/home/azureuser/yas/evomaster-config/runtime-logs/classes/location/customer/EvoMaster_location_customer_faults/compile_stderr.log,False,True,1,java.lang.AssertionError;test_failure,1,False,7.52,6.32,162.14,"Tests run: 1, Failures: 1, Errors: 0, Skipped: 0",/home/azureuser/yas/evomaster-config/runtime-logs/methods/location/customer/EvoMaster_location_customer_faults/test_23_putOnState_or_provincReturnsMismatchResponseWithSchema,/home/azureuser/yas/evomaster-config/runtime-logs/methods/location/customer/EvoMaster_location_customer_faults/test_23_putOnState_or_provincReturnsMismatchResponseWithSchema/run.log,/home/azureuser/yas/evomaster-config/runtime-logs/methods/location/customer/EvoMaster_location_customer_faults/test_23_putOnState_or_provincReturnsMismatchResponseWithSchema/run_stdout.log,/home/azureuser/yas/evomaster-config/runtime-logs/methods/location/customer/EvoMaster_location_customer_faults/test_23_putOnState_or_provincReturnsMismatchResponseWithSchema/run_stderr.log
location,customer,EvoMaster_location_customer_faults.java,EvoMaster_location_customer_faults,test_26_putOnState_or_provincReturnsMismatchResponseWithSchema,False,1,403,/location/backoffice/state-or-provinces/{id},PUT,403,.statusCode(403) .assertThat(),5,".put(baseUrlOfSut + ""/location/backoffice/state-or-provinces/525"")",".body("" { "" + 
                    "" \""code\"": \""PeKH9W2eH0\"", "" + 
                    "" \""type\"": \""PF\"", "" + 
                    "" \""countryId\"": 337 "" + 
                    "" } "")",,faults,/home/azureuser/yas/evomaster-config/generated-tests/blackbox/location/customer/EvoMaster_location_customer_faults.java,21,6,True,0,,0,0,,100.0,0,0,0,0,0,0,False,,/home/azureuser/yas/evomaster-config/runtime-logs/classes/location/customer/EvoMaster_location_customer_faults,/home/azureuser/yas/evomaster-config/runtime-logs/classes/location/customer/EvoMaster_location_customer_faults/compile.log,/home/azureuser/yas/evomaster-config/runtime-logs/classes/location/customer/EvoMaster_location_customer_faults/compile_stdout.log,/home/azureuser/yas/evomaster-config/runtime-logs/classes/location/customer/EvoMaster_location_customer_faults/compile_stderr.log,True,True,0,,0,False,8.02,6.07,163.91,,/home/azureuser/yas/evomaster-config/runtime-logs/methods/location/customer/EvoMaster_location_customer_faults/test_26_putOnState_or_provincReturnsMismatchResponseWithSchema,/home/azureuser/yas/evomaster-config/runtime-logs/methods/location/customer/EvoMaster_location_customer_faults/test_26_putOnState_or_provincReturnsMismatchResponseWithSchema/run.log,/home/azureuser/yas/evomaster-config/runtime-logs/methods/location/customer/EvoMaster_location_customer_faults/test_26_putOnState_or_provincReturnsMismatchResponseWithSchema/run_stdout.log,/home/azureuser/yas/evomaster-config/runtime-logs/methods/location/customer/EvoMaster_location_customer_faults/test_26_putOnState_or_provincReturnsMismatchResponseWithSchema/run_stderr.log
location,none,EvoMaster_location_none_faults.java,EvoMaster_location_none_faults,test_14_putOnState_or_provincReturnsMismatchResponseWithSchema,False,1,403,/location/backoffice/state-or-provinces/{id},PUT,403,.statusCode(403) .assertThat(),5,".put(baseUrlOfSut + ""/location/backoffice/state-or-provinces/507"")",".body("" { "" + 
                    "" \""name\"": \""qf\"", "" + 
                    "" \""countryId\"": 921 "" + 
                    "" } "")",,faults,/home/azureuser/yas/evomaster-config/generated-tests/blackbox/location/none/EvoMaster_location_none_faults.java,21,6,True,0,,0,0,,100.0,0,0,0,0,0,0,False,,/home/azureuser/yas/evomaster-config/runtime-logs/classes/location/none/EvoMaster_location_none_faults,/home/azureuser/yas/evomaster-config/runtime-logs/classes/location/none/EvoMaster_location_none_faults/compile.log,/home/azureuser/yas/evomaster-config/runtime-logs/classes/location/none/EvoMaster_location_none_faults/compile_stdout.log,/home/azureuser/yas/evomaster-config/runtime-logs/classes/location/none/EvoMaster_location_none_faults/compile_stderr.log,True,True,0,,0,False,8.02,6.65,170.84,,/home/azureuser/yas/evomaster-config/runtime-logs/methods/location/none/EvoMaster_location_none_faults/test_14_putOnState_or_provincReturnsMismatchResponseWithSchema,/home/azureuser/yas/evomaster-config/runtime-logs/methods/location/none/EvoMaster_location_none_faults/test_14_putOnState_or_provincReturnsMismatchResponseWithSchema/run.log,/home/azureuser/yas/evomaster-config/runtime-logs/methods/location/none/EvoMaster_location_none_faults/test_14_putOnState_or_provincReturnsMismatchResponseWithSchema/run_stdout.log,/home/azureuser/yas/evomaster-config/runtime-logs/methods/location/none/EvoMaster_location_none_faults/test_14_putOnState_or_provincReturnsMismatchResponseWithSchema/run_stderr.log
location,super_admin,EvoMaster_location_super_admin_faults.java,EvoMaster_location_super_admin_faults,test_25_putOnState_or_provincReturnsMismatchResponseWithSchema,False,1,403,/location/backoffice/state-or-provinces/{id},PUT,403,.statusCode(403) .assertThat(),2,".put(baseUrlOfSut + ""/location/backoffice/state-or-provinces/156"")",".body("" {} "")",".header(""Authorization"", ""Bearer eyJhbGciOiJSUzI1NiIsInR5cCIgOiAiSldUIiwia2lkIiA6ICJLcTh2dHJEazBLOGpLX1c5NWJreTFKaTN5RzRSMy1oUmc1dzY3NDVkZ3RRIn0.eyJleHAiOjE3Nzg0MTcwNjUsImlhdCI6MTc3ODQxNjc2NSwianRpIjoiMzM4NTllNmYtMmY4Ny00ZmZiLTk4MzQtOTk3NGJhNTRlMTI2IiwiaXNzIjoiaHR0cDovL2lkZW50aXR5L3JlYWxtcy9ZYXMiLCJzdWIiOiI4OGE3YzM0MS00YTMzLTQ2YTctODkyMS03M2U4YTI0MmE4NTIiLCJ0eXAiOiJCZWFyZXIiLCJhenAiOiJiYWNrb2ZmaWNlLWJmZiIsInNpZCI6IjNhYTU2YzJhLTQ4YjEtNGVlZi1iNzBhLTRlZTQ2MDVlMTkwNyIsInJlYWxtX2FjY2VzcyI6eyJyb2xlcyI6WyJTVVBFUi1BRE1JTiJdfSwic2NvcGUiOiJlbWFpbCBwcm9maWxlIiwiZW1haWxfdmVyaWZpZWQiOmZhbHNlLCJwcmVmZXJyZWRfdXNlcm5hbWUiOiJzdXBlcl9hZG1pbiJ9.LkNHNeD1vMPVaktCHqxhSy8YEwzV5RsKYxCQrMbTBXeOkqinc38KHWbVzDZor6cWS9_rHxh_SpKAIOLispz-xZBxfht3v1lk9F5ybj_09ZfFt3CIEwjaUHNbk4wY0dgtp7AEdLb1hv90geCWHXUJheA0rp_WPM3Si5IyXMg1-EBm2UM1K610_Q8f7D_qxw7mQoqhL8dsXZjN2-nMeYOuXvMsVBbuVo_8W7xohUUs6mE4Cl-zao9ZBm-ucUOTnRWU2tQ9N6wrriG5_Tp7BgMb5dScEZkWKE1gNLqeeZ8B_FDPQL_2gRpp-EG4_1QlTrU2UnDYe1BxVw9TNd4kL8c-bw"")",faults,/home/azureuser/yas/evomaster-config/generated-tests/blackbox/location/super_admin/EvoMaster_location_super_admin_faults.java,21,6,True,0,,0,0,,100.0,0,0,0,0,0,0,False,,/home/azureuser/yas/evomaster-config/runtime-logs/classes/location/super_admin/EvoMaster_location_super_admin_faults,/home/azureuser/yas/evomaster-config/runtime-logs/classes/location/super_admin/EvoMaster_location_super_admin_faults/compile.log,/home/azureuser/yas/evomaster-config/runtime-logs/classes/location/super_admin/EvoMaster_location_super_admin_faults/compile_stdout.log,/home/azureuser/yas/evomaster-config/runtime-logs/classes/location/super_admin/EvoMaster_location_super_admin_faults/compile_stderr.log,False,True,1,java.lang.AssertionError;test_failure,1,False,7.02,6.21,161.81,"Tests run: 1, Failures: 1, Errors: 0, Skipped: 0",/home/azureuser/yas/evomaster-config/runtime-logs/methods/location/super_admin/EvoMaster_location_super_admin_faults/test_25_putOnState_or_provincReturnsMismatchResponseWithSchema,/home/azureuser/yas/evomaster-config/runtime-logs/methods/location/super_admin/EvoMaster_location_super_admin_faults/test_25_putOnState_or_provincReturnsMismatchResponseWithSchema/run.log,/home/azureuser/yas/evomaster-config/runtime-logs/methods/location/super_admin/EvoMaster_location_super_admin_faults/test_25_putOnState_or_provincReturnsMismatchResponseWithSchema/run_stdout.log,/home/azureuser/yas/evomaster-config/runtime-logs/methods/location/super_admin/EvoMaster_location_super_admin_faults/test_25_putOnState_or_provincReturnsMismatchResponseWithSchema/run_stderr.log
location,super_admin,EvoMaster_location_super_admin_faults.java,EvoMaster_location_super_admin_faults,test_28_putOnState_or_provincReturnsMismatchResponseWithSchema,False,1,403,/location/backoffice/state-or-provinces/{id},PUT,403,.statusCode(403) .assertThat(),5,".put(baseUrlOfSut + ""/location/backoffice/state-or-provinces/854"")",".body("" { "" + 
                    "" \""name\"": \""DGlEiFq7W\"", "" + 
                    "" \""code\"": \""\"" "" + 
                    "" } "")",,faults,/home/azureuser/yas/evomaster-config/generated-tests/blackbox/location/super_admin/EvoMaster_location_super_admin_faults.java,21,6,True,0,,0,0,,100.0,0,0,0,0,0,0,False,,/home/azureuser/yas/evomaster-config/runtime-logs/classes/location/super_admin/EvoMaster_location_super_admin_faults,/home/azureuser/yas/evomaster-config/runtime-logs/classes/location/super_admin/EvoMaster_location_super_admin_faults/compile.log,/home/azureuser/yas/evomaster-config/runtime-logs/classes/location/super_admin/EvoMaster_location_super_admin_faults/compile_stdout.log,/home/azureuser/yas/evomaster-config/runtime-logs/classes/location/super_admin/EvoMaster_location_super_admin_faults/compile_stderr.log,True,True,0,,0,False,8.02,6.05,152.34,,/home/azureuser/yas/evomaster-config/runtime-logs/methods/location/super_admin/EvoMaster_location_super_admin_faults/test_28_putOnState_or_provincReturnsMismatchResponseWithSchema,/home/azureuser/yas/evomaster-config/runtime-logs/methods/location/super_admin/EvoMaster_location_super_admin_faults/test_28_putOnState_or_provincReturnsMismatchResponseWithSchema/run.log,/home/azureuser/yas/evomaster-config/runtime-logs/methods/location/super_admin/EvoMaster_location_super_admin_faults/test_28_putOnState_or_provincReturnsMismatchResponseWithSchema/run_stdout.log,/home/azureuser/yas/evomaster-config/runtime-logs/methods/location/super_admin/EvoMaster_location_super_admin_faults/test_28_putOnState_or_provincReturnsMismatchResponseWithSchema/run_stderr.log
location,user,EvoMaster_location_user_faults.java,EvoMaster_location_user_faults,test_23_putOnState_or_provincReturnsMismatchResponseWithSchema,False,1,403,/location/backoffice/state-or-provinces/{id},PUT,403,.statusCode(403) .assertThat(),2,".put(baseUrlOfSut + ""/location/backoffice/state-or-provinces/-696182791"")",".body("" { "" + 
                    "" \""code\"": \""Uf\"", "" + 
                    "" \""type\"": \""K\"", "" + 
                    "" \""countryId\"": 968 "" + 
                    "" } "")",".header(""Authorization"", ""Bearer eyJhbGciOiJSUzI1NiIsInR5cCIgOiAiSldUIiwia2lkIiA6ICJLcTh2dHJEazBLOGpLX1c5NWJreTFKaTN5RzRSMy1oUmc1dzY3NDVkZ3RRIn0.eyJleHAiOjE3Nzg0MTcwNjYsImlhdCI6MTc3ODQxNjc2NiwianRpIjoiMWI0M2U2Y2ItMWI0Yi00NThhLTg1N2EtNzViNzZmMWI3ZDU3IiwiaXNzIjoiaHR0cDovL2lkZW50aXR5L3JlYWxtcy9ZYXMiLCJzdWIiOiIzNjVlNmUwOC01Y2YyLTQ0YzktODg0NC00M2M3OGRkYjk4MWYiLCJ0eXAiOiJCZWFyZXIiLCJhenAiOiJiYWNrb2ZmaWNlLWJmZiIsInNpZCI6IjI1OGE2OTUzLWJiNGMtNGI0ZC05MDk5LWNiYjA2MThlY2ZjZiIsInJlYWxtX2FjY2VzcyI6eyJyb2xlcyI6WyJVU0VSIl19LCJzY29wZSI6ImVtYWlsIHByb2ZpbGUiLCJlbWFpbF92ZXJpZmllZCI6ZmFsc2UsInByZWZlcnJlZF91c2VybmFtZSI6InVzZXJfcm9sZSJ9.r7H-7cKAVpODNqoRzvNvUtH6_XuabK5hcp__1hg5TuLjGwBsLmhXnWGfp7FGJBCCzwGV_9y_dqJ0bUJhT4WBGoYrzi5vTmktBAXzVuOBkKKsBPiy96ihP7duQC3tyoNpj0Pj8LQW8KRQHRji1GkajDfcCRQuIePt0diZXI2SazFRRHPlrnS7P0khODa0uzLB8y0gtqhLFcOiHHmwTcr7MwhcXgqyE01SsDnELYPNT_LNhTSa4LJ-5Ia_CAtRogPQkXE8dIJs1Gi9KuJWXcRJlbJQXkKrO4ncbD-d8R--XttJcZhJsz0678n_kBdj_NmThlennDJFfB5Gg3zaxLo08w"")",faults,/home/azureuser/yas/evomaster-config/generated-tests/blackbox/location/user/EvoMaster_location_user_faults.java,21,6,True,0,,0,0,,100.0,0,0,0,0,0,0,False,,/home/azureuser/yas/evomaster-config/runtime-logs/classes/location/user/EvoMaster_location_user_faults,/home/azureuser/yas/evomaster-config/runtime-logs/classes/location/user/EvoMaster_location_user_faults/compile.log,/home/azureuser/yas/evomaster-config/runtime-logs/classes/location/user/EvoMaster_location_user_faults/compile_stdout.log,/home/azureuser/yas/evomaster-config/runtime-logs/classes/location/user/EvoMaster_location_user_faults/compile_stderr.log,False,True,1,java.lang.AssertionError;test_failure,1,False,7.52,6.75,177.52,"Tests run: 1, Failures: 1, Errors: 0, Skipped: 0",/home/azureuser/yas/evomaster-config/runtime-logs/methods/location/user/EvoMaster_location_user_faults/test_23_putOnState_or_provincReturnsMismatchResponseWithSchema,/home/azureuser/yas/evomaster-config/runtime-logs/methods/location/user/EvoMaster_location_user_faults/test_23_putOnState_or_provincReturnsMismatchResponseWithSchema/run.log,/home/azureuser/yas/evomaster-config/runtime-logs/methods/location/user/EvoMaster_location_user_faults/test_23_putOnState_or_provincReturnsMismatchResponseWithSchema/run_stdout.log,/home/azureuser/yas/evomaster-config/runtime-logs/methods/location/user/EvoMaster_location_user_faults/test_23_putOnState_or_provincReturnsMismatchResponseWithSchema/run_stderr.log
location,user,EvoMaster_location_user_faults.java,EvoMaster_location_user_faults,test_26_putOnState_or_provincReturnsMismatchResponseWithSchema,False,1,403,/location/backoffice/state-or-provinces/{id},PUT,403,.statusCode(403) .assertThat(),5,".put(baseUrlOfSut + ""/location/backoffice/state-or-provinces/646"")",".body("" { "" + 
                    "" \""name\"": \""J\"" "" + 
                    "" } "")",,faults,/home/azureuser/yas/evomaster-config/generated-tests/blackbox/location/user/EvoMaster_location_user_faults.java,21,6,True,0,,0,0,,100.0,0,0,0,0,0,0,False,,/home/azureuser/yas/evomaster-config/runtime-logs/classes/location/user/EvoMaster_location_user_faults,/home/azureuser/yas/evomaster-config/runtime-logs/classes/location/user/EvoMaster_location_user_faults/compile.log,/home/azureuser/yas/evomaster-config/runtime-logs/classes/location/user/EvoMaster_location_user_faults/compile_stdout.log,/home/azureuser/yas/evomaster-config/runtime-logs/classes/location/user/EvoMaster_location_user_faults/compile_stderr.log,True,True,0,,0,False,8.02,6.06,163.99,,/home/azureuser/yas/evomaster-config/runtime-logs/methods/location/user/EvoMaster_location_user_faults/test_26_putOnState_or_provincReturnsMismatchResponseWithSchema,/home/azureuser/yas/evomaster-config/runtime-logs/methods/location/user/EvoMaster_location_user_faults/test_26_putOnState_or_provincReturnsMismatchResponseWithSchema/run.log,/home/azureuser/yas/evomaster-config/runtime-logs/methods/location/user/EvoMaster_location_user_faults/test_26_putOnState_or_provincReturnsMismatchResponseWithSchema/run_stdout.log,/home/azureuser/yas/evomaster-config/runtime-logs/methods/location/user/EvoMaster_location_user_faults/test_26_putOnState_or_provincReturnsMismatchResponseWithSchema/run_stderr.log
product,customer,EvoMaster_product_customer_others.java,EvoMaster_product_customer_others,test_15_postOnProductsReturns403,False,1,403,/product/backoffice/products,POST,403,.statusCode(403) .assertThat(),2,".post(baseUrlOfSut + ""/product/backoffice/products"")",".body("" { "" + 
                    "" \""name\"": \""rqwGPOMzA8\"", "" + 
                    "" \""slug\"": \""J5Qq2\"", "" + 
                    "" \""categoryIds\"": [], "" + 
                    "" \""description\"": \""ESfz4ENolkV5L4\"", "" + 
                    "" \""sku\"": \""DbGI_JMDQrXfHu\"", "" + 
                    "" \""weight\"": 0.7120684085135245, "" + 
                    "" \""width\"": 0.7326634290776712, "" + 
                    "" \""height\"": 0.5527324238688927, "" + 
                    "" \""price\"": 0.7651643451710413, "" + 
                    "" \""isAllowedToOrder\"": false, "" + 
                    "" \""isPublished\"": false, "" + 
                    "" \""isVisibleIndividually\"": true, "" + 
                    "" \""metaTitle\"": \""Hx\"", "" + 
                    "" \""metaKeyword\"": \""1AcPR7xw\"", "" + 
                    "" \""metaDescription\"": \""\"", "" + 
                    "" \""thumbnailMediaId\"": -390616283, "" + 
                    "" \""productOptionValues\"": [ "" + 
                    "" { "" + 
                    "" \""productOptionId\"": 938, "" + 
                    "" \""displayType\"": \""D5Rf_OF2Gb5D\"", "" + 
                    "" \""displayOrder\"": 838, "" + 
                    "" \""value\"": [] "" + 
                    "" }, "" + 
                    "" { "" + 
                    "" \""productOptionId\"": 281 "" + 
                    "" }, "" + 
                    "" { "" + 
                    "" \""productOptionId\"": 163, "" + 
                    "" \""displayType\"": \""TlKIIntR\"", "" + 
                    "" \""value\"": [ "" + 
                    "" \""ti\"", "" + 
                    "" \""pn3__iN\"", "" + 
                    "" \""\"", "" + 
                    "" \""EXwnTchMwwFZJG\"" "" + 
                    "" ] "" + 
                    "" } "" + 
                    "" ], "" + 
                    "" \""productOptionValueDisplays\"": [ "" + 
                    "" {}, "" + 
                    "" { "" + 
                    "" \""displayType\"": \""G\"", "" + 
                    "" \""value\"": \""\"" "" + 
                    "" }, "" + 
                    "" { "" + 
                    "" \""productOptionId\"": 459, "" + 
                    "" \""displayType\"": \""jveogu3TFQmsy_XL\"" "" + 
                    "" }, "" + 
                    "" { "" + 
                    "" \""displayOrder\"": 94, "" + 
                    "" \""value\"": \""Ze6p\"" "" + 
                    "" } "" + 
                    "" ], "" + 
                    "" \""relatedProductIds\"": [ "" + 
                    "" 978, "" + 
                    "" 188 "" + 
                    "" ], "" + 
                    "" \""taxClassId\"": 257 "" + 
                    "" } "")",".header(""Authorization"", ""Bearer eyJhbGciOiJSUzI1NiIsInR5cCIgOiAiSldUIiwia2lkIiA6ICJLcTh2dHJEazBLOGpLX1c5NWJreTFKaTN5RzRSMy1oUmc1dzY3NDVkZ3RRIn0.eyJleHAiOjE3Nzg0MTcwNjQsImlhdCI6MTc3ODQxNjc2NCwianRpIjoiYWZhNDdjZGMtNjk5Ni00YWEyLWJkY2ItOGU3YWRmY2QyZTY5IiwiaXNzIjoiaHR0cDovL2lkZW50aXR5L3JlYWxtcy9ZYXMiLCJzdWIiOiI3MzdhNzgxZi01YzAxLTQ1ZWQtOGE4Yy0zOGQ1NjVjNGM2NTYiLCJ0eXAiOiJCZWFyZXIiLCJhenAiOiJiYWNrb2ZmaWNlLWJmZiIsInNpZCI6IjJhYjhhODdiLTczNzItNGRlMS04YzZkLWI5ZjJkMDgyY2FhMCIsInJlYWxtX2FjY2VzcyI6eyJyb2xlcyI6WyJkZWZhdWx0LXJvbGVzLXlhcyIsIm9mZmxpbmVfYWNjZXNzIiwiQ1VTVE9NRVIiLCJ1bWFfYXV0aG9yaXphdGlvbiJdfSwic2NvcGUiOiJlbWFpbCBwcm9maWxlIiwiZW1haWxfdmVyaWZpZWQiOmZhbHNlLCJwcmVmZXJyZWRfdXNlcm5hbWUiOiJ1c2VyIn0.xqioILj_XEtww3I7QL_CT7cu8Qkl_9gERzGbgf-j5_-a9iXmhGWruku7Iv5j7z8BtDGkfHQ8H8kOIqs0tiytQU6rVGcE9mBqcqaN1secxoKpNEyTrvDlqTe7YSv6WpGMwD9fFrR6HMsikdcsKMwxAuig39rol9Q0BkuMpoXW2x7krw_AZo-EC-BcK2hMH6KT8laxroPDWxMcUZ4z5hHcKKve3Q2SzxyW8PpH8WbMvsqjxAh8m6tzt0gK7uAvqqnhzupGg5ilP8z_012x6aqGXgT9SpjG3sjFYKRSvtaqjFg5kdNa-kUq2G4QIhOrJAx2YIcmwODCckrudfIRrKbjVw"")",others,/home/azureuser/yas/evomaster-config/generated-tests/blackbox/product/customer/EvoMaster_product_customer_others.java,21,6,True,0,,0,0,,100.0,0,0,0,0,0,0,False,,/home/azureuser/yas/evomaster-config/runtime-logs/classes/product/customer/EvoMaster_product_customer_others,/home/azureuser/yas/evomaster-config/runtime-logs/classes/product/customer/EvoMaster_product_customer_others/compile.log,/home/azureuser/yas/evomaster-config/runtime-logs/classes/product/customer/EvoMaster_product_customer_others/compile_stdout.log,/home/azureuser/yas/evomaster-config/runtime-logs/classes/product/customer/EvoMaster_product_customer_others/compile_stderr.log,False,True,1,java.lang.AssertionError;test_failure,1,False,8.02,6.28,158.48,"Tests run: 1, Failures: 1, Errors: 0, Skipped: 0",/home/azureuser/yas/evomaster-config/runtime-logs/methods/product/customer/EvoMaster_product_customer_others/test_15_postOnProductsReturns403,/home/azureuser/yas/evomaster-config/runtime-logs/methods/product/customer/EvoMaster_product_customer_others/test_15_postOnProductsReturns403/run.log,/home/azureuser/yas/evomaster-config/runtime-logs/methods/product/customer/EvoMaster_product_customer_others/test_15_postOnProductsReturns403/run_stdout.log,/home/azureuser/yas/evomaster-config/runtime-logs/methods/product/customer/EvoMaster_product_customer_others/test_15_postOnProductsReturns403/run_stderr.log
product,none,EvoMaster_product_none_others.java,EvoMaster_product_none_others,test_16_postOnProductsReturns403,False,1,403,/product/backoffice/products,POST,403,.statusCode(403) .assertThat(),5,".post(baseUrlOfSut + ""/product/backoffice/products"")",".body("" { "" + 
                    "" \""name\"": \""YHTEjm8z6JoN\"", "" + 
                    "" \""slug\"": \""t5rudt4ZC2KJsD5H\"", "" + 
                    "" \""brandId\"": 191922852, "" + 
                    "" \""categoryIds\"": [ "" + 
                    "" 511, "" + 
                    "" 430, "" + 
                    "" -74454272, "" + 
                    "" 505 "" + 
                    "" ], "" + 
                    "" \""description\"": \""HpKnGXk3VtfDB15\"", "" + 
                    "" \""sku\"": \""acPFyAy\"", "" + 
                    "" \""gtin\"": \""hc7pMdPq6t7cJ\"", "" + 
                    "" \""weight\"": 0.9293543041124579, "" + 
                    "" \""width\"": 0.7443160633352582, "" + 
                    "" \""price\"": 0.7515819504600662, "" + 
                    "" \""isAllowedToOrder\"": true, "" + 
                    "" \""isPublished\"": true, "" + 
                    "" \""isVisibleIndividually\"": true, "" + 
                    "" \""thumbnailMediaId\"": -272893555, "" + 
                    "" \""variations\"": [ "" + 
                    "" { "" + 
                    "" \""name\"": \""12rkf8HLCZS\"", "" + 
                    "" \""sku\"": \""nQcabul5w\"", "" + 
                    "" \""gtin\"": \""8zwOo\"", "" + 
                    "" \""price\"": 0.27053146342819134 "" + 
                    "" }, "" + 
                    "" { "" + 
                    "" \""slug\"": \""3NLtR1S\"", "" + 
                    "" \""sku\"": \""05FH7UEZyEAh\"", "" + 
                    "" \""gtin\"": \""2SX90\"", "" + 
                    "" \""productImageIds\"": [ "" + 
                    "" 225 "" + 
                    "" ], "" + 
                    "" \""optionValuesByOptionId\"": {} "" + 
                    "" }, "" + 
                    "" { "" + 
                    "" \""name\"": \""9k\"", "" + 
                    "" \""slug\"": \""sT2J4\"", "" + 
                    "" \""sku\"": \""54vaUmBJ\"", "" + 
                    "" \""gtin\"": \""Y9liy4\"", "" + 
                    "" \""optionValuesByOptionId\"": { "" + 
                    "" \""ZdzC0TGQh2leCi\"": \""Ukay1XEdMOgJY\"", "" + 
                    "" \""eXF\"": \""0OGD2BMC\"", "" + 
                    "" \""ND3BfewG\"": \""a\"", "" + 
                    "" \""V1FRnC5JsgCaAJm\"": \""Rat\"" "" + 
                    "" } "" + 
                    "" }, "" + 
                    "" { "" + 
                    "" \""name\"": \""r01GkfLEsOM\"", "" + 
                    "" \""slug\"": \""\"", "" + 
                    "" \""thumbnailMediaId\"": 524, "" + 
                    "" \""productImageIds\"": [ "" + 
                    "" 89, "" + 
                    "" 961, "" + 
                    "" 10, "" + 
                    "" 587, "" + 
                    "" 1856827646 "" + 
                    "" ] "" + 
                    "" } "" + 
                    "" ], "" + 
                    "" \""relatedProductIds\"": [ "" + 
                    "" 572, "" + 
                    "" 71, "" + 
                    "" 436, "" + 
                    "" 491, "" + 
                    "" 8332834507406102744 "" + 
                    "" ], "" + 
                    "" \""taxClassId\"": 905 "" + 
                    "" } "")",,others,/home/azureuser/yas/evomaster-config/generated-tests/blackbox/product/none/EvoMaster_product_none_others.java,21,6,True,0,,0,0,,100.0,0,0,0,0,0,0,False,,/home/azureuser/yas/evomaster-config/runtime-logs/classes/product/none/EvoMaster_product_none_others,/home/azureuser/yas/evomaster-config/runtime-logs/classes/product/none/EvoMaster_product_none_others/compile.log,/home/azureuser/yas/evomaster-config/runtime-logs/classes/product/none/EvoMaster_product_none_others/compile_stdout.log,/home/azureuser/yas/evomaster-config/runtime-logs/classes/product/none/EvoMaster_product_none_others/compile_stderr.log,True,True,0,,0,False,8.52,6.83,171.31,,/home/azureuser/yas/evomaster-config/runtime-logs/methods/product/none/EvoMaster_product_none_others/test_16_postOnProductsReturns403,/home/azureuser/yas/evomaster-config/runtime-logs/methods/product/none/EvoMaster_product_none_others/test_16_postOnProductsReturns403/run.log,/home/azureuser/yas/evomaster-config/runtime-logs/methods/product/none/EvoMaster_product_none_others/test_16_postOnProductsReturns403/run_stdout.log,/home/azureuser/yas/evomaster-config/runtime-logs/methods/product/none/EvoMaster_product_none_others/test_16_postOnProductsReturns403/run_stderr.log
product,super_admin,EvoMaster_product_super_admin_others.java,EvoMaster_product_super_admin_others,test_15_postOnProductsReturns403,False,1,403,/product/backoffice/products,POST,403,.statusCode(403) .assertThat(),2,".post(baseUrlOfSut + ""/product/backoffice/products"")",".body("" { "" + 
                    "" \""name\"": \""TZWMq7xM6iB2\"", "" + 
                    "" \""slug\"": \""cGeyP\"", "" + 
                    "" \""brandId\"": 983, "" + 
                    "" \""categoryIds\"": [], "" + 
                    "" \""sku\"": \""eur8smtd\"", "" + 
                    "" \""gtin\"": \""phJ9Nr5xQ3o\"", "" + 
                    "" \""dimensionUnit\"": \""INCH\"", "" + 
                    "" \""length\"": 0.48154484802022257, "" + 
                    "" \""isPublished\"": false, "" + 
                    "" \""isVisibleIndividually\"": true, "" + 
                    "" \""stockTrackingEnabled\"": false, "" + 
                    "" \""thumbnailMediaId\"": -1605471714645891502, "" + 
                    "" \""variations\"": [ "" + 
                    "" { "" + 
                    "" \""name\"": \""eVEUlIhpITt\"", "" + 
                    "" \""sku\"": \""pPRl2X\"" "" + 
                    "" }, "" + 
                    "" { "" + 
                    "" \""sku\"": \""9\"", "" + 
                    "" \""price\"": 0.1140775937138766, "" + 
                    "" \""thumbnailMediaId\"": 196 "" + 
                    "" }, "" + 
                    "" { "" + 
                    "" \""name\"": \""z785sx\"", "" + 
                    "" \""slug\"": \""vW6TmMtqE\"", "" + 
                    "" \""gtin\"": \""rm1o9WET27\"", "" + 
                    "" \""price\"": 0.7624817575130676, "" + 
                    "" \""thumbnailMediaId\"": 703, "" + 
                    "" \""productImageIds\"": [ "" + 
                    "" 501584030, "" + 
                    "" 425, "" + 
                    "" 707 "" + 
                    "" ] "" + 
                    "" }, "" + 
                    "" { "" + 
                    "" \""sku\"": \""C3BbXsE\"", "" + 
                    "" \""gtin\"": \""4z\"", "" + 
                    "" \""price\"": 0.8679040343804953, "" + 
                    "" \""thumbnailMediaId\"": 848 "" + 
                    "" }, "" + 
                    "" { "" + 
                    "" \""name\"": \""jW7Vx6Z84dlnN5\"", "" + 
                    "" \""gtin\"": \""WTm17uSpF\"", "" + 
                    "" \""price\"": 0.609082045716205, "" + 
                    "" \""productImageIds\"": [ "" + 
                    "" 603, "" + 
                    "" 521 "" + 
                    "" ] "" + 
                    "" } "" + 
                    "" ], "" + 
                    "" \""productOptionValues\"": [ "" + 
                    "" { "" + 
                    "" \""displayType\"": \""sPaOIvGjVJz\"", "" + 
                    "" \""displayOrder\"": 395 "" + 
                    "" }, "" + 
                    "" { "" + 
                    "" \""productOptionId\"": 12, "" + 
                    "" \""displayType\"": \""DE0SfC\"", "" + 
                    "" \""value\"": [ "" + 
                    "" \""G3owjyz\"" "" + 
                    "" ] "" + 
                    "" } "" + 
                    "" ], "" + 
                    "" \""productOptionValueDisplays\"": [ "" + 
                    "" { "" + 
                    "" \""productOptionId\"": 4012804819801197148, "" + 
                    "" \""value\"": \""GDIgWrm\"" "" + 
                    "" } "" + 
                    "" ], "" + 
                    "" \""relatedProductIds\"": [ "" + 
                    "" 916, "" + 
                    "" 820 "" + 
                    "" ], "" + 
                    "" \""taxClassId\"": 872 "" + 
                    "" } "")",".header(""Authorization"", ""Bearer eyJhbGciOiJSUzI1NiIsInR5cCIgOiAiSldUIiwia2lkIiA6ICJLcTh2dHJEazBLOGpLX1c5NWJreTFKaTN5RzRSMy1oUmc1dzY3NDVkZ3RRIn0.eyJleHAiOjE3Nzg0MTcwNjUsImlhdCI6MTc3ODQxNjc2NSwianRpIjoiMzM4NTllNmYtMmY4Ny00ZmZiLTk4MzQtOTk3NGJhNTRlMTI2IiwiaXNzIjoiaHR0cDovL2lkZW50aXR5L3JlYWxtcy9ZYXMiLCJzdWIiOiI4OGE3YzM0MS00YTMzLTQ2YTctODkyMS03M2U4YTI0MmE4NTIiLCJ0eXAiOiJCZWFyZXIiLCJhenAiOiJiYWNrb2ZmaWNlLWJmZiIsInNpZCI6IjNhYTU2YzJhLTQ4YjEtNGVlZi1iNzBhLTRlZTQ2MDVlMTkwNyIsInJlYWxtX2FjY2VzcyI6eyJyb2xlcyI6WyJTVVBFUi1BRE1JTiJdfSwic2NvcGUiOiJlbWFpbCBwcm9maWxlIiwiZW1haWxfdmVyaWZpZWQiOmZhbHNlLCJwcmVmZXJyZWRfdXNlcm5hbWUiOiJzdXBlcl9hZG1pbiJ9.LkNHNeD1vMPVaktCHqxhSy8YEwzV5RsKYxCQrMbTBXeOkqinc38KHWbVzDZor6cWS9_rHxh_SpKAIOLispz-xZBxfht3v1lk9F5ybj_09ZfFt3CIEwjaUHNbk4wY0dgtp7AEdLb1hv90geCWHXUJheA0rp_WPM3Si5IyXMg1-EBm2UM1K610_Q8f7D_qxw7mQoqhL8dsXZjN2-nMeYOuXvMsVBbuVo_8W7xohUUs6mE4Cl-zao9ZBm-ucUOTnRWU2tQ9N6wrriG5_Tp7BgMb5dScEZkWKE1gNLqeeZ8B_FDPQL_2gRpp-EG4_1QlTrU2UnDYe1BxVw9TNd4kL8c-bw"")",others,/home/azureuser/yas/evomaster-config/generated-tests/blackbox/product/super_admin/EvoMaster_product_super_admin_others.java,21,6,True,0,,0,0,,100.0,0,0,0,0,0,0,False,,/home/azureuser/yas/evomaster-config/runtime-logs/classes/product/super_admin/EvoMaster_product_super_admin_others,/home/azureuser/yas/evomaster-config/runtime-logs/classes/product/super_admin/EvoMaster_product_super_admin_others/compile.log,/home/azureuser/yas/evomaster-config/runtime-logs/classes/product/super_admin/EvoMaster_product_super_admin_others/compile_stdout.log,/home/azureuser/yas/evomaster-config/runtime-logs/classes/product/super_admin/EvoMaster_product_super_admin_others/compile_stderr.log,False,True,1,java.lang.AssertionError;test_failure,1,False,7.52,6.4,162.78,"Tests run: 1, Failures: 1, Errors: 0, Skipped: 0",/home/azureuser/yas/evomaster-config/runtime-logs/methods/product/super_admin/EvoMaster_product_super_admin_others/test_15_postOnProductsReturns403,/home/azureuser/yas/evomaster-config/runtime-logs/methods/product/super_admin/EvoMaster_product_super_admin_others/test_15_postOnProductsReturns403/run.log,/home/azureuser/yas/evomaster-config/runtime-logs/methods/product/super_admin/EvoMaster_product_super_admin_others/test_15_postOnProductsReturns403/run_stdout.log,/home/azureuser/yas/evomaster-config/runtime-logs/methods/product/super_admin/EvoMaster_product_super_admin_others/test_15_postOnProductsReturns403/run_stderr.log
product,user,EvoMaster_product_user_others.java,EvoMaster_product_user_others,test_15_postOnProductsReturns403,False,1,403,/product/backoffice/products,POST,403,.statusCode(403) .assertThat(),2,".post(baseUrlOfSut + ""/product/backoffice/products"")",".body("" { "" + 
                    "" \""name\"": \""TabHodX7jvE9vbY\"", "" + 
                    "" \""slug\"": \""uaK93u6Fu\"", "" + 
                    "" \""brandId\"": 556, "" + 
                    "" \""shortDescription\"": \""\"", "" + 
                    "" \""description\"": \""HlLgcj7\"", "" + 
                    "" \""specification\"": \""PHRItI1aRVO\"", "" + 
                    "" \""gtin\"": \""8e8K\"", "" + 
                    "" \""length\"": 0.29881226009924744, "" + 
                    "" \""width\"": 0.2216870405820276, "" + 
                    "" \""height\"": 0.10748594759236285, "" + 
                    "" \""price\"": 0.913219110942945, "" + 
                    "" \""isAllowedToOrder\"": true, "" + 
                    "" \""isFeatured\"": false, "" + 
                    "" \""isVisibleIndividually\"": true, "" + 
                    "" \""stockTrackingEnabled\"": false, "" + 
                    "" \""metaDescription\"": \""DpUQsdJwJDXci7\"", "" + 
                    "" \""productImageIds\"": [ "" + 
                    "" 451 "" + 
                    "" ], "" + 
                    "" \""productOptionValues\"": [ "" + 
                    "" { "" + 
                    "" \""value\"": [ "" + 
                    "" \""i8q\"", "" + 
                    "" \""EQhqbzA\"", "" + 
                    "" \""TeRjabjOt\"" "" + 
                    "" ] "" + 
                    "" }, "" + 
                    "" { "" + 
                    "" \""displayType\"": \""nrI5yH\"", "" + 
                    "" \""value\"": [ "" + 
                    "" \""\"", "" + 
                    "" \""H4kbbLunMyaWUpxW\"" "" + 
                    "" ] "" + 
                    "" } "" + 
                    "" ], "" + 
                    "" \""taxClassId\"": -2113817266 "" + 
                    "" } "")",".header(""Authorization"", ""Bearer eyJhbGciOiJSUzI1NiIsInR5cCIgOiAiSldUIiwia2lkIiA6ICJLcTh2dHJEazBLOGpLX1c5NWJreTFKaTN5RzRSMy1oUmc1dzY3NDVkZ3RRIn0.eyJleHAiOjE3Nzg0MTcwNjYsImlhdCI6MTc3ODQxNjc2NiwianRpIjoiMWI0M2U2Y2ItMWI0Yi00NThhLTg1N2EtNzViNzZmMWI3ZDU3IiwiaXNzIjoiaHR0cDovL2lkZW50aXR5L3JlYWxtcy9ZYXMiLCJzdWIiOiIzNjVlNmUwOC01Y2YyLTQ0YzktODg0NC00M2M3OGRkYjk4MWYiLCJ0eXAiOiJCZWFyZXIiLCJhenAiOiJiYWNrb2ZmaWNlLWJmZiIsInNpZCI6IjI1OGE2OTUzLWJiNGMtNGI0ZC05MDk5LWNiYjA2MThlY2ZjZiIsInJlYWxtX2FjY2VzcyI6eyJyb2xlcyI6WyJVU0VSIl19LCJzY29wZSI6ImVtYWlsIHByb2ZpbGUiLCJlbWFpbF92ZXJpZmllZCI6ZmFsc2UsInByZWZlcnJlZF91c2VybmFtZSI6InVzZXJfcm9sZSJ9.r7H-7cKAVpODNqoRzvNvUtH6_XuabK5hcp__1hg5TuLjGwBsLmhXnWGfp7FGJBCCzwGV_9y_dqJ0bUJhT4WBGoYrzi5vTmktBAXzVuOBkKKsBPiy96ihP7duQC3tyoNpj0Pj8LQW8KRQHRji1GkajDfcCRQuIePt0diZXI2SazFRRHPlrnS7P0khODa0uzLB8y0gtqhLFcOiHHmwTcr7MwhcXgqyE01SsDnELYPNT_LNhTSa4LJ-5Ia_CAtRogPQkXE8dIJs1Gi9KuJWXcRJlbJQXkKrO4ncbD-d8R--XttJcZhJsz0678n_kBdj_NmThlennDJFfB5Gg3zaxLo08w"")",others,/home/azureuser/yas/evomaster-config/generated-tests/blackbox/product/user/EvoMaster_product_user_others.java,21,6,True,0,,0,0,,100.0,0,0,0,0,0,0,False,,/home/azureuser/yas/evomaster-config/runtime-logs/classes/product/user/EvoMaster_product_user_others,/home/azureuser/yas/evomaster-config/runtime-logs/classes/product/user/EvoMaster_product_user_others/compile.log,/home/azureuser/yas/evomaster-config/runtime-logs/classes/product/user/EvoMaster_product_user_others/compile_stdout.log,/home/azureuser/yas/evomaster-config/runtime-logs/classes/product/user/EvoMaster_product_user_others/compile_stderr.log,False,True,1,java.lang.AssertionError;test_failure,1,False,7.52,6.41,155.82,"Tests run: 1, Failures: 1, Errors: 0, Skipped: 0",/home/azureuser/yas/evomaster-config/runtime-logs/methods/product/user/EvoMaster_product_user_others/test_15_postOnProductsReturns403,/home/azureuser/yas/evomaster-config/runtime-logs/methods/product/user/EvoMaster_product_user_others/test_15_postOnProductsReturns403/run.log,/home/azureuser/yas/evomaster-config/runtime-logs/methods/product/user/EvoMaster_product_user_others/test_15_postOnProductsReturns403/run_stdout.log,/home/azureuser/yas/evomaster-config/runtime-logs/methods/product/user/EvoMaster_product_user_others/test_15_postOnProductsReturns403/run_stderr.log
rating,admin_only,EvoMaster_rating_admin_only_faults.java,EvoMaster_rating_admin_only_faults,test_4_postOnRatingsShowsFaults_100_101,False,1,500,/rating/storefront/ratings,POST,500,.statusCode(500) .assertThat(),6,".post(baseUrlOfSut + ""/rating/storefront/ratings"")",".body("" { "" + 
                    "" \""content\"": \""euta7cKR2\"", "" + 
                    "" \""productId\"": 370 "" + 
                    "" } "")",".header(""Authorization"", ""Bearer eyJhbGciOiJSUzI1NiIsInR5cCIgOiAiSldUIiwia2lkIiA6ICJLcTh2dHJEazBLOGpLX1c5NWJreTFKaTN5RzRSMy1oUmc1dzY3NDVkZ3RRIn0.eyJleHAiOjE3Nzg0MTcwNjMsImlhdCI6MTc3ODQxNjc2MywianRpIjoiNGQ5YzRjZTgtMGNkMS00YzE0LTk1YWYtNjI4NTkzZTc1MmI5IiwiaXNzIjoiaHR0cDovL2lkZW50aXR5L3JlYWxtcy9ZYXMiLCJzdWIiOiI0ZjY0ZmNiYy1jMTVhLTQzMGYtYTJiOC1jZWE0NmEyODQyMWEiLCJ0eXAiOiJCZWFyZXIiLCJhenAiOiJiYWNrb2ZmaWNlLWJmZiIsInNpZCI6ImU1ODkyZjJjLTk5MWItNDJjNy1hNDYwLTA2MzcyMzNlOTE3MyIsInJlYWxtX2FjY2VzcyI6eyJyb2xlcyI6WyJBRE1JTiJdfSwic2NvcGUiOiJlbWFpbCBwcm9maWxlIiwiZW1haWxfdmVyaWZpZWQiOmZhbHNlLCJwcmVmZXJyZWRfdXNlcm5hbWUiOiJhZG1pbl9vbmx5In0.Mp5TBvovlXUTl73CP_I3-VV76Ho7mDDKEuL6iC1eWuCMjpsjdlquf9uS3jPydUWNb0whtFxRxcvaqildTIeI8-7je7BzqDwCLZBgVUqjQIccQi33O3l8Ia1wN6Z_ZPHHGuZp0-oXx3fivUfPLmKkGGOcQTVE0KY81VD4oAPIEU9o_OYK6sic8AYDkH1JTNdsuZ_B7pnjSToOw75U9Z6ZtNMIL8xOPUwhZiHmm8RB13u1SDqFhuLJ1nZcQ_a0cEkt7Vj4tiAbtXlfPL57P0oRh9VLvETIH9_iORbu5c-NiPPA4iehmdsfYzyxmYxNkvdmtt7VkltK8foOv8zJryio-w"")",faults,/home/azureuser/yas/evomaster-config/generated-tests/blackbox/rating/admin_only/EvoMaster_rating_admin_only_faults.java,21,6,True,0,,0,0,,100.0,0,0,0,0,0,0,False,,/home/azureuser/yas/evomaster-config/runtime-logs/classes/rating/admin_only/EvoMaster_rating_admin_only_faults,/home/azureuser/yas/evomaster-config/runtime-logs/classes/rating/admin_only/EvoMaster_rating_admin_only_faults/compile.log,/home/azureuser/yas/evomaster-config/runtime-logs/classes/rating/admin_only/EvoMaster_rating_admin_only_faults/compile_stdout.log,/home/azureuser/yas/evomaster-config/runtime-logs/classes/rating/admin_only/EvoMaster_rating_admin_only_faults/compile_stderr.log,False,True,1,java.lang.AssertionError;test_failure,1,False,8.02,6.33,155.12,"Tests run: 1, Failures: 1, Errors: 0, Skipped: 0",/home/azureuser/yas/evomaster-config/runtime-logs/methods/rating/admin_only/EvoMaster_rating_admin_only_faults/test_4_postOnRatingsShowsFaults_100_101,/home/azureuser/yas/evomaster-config/runtime-logs/methods/rating/admin_only/EvoMaster_rating_admin_only_faults/test_4_postOnRatingsShowsFaults_100_101/run.log,/home/azureuser/yas/evomaster-config/runtime-logs/methods/rating/admin_only/EvoMaster_rating_admin_only_faults/test_4_postOnRatingsShowsFaults_100_101/run_stdout.log,/home/azureuser/yas/evomaster-config/runtime-logs/methods/rating/admin_only/EvoMaster_rating_admin_only_faults/test_4_postOnRatingsShowsFaults_100_101/run_stderr.log
rating,admin_only,EvoMaster_rating_admin_only_faults.java,EvoMaster_rating_admin_only_faults,test_6_postOnRatingsReturnsMismatchResponseWithSchema,False,1,403,/rating/storefront/ratings,POST,403,.statusCode(403) .assertThat(),5,".post(baseUrlOfSut + ""/rating/storefront/ratings"")",".body("" { "" + 
                    "" \""content\"": \""z\"", "" + 
                    "" \""star\"": 787 "" + 
                    "" } "")",,faults,/home/azureuser/yas/evomaster-config/generated-tests/blackbox/rating/admin_only/EvoMaster_rating_admin_only_faults.java,21,6,True,0,,0,0,,100.0,0,0,0,0,0,0,False,,/home/azureuser/yas/evomaster-config/runtime-logs/classes/rating/admin_only/EvoMaster_rating_admin_only_faults,/home/azureuser/yas/evomaster-config/runtime-logs/classes/rating/admin_only/EvoMaster_rating_admin_only_faults/compile.log,/home/azureuser/yas/evomaster-config/runtime-logs/classes/rating/admin_only/EvoMaster_rating_admin_only_faults/compile_stdout.log,/home/azureuser/yas/evomaster-config/runtime-logs/classes/rating/admin_only/EvoMaster_rating_admin_only_faults/compile_stderr.log,True,True,0,,0,False,8.53,6.42,156.12,,/home/azureuser/yas/evomaster-config/runtime-logs/methods/rating/admin_only/EvoMaster_rating_admin_only_faults/test_6_postOnRatingsReturnsMismatchResponseWithSchema,/home/azureuser/yas/evomaster-config/runtime-logs/methods/rating/admin_only/EvoMaster_rating_admin_only_faults/test_6_postOnRatingsReturnsMismatchResponseWithSchema/run.log,/home/azureuser/yas/evomaster-config/runtime-logs/methods/rating/admin_only/EvoMaster_rating_admin_only_faults/test_6_postOnRatingsReturnsMismatchResponseWithSchema/run_stdout.log,/home/azureuser/yas/evomaster-config/runtime-logs/methods/rating/admin_only/EvoMaster_rating_admin_only_faults/test_6_postOnRatingsReturnsMismatchResponseWithSchema/run_stderr.log
rating,admin_only,EvoMaster_rating_admin_only_faults.java,EvoMaster_rating_admin_only_faults,test_7_postOnRatingsReturnsMismatchResponseWithSchema,False,1,403,/rating/storefront/ratings,POST,403,.statusCode(403) .assertThat(),6,".post(baseUrlOfSut + ""/rating/storefront/ratings"")",".body("" { "" + 
                    "" \""content\"": \""TSXUOc1\"", "" + 
                    "" \""star\"": 417 "" + 
                    "" } "")",".header(""Authorization"", ""Bearer eyJhbGciOiJSUzI1NiIsInR5cCIgOiAiSldUIiwia2lkIiA6ICJLcTh2dHJEazBLOGpLX1c5NWJreTFKaTN5RzRSMy1oUmc1dzY3NDVkZ3RRIn0.eyJleHAiOjE3Nzg0MTcwNjMsImlhdCI6MTc3ODQxNjc2MywianRpIjoiNGQ5YzRjZTgtMGNkMS00YzE0LTk1YWYtNjI4NTkzZTc1MmI5IiwiaXNzIjoiaHR0cDovL2lkZW50aXR5L3JlYWxtcy9ZYXMiLCJzdWIiOiI0ZjY0ZmNiYy1jMTVhLTQzMGYtYTJiOC1jZWE0NmEyODQyMWEiLCJ0eXAiOiJCZWFyZXIiLCJhenAiOiJiYWNrb2ZmaWNlLWJmZiIsInNpZCI6ImU1ODkyZjJjLTk5MWItNDJjNy1hNDYwLTA2MzcyMzNlOTE3MyIsInJlYWxtX2FjY2VzcyI6eyJyb2xlcyI6WyJBRE1JTiJdfSwic2NvcGUiOiJlbWFpbCBwcm9maWxlIiwiZW1haWxfdmVyaWZpZWQiOmZhbHNlLCJwcmVmZXJyZWRfdXNlcm5hbWUiOiJhZG1pbl9vbmx5In0.Mp5TBvovlXUTl73CP_I3-VV76Ho7mDDKEuL6iC1eWuCMjpsjdlquf9uS3jPydUWNb0whtFxRxcvaqildTIeI8-7je7BzqDwCLZBgVUqjQIccQi33O3l8Ia1wN6Z_ZPHHGuZp0-oXx3fivUfPLmKkGGOcQTVE0KY81VD4oAPIEU9o_OYK6sic8AYDkH1JTNdsuZ_B7pnjSToOw75U9Z6ZtNMIL8xOPUwhZiHmm8RB13u1SDqFhuLJ1nZcQ_a0cEkt7Vj4tiAbtXlfPL57P0oRh9VLvETIH9_iORbu5c-NiPPA4iehmdsfYzyxmYxNkvdmtt7VkltK8foOv8zJryio-w"")",faults,/home/azureuser/yas/evomaster-config/generated-tests/blackbox/rating/admin_only/EvoMaster_rating_admin_only_faults.java,21,6,True,0,,0,0,,100.0,0,0,0,0,0,0,False,,/home/azureuser/yas/evomaster-config/runtime-logs/classes/rating/admin_only/EvoMaster_rating_admin_only_faults,/home/azureuser/yas/evomaster-config/runtime-logs/classes/rating/admin_only/EvoMaster_rating_admin_only_faults/compile.log,/home/azureuser/yas/evomaster-config/runtime-logs/classes/rating/admin_only/EvoMaster_rating_admin_only_faults/compile_stdout.log,/home/azureuser/yas/evomaster-config/runtime-logs/classes/rating/admin_only/EvoMaster_rating_admin_only_faults/compile_stderr.log,False,True,1,java.lang.AssertionError;test_failure,1,False,7.02,6.24,156.3,"Tests run: 1, Failures: 1, Errors: 0, Skipped: 0",/home/azureuser/yas/evomaster-config/runtime-logs/methods/rating/admin_only/EvoMaster_rating_admin_only_faults/test_7_postOnRatingsReturnsMismatchResponseWithSchema,/home/azureuser/yas/evomaster-config/runtime-logs/methods/rating/admin_only/EvoMaster_rating_admin_only_faults/test_7_postOnRatingsReturnsMismatchResponseWithSchema/run.log,/home/azureuser/yas/evomaster-config/runtime-logs/methods/rating/admin_only/EvoMaster_rating_admin_only_faults/test_7_postOnRatingsReturnsMismatchResponseWithSchema/run_stdout.log,/home/azureuser/yas/evomaster-config/runtime-logs/methods/rating/admin_only/EvoMaster_rating_admin_only_faults/test_7_postOnRatingsReturnsMismatchResponseWithSchema/run_stderr.log
rating,admin_only,EvoMaster_rating_admin_only_faults.java,EvoMaster_rating_admin_only_faults,test_8_deleteOnRateReturnsMismatchResponseWithSchema,False,1,403,/rating/backoffice/ratings/{id},DELETE,403,.statusCode(403) .assertThat(),5,".delete(baseUrlOfSut + ""/rating/backoffice/ratings/952"")",,,faults,/home/azureuser/yas/evomaster-config/generated-tests/blackbox/rating/admin_only/EvoMaster_rating_admin_only_faults.java,21,6,True,0,,0,0,,100.0,0,0,0,0,0,0,False,,/home/azureuser/yas/evomaster-config/runtime-logs/classes/rating/admin_only/EvoMaster_rating_admin_only_faults,/home/azureuser/yas/evomaster-config/runtime-logs/classes/rating/admin_only/EvoMaster_rating_admin_only_faults/compile.log,/home/azureuser/yas/evomaster-config/runtime-logs/classes/rating/admin_only/EvoMaster_rating_admin_only_faults/compile_stdout.log,/home/azureuser/yas/evomaster-config/runtime-logs/classes/rating/admin_only/EvoMaster_rating_admin_only_faults/compile_stderr.log,True,True,0,,0,False,8.02,6.21,163.21,,/home/azureuser/yas/evomaster-config/runtime-logs/methods/rating/admin_only/EvoMaster_rating_admin_only_faults/test_8_deleteOnRateReturnsMismatchResponseWithSchema,/home/azureuser/yas/evomaster-config/runtime-logs/methods/rating/admin_only/EvoMaster_rating_admin_only_faults/test_8_deleteOnRateReturnsMismatchResponseWithSchema/run.log,/home/azureuser/yas/evomaster-config/runtime-logs/methods/rating/admin_only/EvoMaster_rating_admin_only_faults/test_8_deleteOnRateReturnsMismatchResponseWithSchema/run_stdout.log,/home/azureuser/yas/evomaster-config/runtime-logs/methods/rating/admin_only/EvoMaster_rating_admin_only_faults/test_8_deleteOnRateReturnsMismatchResponseWithSchema/run_stderr.log
rating,admin_only,EvoMaster_rating_admin_only_faults.java,EvoMaster_rating_admin_only_faults,test_9_deleteOnRateReturnsMismatchResponseWithSchema,False,1,404,/rating/backoffice/ratings/{id},DELETE,404,.statusCode(404) .assertThat(),6,".delete(baseUrlOfSut + ""/rating/backoffice/ratings/-1064189982"")",,".header(""Authorization"", ""Bearer eyJhbGciOiJSUzI1NiIsInR5cCIgOiAiSldUIiwia2lkIiA6ICJLcTh2dHJEazBLOGpLX1c5NWJreTFKaTN5RzRSMy1oUmc1dzY3NDVkZ3RRIn0.eyJleHAiOjE3Nzg0MTcwNjMsImlhdCI6MTc3ODQxNjc2MywianRpIjoiNGQ5YzRjZTgtMGNkMS00YzE0LTk1YWYtNjI4NTkzZTc1MmI5IiwiaXNzIjoiaHR0cDovL2lkZW50aXR5L3JlYWxtcy9ZYXMiLCJzdWIiOiI0ZjY0ZmNiYy1jMTVhLTQzMGYtYTJiOC1jZWE0NmEyODQyMWEiLCJ0eXAiOiJCZWFyZXIiLCJhenAiOiJiYWNrb2ZmaWNlLWJmZiIsInNpZCI6ImU1ODkyZjJjLTk5MWItNDJjNy1hNDYwLTA2MzcyMzNlOTE3MyIsInJlYWxtX2FjY2VzcyI6eyJyb2xlcyI6WyJBRE1JTiJdfSwic2NvcGUiOiJlbWFpbCBwcm9maWxlIiwiZW1haWxfdmVyaWZpZWQiOmZhbHNlLCJwcmVmZXJyZWRfdXNlcm5hbWUiOiJhZG1pbl9vbmx5In0.Mp5TBvovlXUTl73CP_I3-VV76Ho7mDDKEuL6iC1eWuCMjpsjdlquf9uS3jPydUWNb0whtFxRxcvaqildTIeI8-7je7BzqDwCLZBgVUqjQIccQi33O3l8Ia1wN6Z_ZPHHGuZp0-oXx3fivUfPLmKkGGOcQTVE0KY81VD4oAPIEU9o_OYK6sic8AYDkH1JTNdsuZ_B7pnjSToOw75U9Z6ZtNMIL8xOPUwhZiHmm8RB13u1SDqFhuLJ1nZcQ_a0cEkt7Vj4tiAbtXlfPL57P0oRh9VLvETIH9_iORbu5c-NiPPA4iehmdsfYzyxmYxNkvdmtt7VkltK8foOv8zJryio-w"")",faults,/home/azureuser/yas/evomaster-config/generated-tests/blackbox/rating/admin_only/EvoMaster_rating_admin_only_faults.java,21,6,True,0,,0,0,,100.0,0,0,0,0,0,0,False,,/home/azureuser/yas/evomaster-config/runtime-logs/classes/rating/admin_only/EvoMaster_rating_admin_only_faults,/home/azureuser/yas/evomaster-config/runtime-logs/classes/rating/admin_only/EvoMaster_rating_admin_only_faults/compile.log,/home/azureuser/yas/evomaster-config/runtime-logs/classes/rating/admin_only/EvoMaster_rating_admin_only_faults/compile_stdout.log,/home/azureuser/yas/evomaster-config/runtime-logs/classes/rating/admin_only/EvoMaster_rating_admin_only_faults/compile_stderr.log,False,True,1,java.lang.AssertionError;test_failure,1,False,7.02,6.11,158.3,"Tests run: 1, Failures: 1, Errors: 0, Skipped: 0",/home/azureuser/yas/evomaster-config/runtime-logs/methods/rating/admin_only/EvoMaster_rating_admin_only_faults/test_9_deleteOnRateReturnsMismatchResponseWithSchema,/home/azureuser/yas/evomaster-config/runtime-logs/methods/rating/admin_only/EvoMaster_rating_admin_only_faults/test_9_deleteOnRateReturnsMismatchResponseWithSchema/run.log,/home/azureuser/yas/evomaster-config/runtime-logs/methods/rating/admin_only/EvoMaster_rating_admin_only_faults/test_9_deleteOnRateReturnsMismatchResponseWithSchema/run_stdout.log,/home/azureuser/yas/evomaster-config/runtime-logs/methods/rating/admin_only/EvoMaster_rating_admin_only_faults/test_9_deleteOnRateReturnsMismatchResponseWithSchema/run_stderr.log
rating,admin_only,EvoMaster_rating_admin_only_faults.java,EvoMaster_rating_admin_only_faults,test_10_getOnLatestReturnsMismatchResponseWithSchema,False,1,401,/rating/backoffice/ratings/latest/{count},GET,401,.statusCode(401) .assertThat(),2,".get(baseUrlOfSut + ""/rating/backoffice/ratings/latest/743"")",,,faults,/home/azureuser/yas/evomaster-config/generated-tests/blackbox/rating/admin_only/EvoMaster_rating_admin_only_faults.java,21,6,True,0,,0,0,,100.0,0,0,0,0,0,0,False,,/home/azureuser/yas/evomaster-config/runtime-logs/classes/rating/admin_only/EvoMaster_rating_admin_only_faults,/home/azureuser/yas/evomaster-config/runtime-logs/classes/rating/admin_only/EvoMaster_rating_admin_only_faults/compile.log,/home/azureuser/yas/evomaster-config/runtime-logs/classes/rating/admin_only/EvoMaster_rating_admin_only_faults/compile_stdout.log,/home/azureuser/yas/evomaster-config/runtime-logs/classes/rating/admin_only/EvoMaster_rating_admin_only_faults/compile_stderr.log,True,True,0,,0,False,7.02,6.15,157.83,,/home/azureuser/yas/evomaster-config/runtime-logs/methods/rating/admin_only/EvoMaster_rating_admin_only_faults/test_10_getOnLatestReturnsMismatchResponseWithSchema,/home/azureuser/yas/evomaster-config/runtime-logs/methods/rating/admin_only/EvoMaster_rating_admin_only_faults/test_10_getOnLatestReturnsMismatchResponseWithSchema/run.log,/home/azureuser/yas/evomaster-config/runtime-logs/methods/rating/admin_only/EvoMaster_rating_admin_only_faults/test_10_getOnLatestReturnsMismatchResponseWithSchema/run_stdout.log,/home/azureuser/yas/evomaster-config/runtime-logs/methods/rating/admin_only/EvoMaster_rating_admin_only_faults/test_10_getOnLatestReturnsMismatchResponseWithSchema/run_stderr.log
rating,admin_only,EvoMaster_rating_admin_only_successes.java,EvoMaster_rating_admin_only_successes,test_1_getOnLatestReturnsEmptyList,False,1,200,/rating/backoffice/ratings/latest/{count},GET,200,.statusCode(200) .assertThat(),3,".get(baseUrlOfSut + ""/rating/backoffice/ratings/latest/194"")",,".header(""Authorization"", ""Bearer eyJhbGciOiJSUzI1NiIsInR5cCIgOiAiSldUIiwia2lkIiA6ICJLcTh2dHJEazBLOGpLX1c5NWJreTFKaTN5RzRSMy1oUmc1dzY3NDVkZ3RRIn0.eyJleHAiOjE3Nzg0MTcwNjMsImlhdCI6MTc3ODQxNjc2MywianRpIjoiNGQ5YzRjZTgtMGNkMS00YzE0LTk1YWYtNjI4NTkzZTc1MmI5IiwiaXNzIjoiaHR0cDovL2lkZW50aXR5L3JlYWxtcy9ZYXMiLCJzdWIiOiI0ZjY0ZmNiYy1jMTVhLTQzMGYtYTJiOC1jZWE0NmEyODQyMWEiLCJ0eXAiOiJCZWFyZXIiLCJhenAiOiJiYWNrb2ZmaWNlLWJmZiIsInNpZCI6ImU1ODkyZjJjLTk5MWItNDJjNy1hNDYwLTA2MzcyMzNlOTE3MyIsInJlYWxtX2FjY2VzcyI6eyJyb2xlcyI6WyJBRE1JTiJdfSwic2NvcGUiOiJlbWFpbCBwcm9maWxlIiwiZW1haWxfdmVyaWZpZWQiOmZhbHNlLCJwcmVmZXJyZWRfdXNlcm5hbWUiOiJhZG1pbl9vbmx5In0.Mp5TBvovlXUTl73CP_I3-VV76Ho7mDDKEuL6iC1eWuCMjpsjdlquf9uS3jPydUWNb0whtFxRxcvaqildTIeI8-7je7BzqDwCLZBgVUqjQIccQi33O3l8Ia1wN6Z_ZPHHGuZp0-oXx3fivUfPLmKkGGOcQTVE0KY81VD4oAPIEU9o_OYK6sic8AYDkH1JTNdsuZ_B7pnjSToOw75U9Z6ZtNMIL8xOPUwhZiHmm8RB13u1SDqFhuLJ1nZcQ_a0cEkt7Vj4tiAbtXlfPL57P0oRh9VLvETIH9_iORbu5c-NiPPA4iehmdsfYzyxmYxNkvdmtt7VkltK8foOv8zJryio-w"")",successes,/home/azureuser/yas/evomaster-config/generated-tests/blackbox/rating/admin_only/EvoMaster_rating_admin_only_successes.java,21,6,True,0,,0,0,,100.0,0,0,0,0,0,0,False,,/home/azureuser/yas/evomaster-config/runtime-logs/classes/rating/admin_only/EvoMaster_rating_admin_only_successes,/home/azureuser/yas/evomaster-config/runtime-logs/classes/rating/admin_only/EvoMaster_rating_admin_only_successes/compile.log,/home/azureuser/yas/evomaster-config/runtime-logs/classes/rating/admin_only/EvoMaster_rating_admin_only_successes/compile_stdout.log,/home/azureuser/yas/evomaster-config/runtime-logs/classes/rating/admin_only/EvoMaster_rating_admin_only_successes/compile_stderr.log,False,True,1,java.lang.AssertionError;test_failure,1,False,7.02,6.28,161.76,"Tests run: 1, Failures: 1, Errors: 0, Skipped: 0",/home/azureuser/yas/evomaster-config/runtime-logs/methods/rating/admin_only/EvoMaster_rating_admin_only_successes/test_1_getOnLatestReturnsEmptyList,/home/azureuser/yas/evomaster-config/runtime-logs/methods/rating/admin_only/EvoMaster_rating_admin_only_successes/test_1_getOnLatestReturnsEmptyList/run.log,/home/azureuser/yas/evomaster-config/runtime-logs/methods/rating/admin_only/EvoMaster_rating_admin_only_successes/test_1_getOnLatestReturnsEmptyList/run_stdout.log,/home/azureuser/yas/evomaster-config/runtime-logs/methods/rating/admin_only/EvoMaster_rating_admin_only_successes/test_1_getOnLatestReturnsEmptyList/run_stderr.log
rating,customer,EvoMaster_rating_customer_faults.java,EvoMaster_rating_customer_faults,test_0_postOnRatingsShowsFaults_100_101,False,1,500,/rating/storefront/ratings,POST,500,.statusCode(500) .assertThat(),6,".post(baseUrlOfSut + ""/rating/storefront/ratings"")",".body("" { "" + 
                    "" \""productName\"": \""4ZZgkAxNHnB9CL\"" "" + 
                    "" } "")",".header(""Authorization"", ""Bearer eyJhbGciOiJSUzI1NiIsInR5cCIgOiAiSldUIiwia2lkIiA6ICJLcTh2dHJEazBLOGpLX1c5NWJreTFKaTN5RzRSMy1oUmc1dzY3NDVkZ3RRIn0.eyJleHAiOjE3Nzg0MTcwNjQsImlhdCI6MTc3ODQxNjc2NCwianRpIjoiYWZhNDdjZGMtNjk5Ni00YWEyLWJkY2ItOGU3YWRmY2QyZTY5IiwiaXNzIjoiaHR0cDovL2lkZW50aXR5L3JlYWxtcy9ZYXMiLCJzdWIiOiI3MzdhNzgxZi01YzAxLTQ1ZWQtOGE4Yy0zOGQ1NjVjNGM2NTYiLCJ0eXAiOiJCZWFyZXIiLCJhenAiOiJiYWNrb2ZmaWNlLWJmZiIsInNpZCI6IjJhYjhhODdiLTczNzItNGRlMS04YzZkLWI5ZjJkMDgyY2FhMCIsInJlYWxtX2FjY2VzcyI6eyJyb2xlcyI6WyJkZWZhdWx0LXJvbGVzLXlhcyIsIm9mZmxpbmVfYWNjZXNzIiwiQ1VTVE9NRVIiLCJ1bWFfYXV0aG9yaXphdGlvbiJdfSwic2NvcGUiOiJlbWFpbCBwcm9maWxlIiwiZW1haWxfdmVyaWZpZWQiOmZhbHNlLCJwcmVmZXJyZWRfdXNlcm5hbWUiOiJ1c2VyIn0.xqioILj_XEtww3I7QL_CT7cu8Qkl_9gERzGbgf-j5_-a9iXmhGWruku7Iv5j7z8BtDGkfHQ8H8kOIqs0tiytQU6rVGcE9mBqcqaN1secxoKpNEyTrvDlqTe7YSv6WpGMwD9fFrR6HMsikdcsKMwxAuig39rol9Q0BkuMpoXW2x7krw_AZo-EC-BcK2hMH6KT8laxroPDWxMcUZ4z5hHcKKve3Q2SzxyW8PpH8WbMvsqjxAh8m6tzt0gK7uAvqqnhzupGg5ilP8z_012x6aqGXgT9SpjG3sjFYKRSvtaqjFg5kdNa-kUq2G4QIhOrJAx2YIcmwODCckrudfIRrKbjVw"")",faults,/home/azureuser/yas/evomaster-config/generated-tests/blackbox/rating/customer/EvoMaster_rating_customer_faults.java,21,6,True,0,,0,0,,100.0,0,0,0,0,0,0,False,,/home/azureuser/yas/evomaster-config/runtime-logs/classes/rating/customer/EvoMaster_rating_customer_faults,/home/azureuser/yas/evomaster-config/runtime-logs/classes/rating/customer/EvoMaster_rating_customer_faults/compile.log,/home/azureuser/yas/evomaster-config/runtime-logs/classes/rating/customer/EvoMaster_rating_customer_faults/compile_stdout.log,/home/azureuser/yas/evomaster-config/runtime-logs/classes/rating/customer/EvoMaster_rating_customer_faults/compile_stderr.log,False,True,1,java.lang.AssertionError;test_failure,1,False,7.02,6.15,159.2,"Tests run: 1, Failures: 1, Errors: 0, Skipped: 0",/home/azureuser/yas/evomaster-config/runtime-logs/methods/rating/customer/EvoMaster_rating_customer_faults/test_0_postOnRatingsShowsFaults_100_101,/home/azureuser/yas/evomaster-config/runtime-logs/methods/rating/customer/EvoMaster_rating_customer_faults/test_0_postOnRatingsShowsFaults_100_101/run.log,/home/azureuser/yas/evomaster-config/runtime-logs/methods/rating/customer/EvoMaster_rating_customer_faults/test_0_postOnRatingsShowsFaults_100_101/run_stdout.log,/home/azureuser/yas/evomaster-config/runtime-logs/methods/rating/customer/EvoMaster_rating_customer_faults/test_0_postOnRatingsShowsFaults_100_101/run_stderr.log
rating,customer,EvoMaster_rating_customer_faults.java,EvoMaster_rating_customer_faults,test_7_postOnRatingsReturnsMismatchResponseWithSchema,False,1,403,/rating/storefront/ratings,POST,403,.statusCode(403) .assertThat(),5,".post(baseUrlOfSut + ""/rating/storefront/ratings"")",".body("" { "" + 
                    "" \""content\"": \""fESX4db5zY\"", "" + 
                    "" \""star\"": 609, "" + 
                    "" \""productId\"": -1193452357, "" + 
                    "" \""productName\"": \""ZPIHzrgdaU8e\"" "" + 
                    "" } "")",,faults,/home/azureuser/yas/evomaster-config/generated-tests/blackbox/rating/customer/EvoMaster_rating_customer_faults.java,21,6,True,0,,0,0,,100.0,0,0,0,0,0,0,False,,/home/azureuser/yas/evomaster-config/runtime-logs/classes/rating/customer/EvoMaster_rating_customer_faults,/home/azureuser/yas/evomaster-config/runtime-logs/classes/rating/customer/EvoMaster_rating_customer_faults/compile.log,/home/azureuser/yas/evomaster-config/runtime-logs/classes/rating/customer/EvoMaster_rating_customer_faults/compile_stdout.log,/home/azureuser/yas/evomaster-config/runtime-logs/classes/rating/customer/EvoMaster_rating_customer_faults/compile_stderr.log,True,True,0,,0,False,8.52,6.52,164.99,,/home/azureuser/yas/evomaster-config/runtime-logs/methods/rating/customer/EvoMaster_rating_customer_faults/test_7_postOnRatingsReturnsMismatchResponseWithSchema,/home/azureuser/yas/evomaster-config/runtime-logs/methods/rating/customer/EvoMaster_rating_customer_faults/test_7_postOnRatingsReturnsMismatchResponseWithSchema/run.log,/home/azureuser/yas/evomaster-config/runtime-logs/methods/rating/customer/EvoMaster_rating_customer_faults/test_7_postOnRatingsReturnsMismatchResponseWithSchema/run_stdout.log,/home/azureuser/yas/evomaster-config/runtime-logs/methods/rating/customer/EvoMaster_rating_customer_faults/test_7_postOnRatingsReturnsMismatchResponseWithSchema/run_stderr.log
rating,customer,EvoMaster_rating_customer_faults.java,EvoMaster_rating_customer_faults,test_8_postOnRatingsReturnsMismatchResponseWithSchema,False,1,403,/rating/storefront/ratings,POST,403,.statusCode(403) .assertThat(),6,".post(baseUrlOfSut + ""/rating/storefront/ratings"")",".body("" { "" + 
                    "" \""star\"": 724, "" + 
                    "" \""productId\"": 989, "" + 
                    "" \""productName\"": \""4e3aXIy5r3\"" "" + 
                    "" } "")",".header(""Authorization"", ""Bearer eyJhbGciOiJSUzI1NiIsInR5cCIgOiAiSldUIiwia2lkIiA6ICJLcTh2dHJEazBLOGpLX1c5NWJreTFKaTN5RzRSMy1oUmc1dzY3NDVkZ3RRIn0.eyJleHAiOjE3Nzg0MTcwNjQsImlhdCI6MTc3ODQxNjc2NCwianRpIjoiYWZhNDdjZGMtNjk5Ni00YWEyLWJkY2ItOGU3YWRmY2QyZTY5IiwiaXNzIjoiaHR0cDovL2lkZW50aXR5L3JlYWxtcy9ZYXMiLCJzdWIiOiI3MzdhNzgxZi01YzAxLTQ1ZWQtOGE4Yy0zOGQ1NjVjNGM2NTYiLCJ0eXAiOiJCZWFyZXIiLCJhenAiOiJiYWNrb2ZmaWNlLWJmZiIsInNpZCI6IjJhYjhhODdiLTczNzItNGRlMS04YzZkLWI5ZjJkMDgyY2FhMCIsInJlYWxtX2FjY2VzcyI6eyJyb2xlcyI6WyJkZWZhdWx0LXJvbGVzLXlhcyIsIm9mZmxpbmVfYWNjZXNzIiwiQ1VTVE9NRVIiLCJ1bWFfYXV0aG9yaXphdGlvbiJdfSwic2NvcGUiOiJlbWFpbCBwcm9maWxlIiwiZW1haWxfdmVyaWZpZWQiOmZhbHNlLCJwcmVmZXJyZWRfdXNlcm5hbWUiOiJ1c2VyIn0.xqioILj_XEtww3I7QL_CT7cu8Qkl_9gERzGbgf-j5_-a9iXmhGWruku7Iv5j7z8BtDGkfHQ8H8kOIqs0tiytQU6rVGcE9mBqcqaN1secxoKpNEyTrvDlqTe7YSv6WpGMwD9fFrR6HMsikdcsKMwxAuig39rol9Q0BkuMpoXW2x7krw_AZo-EC-BcK2hMH6KT8laxroPDWxMcUZ4z5hHcKKve3Q2SzxyW8PpH8WbMvsqjxAh8m6tzt0gK7uAvqqnhzupGg5ilP8z_012x6aqGXgT9SpjG3sjFYKRSvtaqjFg5kdNa-kUq2G4QIhOrJAx2YIcmwODCckrudfIRrKbjVw"")",faults,/home/azureuser/yas/evomaster-config/generated-tests/blackbox/rating/customer/EvoMaster_rating_customer_faults.java,21,6,True,0,,0,0,,100.0,0,0,0,0,0,0,False,,/home/azureuser/yas/evomaster-config/runtime-logs/classes/rating/customer/EvoMaster_rating_customer_faults,/home/azureuser/yas/evomaster-config/runtime-logs/classes/rating/customer/EvoMaster_rating_customer_faults/compile.log,/home/azureuser/yas/evomaster-config/runtime-logs/classes/rating/customer/EvoMaster_rating_customer_faults/compile_stdout.log,/home/azureuser/yas/evomaster-config/runtime-logs/classes/rating/customer/EvoMaster_rating_customer_faults/compile_stderr.log,False,True,1,java.lang.AssertionError;test_failure,1,False,7.02,6.1,159.51,"Tests run: 1, Failures: 1, Errors: 0, Skipped: 0",/home/azureuser/yas/evomaster-config/runtime-logs/methods/rating/customer/EvoMaster_rating_customer_faults/test_8_postOnRatingsReturnsMismatchResponseWithSchema,/home/azureuser/yas/evomaster-config/runtime-logs/methods/rating/customer/EvoMaster_rating_customer_faults/test_8_postOnRatingsReturnsMismatchResponseWithSchema/run.log,/home/azureuser/yas/evomaster-config/runtime-logs/methods/rating/customer/EvoMaster_rating_customer_faults/test_8_postOnRatingsReturnsMismatchResponseWithSchema/run_stdout.log,/home/azureuser/yas/evomaster-config/runtime-logs/methods/rating/customer/EvoMaster_rating_customer_faults/test_8_postOnRatingsReturnsMismatchResponseWithSchema/run_stderr.log
rating,customer,EvoMaster_rating_customer_faults.java,EvoMaster_rating_customer_faults,test_9_deleteOnRateReturnsMismatchResponseWithSchema,False,1,403,/rating/backoffice/ratings/{id},DELETE,403,.statusCode(403) .assertThat(),2,".delete(baseUrlOfSut + ""/rating/backoffice/ratings/848196599172700679"")",,".header(""Authorization"", ""Bearer eyJhbGciOiJSUzI1NiIsInR5cCIgOiAiSldUIiwia2lkIiA6ICJLcTh2dHJEazBLOGpLX1c5NWJreTFKaTN5RzRSMy1oUmc1dzY3NDVkZ3RRIn0.eyJleHAiOjE3Nzg0MTcwNjQsImlhdCI6MTc3ODQxNjc2NCwianRpIjoiYWZhNDdjZGMtNjk5Ni00YWEyLWJkY2ItOGU3YWRmY2QyZTY5IiwiaXNzIjoiaHR0cDovL2lkZW50aXR5L3JlYWxtcy9ZYXMiLCJzdWIiOiI3MzdhNzgxZi01YzAxLTQ1ZWQtOGE4Yy0zOGQ1NjVjNGM2NTYiLCJ0eXAiOiJCZWFyZXIiLCJhenAiOiJiYWNrb2ZmaWNlLWJmZiIsInNpZCI6IjJhYjhhODdiLTczNzItNGRlMS04YzZkLWI5ZjJkMDgyY2FhMCIsInJlYWxtX2FjY2VzcyI6eyJyb2xlcyI6WyJkZWZhdWx0LXJvbGVzLXlhcyIsIm9mZmxpbmVfYWNjZXNzIiwiQ1VTVE9NRVIiLCJ1bWFfYXV0aG9yaXphdGlvbiJdfSwic2NvcGUiOiJlbWFpbCBwcm9maWxlIiwiZW1haWxfdmVyaWZpZWQiOmZhbHNlLCJwcmVmZXJyZWRfdXNlcm5hbWUiOiJ1c2VyIn0.xqioILj_XEtww3I7QL_CT7cu8Qkl_9gERzGbgf-j5_-a9iXmhGWruku7Iv5j7z8BtDGkfHQ8H8kOIqs0tiytQU6rVGcE9mBqcqaN1secxoKpNEyTrvDlqTe7YSv6WpGMwD9fFrR6HMsikdcsKMwxAuig39rol9Q0BkuMpoXW2x7krw_AZo-EC-BcK2hMH6KT8laxroPDWxMcUZ4z5hHcKKve3Q2SzxyW8PpH8WbMvsqjxAh8m6tzt0gK7uAvqqnhzupGg5ilP8z_012x6aqGXgT9SpjG3sjFYKRSvtaqjFg5kdNa-kUq2G4QIhOrJAx2YIcmwODCckrudfIRrKbjVw"")",faults,/home/azureuser/yas/evomaster-config/generated-tests/blackbox/rating/customer/EvoMaster_rating_customer_faults.java,21,6,True,0,,0,0,,100.0,0,0,0,0,0,0,False,,/home/azureuser/yas/evomaster-config/runtime-logs/classes/rating/customer/EvoMaster_rating_customer_faults,/home/azureuser/yas/evomaster-config/runtime-logs/classes/rating/customer/EvoMaster_rating_customer_faults/compile.log,/home/azureuser/yas/evomaster-config/runtime-logs/classes/rating/customer/EvoMaster_rating_customer_faults/compile_stdout.log,/home/azureuser/yas/evomaster-config/runtime-logs/classes/rating/customer/EvoMaster_rating_customer_faults/compile_stderr.log,False,True,1,java.lang.AssertionError;test_failure,1,False,7.52,6.53,163.12,"Tests run: 1, Failures: 1, Errors: 0, Skipped: 0",/home/azureuser/yas/evomaster-config/runtime-logs/methods/rating/customer/EvoMaster_rating_customer_faults/test_9_deleteOnRateReturnsMismatchResponseWithSchema,/home/azureuser/yas/evomaster-config/runtime-logs/methods/rating/customer/EvoMaster_rating_customer_faults/test_9_deleteOnRateReturnsMismatchResponseWithSchema/run.log,/home/azureuser/yas/evomaster-config/runtime-logs/methods/rating/customer/EvoMaster_rating_customer_faults/test_9_deleteOnRateReturnsMismatchResponseWithSchema/run_stdout.log,/home/azureuser/yas/evomaster-config/runtime-logs/methods/rating/customer/EvoMaster_rating_customer_faults/test_9_deleteOnRateReturnsMismatchResponseWithSchema/run_stderr.log
rating,customer,EvoMaster_rating_customer_faults.java,EvoMaster_rating_customer_faults,test_10_deleteOnRateReturnsMismatchResponseWithSchema,False,1,403,/rating/backoffice/ratings/{id},DELETE,403,.statusCode(403) .assertThat(),5,".delete(baseUrlOfSut + ""/rating/backoffice/ratings/190"")",,,faults,/home/azureuser/yas/evomaster-config/generated-tests/blackbox/rating/customer/EvoMaster_rating_customer_faults.java,21,6,True,0,,0,0,,100.0,0,0,0,0,0,0,False,,/home/azureuser/yas/evomaster-config/runtime-logs/classes/rating/customer/EvoMaster_rating_customer_faults,/home/azureuser/yas/evomaster-config/runtime-logs/classes/rating/customer/EvoMaster_rating_customer_faults/compile.log,/home/azureuser/yas/evomaster-config/runtime-logs/classes/rating/customer/EvoMaster_rating_customer_faults/compile_stdout.log,/home/azureuser/yas/evomaster-config/runtime-logs/classes/rating/customer/EvoMaster_rating_customer_faults/compile_stderr.log,True,True,0,,0,False,8.52,6.84,173.14,,/home/azureuser/yas/evomaster-config/runtime-logs/methods/rating/customer/EvoMaster_rating_customer_faults/test_10_deleteOnRateReturnsMismatchResponseWithSchema,/home/azureuser/yas/evomaster-config/runtime-logs/methods/rating/customer/EvoMaster_rating_customer_faults/test_10_deleteOnRateReturnsMismatchResponseWithSchema/run.log,/home/azureuser/yas/evomaster-config/runtime-logs/methods/rating/customer/EvoMaster_rating_customer_faults/test_10_deleteOnRateReturnsMismatchResponseWithSchema/run_stdout.log,/home/azureuser/yas/evomaster-config/runtime-logs/methods/rating/customer/EvoMaster_rating_customer_faults/test_10_deleteOnRateReturnsMismatchResponseWithSchema/run_stderr.log
rating,customer,EvoMaster_rating_customer_faults.java,EvoMaster_rating_customer_faults,test_11_deleteOnRateReturnsMismatchResponseWithSchema,False,1,403,/rating/backoffice/ratings/{id},DELETE,403,.statusCode(403) .assertThat(),2,".delete(baseUrlOfSut + ""/rating/backoffice/ratings/-1846056263"")",,".header(""Authorization"", ""Bearer eyJhbGciOiJSUzI1NiIsInR5cCIgOiAiSldUIiwia2lkIiA6ICJLcTh2dHJEazBLOGpLX1c5NWJreTFKaTN5RzRSMy1oUmc1dzY3NDVkZ3RRIn0.eyJleHAiOjE3Nzg0MTcwNjQsImlhdCI6MTc3ODQxNjc2NCwianRpIjoiYWZhNDdjZGMtNjk5Ni00YWEyLWJkY2ItOGU3YWRmY2QyZTY5IiwiaXNzIjoiaHR0cDovL2lkZW50aXR5L3JlYWxtcy9ZYXMiLCJzdWIiOiI3MzdhNzgxZi01YzAxLTQ1ZWQtOGE4Yy0zOGQ1NjVjNGM2NTYiLCJ0eXAiOiJCZWFyZXIiLCJhenAiOiJiYWNrb2ZmaWNlLWJmZiIsInNpZCI6IjJhYjhhODdiLTczNzItNGRlMS04YzZkLWI5ZjJkMDgyY2FhMCIsInJlYWxtX2FjY2VzcyI6eyJyb2xlcyI6WyJkZWZhdWx0LXJvbGVzLXlhcyIsIm9mZmxpbmVfYWNjZXNzIiwiQ1VTVE9NRVIiLCJ1bWFfYXV0aG9yaXphdGlvbiJdfSwic2NvcGUiOiJlbWFpbCBwcm9maWxlIiwiZW1haWxfdmVyaWZpZWQiOmZhbHNlLCJwcmVmZXJyZWRfdXNlcm5hbWUiOiJ1c2VyIn0.xqioILj_XEtww3I7QL_CT7cu8Qkl_9gERzGbgf-j5_-a9iXmhGWruku7Iv5j7z8BtDGkfHQ8H8kOIqs0tiytQU6rVGcE9mBqcqaN1secxoKpNEyTrvDlqTe7YSv6WpGMwD9fFrR6HMsikdcsKMwxAuig39rol9Q0BkuMpoXW2x7krw_AZo-EC-BcK2hMH6KT8laxroPDWxMcUZ4z5hHcKKve3Q2SzxyW8PpH8WbMvsqjxAh8m6tzt0gK7uAvqqnhzupGg5ilP8z_012x6aqGXgT9SpjG3sjFYKRSvtaqjFg5kdNa-kUq2G4QIhOrJAx2YIcmwODCckrudfIRrKbjVw"")",faults,/home/azureuser/yas/evomaster-config/generated-tests/blackbox/rating/customer/EvoMaster_rating_customer_faults.java,21,6,True,0,,0,0,,100.0,0,0,0,0,0,0,False,,/home/azureuser/yas/evomaster-config/runtime-logs/classes/rating/customer/EvoMaster_rating_customer_faults,/home/azureuser/yas/evomaster-config/runtime-logs/classes/rating/customer/EvoMaster_rating_customer_faults/compile.log,/home/azureuser/yas/evomaster-config/runtime-logs/classes/rating/customer/EvoMaster_rating_customer_faults/compile_stdout.log,/home/azureuser/yas/evomaster-config/runtime-logs/classes/rating/customer/EvoMaster_rating_customer_faults/compile_stderr.log,False,True,1,java.lang.AssertionError;test_failure,1,False,7.02,6.18,160.58,"Tests run: 1, Failures: 1, Errors: 0, Skipped: 0",/home/azureuser/yas/evomaster-config/runtime-logs/methods/rating/customer/EvoMaster_rating_customer_faults/test_11_deleteOnRateReturnsMismatchResponseWithSchema,/home/azureuser/yas/evomaster-config/runtime-logs/methods/rating/customer/EvoMaster_rating_customer_faults/test_11_deleteOnRateReturnsMismatchResponseWithSchema/run.log,/home/azureuser/yas/evomaster-config/runtime-logs/methods/rating/customer/EvoMaster_rating_customer_faults/test_11_deleteOnRateReturnsMismatchResponseWithSchema/run_stdout.log,/home/azureuser/yas/evomaster-config/runtime-logs/methods/rating/customer/EvoMaster_rating_customer_faults/test_11_deleteOnRateReturnsMismatchResponseWithSchema/run_stderr.log
rating,customer,EvoMaster_rating_customer_faults.java,EvoMaster_rating_customer_faults,test_12_getOnLatestReturnsMismatchResponseWithSchema,False,1,401,/rating/backoffice/ratings/latest/{count},GET,401,.statusCode(401) .assertThat(),2,".get(baseUrlOfSut + ""/rating/backoffice/ratings/latest/934"")",,,faults,/home/azureuser/yas/evomaster-config/generated-tests/blackbox/rating/customer/EvoMaster_rating_customer_faults.java,21,6,True,0,,0,0,,100.0,0,0,0,0,0,0,False,,/home/azureuser/yas/evomaster-config/runtime-logs/classes/rating/customer/EvoMaster_rating_customer_faults,/home/azureuser/yas/evomaster-config/runtime-logs/classes/rating/customer/EvoMaster_rating_customer_faults/compile.log,/home/azureuser/yas/evomaster-config/runtime-logs/classes/rating/customer/EvoMaster_rating_customer_faults/compile_stdout.log,/home/azureuser/yas/evomaster-config/runtime-logs/classes/rating/customer/EvoMaster_rating_customer_faults/compile_stderr.log,True,True,0,,0,False,7.52,6.84,185.38,,/home/azureuser/yas/evomaster-config/runtime-logs/methods/rating/customer/EvoMaster_rating_customer_faults/test_12_getOnLatestReturnsMismatchResponseWithSchema,/home/azureuser/yas/evomaster-config/runtime-logs/methods/rating/customer/EvoMaster_rating_customer_faults/test_12_getOnLatestReturnsMismatchResponseWithSchema/run.log,/home/azureuser/yas/evomaster-config/runtime-logs/methods/rating/customer/EvoMaster_rating_customer_faults/test_12_getOnLatestReturnsMismatchResponseWithSchema/run_stdout.log,/home/azureuser/yas/evomaster-config/runtime-logs/methods/rating/customer/EvoMaster_rating_customer_faults/test_12_getOnLatestReturnsMismatchResponseWithSchema/run_stderr.log
rating,customer,EvoMaster_rating_customer_faults.java,EvoMaster_rating_customer_faults,test_13_getOnLatestReturnsMismatchResponseWithSchema,False,1,403,/rating/backoffice/ratings/latest/{count},GET,403,.statusCode(403) .assertThat(),2,".get(baseUrlOfSut + ""/rating/backoffice/ratings/latest/200"")",,".header(""Authorization"", ""Bearer eyJhbGciOiJSUzI1NiIsInR5cCIgOiAiSldUIiwia2lkIiA6ICJLcTh2dHJEazBLOGpLX1c5NWJreTFKaTN5RzRSMy1oUmc1dzY3NDVkZ3RRIn0.eyJleHAiOjE3Nzg0MTcwNjQsImlhdCI6MTc3ODQxNjc2NCwianRpIjoiYWZhNDdjZGMtNjk5Ni00YWEyLWJkY2ItOGU3YWRmY2QyZTY5IiwiaXNzIjoiaHR0cDovL2lkZW50aXR5L3JlYWxtcy9ZYXMiLCJzdWIiOiI3MzdhNzgxZi01YzAxLTQ1ZWQtOGE4Yy0zOGQ1NjVjNGM2NTYiLCJ0eXAiOiJCZWFyZXIiLCJhenAiOiJiYWNrb2ZmaWNlLWJmZiIsInNpZCI6IjJhYjhhODdiLTczNzItNGRlMS04YzZkLWI5ZjJkMDgyY2FhMCIsInJlYWxtX2FjY2VzcyI6eyJyb2xlcyI6WyJkZWZhdWx0LXJvbGVzLXlhcyIsIm9mZmxpbmVfYWNjZXNzIiwiQ1VTVE9NRVIiLCJ1bWFfYXV0aG9yaXphdGlvbiJdfSwic2NvcGUiOiJlbWFpbCBwcm9maWxlIiwiZW1haWxfdmVyaWZpZWQiOmZhbHNlLCJwcmVmZXJyZWRfdXNlcm5hbWUiOiJ1c2VyIn0.xqioILj_XEtww3I7QL_CT7cu8Qkl_9gERzGbgf-j5_-a9iXmhGWruku7Iv5j7z8BtDGkfHQ8H8kOIqs0tiytQU6rVGcE9mBqcqaN1secxoKpNEyTrvDlqTe7YSv6WpGMwD9fFrR6HMsikdcsKMwxAuig39rol9Q0BkuMpoXW2x7krw_AZo-EC-BcK2hMH6KT8laxroPDWxMcUZ4z5hHcKKve3Q2SzxyW8PpH8WbMvsqjxAh8m6tzt0gK7uAvqqnhzupGg5ilP8z_012x6aqGXgT9SpjG3sjFYKRSvtaqjFg5kdNa-kUq2G4QIhOrJAx2YIcmwODCckrudfIRrKbjVw"")",faults,/home/azureuser/yas/evomaster-config/generated-tests/blackbox/rating/customer/EvoMaster_rating_customer_faults.java,21,6,True,0,,0,0,,100.0,0,0,0,0,0,0,False,,/home/azureuser/yas/evomaster-config/runtime-logs/classes/rating/customer/EvoMaster_rating_customer_faults,/home/azureuser/yas/evomaster-config/runtime-logs/classes/rating/customer/EvoMaster_rating_customer_faults/compile.log,/home/azureuser/yas/evomaster-config/runtime-logs/classes/rating/customer/EvoMaster_rating_customer_faults/compile_stdout.log,/home/azureuser/yas/evomaster-config/runtime-logs/classes/rating/customer/EvoMaster_rating_customer_faults/compile_stderr.log,False,True,1,java.lang.AssertionError;test_failure,1,False,7.01,6.32,158.7,"Tests run: 1, Failures: 1, Errors: 0, Skipped: 0",/home/azureuser/yas/evomaster-config/runtime-logs/methods/rating/customer/EvoMaster_rating_customer_faults/test_13_getOnLatestReturnsMismatchResponseWithSchema,/home/azureuser/yas/evomaster-config/runtime-logs/methods/rating/customer/EvoMaster_rating_customer_faults/test_13_getOnLatestReturnsMismatchResponseWithSchema/run.log,/home/azureuser/yas/evomaster-config/runtime-logs/methods/rating/customer/EvoMaster_rating_customer_faults/test_13_getOnLatestReturnsMismatchResponseWithSchema/run_stdout.log,/home/azureuser/yas/evomaster-config/runtime-logs/methods/rating/customer/EvoMaster_rating_customer_faults/test_13_getOnLatestReturnsMismatchResponseWithSchema/run_stderr.log
rating,none,EvoMaster_rating_none_faults.java,EvoMaster_rating_none_faults,test_6_postOnRatingsReturnsMismatchResponseWithSchema,False,1,403,/rating/storefront/ratings,POST,403,.statusCode(403) .assertThat(),5,".post(baseUrlOfSut + ""/rating/storefront/ratings"")",".body("" { "" + 
                    "" \""star\"": 190, "" + 
                    "" \""productId\"": 2 "" + 
                    "" } "")",,faults,/home/azureuser/yas/evomaster-config/generated-tests/blackbox/rating/none/EvoMaster_rating_none_faults.java,21,6,True,0,,0,0,,100.0,0,0,0,0,0,0,False,,/home/azureuser/yas/evomaster-config/runtime-logs/classes/rating/none/EvoMaster_rating_none_faults,/home/azureuser/yas/evomaster-config/runtime-logs/classes/rating/none/EvoMaster_rating_none_faults/compile.log,/home/azureuser/yas/evomaster-config/runtime-logs/classes/rating/none/EvoMaster_rating_none_faults/compile_stdout.log,/home/azureuser/yas/evomaster-config/runtime-logs/classes/rating/none/EvoMaster_rating_none_faults/compile_stderr.log,True,True,0,,0,False,8.52,6.39,156.82,,/home/azureuser/yas/evomaster-config/runtime-logs/methods/rating/none/EvoMaster_rating_none_faults/test_6_postOnRatingsReturnsMismatchResponseWithSchema,/home/azureuser/yas/evomaster-config/runtime-logs/methods/rating/none/EvoMaster_rating_none_faults/test_6_postOnRatingsReturnsMismatchResponseWithSchema/run.log,/home/azureuser/yas/evomaster-config/runtime-logs/methods/rating/none/EvoMaster_rating_none_faults/test_6_postOnRatingsReturnsMismatchResponseWithSchema/run_stdout.log,/home/azureuser/yas/evomaster-config/runtime-logs/methods/rating/none/EvoMaster_rating_none_faults/test_6_postOnRatingsReturnsMismatchResponseWithSchema/run_stderr.log
rating,none,EvoMaster_rating_none_faults.java,EvoMaster_rating_none_faults,test_7_deleteOnRateReturnsMismatchResponseWithSchema,False,1,403,/rating/backoffice/ratings/{id},DELETE,403,.statusCode(403) .assertThat(),5,".delete(baseUrlOfSut + ""/rating/backoffice/ratings/3069060200239391675"")",,,faults,/home/azureuser/yas/evomaster-config/generated-tests/blackbox/rating/none/EvoMaster_rating_none_faults.java,21,6,True,0,,0,0,,100.0,0,0,0,0,0,0,False,,/home/azureuser/yas/evomaster-config/runtime-logs/classes/rating/none/EvoMaster_rating_none_faults,/home/azureuser/yas/evomaster-config/runtime-logs/classes/rating/none/EvoMaster_rating_none_faults/compile.log,/home/azureuser/yas/evomaster-config/runtime-logs/classes/rating/none/EvoMaster_rating_none_faults/compile_stdout.log,/home/azureuser/yas/evomaster-config/runtime-logs/classes/rating/none/EvoMaster_rating_none_faults/compile_stderr.log,True,True,0,,0,False,8.02,6.37,154.67,,/home/azureuser/yas/evomaster-config/runtime-logs/methods/rating/none/EvoMaster_rating_none_faults/test_7_deleteOnRateReturnsMismatchResponseWithSchema,/home/azureuser/yas/evomaster-config/runtime-logs/methods/rating/none/EvoMaster_rating_none_faults/test_7_deleteOnRateReturnsMismatchResponseWithSchema/run.log,/home/azureuser/yas/evomaster-config/runtime-logs/methods/rating/none/EvoMaster_rating_none_faults/test_7_deleteOnRateReturnsMismatchResponseWithSchema/run_stdout.log,/home/azureuser/yas/evomaster-config/runtime-logs/methods/rating/none/EvoMaster_rating_none_faults/test_7_deleteOnRateReturnsMismatchResponseWithSchema/run_stderr.log
rating,none,EvoMaster_rating_none_faults.java,EvoMaster_rating_none_faults,test_8_deleteOnRateReturnsMismatchResponseWithSchema,False,1,403,/rating/backoffice/ratings/{id},DELETE,403,.statusCode(403) .assertThat(),5,".delete(baseUrlOfSut + ""/rating/backoffice/ratings/-1965659513"")",,,faults,/home/azureuser/yas/evomaster-config/generated-tests/blackbox/rating/none/EvoMaster_rating_none_faults.java,21,6,True,0,,0,0,,100.0,0,0,0,0,0,0,False,,/home/azureuser/yas/evomaster-config/runtime-logs/classes/rating/none/EvoMaster_rating_none_faults,/home/azureuser/yas/evomaster-config/runtime-logs/classes/rating/none/EvoMaster_rating_none_faults/compile.log,/home/azureuser/yas/evomaster-config/runtime-logs/classes/rating/none/EvoMaster_rating_none_faults/compile_stdout.log,/home/azureuser/yas/evomaster-config/runtime-logs/classes/rating/none/EvoMaster_rating_none_faults/compile_stderr.log,True,True,0,,0,False,8.02,6.5,161.1,,/home/azureuser/yas/evomaster-config/runtime-logs/methods/rating/none/EvoMaster_rating_none_faults/test_8_deleteOnRateReturnsMismatchResponseWithSchema,/home/azureuser/yas/evomaster-config/runtime-logs/methods/rating/none/EvoMaster_rating_none_faults/test_8_deleteOnRateReturnsMismatchResponseWithSchema/run.log,/home/azureuser/yas/evomaster-config/runtime-logs/methods/rating/none/EvoMaster_rating_none_faults/test_8_deleteOnRateReturnsMismatchResponseWithSchema/run_stdout.log,/home/azureuser/yas/evomaster-config/runtime-logs/methods/rating/none/EvoMaster_rating_none_faults/test_8_deleteOnRateReturnsMismatchResponseWithSchema/run_stderr.log
rating,none,EvoMaster_rating_none_faults.java,EvoMaster_rating_none_faults,test_9_getOnLatestReturnsMismatchResponseWithSchema,False,1,401,/rating/backoffice/ratings/latest/{count},GET,401,.statusCode(401) .assertThat(),2,".get(baseUrlOfSut + ""/rating/backoffice/ratings/latest/176"")",,,faults,/home/azureuser/yas/evomaster-config/generated-tests/blackbox/rating/none/EvoMaster_rating_none_faults.java,21,6,True,0,,0,0,,100.0,0,0,0,0,0,0,False,,/home/azureuser/yas/evomaster-config/runtime-logs/classes/rating/none/EvoMaster_rating_none_faults,/home/azureuser/yas/evomaster-config/runtime-logs/classes/rating/none/EvoMaster_rating_none_faults/compile.log,/home/azureuser/yas/evomaster-config/runtime-logs/classes/rating/none/EvoMaster_rating_none_faults/compile_stdout.log,/home/azureuser/yas/evomaster-config/runtime-logs/classes/rating/none/EvoMaster_rating_none_faults/compile_stderr.log,True,True,0,,0,False,7.02,6.3,161.47,,/home/azureuser/yas/evomaster-config/runtime-logs/methods/rating/none/EvoMaster_rating_none_faults/test_9_getOnLatestReturnsMismatchResponseWithSchema,/home/azureuser/yas/evomaster-config/runtime-logs/methods/rating/none/EvoMaster_rating_none_faults/test_9_getOnLatestReturnsMismatchResponseWithSchema/run.log,/home/azureuser/yas/evomaster-config/runtime-logs/methods/rating/none/EvoMaster_rating_none_faults/test_9_getOnLatestReturnsMismatchResponseWithSchema/run_stdout.log,/home/azureuser/yas/evomaster-config/runtime-logs/methods/rating/none/EvoMaster_rating_none_faults/test_9_getOnLatestReturnsMismatchResponseWithSchema/run_stderr.log
rating,super_admin,EvoMaster_rating_super_admin_faults.java,EvoMaster_rating_super_admin_faults,test_0_postOnRatingsShowsFaults_100_101,False,1,500,/rating/storefront/ratings,POST,500,.statusCode(500) .assertThat(),6,".post(baseUrlOfSut + ""/rating/storefront/ratings"")",".body("" { "" + 
                    "" \""content\"": \""\"", "" + 
                    "" \""productId\"": 628449362 "" + 
                    "" } "")",".header(""Authorization"", ""Bearer eyJhbGciOiJSUzI1NiIsInR5cCIgOiAiSldUIiwia2lkIiA6ICJLcTh2dHJEazBLOGpLX1c5NWJreTFKaTN5RzRSMy1oUmc1dzY3NDVkZ3RRIn0.eyJleHAiOjE3Nzg0MTcwNjUsImlhdCI6MTc3ODQxNjc2NSwianRpIjoiMzM4NTllNmYtMmY4Ny00ZmZiLTk4MzQtOTk3NGJhNTRlMTI2IiwiaXNzIjoiaHR0cDovL2lkZW50aXR5L3JlYWxtcy9ZYXMiLCJzdWIiOiI4OGE3YzM0MS00YTMzLTQ2YTctODkyMS03M2U4YTI0MmE4NTIiLCJ0eXAiOiJCZWFyZXIiLCJhenAiOiJiYWNrb2ZmaWNlLWJmZiIsInNpZCI6IjNhYTU2YzJhLTQ4YjEtNGVlZi1iNzBhLTRlZTQ2MDVlMTkwNyIsInJlYWxtX2FjY2VzcyI6eyJyb2xlcyI6WyJTVVBFUi1BRE1JTiJdfSwic2NvcGUiOiJlbWFpbCBwcm9maWxlIiwiZW1haWxfdmVyaWZpZWQiOmZhbHNlLCJwcmVmZXJyZWRfdXNlcm5hbWUiOiJzdXBlcl9hZG1pbiJ9.LkNHNeD1vMPVaktCHqxhSy8YEwzV5RsKYxCQrMbTBXeOkqinc38KHWbVzDZor6cWS9_rHxh_SpKAIOLispz-xZBxfht3v1lk9F5ybj_09ZfFt3CIEwjaUHNbk4wY0dgtp7AEdLb1hv90geCWHXUJheA0rp_WPM3Si5IyXMg1-EBm2UM1K610_Q8f7D_qxw7mQoqhL8dsXZjN2-nMeYOuXvMsVBbuVo_8W7xohUUs6mE4Cl-zao9ZBm-ucUOTnRWU2tQ9N6wrriG5_Tp7BgMb5dScEZkWKE1gNLqeeZ8B_FDPQL_2gRpp-EG4_1QlTrU2UnDYe1BxVw9TNd4kL8c-bw"")",faults,/home/azureuser/yas/evomaster-config/generated-tests/blackbox/rating/super_admin/EvoMaster_rating_super_admin_faults.java,21,6,True,0,,0,0,,100.0,0,0,0,0,0,0,False,,/home/azureuser/yas/evomaster-config/runtime-logs/classes/rating/super_admin/EvoMaster_rating_super_admin_faults,/home/azureuser/yas/evomaster-config/runtime-logs/classes/rating/super_admin/EvoMaster_rating_super_admin_faults/compile.log,/home/azureuser/yas/evomaster-config/runtime-logs/classes/rating/super_admin/EvoMaster_rating_super_admin_faults/compile_stdout.log,/home/azureuser/yas/evomaster-config/runtime-logs/classes/rating/super_admin/EvoMaster_rating_super_admin_faults/compile_stderr.log,False,True,1,java.lang.AssertionError;test_failure,1,False,7.52,6.47,157.61,"Tests run: 1, Failures: 1, Errors: 0, Skipped: 0",/home/azureuser/yas/evomaster-config/runtime-logs/methods/rating/super_admin/EvoMaster_rating_super_admin_faults/test_0_postOnRatingsShowsFaults_100_101,/home/azureuser/yas/evomaster-config/runtime-logs/methods/rating/super_admin/EvoMaster_rating_super_admin_faults/test_0_postOnRatingsShowsFaults_100_101/run.log,/home/azureuser/yas/evomaster-config/runtime-logs/methods/rating/super_admin/EvoMaster_rating_super_admin_faults/test_0_postOnRatingsShowsFaults_100_101/run_stdout.log,/home/azureuser/yas/evomaster-config/runtime-logs/methods/rating/super_admin/EvoMaster_rating_super_admin_faults/test_0_postOnRatingsShowsFaults_100_101/run_stderr.log
rating,super_admin,EvoMaster_rating_super_admin_faults.java,EvoMaster_rating_super_admin_faults,test_7_postOnRatingsReturnsMismatchResponseWithSchema,False,1,403,/rating/storefront/ratings,POST,403,.statusCode(403) .assertThat(),6,".post(baseUrlOfSut + ""/rating/storefront/ratings"")",".body("" { "" + 
                    "" \""content\"": \""EMYr\"", "" + 
                    "" \""star\"": 373 "" + 
                    "" } "")",".header(""Authorization"", ""Bearer eyJhbGciOiJSUzI1NiIsInR5cCIgOiAiSldUIiwia2lkIiA6ICJLcTh2dHJEazBLOGpLX1c5NWJreTFKaTN5RzRSMy1oUmc1dzY3NDVkZ3RRIn0.eyJleHAiOjE3Nzg0MTcwNjUsImlhdCI6MTc3ODQxNjc2NSwianRpIjoiMzM4NTllNmYtMmY4Ny00ZmZiLTk4MzQtOTk3NGJhNTRlMTI2IiwiaXNzIjoiaHR0cDovL2lkZW50aXR5L3JlYWxtcy9ZYXMiLCJzdWIiOiI4OGE3YzM0MS00YTMzLTQ2YTctODkyMS03M2U4YTI0MmE4NTIiLCJ0eXAiOiJCZWFyZXIiLCJhenAiOiJiYWNrb2ZmaWNlLWJmZiIsInNpZCI6IjNhYTU2YzJhLTQ4YjEtNGVlZi1iNzBhLTRlZTQ2MDVlMTkwNyIsInJlYWxtX2FjY2VzcyI6eyJyb2xlcyI6WyJTVVBFUi1BRE1JTiJdfSwic2NvcGUiOiJlbWFpbCBwcm9maWxlIiwiZW1haWxfdmVyaWZpZWQiOmZhbHNlLCJwcmVmZXJyZWRfdXNlcm5hbWUiOiJzdXBlcl9hZG1pbiJ9.LkNHNeD1vMPVaktCHqxhSy8YEwzV5RsKYxCQrMbTBXeOkqinc38KHWbVzDZor6cWS9_rHxh_SpKAIOLispz-xZBxfht3v1lk9F5ybj_09ZfFt3CIEwjaUHNbk4wY0dgtp7AEdLb1hv90geCWHXUJheA0rp_WPM3Si5IyXMg1-EBm2UM1K610_Q8f7D_qxw7mQoqhL8dsXZjN2-nMeYOuXvMsVBbuVo_8W7xohUUs6mE4Cl-zao9ZBm-ucUOTnRWU2tQ9N6wrriG5_Tp7BgMb5dScEZkWKE1gNLqeeZ8B_FDPQL_2gRpp-EG4_1QlTrU2UnDYe1BxVw9TNd4kL8c-bw"")",faults,/home/azureuser/yas/evomaster-config/generated-tests/blackbox/rating/super_admin/EvoMaster_rating_super_admin_faults.java,21,6,True,0,,0,0,,100.0,0,0,0,0,0,0,False,,/home/azureuser/yas/evomaster-config/runtime-logs/classes/rating/super_admin/EvoMaster_rating_super_admin_faults,/home/azureuser/yas/evomaster-config/runtime-logs/classes/rating/super_admin/EvoMaster_rating_super_admin_faults/compile.log,/home/azureuser/yas/evomaster-config/runtime-logs/classes/rating/super_admin/EvoMaster_rating_super_admin_faults/compile_stdout.log,/home/azureuser/yas/evomaster-config/runtime-logs/classes/rating/super_admin/EvoMaster_rating_super_admin_faults/compile_stderr.log,False,True,1,java.lang.AssertionError;test_failure,1,False,7.52,6.54,165.89,"Tests run: 1, Failures: 1, Errors: 0, Skipped: 0",/home/azureuser/yas/evomaster-config/runtime-logs/methods/rating/super_admin/EvoMaster_rating_super_admin_faults/test_7_postOnRatingsReturnsMismatchResponseWithSchema,/home/azureuser/yas/evomaster-config/runtime-logs/methods/rating/super_admin/EvoMaster_rating_super_admin_faults/test_7_postOnRatingsReturnsMismatchResponseWithSchema/run.log,/home/azureuser/yas/evomaster-config/runtime-logs/methods/rating/super_admin/EvoMaster_rating_super_admin_faults/test_7_postOnRatingsReturnsMismatchResponseWithSchema/run_stdout.log,/home/azureuser/yas/evomaster-config/runtime-logs/methods/rating/super_admin/EvoMaster_rating_super_admin_faults/test_7_postOnRatingsReturnsMismatchResponseWithSchema/run_stderr.log
rating,super_admin,EvoMaster_rating_super_admin_faults.java,EvoMaster_rating_super_admin_faults,test_8_postOnRatingsReturnsMismatchResponseWithSchema,False,1,403,/rating/storefront/ratings,POST,403,.statusCode(403) .assertThat(),5,".post(baseUrlOfSut + ""/rating/storefront/ratings"")",".body("" { "" + 
                    "" \""star\"": 993 "" + 
                    "" } "")",,faults,/home/azureuser/yas/evomaster-config/generated-tests/blackbox/rating/super_admin/EvoMaster_rating_super_admin_faults.java,21,6,True,0,,0,0,,100.0,0,0,0,0,0,0,False,,/home/azureuser/yas/evomaster-config/runtime-logs/classes/rating/super_admin/EvoMaster_rating_super_admin_faults,/home/azureuser/yas/evomaster-config/runtime-logs/classes/rating/super_admin/EvoMaster_rating_super_admin_faults/compile.log,/home/azureuser/yas/evomaster-config/runtime-logs/classes/rating/super_admin/EvoMaster_rating_super_admin_faults/compile_stdout.log,/home/azureuser/yas/evomaster-config/runtime-logs/classes/rating/super_admin/EvoMaster_rating_super_admin_faults/compile_stderr.log,True,True,0,,0,False,8.52,6.72,163.56,,/home/azureuser/yas/evomaster-config/runtime-logs/methods/rating/super_admin/EvoMaster_rating_super_admin_faults/test_8_postOnRatingsReturnsMismatchResponseWithSchema,/home/azureuser/yas/evomaster-config/runtime-logs/methods/rating/super_admin/EvoMaster_rating_super_admin_faults/test_8_postOnRatingsReturnsMismatchResponseWithSchema/run.log,/home/azureuser/yas/evomaster-config/runtime-logs/methods/rating/super_admin/EvoMaster_rating_super_admin_faults/test_8_postOnRatingsReturnsMismatchResponseWithSchema/run_stdout.log,/home/azureuser/yas/evomaster-config/runtime-logs/methods/rating/super_admin/EvoMaster_rating_super_admin_faults/test_8_postOnRatingsReturnsMismatchResponseWithSchema/run_stderr.log
rating,super_admin,EvoMaster_rating_super_admin_faults.java,EvoMaster_rating_super_admin_faults,test_9_deleteOnRateReturnsMismatchResponseWithSchema,False,1,403,/rating/backoffice/ratings/{id},DELETE,403,.statusCode(403) .assertThat(),2,".delete(baseUrlOfSut + ""/rating/backoffice/ratings/207"")",,".header(""Authorization"", ""Bearer eyJhbGciOiJSUzI1NiIsInR5cCIgOiAiSldUIiwia2lkIiA6ICJLcTh2dHJEazBLOGpLX1c5NWJreTFKaTN5RzRSMy1oUmc1dzY3NDVkZ3RRIn0.eyJleHAiOjE3Nzg0MTcwNjUsImlhdCI6MTc3ODQxNjc2NSwianRpIjoiMzM4NTllNmYtMmY4Ny00ZmZiLTk4MzQtOTk3NGJhNTRlMTI2IiwiaXNzIjoiaHR0cDovL2lkZW50aXR5L3JlYWxtcy9ZYXMiLCJzdWIiOiI4OGE3YzM0MS00YTMzLTQ2YTctODkyMS03M2U4YTI0MmE4NTIiLCJ0eXAiOiJCZWFyZXIiLCJhenAiOiJiYWNrb2ZmaWNlLWJmZiIsInNpZCI6IjNhYTU2YzJhLTQ4YjEtNGVlZi1iNzBhLTRlZTQ2MDVlMTkwNyIsInJlYWxtX2FjY2VzcyI6eyJyb2xlcyI6WyJTVVBFUi1BRE1JTiJdfSwic2NvcGUiOiJlbWFpbCBwcm9maWxlIiwiZW1haWxfdmVyaWZpZWQiOmZhbHNlLCJwcmVmZXJyZWRfdXNlcm5hbWUiOiJzdXBlcl9hZG1pbiJ9.LkNHNeD1vMPVaktCHqxhSy8YEwzV5RsKYxCQrMbTBXeOkqinc38KHWbVzDZor6cWS9_rHxh_SpKAIOLispz-xZBxfht3v1lk9F5ybj_09ZfFt3CIEwjaUHNbk4wY0dgtp7AEdLb1hv90geCWHXUJheA0rp_WPM3Si5IyXMg1-EBm2UM1K610_Q8f7D_qxw7mQoqhL8dsXZjN2-nMeYOuXvMsVBbuVo_8W7xohUUs6mE4Cl-zao9ZBm-ucUOTnRWU2tQ9N6wrriG5_Tp7BgMb5dScEZkWKE1gNLqeeZ8B_FDPQL_2gRpp-EG4_1QlTrU2UnDYe1BxVw9TNd4kL8c-bw"")",faults,/home/azureuser/yas/evomaster-config/generated-tests/blackbox/rating/super_admin/EvoMaster_rating_super_admin_faults.java,21,6,True,0,,0,0,,100.0,0,0,0,0,0,0,False,,/home/azureuser/yas/evomaster-config/runtime-logs/classes/rating/super_admin/EvoMaster_rating_super_admin_faults,/home/azureuser/yas/evomaster-config/runtime-logs/classes/rating/super_admin/EvoMaster_rating_super_admin_faults/compile.log,/home/azureuser/yas/evomaster-config/runtime-logs/classes/rating/super_admin/EvoMaster_rating_super_admin_faults/compile_stdout.log,/home/azureuser/yas/evomaster-config/runtime-logs/classes/rating/super_admin/EvoMaster_rating_super_admin_faults/compile_stderr.log,False,True,1,java.lang.AssertionError;test_failure,1,False,7.52,6.47,157.22,"Tests run: 1, Failures: 1, Errors: 0, Skipped: 0",/home/azureuser/yas/evomaster-config/runtime-logs/methods/rating/super_admin/EvoMaster_rating_super_admin_faults/test_9_deleteOnRateReturnsMismatchResponseWithSchema,/home/azureuser/yas/evomaster-config/runtime-logs/methods/rating/super_admin/EvoMaster_rating_super_admin_faults/test_9_deleteOnRateReturnsMismatchResponseWithSchema/run.log,/home/azureuser/yas/evomaster-config/runtime-logs/methods/rating/super_admin/EvoMaster_rating_super_admin_faults/test_9_deleteOnRateReturnsMismatchResponseWithSchema/run_stdout.log,/home/azureuser/yas/evomaster-config/runtime-logs/methods/rating/super_admin/EvoMaster_rating_super_admin_faults/test_9_deleteOnRateReturnsMismatchResponseWithSchema/run_stderr.log
rating,super_admin,EvoMaster_rating_super_admin_faults.java,EvoMaster_rating_super_admin_faults,test_10_deleteOnRateReturnsMismatchResponseWithSchema,False,1,403,/rating/backoffice/ratings/{id},DELETE,403,.statusCode(403) .assertThat(),5,".delete(baseUrlOfSut + ""/rating/backoffice/ratings/999"")",,,faults,/home/azureuser/yas/evomaster-config/generated-tests/blackbox/rating/super_admin/EvoMaster_rating_super_admin_faults.java,21,6,True,0,,0,0,,100.0,0,0,0,0,0,0,False,,/home/azureuser/yas/evomaster-config/runtime-logs/classes/rating/super_admin/EvoMaster_rating_super_admin_faults,/home/azureuser/yas/evomaster-config/runtime-logs/classes/rating/super_admin/EvoMaster_rating_super_admin_faults/compile.log,/home/azureuser/yas/evomaster-config/runtime-logs/classes/rating/super_admin/EvoMaster_rating_super_admin_faults/compile_stdout.log,/home/azureuser/yas/evomaster-config/runtime-logs/classes/rating/super_admin/EvoMaster_rating_super_admin_faults/compile_stderr.log,True,True,0,,0,False,8.52,6.6,163.81,,/home/azureuser/yas/evomaster-config/runtime-logs/methods/rating/super_admin/EvoMaster_rating_super_admin_faults/test_10_deleteOnRateReturnsMismatchResponseWithSchema,/home/azureuser/yas/evomaster-config/runtime-logs/methods/rating/super_admin/EvoMaster_rating_super_admin_faults/test_10_deleteOnRateReturnsMismatchResponseWithSchema/run.log,/home/azureuser/yas/evomaster-config/runtime-logs/methods/rating/super_admin/EvoMaster_rating_super_admin_faults/test_10_deleteOnRateReturnsMismatchResponseWithSchema/run_stdout.log,/home/azureuser/yas/evomaster-config/runtime-logs/methods/rating/super_admin/EvoMaster_rating_super_admin_faults/test_10_deleteOnRateReturnsMismatchResponseWithSchema/run_stderr.log
rating,super_admin,EvoMaster_rating_super_admin_faults.java,EvoMaster_rating_super_admin_faults,test_11_deleteOnRateReturnsMismatchResponseWithSchema,False,1,403,/rating/backoffice/ratings/{id},DELETE,403,.statusCode(403) .assertThat(),2,".delete(baseUrlOfSut + ""/rating/backoffice/ratings/-1702525718"")",,".header(""Authorization"", ""Bearer eyJhbGciOiJSUzI1NiIsInR5cCIgOiAiSldUIiwia2lkIiA6ICJLcTh2dHJEazBLOGpLX1c5NWJreTFKaTN5RzRSMy1oUmc1dzY3NDVkZ3RRIn0.eyJleHAiOjE3Nzg0MTcwNjUsImlhdCI6MTc3ODQxNjc2NSwianRpIjoiMzM4NTllNmYtMmY4Ny00ZmZiLTk4MzQtOTk3NGJhNTRlMTI2IiwiaXNzIjoiaHR0cDovL2lkZW50aXR5L3JlYWxtcy9ZYXMiLCJzdWIiOiI4OGE3YzM0MS00YTMzLTQ2YTctODkyMS03M2U4YTI0MmE4NTIiLCJ0eXAiOiJCZWFyZXIiLCJhenAiOiJiYWNrb2ZmaWNlLWJmZiIsInNpZCI6IjNhYTU2YzJhLTQ4YjEtNGVlZi1iNzBhLTRlZTQ2MDVlMTkwNyIsInJlYWxtX2FjY2VzcyI6eyJyb2xlcyI6WyJTVVBFUi1BRE1JTiJdfSwic2NvcGUiOiJlbWFpbCBwcm9maWxlIiwiZW1haWxfdmVyaWZpZWQiOmZhbHNlLCJwcmVmZXJyZWRfdXNlcm5hbWUiOiJzdXBlcl9hZG1pbiJ9.LkNHNeD1vMPVaktCHqxhSy8YEwzV5RsKYxCQrMbTBXeOkqinc38KHWbVzDZor6cWS9_rHxh_SpKAIOLispz-xZBxfht3v1lk9F5ybj_09ZfFt3CIEwjaUHNbk4wY0dgtp7AEdLb1hv90geCWHXUJheA0rp_WPM3Si5IyXMg1-EBm2UM1K610_Q8f7D_qxw7mQoqhL8dsXZjN2-nMeYOuXvMsVBbuVo_8W7xohUUs6mE4Cl-zao9ZBm-ucUOTnRWU2tQ9N6wrriG5_Tp7BgMb5dScEZkWKE1gNLqeeZ8B_FDPQL_2gRpp-EG4_1QlTrU2UnDYe1BxVw9TNd4kL8c-bw"")",faults,/home/azureuser/yas/evomaster-config/generated-tests/blackbox/rating/super_admin/EvoMaster_rating_super_admin_faults.java,21,6,True,0,,0,0,,100.0,0,0,0,0,0,0,False,,/home/azureuser/yas/evomaster-config/runtime-logs/classes/rating/super_admin/EvoMaster_rating_super_admin_faults,/home/azureuser/yas/evomaster-config/runtime-logs/classes/rating/super_admin/EvoMaster_rating_super_admin_faults/compile.log,/home/azureuser/yas/evomaster-config/runtime-logs/classes/rating/super_admin/EvoMaster_rating_super_admin_faults/compile_stdout.log,/home/azureuser/yas/evomaster-config/runtime-logs/classes/rating/super_admin/EvoMaster_rating_super_admin_faults/compile_stderr.log,False,True,1,java.lang.AssertionError;test_failure,1,False,7.52,6.77,169.36,"Tests run: 1, Failures: 1, Errors: 0, Skipped: 0",/home/azureuser/yas/evomaster-config/runtime-logs/methods/rating/super_admin/EvoMaster_rating_super_admin_faults/test_11_deleteOnRateReturnsMismatchResponseWithSchema,/home/azureuser/yas/evomaster-config/runtime-logs/methods/rating/super_admin/EvoMaster_rating_super_admin_faults/test_11_deleteOnRateReturnsMismatchResponseWithSchema/run.log,/home/azureuser/yas/evomaster-config/runtime-logs/methods/rating/super_admin/EvoMaster_rating_super_admin_faults/test_11_deleteOnRateReturnsMismatchResponseWithSchema/run_stdout.log,/home/azureuser/yas/evomaster-config/runtime-logs/methods/rating/super_admin/EvoMaster_rating_super_admin_faults/test_11_deleteOnRateReturnsMismatchResponseWithSchema/run_stderr.log
rating,super_admin,EvoMaster_rating_super_admin_faults.java,EvoMaster_rating_super_admin_faults,test_12_getOnLatestReturnsMismatchResponseWithSchema,False,1,401,/rating/backoffice/ratings/latest/{count},GET,401,.statusCode(401) .assertThat(),2,".get(baseUrlOfSut + ""/rating/backoffice/ratings/latest/591"")",,,faults,/home/azureuser/yas/evomaster-config/generated-tests/blackbox/rating/super_admin/EvoMaster_rating_super_admin_faults.java,21,6,True,0,,0,0,,100.0,0,0,0,0,0,0,False,,/home/azureuser/yas/evomaster-config/runtime-logs/classes/rating/super_admin/EvoMaster_rating_super_admin_faults,/home/azureuser/yas/evomaster-config/runtime-logs/classes/rating/super_admin/EvoMaster_rating_super_admin_faults/compile.log,/home/azureuser/yas/evomaster-config/runtime-logs/classes/rating/super_admin/EvoMaster_rating_super_admin_faults/compile_stdout.log,/home/azureuser/yas/evomaster-config/runtime-logs/classes/rating/super_admin/EvoMaster_rating_super_admin_faults/compile_stderr.log,True,True,0,,0,False,7.52,6.91,177.07,,/home/azureuser/yas/evomaster-config/runtime-logs/methods/rating/super_admin/EvoMaster_rating_super_admin_faults/test_12_getOnLatestReturnsMismatchResponseWithSchema,/home/azureuser/yas/evomaster-config/runtime-logs/methods/rating/super_admin/EvoMaster_rating_super_admin_faults/test_12_getOnLatestReturnsMismatchResponseWithSchema/run.log,/home/azureuser/yas/evomaster-config/runtime-logs/methods/rating/super_admin/EvoMaster_rating_super_admin_faults/test_12_getOnLatestReturnsMismatchResponseWithSchema/run_stdout.log,/home/azureuser/yas/evomaster-config/runtime-logs/methods/rating/super_admin/EvoMaster_rating_super_admin_faults/test_12_getOnLatestReturnsMismatchResponseWithSchema/run_stderr.log
rating,super_admin,EvoMaster_rating_super_admin_faults.java,EvoMaster_rating_super_admin_faults,test_13_getOnLatestReturnsMismatchResponseWithSchema,False,1,403,/rating/backoffice/ratings/latest/{count},GET,403,.statusCode(403) .assertThat(),2,".get(baseUrlOfSut + ""/rating/backoffice/ratings/latest/448"")",,".header(""Authorization"", ""Bearer eyJhbGciOiJSUzI1NiIsInR5cCIgOiAiSldUIiwia2lkIiA6ICJLcTh2dHJEazBLOGpLX1c5NWJreTFKaTN5RzRSMy1oUmc1dzY3NDVkZ3RRIn0.eyJleHAiOjE3Nzg0MTcwNjUsImlhdCI6MTc3ODQxNjc2NSwianRpIjoiMzM4NTllNmYtMmY4Ny00ZmZiLTk4MzQtOTk3NGJhNTRlMTI2IiwiaXNzIjoiaHR0cDovL2lkZW50aXR5L3JlYWxtcy9ZYXMiLCJzdWIiOiI4OGE3YzM0MS00YTMzLTQ2YTctODkyMS03M2U4YTI0MmE4NTIiLCJ0eXAiOiJCZWFyZXIiLCJhenAiOiJiYWNrb2ZmaWNlLWJmZiIsInNpZCI6IjNhYTU2YzJhLTQ4YjEtNGVlZi1iNzBhLTRlZTQ2MDVlMTkwNyIsInJlYWxtX2FjY2VzcyI6eyJyb2xlcyI6WyJTVVBFUi1BRE1JTiJdfSwic2NvcGUiOiJlbWFpbCBwcm9maWxlIiwiZW1haWxfdmVyaWZpZWQiOmZhbHNlLCJwcmVmZXJyZWRfdXNlcm5hbWUiOiJzdXBlcl9hZG1pbiJ9.LkNHNeD1vMPVaktCHqxhSy8YEwzV5RsKYxCQrMbTBXeOkqinc38KHWbVzDZor6cWS9_rHxh_SpKAIOLispz-xZBxfht3v1lk9F5ybj_09ZfFt3CIEwjaUHNbk4wY0dgtp7AEdLb1hv90geCWHXUJheA0rp_WPM3Si5IyXMg1-EBm2UM1K610_Q8f7D_qxw7mQoqhL8dsXZjN2-nMeYOuXvMsVBbuVo_8W7xohUUs6mE4Cl-zao9ZBm-ucUOTnRWU2tQ9N6wrriG5_Tp7BgMb5dScEZkWKE1gNLqeeZ8B_FDPQL_2gRpp-EG4_1QlTrU2UnDYe1BxVw9TNd4kL8c-bw"")",faults,/home/azureuser/yas/evomaster-config/generated-tests/blackbox/rating/super_admin/EvoMaster_rating_super_admin_faults.java,21,6,True,0,,0,0,,100.0,0,0,0,0,0,0,False,,/home/azureuser/yas/evomaster-config/runtime-logs/classes/rating/super_admin/EvoMaster_rating_super_admin_faults,/home/azureuser/yas/evomaster-config/runtime-logs/classes/rating/super_admin/EvoMaster_rating_super_admin_faults/compile.log,/home/azureuser/yas/evomaster-config/runtime-logs/classes/rating/super_admin/EvoMaster_rating_super_admin_faults/compile_stdout.log,/home/azureuser/yas/evomaster-config/runtime-logs/classes/rating/super_admin/EvoMaster_rating_super_admin_faults/compile_stderr.log,False,True,1,java.lang.AssertionError;test_failure,1,False,7.02,6.34,162.31,"Tests run: 1, Failures: 1, Errors: 0, Skipped: 0",/home/azureuser/yas/evomaster-config/runtime-logs/methods/rating/super_admin/EvoMaster_rating_super_admin_faults/test_13_getOnLatestReturnsMismatchResponseWithSchema,/home/azureuser/yas/evomaster-config/runtime-logs/methods/rating/super_admin/EvoMaster_rating_super_admin_faults/test_13_getOnLatestReturnsMismatchResponseWithSchema/run.log,/home/azureuser/yas/evomaster-config/runtime-logs/methods/rating/super_admin/EvoMaster_rating_super_admin_faults/test_13_getOnLatestReturnsMismatchResponseWithSchema/run_stdout.log,/home/azureuser/yas/evomaster-config/runtime-logs/methods/rating/super_admin/EvoMaster_rating_super_admin_faults/test_13_getOnLatestReturnsMismatchResponseWithSchema/run_stderr.log
rating,user,EvoMaster_rating_user_faults.java,EvoMaster_rating_user_faults,test_0_postOnRatingsShowsFaults_100_101,False,1,500,/rating/storefront/ratings,POST,500,.statusCode(500) .assertThat(),6,".post(baseUrlOfSut + ""/rating/storefront/ratings"")",".body("" { "" + 
                    "" \""productName\"": \""7EonxWd\"" "" + 
                    "" } "")",".header(""Authorization"", ""Bearer eyJhbGciOiJSUzI1NiIsInR5cCIgOiAiSldUIiwia2lkIiA6ICJLcTh2dHJEazBLOGpLX1c5NWJreTFKaTN5RzRSMy1oUmc1dzY3NDVkZ3RRIn0.eyJleHAiOjE3Nzg0MTcwNjYsImlhdCI6MTc3ODQxNjc2NiwianRpIjoiMWI0M2U2Y2ItMWI0Yi00NThhLTg1N2EtNzViNzZmMWI3ZDU3IiwiaXNzIjoiaHR0cDovL2lkZW50aXR5L3JlYWxtcy9ZYXMiLCJzdWIiOiIzNjVlNmUwOC01Y2YyLTQ0YzktODg0NC00M2M3OGRkYjk4MWYiLCJ0eXAiOiJCZWFyZXIiLCJhenAiOiJiYWNrb2ZmaWNlLWJmZiIsInNpZCI6IjI1OGE2OTUzLWJiNGMtNGI0ZC05MDk5LWNiYjA2MThlY2ZjZiIsInJlYWxtX2FjY2VzcyI6eyJyb2xlcyI6WyJVU0VSIl19LCJzY29wZSI6ImVtYWlsIHByb2ZpbGUiLCJlbWFpbF92ZXJpZmllZCI6ZmFsc2UsInByZWZlcnJlZF91c2VybmFtZSI6InVzZXJfcm9sZSJ9.r7H-7cKAVpODNqoRzvNvUtH6_XuabK5hcp__1hg5TuLjGwBsLmhXnWGfp7FGJBCCzwGV_9y_dqJ0bUJhT4WBGoYrzi5vTmktBAXzVuOBkKKsBPiy96ihP7duQC3tyoNpj0Pj8LQW8KRQHRji1GkajDfcCRQuIePt0diZXI2SazFRRHPlrnS7P0khODa0uzLB8y0gtqhLFcOiHHmwTcr7MwhcXgqyE01SsDnELYPNT_LNhTSa4LJ-5Ia_CAtRogPQkXE8dIJs1Gi9KuJWXcRJlbJQXkKrO4ncbD-d8R--XttJcZhJsz0678n_kBdj_NmThlennDJFfB5Gg3zaxLo08w"")",faults,/home/azureuser/yas/evomaster-config/generated-tests/blackbox/rating/user/EvoMaster_rating_user_faults.java,21,6,True,0,,0,0,,100.0,0,0,0,0,0,0,False,,/home/azureuser/yas/evomaster-config/runtime-logs/classes/rating/user/EvoMaster_rating_user_faults,/home/azureuser/yas/evomaster-config/runtime-logs/classes/rating/user/EvoMaster_rating_user_faults/compile.log,/home/azureuser/yas/evomaster-config/runtime-logs/classes/rating/user/EvoMaster_rating_user_faults/compile_stdout.log,/home/azureuser/yas/evomaster-config/runtime-logs/classes/rating/user/EvoMaster_rating_user_faults/compile_stderr.log,False,True,1,java.lang.AssertionError;test_failure,1,False,7.52,6.43,163.5,"Tests run: 1, Failures: 1, Errors: 0, Skipped: 0",/home/azureuser/yas/evomaster-config/runtime-logs/methods/rating/user/EvoMaster_rating_user_faults/test_0_postOnRatingsShowsFaults_100_101,/home/azureuser/yas/evomaster-config/runtime-logs/methods/rating/user/EvoMaster_rating_user_faults/test_0_postOnRatingsShowsFaults_100_101/run.log,/home/azureuser/yas/evomaster-config/runtime-logs/methods/rating/user/EvoMaster_rating_user_faults/test_0_postOnRatingsShowsFaults_100_101/run_stdout.log,/home/azureuser/yas/evomaster-config/runtime-logs/methods/rating/user/EvoMaster_rating_user_faults/test_0_postOnRatingsShowsFaults_100_101/run_stderr.log
rating,user,EvoMaster_rating_user_faults.java,EvoMaster_rating_user_faults,test_7_postOnRatingsReturnsMismatchResponseWithSchema,False,1,403,/rating/storefront/ratings,POST,403,.statusCode(403) .assertThat(),6,".post(baseUrlOfSut + ""/rating/storefront/ratings"")",".body("" { "" + 
                    "" \""content\"": \""nQ7G\"", "" + 
                    "" \""star\"": 714 "" + 
                    "" } "")",".header(""Authorization"", ""Bearer eyJhbGciOiJSUzI1NiIsInR5cCIgOiAiSldUIiwia2lkIiA6ICJLcTh2dHJEazBLOGpLX1c5NWJreTFKaTN5RzRSMy1oUmc1dzY3NDVkZ3RRIn0.eyJleHAiOjE3Nzg0MTcwNjYsImlhdCI6MTc3ODQxNjc2NiwianRpIjoiMWI0M2U2Y2ItMWI0Yi00NThhLTg1N2EtNzViNzZmMWI3ZDU3IiwiaXNzIjoiaHR0cDovL2lkZW50aXR5L3JlYWxtcy9ZYXMiLCJzdWIiOiIzNjVlNmUwOC01Y2YyLTQ0YzktODg0NC00M2M3OGRkYjk4MWYiLCJ0eXAiOiJCZWFyZXIiLCJhenAiOiJiYWNrb2ZmaWNlLWJmZiIsInNpZCI6IjI1OGE2OTUzLWJiNGMtNGI0ZC05MDk5LWNiYjA2MThlY2ZjZiIsInJlYWxtX2FjY2VzcyI6eyJyb2xlcyI6WyJVU0VSIl19LCJzY29wZSI6ImVtYWlsIHByb2ZpbGUiLCJlbWFpbF92ZXJpZmllZCI6ZmFsc2UsInByZWZlcnJlZF91c2VybmFtZSI6InVzZXJfcm9sZSJ9.r7H-7cKAVpODNqoRzvNvUtH6_XuabK5hcp__1hg5TuLjGwBsLmhXnWGfp7FGJBCCzwGV_9y_dqJ0bUJhT4WBGoYrzi5vTmktBAXzVuOBkKKsBPiy96ihP7duQC3tyoNpj0Pj8LQW8KRQHRji1GkajDfcCRQuIePt0diZXI2SazFRRHPlrnS7P0khODa0uzLB8y0gtqhLFcOiHHmwTcr7MwhcXgqyE01SsDnELYPNT_LNhTSa4LJ-5Ia_CAtRogPQkXE8dIJs1Gi9KuJWXcRJlbJQXkKrO4ncbD-d8R--XttJcZhJsz0678n_kBdj_NmThlennDJFfB5Gg3zaxLo08w"")",faults,/home/azureuser/yas/evomaster-config/generated-tests/blackbox/rating/user/EvoMaster_rating_user_faults.java,21,6,True,0,,0,0,,100.0,0,0,0,0,0,0,False,,/home/azureuser/yas/evomaster-config/runtime-logs/classes/rating/user/EvoMaster_rating_user_faults,/home/azureuser/yas/evomaster-config/runtime-logs/classes/rating/user/EvoMaster_rating_user_faults/compile.log,/home/azureuser/yas/evomaster-config/runtime-logs/classes/rating/user/EvoMaster_rating_user_faults/compile_stdout.log,/home/azureuser/yas/evomaster-config/runtime-logs/classes/rating/user/EvoMaster_rating_user_faults/compile_stderr.log,False,True,1,java.lang.AssertionError;test_failure,1,False,7.52,6.42,156.07,"Tests run: 1, Failures: 1, Errors: 0, Skipped: 0",/home/azureuser/yas/evomaster-config/runtime-logs/methods/rating/user/EvoMaster_rating_user_faults/test_7_postOnRatingsReturnsMismatchResponseWithSchema,/home/azureuser/yas/evomaster-config/runtime-logs/methods/rating/user/EvoMaster_rating_user_faults/test_7_postOnRatingsReturnsMismatchResponseWithSchema/run.log,/home/azureuser/yas/evomaster-config/runtime-logs/methods/rating/user/EvoMaster_rating_user_faults/test_7_postOnRatingsReturnsMismatchResponseWithSchema/run_stdout.log,/home/azureuser/yas/evomaster-config/runtime-logs/methods/rating/user/EvoMaster_rating_user_faults/test_7_postOnRatingsReturnsMismatchResponseWithSchema/run_stderr.log
rating,user,EvoMaster_rating_user_faults.java,EvoMaster_rating_user_faults,test_8_postOnRatingsReturnsMismatchResponseWithSchema,False,1,403,/rating/storefront/ratings,POST,403,.statusCode(403) .assertThat(),5,".post(baseUrlOfSut + ""/rating/storefront/ratings"")",".body("" { "" + 
                    "" \""content\"": \""z3htUBdC\"", "" + 
                    "" \""productName\"": \""0js\"" "" + 
                    "" } "")",,faults,/home/azureuser/yas/evomaster-config/generated-tests/blackbox/rating/user/EvoMaster_rating_user_faults.java,21,6,True,0,,0,0,,100.0,0,0,0,0,0,0,False,,/home/azureuser/yas/evomaster-config/runtime-logs/classes/rating/user/EvoMaster_rating_user_faults,/home/azureuser/yas/evomaster-config/runtime-logs/classes/rating/user/EvoMaster_rating_user_faults/compile.log,/home/azureuser/yas/evomaster-config/runtime-logs/classes/rating/user/EvoMaster_rating_user_faults/compile_stdout.log,/home/azureuser/yas/evomaster-config/runtime-logs/classes/rating/user/EvoMaster_rating_user_faults/compile_stderr.log,True,True,0,,0,False,8.52,6.51,150.29,,/home/azureuser/yas/evomaster-config/runtime-logs/methods/rating/user/EvoMaster_rating_user_faults/test_8_postOnRatingsReturnsMismatchResponseWithSchema,/home/azureuser/yas/evomaster-config/runtime-logs/methods/rating/user/EvoMaster_rating_user_faults/test_8_postOnRatingsReturnsMismatchResponseWithSchema/run.log,/home/azureuser/yas/evomaster-config/runtime-logs/methods/rating/user/EvoMaster_rating_user_faults/test_8_postOnRatingsReturnsMismatchResponseWithSchema/run_stdout.log,/home/azureuser/yas/evomaster-config/runtime-logs/methods/rating/user/EvoMaster_rating_user_faults/test_8_postOnRatingsReturnsMismatchResponseWithSchema/run_stderr.log
rating,user,EvoMaster_rating_user_faults.java,EvoMaster_rating_user_faults,test_9_deleteOnRateReturnsMismatchResponseWithSchema,False,1,403,/rating/backoffice/ratings/{id},DELETE,403,.statusCode(403) .assertThat(),2,".delete(baseUrlOfSut + ""/rating/backoffice/ratings/1316755600"")",,".header(""Authorization"", ""Bearer eyJhbGciOiJSUzI1NiIsInR5cCIgOiAiSldUIiwia2lkIiA6ICJLcTh2dHJEazBLOGpLX1c5NWJreTFKaTN5RzRSMy1oUmc1dzY3NDVkZ3RRIn0.eyJleHAiOjE3Nzg0MTcwNjYsImlhdCI6MTc3ODQxNjc2NiwianRpIjoiMWI0M2U2Y2ItMWI0Yi00NThhLTg1N2EtNzViNzZmMWI3ZDU3IiwiaXNzIjoiaHR0cDovL2lkZW50aXR5L3JlYWxtcy9ZYXMiLCJzdWIiOiIzNjVlNmUwOC01Y2YyLTQ0YzktODg0NC00M2M3OGRkYjk4MWYiLCJ0eXAiOiJCZWFyZXIiLCJhenAiOiJiYWNrb2ZmaWNlLWJmZiIsInNpZCI6IjI1OGE2OTUzLWJiNGMtNGI0ZC05MDk5LWNiYjA2MThlY2ZjZiIsInJlYWxtX2FjY2VzcyI6eyJyb2xlcyI6WyJVU0VSIl19LCJzY29wZSI6ImVtYWlsIHByb2ZpbGUiLCJlbWFpbF92ZXJpZmllZCI6ZmFsc2UsInByZWZlcnJlZF91c2VybmFtZSI6InVzZXJfcm9sZSJ9.r7H-7cKAVpODNqoRzvNvUtH6_XuabK5hcp__1hg5TuLjGwBsLmhXnWGfp7FGJBCCzwGV_9y_dqJ0bUJhT4WBGoYrzi5vTmktBAXzVuOBkKKsBPiy96ihP7duQC3tyoNpj0Pj8LQW8KRQHRji1GkajDfcCRQuIePt0diZXI2SazFRRHPlrnS7P0khODa0uzLB8y0gtqhLFcOiHHmwTcr7MwhcXgqyE01SsDnELYPNT_LNhTSa4LJ-5Ia_CAtRogPQkXE8dIJs1Gi9KuJWXcRJlbJQXkKrO4ncbD-d8R--XttJcZhJsz0678n_kBdj_NmThlennDJFfB5Gg3zaxLo08w"")",faults,/home/azureuser/yas/evomaster-config/generated-tests/blackbox/rating/user/EvoMaster_rating_user_faults.java,21,6,True,0,,0,0,,100.0,0,0,0,0,0,0,False,,/home/azureuser/yas/evomaster-config/runtime-logs/classes/rating/user/EvoMaster_rating_user_faults,/home/azureuser/yas/evomaster-config/runtime-logs/classes/rating/user/EvoMaster_rating_user_faults/compile.log,/home/azureuser/yas/evomaster-config/runtime-logs/classes/rating/user/EvoMaster_rating_user_faults/compile_stdout.log,/home/azureuser/yas/evomaster-config/runtime-logs/classes/rating/user/EvoMaster_rating_user_faults/compile_stderr.log,False,True,1,java.lang.AssertionError;test_failure,1,False,7.52,6.54,165.2,"Tests run: 1, Failures: 1, Errors: 0, Skipped: 0",/home/azureuser/yas/evomaster-config/runtime-logs/methods/rating/user/EvoMaster_rating_user_faults/test_9_deleteOnRateReturnsMismatchResponseWithSchema,/home/azureuser/yas/evomaster-config/runtime-logs/methods/rating/user/EvoMaster_rating_user_faults/test_9_deleteOnRateReturnsMismatchResponseWithSchema/run.log,/home/azureuser/yas/evomaster-config/runtime-logs/methods/rating/user/EvoMaster_rating_user_faults/test_9_deleteOnRateReturnsMismatchResponseWithSchema/run_stdout.log,/home/azureuser/yas/evomaster-config/runtime-logs/methods/rating/user/EvoMaster_rating_user_faults/test_9_deleteOnRateReturnsMismatchResponseWithSchema/run_stderr.log
rating,user,EvoMaster_rating_user_faults.java,EvoMaster_rating_user_faults,test_10_deleteOnRateReturnsMismatchResponseWithSchema,False,1,403,/rating/backoffice/ratings/{id},DELETE,403,.statusCode(403) .assertThat(),5,".delete(baseUrlOfSut + ""/rating/backoffice/ratings/572"")",,,faults,/home/azureuser/yas/evomaster-config/generated-tests/blackbox/rating/user/EvoMaster_rating_user_faults.java,21,6,True,0,,0,0,,100.0,0,0,0,0,0,0,False,,/home/azureuser/yas/evomaster-config/runtime-logs/classes/rating/user/EvoMaster_rating_user_faults,/home/azureuser/yas/evomaster-config/runtime-logs/classes/rating/user/EvoMaster_rating_user_faults/compile.log,/home/azureuser/yas/evomaster-config/runtime-logs/classes/rating/user/EvoMaster_rating_user_faults/compile_stdout.log,/home/azureuser/yas/evomaster-config/runtime-logs/classes/rating/user/EvoMaster_rating_user_faults/compile_stderr.log,True,True,0,,0,False,8.52,6.89,157.97,,/home/azureuser/yas/evomaster-config/runtime-logs/methods/rating/user/EvoMaster_rating_user_faults/test_10_deleteOnRateReturnsMismatchResponseWithSchema,/home/azureuser/yas/evomaster-config/runtime-logs/methods/rating/user/EvoMaster_rating_user_faults/test_10_deleteOnRateReturnsMismatchResponseWithSchema/run.log,/home/azureuser/yas/evomaster-config/runtime-logs/methods/rating/user/EvoMaster_rating_user_faults/test_10_deleteOnRateReturnsMismatchResponseWithSchema/run_stdout.log,/home/azureuser/yas/evomaster-config/runtime-logs/methods/rating/user/EvoMaster_rating_user_faults/test_10_deleteOnRateReturnsMismatchResponseWithSchema/run_stderr.log
rating,user,EvoMaster_rating_user_faults.java,EvoMaster_rating_user_faults,test_11_getOnLatestReturnsMismatchResponseWithSchema,False,1,401,/rating/backoffice/ratings/latest/{count},GET,401,.statusCode(401) .assertThat(),2,".get(baseUrlOfSut + ""/rating/backoffice/ratings/latest/610"")",,,faults,/home/azureuser/yas/evomaster-config/generated-tests/blackbox/rating/user/EvoMaster_rating_user_faults.java,21,6,True,0,,0,0,,100.0,0,0,0,0,0,0,False,,/home/azureuser/yas/evomaster-config/runtime-logs/classes/rating/user/EvoMaster_rating_user_faults,/home/azureuser/yas/evomaster-config/runtime-logs/classes/rating/user/EvoMaster_rating_user_faults/compile.log,/home/azureuser/yas/evomaster-config/runtime-logs/classes/rating/user/EvoMaster_rating_user_faults/compile_stdout.log,/home/azureuser/yas/evomaster-config/runtime-logs/classes/rating/user/EvoMaster_rating_user_faults/compile_stderr.log,True,True,0,,0,False,8.02,6.92,156.03,,/home/azureuser/yas/evomaster-config/runtime-logs/methods/rating/user/EvoMaster_rating_user_faults/test_11_getOnLatestReturnsMismatchResponseWithSchema,/home/azureuser/yas/evomaster-config/runtime-logs/methods/rating/user/EvoMaster_rating_user_faults/test_11_getOnLatestReturnsMismatchResponseWithSchema/run.log,/home/azureuser/yas/evomaster-config/runtime-logs/methods/rating/user/EvoMaster_rating_user_faults/test_11_getOnLatestReturnsMismatchResponseWithSchema/run_stdout.log,/home/azureuser/yas/evomaster-config/runtime-logs/methods/rating/user/EvoMaster_rating_user_faults/test_11_getOnLatestReturnsMismatchResponseWithSchema/run_stderr.log
rating,user,EvoMaster_rating_user_faults.java,EvoMaster_rating_user_faults,test_12_getOnLatestReturnsMismatchResponseWithSchema,False,1,403,/rating/backoffice/ratings/latest/{count},GET,403,.statusCode(403) .assertThat(),2,".get(baseUrlOfSut + ""/rating/backoffice/ratings/latest/208"")",,".header(""Authorization"", ""Bearer eyJhbGciOiJSUzI1NiIsInR5cCIgOiAiSldUIiwia2lkIiA6ICJLcTh2dHJEazBLOGpLX1c5NWJreTFKaTN5RzRSMy1oUmc1dzY3NDVkZ3RRIn0.eyJleHAiOjE3Nzg0MTcwNjYsImlhdCI6MTc3ODQxNjc2NiwianRpIjoiMWI0M2U2Y2ItMWI0Yi00NThhLTg1N2EtNzViNzZmMWI3ZDU3IiwiaXNzIjoiaHR0cDovL2lkZW50aXR5L3JlYWxtcy9ZYXMiLCJzdWIiOiIzNjVlNmUwOC01Y2YyLTQ0YzktODg0NC00M2M3OGRkYjk4MWYiLCJ0eXAiOiJCZWFyZXIiLCJhenAiOiJiYWNrb2ZmaWNlLWJmZiIsInNpZCI6IjI1OGE2OTUzLWJiNGMtNGI0ZC05MDk5LWNiYjA2MThlY2ZjZiIsInJlYWxtX2FjY2VzcyI6eyJyb2xlcyI6WyJVU0VSIl19LCJzY29wZSI6ImVtYWlsIHByb2ZpbGUiLCJlbWFpbF92ZXJpZmllZCI6ZmFsc2UsInByZWZlcnJlZF91c2VybmFtZSI6InVzZXJfcm9sZSJ9.r7H-7cKAVpODNqoRzvNvUtH6_XuabK5hcp__1hg5TuLjGwBsLmhXnWGfp7FGJBCCzwGV_9y_dqJ0bUJhT4WBGoYrzi5vTmktBAXzVuOBkKKsBPiy96ihP7duQC3tyoNpj0Pj8LQW8KRQHRji1GkajDfcCRQuIePt0diZXI2SazFRRHPlrnS7P0khODa0uzLB8y0gtqhLFcOiHHmwTcr7MwhcXgqyE01SsDnELYPNT_LNhTSa4LJ-5Ia_CAtRogPQkXE8dIJs1Gi9KuJWXcRJlbJQXkKrO4ncbD-d8R--XttJcZhJsz0678n_kBdj_NmThlennDJFfB5Gg3zaxLo08w"")",faults,/home/azureuser/yas/evomaster-config/generated-tests/blackbox/rating/user/EvoMaster_rating_user_faults.java,21,6,True,0,,0,0,,100.0,0,0,0,0,0,0,False,,/home/azureuser/yas/evomaster-config/runtime-logs/classes/rating/user/EvoMaster_rating_user_faults,/home/azureuser/yas/evomaster-config/runtime-logs/classes/rating/user/EvoMaster_rating_user_faults/compile.log,/home/azureuser/yas/evomaster-config/runtime-logs/classes/rating/user/EvoMaster_rating_user_faults/compile_stdout.log,/home/azureuser/yas/evomaster-config/runtime-logs/classes/rating/user/EvoMaster_rating_user_faults/compile_stderr.log,False,True,1,java.lang.AssertionError;test_failure,1,False,8.02,7.55,172.18,"Tests run: 1, Failures: 1, Errors: 0, Skipped: 0",/home/azureuser/yas/evomaster-config/runtime-logs/methods/rating/user/EvoMaster_rating_user_faults/test_12_getOnLatestReturnsMismatchResponseWithSchema,/home/azureuser/yas/evomaster-config/runtime-logs/methods/rating/user/EvoMaster_rating_user_faults/test_12_getOnLatestReturnsMismatchResponseWithSchema/run.log,/home/azureuser/yas/evomaster-config/runtime-logs/methods/rating/user/EvoMaster_rating_user_faults/test_12_getOnLatestReturnsMismatchResponseWithSchema/run_stdout.log,/home/azureuser/yas/evomaster-config/runtime-logs/methods/rating/user/EvoMaster_rating_user_faults/test_12_getOnLatestReturnsMismatchResponseWithSchema/run_stderr.log
sampledata,admin_only,EvoMaster_sampledata_admin_only_faults.java,EvoMaster_sampledata_admin_only_faults,test_0_postOnSampledataReturnsMismatchResponseWithSchema,False,1,200,/sampledata/storefront/sampledata,POST,200,.statusCode(200) .assertThat(),3,".post(baseUrlOfSut + ""/sampledata/storefront/sampledata"")",".body("" {} "")",".header(""Authorization"", ""Bearer eyJhbGciOiJSUzI1NiIsInR5cCIgOiAiSldUIiwia2lkIiA6ICJLcTh2dHJEazBLOGpLX1c5NWJreTFKaTN5RzRSMy1oUmc1dzY3NDVkZ3RRIn0.eyJleHAiOjE3Nzg0MTcwNjMsImlhdCI6MTc3ODQxNjc2MywianRpIjoiNGQ5YzRjZTgtMGNkMS00YzE0LTk1YWYtNjI4NTkzZTc1MmI5IiwiaXNzIjoiaHR0cDovL2lkZW50aXR5L3JlYWxtcy9ZYXMiLCJzdWIiOiI0ZjY0ZmNiYy1jMTVhLTQzMGYtYTJiOC1jZWE0NmEyODQyMWEiLCJ0eXAiOiJCZWFyZXIiLCJhenAiOiJiYWNrb2ZmaWNlLWJmZiIsInNpZCI6ImU1ODkyZjJjLTk5MWItNDJjNy1hNDYwLTA2MzcyMzNlOTE3MyIsInJlYWxtX2FjY2VzcyI6eyJyb2xlcyI6WyJBRE1JTiJdfSwic2NvcGUiOiJlbWFpbCBwcm9maWxlIiwiZW1haWxfdmVyaWZpZWQiOmZhbHNlLCJwcmVmZXJyZWRfdXNlcm5hbWUiOiJhZG1pbl9vbmx5In0.Mp5TBvovlXUTl73CP_I3-VV76Ho7mDDKEuL6iC1eWuCMjpsjdlquf9uS3jPydUWNb0whtFxRxcvaqildTIeI8-7je7BzqDwCLZBgVUqjQIccQi33O3l8Ia1wN6Z_ZPHHGuZp0-oXx3fivUfPLmKkGGOcQTVE0KY81VD4oAPIEU9o_OYK6sic8AYDkH1JTNdsuZ_B7pnjSToOw75U9Z6ZtNMIL8xOPUwhZiHmm8RB13u1SDqFhuLJ1nZcQ_a0cEkt7Vj4tiAbtXlfPL57P0oRh9VLvETIH9_iORbu5c-NiPPA4iehmdsfYzyxmYxNkvdmtt7VkltK8foOv8zJryio-w"")",faults,/home/azureuser/yas/evomaster-config/generated-tests/blackbox/sampledata/admin_only/EvoMaster_sampledata_admin_only_faults.java,21,6,True,0,,0,0,,100.0,0,0,0,0,0,0,False,,/home/azureuser/yas/evomaster-config/runtime-logs/classes/sampledata/admin_only/EvoMaster_sampledata_admin_only_faults,/home/azureuser/yas/evomaster-config/runtime-logs/classes/sampledata/admin_only/EvoMaster_sampledata_admin_only_faults/compile.log,/home/azureuser/yas/evomaster-config/runtime-logs/classes/sampledata/admin_only/EvoMaster_sampledata_admin_only_faults/compile_stdout.log,/home/azureuser/yas/evomaster-config/runtime-logs/classes/sampledata/admin_only/EvoMaster_sampledata_admin_only_faults/compile_stderr.log,False,True,1,java.lang.AssertionError;test_failure,1,False,9.03,7.13,163.78,"Tests run: 1, Failures: 1, Errors: 0, Skipped: 0",/home/azureuser/yas/evomaster-config/runtime-logs/methods/sampledata/admin_only/EvoMaster_sampledata_admin_only_faults/test_0_postOnSampledataReturnsMismatchResponseWithSchema,/home/azureuser/yas/evomaster-config/runtime-logs/methods/sampledata/admin_only/EvoMaster_sampledata_admin_only_faults/test_0_postOnSampledataReturnsMismatchResponseWithSchema/run.log,/home/azureuser/yas/evomaster-config/runtime-logs/methods/sampledata/admin_only/EvoMaster_sampledata_admin_only_faults/test_0_postOnSampledataReturnsMismatchResponseWithSchema/run_stdout.log,/home/azureuser/yas/evomaster-config/runtime-logs/methods/sampledata/admin_only/EvoMaster_sampledata_admin_only_faults/test_0_postOnSampledataReturnsMismatchResponseWithSchema/run_stderr.log
sampledata,admin_only,EvoMaster_sampledata_admin_only_faults.java,EvoMaster_sampledata_admin_only_faults,test_1_postOnSampledataReturnsMismatchResponseWithSchema,False,1,200,/sampledata/storefront/sampledata,POST,200,.statusCode(200) .assertThat(),3,".post(baseUrlOfSut + ""/sampledata/storefront/sampledata"")",".body("" { "" + 
                    "" \""message\"": \""dXmH\"" "" + 
                    "" } "")",,faults,/home/azureuser/yas/evomaster-config/generated-tests/blackbox/sampledata/admin_only/EvoMaster_sampledata_admin_only_faults.java,21,6,True,0,,0,0,,100.0,0,0,0,0,0,0,False,,/home/azureuser/yas/evomaster-config/runtime-logs/classes/sampledata/admin_only/EvoMaster_sampledata_admin_only_faults,/home/azureuser/yas/evomaster-config/runtime-logs/classes/sampledata/admin_only/EvoMaster_sampledata_admin_only_faults/compile.log,/home/azureuser/yas/evomaster-config/runtime-logs/classes/sampledata/admin_only/EvoMaster_sampledata_admin_only_faults/compile_stdout.log,/home/azureuser/yas/evomaster-config/runtime-logs/classes/sampledata/admin_only/EvoMaster_sampledata_admin_only_faults/compile_stderr.log,True,True,0,,0,False,11.03,6.85,154.65,,/home/azureuser/yas/evomaster-config/runtime-logs/methods/sampledata/admin_only/EvoMaster_sampledata_admin_only_faults/test_1_postOnSampledataReturnsMismatchResponseWithSchema,/home/azureuser/yas/evomaster-config/runtime-logs/methods/sampledata/admin_only/EvoMaster_sampledata_admin_only_faults/test_1_postOnSampledataReturnsMismatchResponseWithSchema/run.log,/home/azureuser/yas/evomaster-config/runtime-logs/methods/sampledata/admin_only/EvoMaster_sampledata_admin_only_faults/test_1_postOnSampledataReturnsMismatchResponseWithSchema/run_stdout.log,/home/azureuser/yas/evomaster-config/runtime-logs/methods/sampledata/admin_only/EvoMaster_sampledata_admin_only_faults/test_1_postOnSampledataReturnsMismatchResponseWithSchema/run_stderr.log
sampledata,customer,EvoMaster_sampledata_customer_faults.java,EvoMaster_sampledata_customer_faults,test_0_postOnSampledataReturnsMismatchResponseWithSchema,False,1,200,/sampledata/storefront/sampledata,POST,200,.statusCode(200) .assertThat(),3,".post(baseUrlOfSut + ""/sampledata/storefront/sampledata"")",".body("" {} "")",".header(""Authorization"", ""Bearer eyJhbGciOiJSUzI1NiIsInR5cCIgOiAiSldUIiwia2lkIiA6ICJLcTh2dHJEazBLOGpLX1c5NWJreTFKaTN5RzRSMy1oUmc1dzY3NDVkZ3RRIn0.eyJleHAiOjE3Nzg0MTcwNjQsImlhdCI6MTc3ODQxNjc2NCwianRpIjoiYWZhNDdjZGMtNjk5Ni00YWEyLWJkY2ItOGU3YWRmY2QyZTY5IiwiaXNzIjoiaHR0cDovL2lkZW50aXR5L3JlYWxtcy9ZYXMiLCJzdWIiOiI3MzdhNzgxZi01YzAxLTQ1ZWQtOGE4Yy0zOGQ1NjVjNGM2NTYiLCJ0eXAiOiJCZWFyZXIiLCJhenAiOiJiYWNrb2ZmaWNlLWJmZiIsInNpZCI6IjJhYjhhODdiLTczNzItNGRlMS04YzZkLWI5ZjJkMDgyY2FhMCIsInJlYWxtX2FjY2VzcyI6eyJyb2xlcyI6WyJkZWZhdWx0LXJvbGVzLXlhcyIsIm9mZmxpbmVfYWNjZXNzIiwiQ1VTVE9NRVIiLCJ1bWFfYXV0aG9yaXphdGlvbiJdfSwic2NvcGUiOiJlbWFpbCBwcm9maWxlIiwiZW1haWxfdmVyaWZpZWQiOmZhbHNlLCJwcmVmZXJyZWRfdXNlcm5hbWUiOiJ1c2VyIn0.xqioILj_XEtww3I7QL_CT7cu8Qkl_9gERzGbgf-j5_-a9iXmhGWruku7Iv5j7z8BtDGkfHQ8H8kOIqs0tiytQU6rVGcE9mBqcqaN1secxoKpNEyTrvDlqTe7YSv6WpGMwD9fFrR6HMsikdcsKMwxAuig39rol9Q0BkuMpoXW2x7krw_AZo-EC-BcK2hMH6KT8laxroPDWxMcUZ4z5hHcKKve3Q2SzxyW8PpH8WbMvsqjxAh8m6tzt0gK7uAvqqnhzupGg5ilP8z_012x6aqGXgT9SpjG3sjFYKRSvtaqjFg5kdNa-kUq2G4QIhOrJAx2YIcmwODCckrudfIRrKbjVw"")",faults,/home/azureuser/yas/evomaster-config/generated-tests/blackbox/sampledata/customer/EvoMaster_sampledata_customer_faults.java,21,6,True,0,,0,0,,100.0,0,0,0,0,0,0,False,,/home/azureuser/yas/evomaster-config/runtime-logs/classes/sampledata/customer/EvoMaster_sampledata_customer_faults,/home/azureuser/yas/evomaster-config/runtime-logs/classes/sampledata/customer/EvoMaster_sampledata_customer_faults/compile.log,/home/azureuser/yas/evomaster-config/runtime-logs/classes/sampledata/customer/EvoMaster_sampledata_customer_faults/compile_stdout.log,/home/azureuser/yas/evomaster-config/runtime-logs/classes/sampledata/customer/EvoMaster_sampledata_customer_faults/compile_stderr.log,False,True,1,java.lang.AssertionError;test_failure,1,False,8.03,7.11,158.04,"Tests run: 1, Failures: 1, Errors: 0, Skipped: 0",/home/azureuser/yas/evomaster-config/runtime-logs/methods/sampledata/customer/EvoMaster_sampledata_customer_faults/test_0_postOnSampledataReturnsMismatchResponseWithSchema,/home/azureuser/yas/evomaster-config/runtime-logs/methods/sampledata/customer/EvoMaster_sampledata_customer_faults/test_0_postOnSampledataReturnsMismatchResponseWithSchema/run.log,/home/azureuser/yas/evomaster-config/runtime-logs/methods/sampledata/customer/EvoMaster_sampledata_customer_faults/test_0_postOnSampledataReturnsMismatchResponseWithSchema/run_stdout.log,/home/azureuser/yas/evomaster-config/runtime-logs/methods/sampledata/customer/EvoMaster_sampledata_customer_faults/test_0_postOnSampledataReturnsMismatchResponseWithSchema/run_stderr.log
sampledata,customer,EvoMaster_sampledata_customer_faults.java,EvoMaster_sampledata_customer_faults,test_1_postOnSampledataReturnsMismatchResponseWithSchema,False,1,200,/sampledata/storefront/sampledata,POST,200,.statusCode(200) .assertThat(),3,".post(baseUrlOfSut + ""/sampledata/storefront/sampledata"")",".body("" { "" + 
                    "" \""message\"": \""ERg6JjZ_eHGtK\"" "" + 
                    "" } "")",,faults,/home/azureuser/yas/evomaster-config/generated-tests/blackbox/sampledata/customer/EvoMaster_sampledata_customer_faults.java,21,6,True,0,,0,0,,100.0,0,0,0,0,0,0,False,,/home/azureuser/yas/evomaster-config/runtime-logs/classes/sampledata/customer/EvoMaster_sampledata_customer_faults,/home/azureuser/yas/evomaster-config/runtime-logs/classes/sampledata/customer/EvoMaster_sampledata_customer_faults/compile.log,/home/azureuser/yas/evomaster-config/runtime-logs/classes/sampledata/customer/EvoMaster_sampledata_customer_faults/compile_stdout.log,/home/azureuser/yas/evomaster-config/runtime-logs/classes/sampledata/customer/EvoMaster_sampledata_customer_faults/compile_stderr.log,True,True,0,,0,False,9.03,6.98,157.71,,/home/azureuser/yas/evomaster-config/runtime-logs/methods/sampledata/customer/EvoMaster_sampledata_customer_faults/test_1_postOnSampledataReturnsMismatchResponseWithSchema,/home/azureuser/yas/evomaster-config/runtime-logs/methods/sampledata/customer/EvoMaster_sampledata_customer_faults/test_1_postOnSampledataReturnsMismatchResponseWithSchema/run.log,/home/azureuser/yas/evomaster-config/runtime-logs/methods/sampledata/customer/EvoMaster_sampledata_customer_faults/test_1_postOnSampledataReturnsMismatchResponseWithSchema/run_stdout.log,/home/azureuser/yas/evomaster-config/runtime-logs/methods/sampledata/customer/EvoMaster_sampledata_customer_faults/test_1_postOnSampledataReturnsMismatchResponseWithSchema/run_stderr.log
sampledata,none,EvoMaster_sampledata_none_faults.java,EvoMaster_sampledata_none_faults,test_0_postOnSampledataReturnsMismatchResponseWithSchema,False,1,200,/sampledata/storefront/sampledata,POST,200,.statusCode(200) .assertThat(),3,".post(baseUrlOfSut + ""/sampledata/storefront/sampledata"")",".body("" {} "")",,faults,/home/azureuser/yas/evomaster-config/generated-tests/blackbox/sampledata/none/EvoMaster_sampledata_none_faults.java,21,6,True,0,,0,0,,100.0,0,0,0,0,0,0,False,,/home/azureuser/yas/evomaster-config/runtime-logs/classes/sampledata/none/EvoMaster_sampledata_none_faults,/home/azureuser/yas/evomaster-config/runtime-logs/classes/sampledata/none/EvoMaster_sampledata_none_faults/compile.log,/home/azureuser/yas/evomaster-config/runtime-logs/classes/sampledata/none/EvoMaster_sampledata_none_faults/compile_stdout.log,/home/azureuser/yas/evomaster-config/runtime-logs/classes/sampledata/none/EvoMaster_sampledata_none_faults/compile_stderr.log,True,True,0,,0,False,9.03,6.97,157.94,,/home/azureuser/yas/evomaster-config/runtime-logs/methods/sampledata/none/EvoMaster_sampledata_none_faults/test_0_postOnSampledataReturnsMismatchResponseWithSchema,/home/azureuser/yas/evomaster-config/runtime-logs/methods/sampledata/none/EvoMaster_sampledata_none_faults/test_0_postOnSampledataReturnsMismatchResponseWithSchema/run.log,/home/azureuser/yas/evomaster-config/runtime-logs/methods/sampledata/none/EvoMaster_sampledata_none_faults/test_0_postOnSampledataReturnsMismatchResponseWithSchema/run_stdout.log,/home/azureuser/yas/evomaster-config/runtime-logs/methods/sampledata/none/EvoMaster_sampledata_none_faults/test_0_postOnSampledataReturnsMismatchResponseWithSchema/run_stderr.log
sampledata,super_admin,EvoMaster_sampledata_super_admin_faults.java,EvoMaster_sampledata_super_admin_faults,test_0_postOnSampledataReturnsMismatchResponseWithSchema,False,1,200,/sampledata/storefront/sampledata,POST,200,.statusCode(200) .assertThat(),3,".post(baseUrlOfSut + ""/sampledata/storefront/sampledata"")",".body("" { "" + 
                    "" \""message\"": \""6fui32IwJFJ0C\"" "" + 
                    "" } "")",".header(""Authorization"", ""Bearer eyJhbGciOiJSUzI1NiIsInR5cCIgOiAiSldUIiwia2lkIiA6ICJLcTh2dHJEazBLOGpLX1c5NWJreTFKaTN5RzRSMy1oUmc1dzY3NDVkZ3RRIn0.eyJleHAiOjE3Nzg0MTcwNjUsImlhdCI6MTc3ODQxNjc2NSwianRpIjoiMzM4NTllNmYtMmY4Ny00ZmZiLTk4MzQtOTk3NGJhNTRlMTI2IiwiaXNzIjoiaHR0cDovL2lkZW50aXR5L3JlYWxtcy9ZYXMiLCJzdWIiOiI4OGE3YzM0MS00YTMzLTQ2YTctODkyMS03M2U4YTI0MmE4NTIiLCJ0eXAiOiJCZWFyZXIiLCJhenAiOiJiYWNrb2ZmaWNlLWJmZiIsInNpZCI6IjNhYTU2YzJhLTQ4YjEtNGVlZi1iNzBhLTRlZTQ2MDVlMTkwNyIsInJlYWxtX2FjY2VzcyI6eyJyb2xlcyI6WyJTVVBFUi1BRE1JTiJdfSwic2NvcGUiOiJlbWFpbCBwcm9maWxlIiwiZW1haWxfdmVyaWZpZWQiOmZhbHNlLCJwcmVmZXJyZWRfdXNlcm5hbWUiOiJzdXBlcl9hZG1pbiJ9.LkNHNeD1vMPVaktCHqxhSy8YEwzV5RsKYxCQrMbTBXeOkqinc38KHWbVzDZor6cWS9_rHxh_SpKAIOLispz-xZBxfht3v1lk9F5ybj_09ZfFt3CIEwjaUHNbk4wY0dgtp7AEdLb1hv90geCWHXUJheA0rp_WPM3Si5IyXMg1-EBm2UM1K610_Q8f7D_qxw7mQoqhL8dsXZjN2-nMeYOuXvMsVBbuVo_8W7xohUUs6mE4Cl-zao9ZBm-ucUOTnRWU2tQ9N6wrriG5_Tp7BgMb5dScEZkWKE1gNLqeeZ8B_FDPQL_2gRpp-EG4_1QlTrU2UnDYe1BxVw9TNd4kL8c-bw"")",faults,/home/azureuser/yas/evomaster-config/generated-tests/blackbox/sampledata/super_admin/EvoMaster_sampledata_super_admin_faults.java,21,6,True,0,,0,0,,100.0,0,0,0,0,0,0,False,,/home/azureuser/yas/evomaster-config/runtime-logs/classes/sampledata/super_admin/EvoMaster_sampledata_super_admin_faults,/home/azureuser/yas/evomaster-config/runtime-logs/classes/sampledata/super_admin/EvoMaster_sampledata_super_admin_faults/compile.log,/home/azureuser/yas/evomaster-config/runtime-logs/classes/sampledata/super_admin/EvoMaster_sampledata_super_admin_faults/compile_stdout.log,/home/azureuser/yas/evomaster-config/runtime-logs/classes/sampledata/super_admin/EvoMaster_sampledata_super_admin_faults/compile_stderr.log,False,True,1,java.lang.AssertionError;test_failure,1,False,8.03,7.05,153.48,"Tests run: 1, Failures: 1, Errors: 0, Skipped: 0",/home/azureuser/yas/evomaster-config/runtime-logs/methods/sampledata/super_admin/EvoMaster_sampledata_super_admin_faults/test_0_postOnSampledataReturnsMismatchResponseWithSchema,/home/azureuser/yas/evomaster-config/runtime-logs/methods/sampledata/super_admin/EvoMaster_sampledata_super_admin_faults/test_0_postOnSampledataReturnsMismatchResponseWithSchema/run.log,/home/azureuser/yas/evomaster-config/runtime-logs/methods/sampledata/super_admin/EvoMaster_sampledata_super_admin_faults/test_0_postOnSampledataReturnsMismatchResponseWithSchema/run_stdout.log,/home/azureuser/yas/evomaster-config/runtime-logs/methods/sampledata/super_admin/EvoMaster_sampledata_super_admin_faults/test_0_postOnSampledataReturnsMismatchResponseWithSchema/run_stderr.log
sampledata,super_admin,EvoMaster_sampledata_super_admin_faults.java,EvoMaster_sampledata_super_admin_faults,test_1_postOnSampledataReturnsMismatchResponseWithSchema,False,1,200,/sampledata/storefront/sampledata,POST,200,.statusCode(200) .assertThat(),3,".post(baseUrlOfSut + ""/sampledata/storefront/sampledata"")",".body("" {} "")",,faults,/home/azureuser/yas/evomaster-config/generated-tests/blackbox/sampledata/super_admin/EvoMaster_sampledata_super_admin_faults.java,21,6,True,0,,0,0,,100.0,0,0,0,0,0,0,False,,/home/azureuser/yas/evomaster-config/runtime-logs/classes/sampledata/super_admin/EvoMaster_sampledata_super_admin_faults,/home/azureuser/yas/evomaster-config/runtime-logs/classes/sampledata/super_admin/EvoMaster_sampledata_super_admin_faults/compile.log,/home/azureuser/yas/evomaster-config/runtime-logs/classes/sampledata/super_admin/EvoMaster_sampledata_super_admin_faults/compile_stdout.log,/home/azureuser/yas/evomaster-config/runtime-logs/classes/sampledata/super_admin/EvoMaster_sampledata_super_admin_faults/compile_stderr.log,True,True,0,,0,False,9.52,7.4,159.48,,/home/azureuser/yas/evomaster-config/runtime-logs/methods/sampledata/super_admin/EvoMaster_sampledata_super_admin_faults/test_1_postOnSampledataReturnsMismatchResponseWithSchema,/home/azureuser/yas/evomaster-config/runtime-logs/methods/sampledata/super_admin/EvoMaster_sampledata_super_admin_faults/test_1_postOnSampledataReturnsMismatchResponseWithSchema/run.log,/home/azureuser/yas/evomaster-config/runtime-logs/methods/sampledata/super_admin/EvoMaster_sampledata_super_admin_faults/test_1_postOnSampledataReturnsMismatchResponseWithSchema/run_stdout.log,/home/azureuser/yas/evomaster-config/runtime-logs/methods/sampledata/super_admin/EvoMaster_sampledata_super_admin_faults/test_1_postOnSampledataReturnsMismatchResponseWithSchema/run_stderr.log
sampledata,user,EvoMaster_sampledata_user_faults.java,EvoMaster_sampledata_user_faults,test_0_postOnSampledataReturnsMismatchResponseWithSchema,False,1,200,/sampledata/storefront/sampledata,POST,200,.statusCode(200) .assertThat(),3,".post(baseUrlOfSut + ""/sampledata/storefront/sampledata"")",".body("" {} "")",".header(""Authorization"", ""Bearer eyJhbGciOiJSUzI1NiIsInR5cCIgOiAiSldUIiwia2lkIiA6ICJLcTh2dHJEazBLOGpLX1c5NWJreTFKaTN5RzRSMy1oUmc1dzY3NDVkZ3RRIn0.eyJleHAiOjE3Nzg0MTcwNjYsImlhdCI6MTc3ODQxNjc2NiwianRpIjoiMWI0M2U2Y2ItMWI0Yi00NThhLTg1N2EtNzViNzZmMWI3ZDU3IiwiaXNzIjoiaHR0cDovL2lkZW50aXR5L3JlYWxtcy9ZYXMiLCJzdWIiOiIzNjVlNmUwOC01Y2YyLTQ0YzktODg0NC00M2M3OGRkYjk4MWYiLCJ0eXAiOiJCZWFyZXIiLCJhenAiOiJiYWNrb2ZmaWNlLWJmZiIsInNpZCI6IjI1OGE2OTUzLWJiNGMtNGI0ZC05MDk5LWNiYjA2MThlY2ZjZiIsInJlYWxtX2FjY2VzcyI6eyJyb2xlcyI6WyJVU0VSIl19LCJzY29wZSI6ImVtYWlsIHByb2ZpbGUiLCJlbWFpbF92ZXJpZmllZCI6ZmFsc2UsInByZWZlcnJlZF91c2VybmFtZSI6InVzZXJfcm9sZSJ9.r7H-7cKAVpODNqoRzvNvUtH6_XuabK5hcp__1hg5TuLjGwBsLmhXnWGfp7FGJBCCzwGV_9y_dqJ0bUJhT4WBGoYrzi5vTmktBAXzVuOBkKKsBPiy96ihP7duQC3tyoNpj0Pj8LQW8KRQHRji1GkajDfcCRQuIePt0diZXI2SazFRRHPlrnS7P0khODa0uzLB8y0gtqhLFcOiHHmwTcr7MwhcXgqyE01SsDnELYPNT_LNhTSa4LJ-5Ia_CAtRogPQkXE8dIJs1Gi9KuJWXcRJlbJQXkKrO4ncbD-d8R--XttJcZhJsz0678n_kBdj_NmThlennDJFfB5Gg3zaxLo08w"")",faults,/home/azureuser/yas/evomaster-config/generated-tests/blackbox/sampledata/user/EvoMaster_sampledata_user_faults.java,21,6,True,0,,0,0,,100.0,0,0,0,0,0,0,False,,/home/azureuser/yas/evomaster-config/runtime-logs/classes/sampledata/user/EvoMaster_sampledata_user_faults,/home/azureuser/yas/evomaster-config/runtime-logs/classes/sampledata/user/EvoMaster_sampledata_user_faults/compile.log,/home/azureuser/yas/evomaster-config/runtime-logs/classes/sampledata/user/EvoMaster_sampledata_user_faults/compile_stdout.log,/home/azureuser/yas/evomaster-config/runtime-logs/classes/sampledata/user/EvoMaster_sampledata_user_faults/compile_stderr.log,False,True,1,java.lang.AssertionError;test_failure,1,False,7.52,6.92,155.68,"Tests run: 1, Failures: 1, Errors: 0, Skipped: 0",/home/azureuser/yas/evomaster-config/runtime-logs/methods/sampledata/user/EvoMaster_sampledata_user_faults/test_0_postOnSampledataReturnsMismatchResponseWithSchema,/home/azureuser/yas/evomaster-config/runtime-logs/methods/sampledata/user/EvoMaster_sampledata_user_faults/test_0_postOnSampledataReturnsMismatchResponseWithSchema/run.log,/home/azureuser/yas/evomaster-config/runtime-logs/methods/sampledata/user/EvoMaster_sampledata_user_faults/test_0_postOnSampledataReturnsMismatchResponseWithSchema/run_stdout.log,/home/azureuser/yas/evomaster-config/runtime-logs/methods/sampledata/user/EvoMaster_sampledata_user_faults/test_0_postOnSampledataReturnsMismatchResponseWithSchema/run_stderr.log
sampledata,user,EvoMaster_sampledata_user_faults.java,EvoMaster_sampledata_user_faults,test_1_postOnSampledataReturnsMismatchResponseWithSchema,False,1,200,/sampledata/storefront/sampledata,POST,200,.statusCode(200) .assertThat(),3,".post(baseUrlOfSut + ""/sampledata/storefront/sampledata"")",".body("" {} "")",,faults,/home/azureuser/yas/evomaster-config/generated-tests/blackbox/sampledata/user/EvoMaster_sampledata_user_faults.java,21,6,True,0,,0,0,,100.0,0,0,0,0,0,0,False,,/home/azureuser/yas/evomaster-config/runtime-logs/classes/sampledata/user/EvoMaster_sampledata_user_faults,/home/azureuser/yas/evomaster-config/runtime-logs/classes/sampledata/user/EvoMaster_sampledata_user_faults/compile.log,/home/azureuser/yas/evomaster-config/runtime-logs/classes/sampledata/user/EvoMaster_sampledata_user_faults/compile_stdout.log,/home/azureuser/yas/evomaster-config/runtime-logs/classes/sampledata/user/EvoMaster_sampledata_user_faults/compile_stderr.log,True,True,0,,0,False,9.03,7.26,159.11,,/home/azureuser/yas/evomaster-config/runtime-logs/methods/sampledata/user/EvoMaster_sampledata_user_faults/test_1_postOnSampledataReturnsMismatchResponseWithSchema,/home/azureuser/yas/evomaster-config/runtime-logs/methods/sampledata/user/EvoMaster_sampledata_user_faults/test_1_postOnSampledataReturnsMismatchResponseWithSchema/run.log,/home/azureuser/yas/evomaster-config/runtime-logs/methods/sampledata/user/EvoMaster_sampledata_user_faults/test_1_postOnSampledataReturnsMismatchResponseWithSchema/run_stdout.log,/home/azureuser/yas/evomaster-config/runtime-logs/methods/sampledata/user/EvoMaster_sampledata_user_faults/test_1_postOnSampledataReturnsMismatchResponseWithSchema/run_stderr.log
