service,profile,file,class,test_method,is_complex_method,call_index,call_expected_status_code,endpoint,http,asserted_code,asserts_the_expected_HTTP_status_codes?,assert_count,missing_url_parameter_values,missing_request_body,credentials_header,file_type,file_path,imports_count,wildcard_imports,compiled,compile_error_count,compile_error_types,missing_imports,incorrect_imports,unused_imports,dependency_availability_pct,syntax_errors,type_errors,undefined_variables,type_annotation_errors,generic_type_misuses,compile_exit_code,compile_timeout,compile_error_summary,class_log_dir,compile_log_path,compile_stdout_log_path,compile_stderr_log_path,runs,run_detected,runtime_error_count,runtime_error_types,run_exit_code,run_timeout,execution_seconds,cpu_seconds,peak_working_set_mb,run_error_summary,method_log_dir,run_log_path,run_stdout_log_path,run_stderr_log_path
cart,admin_only,EvoMaster_cart_admin_only_faults.java,EvoMaster_cart_admin_only_faults,test_1_getOnItemsReturnsMismatchResponseWithSchema,False,1,403,/cart/storefront/cart/items,GET,403,.statusCode(403) .assertThat(),6,".get(baseUrlOfSut + ""/cart/storefront/cart/items"")",,,faults,/home/azureuser/yas/evomaster-config/generated-tests/blackbox/cart/admin_only/EvoMaster_cart_admin_only_faults.java,21,6,True,0,,0,0,,100.0,0,0,0,0,0,0,False,,/home/azureuser/yas/evomaster-config/runtime-logs/classes/cart/admin_only/EvoMaster_cart_admin_only_faults,/home/azureuser/yas/evomaster-config/runtime-logs/classes/cart/admin_only/EvoMaster_cart_admin_only_faults/compile.log,/home/azureuser/yas/evomaster-config/runtime-logs/classes/cart/admin_only/EvoMaster_cart_admin_only_faults/compile_stdout.log,/home/azureuser/yas/evomaster-config/runtime-logs/classes/cart/admin_only/EvoMaster_cart_admin_only_faults/compile_stderr.log,True,True,0,,0,False,14.55,11.42,156.12,Test passed (detected via Surefire XML),/home/azureuser/yas/evomaster-config/runtime-logs/methods/cart/admin_only/EvoMaster_cart_admin_only_faults/test_1_getOnItemsReturnsMismatchResponseWithSchema,/home/azureuser/yas/evomaster-config/runtime-logs/methods/cart/admin_only/EvoMaster_cart_admin_only_faults/test_1_getOnItemsReturnsMismatchResponseWithSchema/run.log,/home/azureuser/yas/evomaster-config/runtime-logs/methods/cart/admin_only/EvoMaster_cart_admin_only_faults/test_1_getOnItemsReturnsMismatchResponseWithSchema/run_stdout.log,/home/azureuser/yas/evomaster-config/runtime-logs/methods/cart/admin_only/EvoMaster_cart_admin_only_faults/test_1_getOnItemsReturnsMismatchResponseWithSchema/run_stderr.log
cart,admin_only,EvoMaster_cart_admin_only_successes.java,EvoMaster_cart_admin_only_successes,test_0_getOnItemsReturns2Elements,False,1,200,/cart/storefront/cart/items,GET,200,.statusCode(200) .assertThat(),9,".get(baseUrlOfSut + ""/cart/storefront/cart/items"")",,".header(""Authorization"", ""Bearer eyJhbGciOiJSUzI1NiIsInR5cCIgOiAiSldUIiwia2lkIiA6ICJSclRUNWtBOHhIS3N0YWFSMmh1YTRpT0RpcFE4ek9pcjFrNGZOM3RxNFNVIn0.eyJleHAiOjE3Nzc4NDU3NzYsImlhdCI6MTc3Nzg0MjE3NiwianRpIjoiMTg2OWYyMDItNzY5Ni00MWE4LWI4NTUtMWRkNjJjMzY0ZGNlIiwiaXNzIjoiaHR0cDovL2lkZW50aXR5L3JlYWxtcy9ZYXMiLCJzdWIiOiJlY2RlODFiYy00MTgwLTQ2ZWMtOTBlZi02NmIxNDVkOWQyMmMiLCJ0eXAiOiJCZWFyZXIiLCJhenAiOiJiYWNrb2ZmaWNlLWJmZiIsInNpZCI6IjVlOGY3MzJhLTg1YjAtNGM5NC04YjgwLTE2YTQ4MjhmMDllNiIsInJlYWxtX2FjY2VzcyI6eyJyb2xlcyI6WyJBRE1JTiJdfSwic2NvcGUiOiJlbWFpbCBwcm9maWxlIiwiZW1haWxfdmVyaWZpZWQiOmZhbHNlLCJwcmVmZXJyZWRfdXNlcm5hbWUiOiJhZG1pbl9vbmx5In0.Ofhfi5dXziLPI6rHDSdNE0jfjaZtpcQgp0XXPh7M2AHBHRdrgjib-GEGSaGZ4h5gLWWKFJ0C5lyPAcKWxZI1T-ETefso-_DSrOMjNvBdEoPOgu3_2G8N58vKrml-xa7znFBBYti-VIg6h-sjIjVfqsWOV-ULqmvrvpt54h3S_EQwM03hAGZsbmGJ0pd_I9hXuELW9DVHDRtvriJ7cqmI2nbD_gJ7HJTjJcj9oZ69VO5PAsSIK1Fx515i6dNvurErM67TGpORa8yIbGYHQNv6XFxXEB7vfShRTtsYAgMlxNTNROMQWkJG4tavCbnfr0Yrdhd2qt6ciZHTnNOS407CKA"")",successes,/home/azureuser/yas/evomaster-config/generated-tests/blackbox/cart/admin_only/EvoMaster_cart_admin_only_successes.java,21,6,True,0,,0,0,,100.0,0,0,0,0,0,0,False,,/home/azureuser/yas/evomaster-config/runtime-logs/classes/cart/admin_only/EvoMaster_cart_admin_only_successes,/home/azureuser/yas/evomaster-config/runtime-logs/classes/cart/admin_only/EvoMaster_cart_admin_only_successes/compile.log,/home/azureuser/yas/evomaster-config/runtime-logs/classes/cart/admin_only/EvoMaster_cart_admin_only_successes/compile_stdout.log,/home/azureuser/yas/evomaster-config/runtime-logs/classes/cart/admin_only/EvoMaster_cart_admin_only_successes/compile_stderr.log,False,True,1,java.lang.AssertionError;test_failure,1,False,14.56,11.6,157.36,"Tests run: 1, Failures: 1, Errors: 0, Skipped: 0",/home/azureuser/yas/evomaster-config/runtime-logs/methods/cart/admin_only/EvoMaster_cart_admin_only_successes/test_0_getOnItemsReturns2Elements,/home/azureuser/yas/evomaster-config/runtime-logs/methods/cart/admin_only/EvoMaster_cart_admin_only_successes/test_0_getOnItemsReturns2Elements/run.log,/home/azureuser/yas/evomaster-config/runtime-logs/methods/cart/admin_only/EvoMaster_cart_admin_only_successes/test_0_getOnItemsReturns2Elements/run_stdout.log,/home/azureuser/yas/evomaster-config/runtime-logs/methods/cart/admin_only/EvoMaster_cart_admin_only_successes/test_0_getOnItemsReturns2Elements/run_stderr.log
cart,customer,EvoMaster_cart_customer_faults.java,EvoMaster_cart_customer_faults,test_1_getOnItemsReturnsMismatchResponseWithSchema,False,1,403,/cart/storefront/cart/items,GET,403,.statusCode(403) .assertThat(),6,".get(baseUrlOfSut + ""/cart/storefront/cart/items"")",,,faults,/home/azureuser/yas/evomaster-config/generated-tests/blackbox/cart/customer/EvoMaster_cart_customer_faults.java,21,6,True,0,,0,0,,100.0,0,0,0,0,0,0,False,,/home/azureuser/yas/evomaster-config/runtime-logs/classes/cart/customer/EvoMaster_cart_customer_faults,/home/azureuser/yas/evomaster-config/runtime-logs/classes/cart/customer/EvoMaster_cart_customer_faults/compile.log,/home/azureuser/yas/evomaster-config/runtime-logs/classes/cart/customer/EvoMaster_cart_customer_faults/compile_stdout.log,/home/azureuser/yas/evomaster-config/runtime-logs/classes/cart/customer/EvoMaster_cart_customer_faults/compile_stderr.log,True,True,0,,0,False,14.05,11.07,152.48,Test passed (detected via Surefire XML),/home/azureuser/yas/evomaster-config/runtime-logs/methods/cart/customer/EvoMaster_cart_customer_faults/test_1_getOnItemsReturnsMismatchResponseWithSchema,/home/azureuser/yas/evomaster-config/runtime-logs/methods/cart/customer/EvoMaster_cart_customer_faults/test_1_getOnItemsReturnsMismatchResponseWithSchema/run.log,/home/azureuser/yas/evomaster-config/runtime-logs/methods/cart/customer/EvoMaster_cart_customer_faults/test_1_getOnItemsReturnsMismatchResponseWithSchema/run_stdout.log,/home/azureuser/yas/evomaster-config/runtime-logs/methods/cart/customer/EvoMaster_cart_customer_faults/test_1_getOnItemsReturnsMismatchResponseWithSchema/run_stderr.log
cart,customer,EvoMaster_cart_customer_successes.java,EvoMaster_cart_customer_successes,test_0_getOnItemsReturns3Elements,False,1,200,/cart/storefront/cart/items,GET,200,.statusCode(200) .assertThat(),12,".get(baseUrlOfSut + ""/cart/storefront/cart/items"")",,".header(""Authorization"", ""Bearer eyJhbGciOiJSUzI1NiIsInR5cCIgOiAiSldUIiwia2lkIiA6ICJSclRUNWtBOHhIS3N0YWFSMmh1YTRpT0RpcFE4ek9pcjFrNGZOM3RxNFNVIn0.eyJleHAiOjE3Nzc4NDU3ODEsImlhdCI6MTc3Nzg0MjE4MSwianRpIjoiNjg1ZjNmMGYtZmNjNy00YzgyLWFhY2EtNmRiM2NmNmMxNzExIiwiaXNzIjoiaHR0cDovL2lkZW50aXR5L3JlYWxtcy9ZYXMiLCJzdWIiOiI0Yjg1MzdlZC1mZTg4LTQ3MGQtYmFkNS0wZjQ5Y2E2Zjg5NjAiLCJ0eXAiOiJCZWFyZXIiLCJhenAiOiJiYWNrb2ZmaWNlLWJmZiIsInNpZCI6IjFhMmM5ZGEwLTYwNzAtNGZiZS1iMjc1LWM4OGRhMjkxMjFhMiIsInJlYWxtX2FjY2VzcyI6eyJyb2xlcyI6WyJkZWZhdWx0LXJvbGVzLXlhcyIsIm9mZmxpbmVfYWNjZXNzIiwiQ1VTVE9NRVIiLCJ1bWFfYXV0aG9yaXphdGlvbiJdfSwic2NvcGUiOiJlbWFpbCBwcm9maWxlIiwiZW1haWxfdmVyaWZpZWQiOmZhbHNlLCJwcmVmZXJyZWRfdXNlcm5hbWUiOiJ1c2VyIn0.TeQJFrMOUKmKVNOvGDlzQuVam3S9YoyUrAJ7sJF4RWL5pGgwK7TxtnbTguuQU9cf9avttKrL8a6clTT3OZmjdpZZ2CXAI2EJjYLQqo2JMeshkSR1i98DtLx4MZCR3Dy3sjxJ_jzOp4EYlPYadVvIz_Rujz-6j7GCBy5J9GXn5FED2_sRbYu1N0vwO8Z3pXv27DRehj5qUjsQ82NExHHDFCEEQYnnDUdsIYhmNf1VKkWsbhHYEHoVguoi9akJtMW1WhCKJyekRuCaAoRCM7gZpCpmmm55F1FyMZ2kegpqv2N1vcmC0MXrVuaOsUo__AvCUvKOjU5lfF_yhfNBbmLYmQ"")",successes,/home/azureuser/yas/evomaster-config/generated-tests/blackbox/cart/customer/EvoMaster_cart_customer_successes.java,21,6,True,0,,0,0,,100.0,0,0,0,0,0,0,False,,/home/azureuser/yas/evomaster-config/runtime-logs/classes/cart/customer/EvoMaster_cart_customer_successes,/home/azureuser/yas/evomaster-config/runtime-logs/classes/cart/customer/EvoMaster_cart_customer_successes/compile.log,/home/azureuser/yas/evomaster-config/runtime-logs/classes/cart/customer/EvoMaster_cart_customer_successes/compile_stdout.log,/home/azureuser/yas/evomaster-config/runtime-logs/classes/cart/customer/EvoMaster_cart_customer_successes/compile_stderr.log,False,True,1,java.lang.AssertionError;test_failure,1,False,14.05,11.52,152.74,"Tests run: 1, Failures: 1, Errors: 0, Skipped: 0",/home/azureuser/yas/evomaster-config/runtime-logs/methods/cart/customer/EvoMaster_cart_customer_successes/test_0_getOnItemsReturns3Elements,/home/azureuser/yas/evomaster-config/runtime-logs/methods/cart/customer/EvoMaster_cart_customer_successes/test_0_getOnItemsReturns3Elements/run.log,/home/azureuser/yas/evomaster-config/runtime-logs/methods/cart/customer/EvoMaster_cart_customer_successes/test_0_getOnItemsReturns3Elements/run_stdout.log,/home/azureuser/yas/evomaster-config/runtime-logs/methods/cart/customer/EvoMaster_cart_customer_successes/test_0_getOnItemsReturns3Elements/run_stderr.log
cart,none,EvoMaster_cart_none_faults.java,EvoMaster_cart_none_faults,test_0_getOnItemsReturnsMismatchResponseWithSchema,False,1,403,/cart/storefront/cart/items,GET,403,.statusCode(403) .assertThat(),6,".get(baseUrlOfSut + ""/cart/storefront/cart/items"")",,,faults,/home/azureuser/yas/evomaster-config/generated-tests/blackbox/cart/none/EvoMaster_cart_none_faults.java,21,6,True,0,,0,0,,100.0,0,0,0,0,0,0,False,,/home/azureuser/yas/evomaster-config/runtime-logs/classes/cart/none/EvoMaster_cart_none_faults,/home/azureuser/yas/evomaster-config/runtime-logs/classes/cart/none/EvoMaster_cart_none_faults/compile.log,/home/azureuser/yas/evomaster-config/runtime-logs/classes/cart/none/EvoMaster_cart_none_faults/compile_stdout.log,/home/azureuser/yas/evomaster-config/runtime-logs/classes/cart/none/EvoMaster_cart_none_faults/compile_stderr.log,True,True,0,,0,False,14.6,11.69,154.37,Test passed (detected via Surefire XML),/home/azureuser/yas/evomaster-config/runtime-logs/methods/cart/none/EvoMaster_cart_none_faults/test_0_getOnItemsReturnsMismatchResponseWithSchema,/home/azureuser/yas/evomaster-config/runtime-logs/methods/cart/none/EvoMaster_cart_none_faults/test_0_getOnItemsReturnsMismatchResponseWithSchema/run.log,/home/azureuser/yas/evomaster-config/runtime-logs/methods/cart/none/EvoMaster_cart_none_faults/test_0_getOnItemsReturnsMismatchResponseWithSchema/run_stdout.log,/home/azureuser/yas/evomaster-config/runtime-logs/methods/cart/none/EvoMaster_cart_none_faults/test_0_getOnItemsReturnsMismatchResponseWithSchema/run_stderr.log
cart,super_admin,EvoMaster_cart_super_admin_faults.java,EvoMaster_cart_super_admin_faults,test_1_getOnItemsReturnsMismatchResponseWithSchema,False,1,403,/cart/storefront/cart/items,GET,403,.statusCode(403) .assertThat(),6,".get(baseUrlOfSut + ""/cart/storefront/cart/items"")",,,faults,/home/azureuser/yas/evomaster-config/generated-tests/blackbox/cart/super_admin/EvoMaster_cart_super_admin_faults.java,21,6,True,0,,0,0,,100.0,0,0,0,0,0,0,False,,/home/azureuser/yas/evomaster-config/runtime-logs/classes/cart/super_admin/EvoMaster_cart_super_admin_faults,/home/azureuser/yas/evomaster-config/runtime-logs/classes/cart/super_admin/EvoMaster_cart_super_admin_faults/compile.log,/home/azureuser/yas/evomaster-config/runtime-logs/classes/cart/super_admin/EvoMaster_cart_super_admin_faults/compile_stdout.log,/home/azureuser/yas/evomaster-config/runtime-logs/classes/cart/super_admin/EvoMaster_cart_super_admin_faults/compile_stderr.log,True,True,0,,0,False,14.55,11.41,152.22,Test passed (detected via Surefire XML),/home/azureuser/yas/evomaster-config/runtime-logs/methods/cart/super_admin/EvoMaster_cart_super_admin_faults/test_1_getOnItemsReturnsMismatchResponseWithSchema,/home/azureuser/yas/evomaster-config/runtime-logs/methods/cart/super_admin/EvoMaster_cart_super_admin_faults/test_1_getOnItemsReturnsMismatchResponseWithSchema/run.log,/home/azureuser/yas/evomaster-config/runtime-logs/methods/cart/super_admin/EvoMaster_cart_super_admin_faults/test_1_getOnItemsReturnsMismatchResponseWithSchema/run_stdout.log,/home/azureuser/yas/evomaster-config/runtime-logs/methods/cart/super_admin/EvoMaster_cart_super_admin_faults/test_1_getOnItemsReturnsMismatchResponseWithSchema/run_stderr.log
cart,super_admin,EvoMaster_cart_super_admin_successes.java,EvoMaster_cart_super_admin_successes,test_0_getOnItemsReturns1Element,False,1,200,/cart/storefront/cart/items,GET,200,.statusCode(200) .assertThat(),6,".get(baseUrlOfSut + ""/cart/storefront/cart/items"")",,".header(""Authorization"", ""Bearer eyJhbGciOiJSUzI1NiIsInR5cCIgOiAiSldUIiwia2lkIiA6ICJSclRUNWtBOHhIS3N0YWFSMmh1YTRpT0RpcFE4ek9pcjFrNGZOM3RxNFNVIn0.eyJleHAiOjE3Nzc4NDU3NjQsImlhdCI6MTc3Nzg0MjE2NCwianRpIjoiOTEwODhlNDEtYjc1Mi00ZGI5LTgzYzktMmE5MTU4MTQwYTY2IiwiaXNzIjoiaHR0cDovL2lkZW50aXR5L3JlYWxtcy9ZYXMiLCJzdWIiOiI3MDQyZWE5ZS1hNzg0LTQxZjQtYTkzNi1kOGUxNTk5ODlmZjUiLCJ0eXAiOiJCZWFyZXIiLCJhenAiOiJiYWNrb2ZmaWNlLWJmZiIsInNpZCI6IjExMDljMGQyLTFlOTctNGM5OC1hNTQxLWIzNmYwZmM3Yjc2ZCIsInJlYWxtX2FjY2VzcyI6eyJyb2xlcyI6WyJTVVBFUi1BRE1JTiJdfSwic2NvcGUiOiJlbWFpbCBwcm9maWxlIiwiZW1haWxfdmVyaWZpZWQiOmZhbHNlLCJwcmVmZXJyZWRfdXNlcm5hbWUiOiJzdXBlcl9hZG1pbiJ9.iMNTiEVuHcjs3U-dKQ9vks1W4Rh58vuoZKxLYJpKgFq4f8HnJu_nawUjFB2eC3AvjR5T5Rf3cT1HF1osaKDQ6juN-Mw5CAqnCXMh5xwChE_MwwZQUgltRjoDYz5oRbHXMy0zM5dRgxdoMUru4W6Bf9M6wvogfAJZ9_ZsLye84TPhzUpLMa77LEclGY_IQ4Ntt8XqW1zVxPz_cvR5TFYH1ws7IAlgdMCWfwUWeYjYQjZFCM-LqXaBUbTCvUNFOcgY3Ixz_cv0n6HpqdmU8tt9-DJO7_UG0JPKeSyob_UvvmiwMZ7-n7Aofuy1odfl7EJJrWOzLVuE0mdNW2lMaNpErA"")",successes,/home/azureuser/yas/evomaster-config/generated-tests/blackbox/cart/super_admin/EvoMaster_cart_super_admin_successes.java,21,6,True,0,,0,0,,100.0,0,0,0,0,0,0,False,,/home/azureuser/yas/evomaster-config/runtime-logs/classes/cart/super_admin/EvoMaster_cart_super_admin_successes,/home/azureuser/yas/evomaster-config/runtime-logs/classes/cart/super_admin/EvoMaster_cart_super_admin_successes/compile.log,/home/azureuser/yas/evomaster-config/runtime-logs/classes/cart/super_admin/EvoMaster_cart_super_admin_successes/compile_stdout.log,/home/azureuser/yas/evomaster-config/runtime-logs/classes/cart/super_admin/EvoMaster_cart_super_admin_successes/compile_stderr.log,False,True,1,java.lang.AssertionError;test_failure,1,False,14.05,11.5,154.62,"Tests run: 1, Failures: 1, Errors: 0, Skipped: 0",/home/azureuser/yas/evomaster-config/runtime-logs/methods/cart/super_admin/EvoMaster_cart_super_admin_successes/test_0_getOnItemsReturns1Element,/home/azureuser/yas/evomaster-config/runtime-logs/methods/cart/super_admin/EvoMaster_cart_super_admin_successes/test_0_getOnItemsReturns1Element/run.log,/home/azureuser/yas/evomaster-config/runtime-logs/methods/cart/super_admin/EvoMaster_cart_super_admin_successes/test_0_getOnItemsReturns1Element/run_stdout.log,/home/azureuser/yas/evomaster-config/runtime-logs/methods/cart/super_admin/EvoMaster_cart_super_admin_successes/test_0_getOnItemsReturns1Element/run_stderr.log
cart,user,EvoMaster_cart_user_faults.java,EvoMaster_cart_user_faults,test_1_getOnItemsReturnsMismatchResponseWithSchema,False,1,403,/cart/storefront/cart/items,GET,403,.statusCode(403) .assertThat(),6,".get(baseUrlOfSut + ""/cart/storefront/cart/items"")",,,faults,/home/azureuser/yas/evomaster-config/generated-tests/blackbox/cart/user/EvoMaster_cart_user_faults.java,21,6,True,0,,0,0,,100.0,0,0,0,0,0,0,False,,/home/azureuser/yas/evomaster-config/runtime-logs/classes/cart/user/EvoMaster_cart_user_faults,/home/azureuser/yas/evomaster-config/runtime-logs/classes/cart/user/EvoMaster_cart_user_faults/compile.log,/home/azureuser/yas/evomaster-config/runtime-logs/classes/cart/user/EvoMaster_cart_user_faults/compile_stdout.log,/home/azureuser/yas/evomaster-config/runtime-logs/classes/cart/user/EvoMaster_cart_user_faults/compile_stderr.log,True,True,0,,0,False,15.05,12.65,170.0,Test passed (detected via Surefire XML),/home/azureuser/yas/evomaster-config/runtime-logs/methods/cart/user/EvoMaster_cart_user_faults/test_1_getOnItemsReturnsMismatchResponseWithSchema,/home/azureuser/yas/evomaster-config/runtime-logs/methods/cart/user/EvoMaster_cart_user_faults/test_1_getOnItemsReturnsMismatchResponseWithSchema/run.log,/home/azureuser/yas/evomaster-config/runtime-logs/methods/cart/user/EvoMaster_cart_user_faults/test_1_getOnItemsReturnsMismatchResponseWithSchema/run_stdout.log,/home/azureuser/yas/evomaster-config/runtime-logs/methods/cart/user/EvoMaster_cart_user_faults/test_1_getOnItemsReturnsMismatchResponseWithSchema/run_stderr.log
cart,user,EvoMaster_cart_user_successes.java,EvoMaster_cart_user_successes,test_0_getOnItemsReturns1Element,False,1,200,/cart/storefront/cart/items,GET,200,.statusCode(200) .assertThat(),6,".get(baseUrlOfSut + ""/cart/storefront/cart/items"")",,".header(""Authorization"", ""Bearer eyJhbGciOiJSUzI1NiIsInR5cCIgOiAiSldUIiwia2lkIiA6ICJSclRUNWtBOHhIS3N0YWFSMmh1YTRpT0RpcFE4ek9pcjFrNGZOM3RxNFNVIn0.eyJleHAiOjE3Nzc4NDU3ODYsImlhdCI6MTc3Nzg0MjE4NiwianRpIjoiZDI5NjU2MmUtNTE1Yy00ZTIyLWFlMDQtOWQ2Y2M1NzI4NGUyIiwiaXNzIjoiaHR0cDovL2lkZW50aXR5L3JlYWxtcy9ZYXMiLCJzdWIiOiIwMTEzZmQyNy1hMDllLTQ3MjItYjFlNS01MDA3ZjU4ZjUyODgiLCJ0eXAiOiJCZWFyZXIiLCJhenAiOiJiYWNrb2ZmaWNlLWJmZiIsInNpZCI6IjFkOTI0OTNjLTU0OWItNGRkNi1iYWJmLTY4NGIxYWUwZDkyMyIsInJlYWxtX2FjY2VzcyI6eyJyb2xlcyI6WyJVU0VSIl19LCJzY29wZSI6ImVtYWlsIHByb2ZpbGUiLCJlbWFpbF92ZXJpZmllZCI6ZmFsc2UsInByZWZlcnJlZF91c2VybmFtZSI6InVzZXJfcm9sZSJ9.NMw22KQUwBJB3Mg0h3lJIKOXoKO3AlRBOmboIzEog8QNxhnw6CHBOZNRKaJ4Cups5ShBtVjw40oR3iGBiebM6iGWWu2rGYuey9myxf_xxcVF7TzutwuYBcKjf_BkrowShAzB8EqgVzkXdaAVA97igWyp4W9FIwuEjQfm2t7oVQ9z8WekNiXeAqV9Z9t0C6r2S9J47mAjgeUJv78vVDqjITtD0BbI7_5kpJquOt-4fqqJ4lpoLcPnXp93m1heXxHX95eN5GWkiBbLN08dBARJ6JsWzh3wE1eQvWcspP0ieG0dOve24EBEE00RTnpUTJkBt3Gd_uuW0fVaKPRp3eREmA"")",successes,/home/azureuser/yas/evomaster-config/generated-tests/blackbox/cart/user/EvoMaster_cart_user_successes.java,21,6,True,0,,0,0,,100.0,0,0,0,0,0,0,False,,/home/azureuser/yas/evomaster-config/runtime-logs/classes/cart/user/EvoMaster_cart_user_successes,/home/azureuser/yas/evomaster-config/runtime-logs/classes/cart/user/EvoMaster_cart_user_successes/compile.log,/home/azureuser/yas/evomaster-config/runtime-logs/classes/cart/user/EvoMaster_cart_user_successes/compile_stdout.log,/home/azureuser/yas/evomaster-config/runtime-logs/classes/cart/user/EvoMaster_cart_user_successes/compile_stderr.log,False,True,1,java.lang.AssertionError;test_failure,1,False,14.55,11.87,163.76,"Tests run: 1, Failures: 1, Errors: 0, Skipped: 0",/home/azureuser/yas/evomaster-config/runtime-logs/methods/cart/user/EvoMaster_cart_user_successes/test_0_getOnItemsReturns1Element,/home/azureuser/yas/evomaster-config/runtime-logs/methods/cart/user/EvoMaster_cart_user_successes/test_0_getOnItemsReturns1Element/run.log,/home/azureuser/yas/evomaster-config/runtime-logs/methods/cart/user/EvoMaster_cart_user_successes/test_0_getOnItemsReturns1Element/run_stdout.log,/home/azureuser/yas/evomaster-config/runtime-logs/methods/cart/user/EvoMaster_cart_user_successes/test_0_getOnItemsReturns1Element/run_stderr.log
customer,admin_only,EvoMaster_customer_admin_only_faults.java,EvoMaster_customer_admin_only_faults,test_11_getOnProfileReturnsMismatchResponseWithSchema,False,1,401,/customer/storefront/customer/profile,GET,401,.statusCode(401) .assertThat(),2,".get(baseUrlOfSut + ""/customer/storefront/customer/profile"")",,,faults,/home/azureuser/yas/evomaster-config/generated-tests/blackbox/customer/admin_only/EvoMaster_customer_admin_only_faults.java,21,6,True,0,,0,0,,100.0,0,0,0,0,0,0,False,,/home/azureuser/yas/evomaster-config/runtime-logs/classes/customer/admin_only/EvoMaster_customer_admin_only_faults,/home/azureuser/yas/evomaster-config/runtime-logs/classes/customer/admin_only/EvoMaster_customer_admin_only_faults/compile.log,/home/azureuser/yas/evomaster-config/runtime-logs/classes/customer/admin_only/EvoMaster_customer_admin_only_faults/compile_stdout.log,/home/azureuser/yas/evomaster-config/runtime-logs/classes/customer/admin_only/EvoMaster_customer_admin_only_faults/compile_stderr.log,True,True,0,,0,False,13.05,11.76,158.5,Test passed (detected via Surefire XML),/home/azureuser/yas/evomaster-config/runtime-logs/methods/customer/admin_only/EvoMaster_customer_admin_only_faults/test_11_getOnProfileReturnsMismatchResponseWithSchema,/home/azureuser/yas/evomaster-config/runtime-logs/methods/customer/admin_only/EvoMaster_customer_admin_only_faults/test_11_getOnProfileReturnsMismatchResponseWithSchema/run.log,/home/azureuser/yas/evomaster-config/runtime-logs/methods/customer/admin_only/EvoMaster_customer_admin_only_faults/test_11_getOnProfileReturnsMismatchResponseWithSchema/run_stdout.log,/home/azureuser/yas/evomaster-config/runtime-logs/methods/customer/admin_only/EvoMaster_customer_admin_only_faults/test_11_getOnProfileReturnsMismatchResponseWithSchema/run_stderr.log
customer,admin_only,EvoMaster_customer_admin_only_faults.java,EvoMaster_customer_admin_only_faults,test_12_getOnProfileReturnsMismatchResponseWithSchema,False,1,403,/customer/storefront/customer/profile,GET,403,.statusCode(403) .assertThat(),2,".get(baseUrlOfSut + ""/customer/storefront/customer/profile"")",,".header(""Authorization"", ""Bearer eyJhbGciOiJSUzI1NiIsInR5cCIgOiAiSldUIiwia2lkIiA6ICJSclRUNWtBOHhIS3N0YWFSMmh1YTRpT0RpcFE4ek9pcjFrNGZOM3RxNFNVIn0.eyJleHAiOjE3Nzc4NDU3NzYsImlhdCI6MTc3Nzg0MjE3NiwianRpIjoiMTg2OWYyMDItNzY5Ni00MWE4LWI4NTUtMWRkNjJjMzY0ZGNlIiwiaXNzIjoiaHR0cDovL2lkZW50aXR5L3JlYWxtcy9ZYXMiLCJzdWIiOiJlY2RlODFiYy00MTgwLTQ2ZWMtOTBlZi02NmIxNDVkOWQyMmMiLCJ0eXAiOiJCZWFyZXIiLCJhenAiOiJiYWNrb2ZmaWNlLWJmZiIsInNpZCI6IjVlOGY3MzJhLTg1YjAtNGM5NC04YjgwLTE2YTQ4MjhmMDllNiIsInJlYWxtX2FjY2VzcyI6eyJyb2xlcyI6WyJBRE1JTiJdfSwic2NvcGUiOiJlbWFpbCBwcm9maWxlIiwiZW1haWxfdmVyaWZpZWQiOmZhbHNlLCJwcmVmZXJyZWRfdXNlcm5hbWUiOiJhZG1pbl9vbmx5In0.Ofhfi5dXziLPI6rHDSdNE0jfjaZtpcQgp0XXPh7M2AHBHRdrgjib-GEGSaGZ4h5gLWWKFJ0C5lyPAcKWxZI1T-ETefso-_DSrOMjNvBdEoPOgu3_2G8N58vKrml-xa7znFBBYti-VIg6h-sjIjVfqsWOV-ULqmvrvpt54h3S_EQwM03hAGZsbmGJ0pd_I9hXuELW9DVHDRtvriJ7cqmI2nbD_gJ7HJTjJcj9oZ69VO5PAsSIK1Fx515i6dNvurErM67TGpORa8yIbGYHQNv6XFxXEB7vfShRTtsYAgMlxNTNROMQWkJG4tavCbnfr0Yrdhd2qt6ciZHTnNOS407CKA"")",faults,/home/azureuser/yas/evomaster-config/generated-tests/blackbox/customer/admin_only/EvoMaster_customer_admin_only_faults.java,21,6,True,0,,0,0,,100.0,0,0,0,0,0,0,False,,/home/azureuser/yas/evomaster-config/runtime-logs/classes/customer/admin_only/EvoMaster_customer_admin_only_faults,/home/azureuser/yas/evomaster-config/runtime-logs/classes/customer/admin_only/EvoMaster_customer_admin_only_faults/compile.log,/home/azureuser/yas/evomaster-config/runtime-logs/classes/customer/admin_only/EvoMaster_customer_admin_only_faults/compile_stdout.log,/home/azureuser/yas/evomaster-config/runtime-logs/classes/customer/admin_only/EvoMaster_customer_admin_only_faults/compile_stderr.log,True,True,0,,0,False,12.54,11.36,151.64,Test passed (detected via Surefire XML),/home/azureuser/yas/evomaster-config/runtime-logs/methods/customer/admin_only/EvoMaster_customer_admin_only_faults/test_12_getOnProfileReturnsMismatchResponseWithSchema,/home/azureuser/yas/evomaster-config/runtime-logs/methods/customer/admin_only/EvoMaster_customer_admin_only_faults/test_12_getOnProfileReturnsMismatchResponseWithSchema/run.log,/home/azureuser/yas/evomaster-config/runtime-logs/methods/customer/admin_only/EvoMaster_customer_admin_only_faults/test_12_getOnProfileReturnsMismatchResponseWithSchema/run_stdout.log,/home/azureuser/yas/evomaster-config/runtime-logs/methods/customer/admin_only/EvoMaster_customer_admin_only_faults/test_12_getOnProfileReturnsMismatchResponseWithSchema/run_stderr.log
customer,customer,EvoMaster_customer_customer_faults.java,EvoMaster_customer_customer_faults,test_11_getOnProfileReturnsMismatchResponseWithSchema,False,1,401,/customer/storefront/customer/profile,GET,401,.statusCode(401) .assertThat(),2,".get(baseUrlOfSut + ""/customer/storefront/customer/profile"")",,,faults,/home/azureuser/yas/evomaster-config/generated-tests/blackbox/customer/customer/EvoMaster_customer_customer_faults.java,21,6,True,0,,0,0,,100.0,0,0,0,0,0,0,False,,/home/azureuser/yas/evomaster-config/runtime-logs/classes/customer/customer/EvoMaster_customer_customer_faults,/home/azureuser/yas/evomaster-config/runtime-logs/classes/customer/customer/EvoMaster_customer_customer_faults/compile.log,/home/azureuser/yas/evomaster-config/runtime-logs/classes/customer/customer/EvoMaster_customer_customer_faults/compile_stdout.log,/home/azureuser/yas/evomaster-config/runtime-logs/classes/customer/customer/EvoMaster_customer_customer_faults/compile_stderr.log,True,True,0,,0,False,12.54,11.39,159.46,Test passed (detected via Surefire XML),/home/azureuser/yas/evomaster-config/runtime-logs/methods/customer/customer/EvoMaster_customer_customer_faults/test_11_getOnProfileReturnsMismatchResponseWithSchema,/home/azureuser/yas/evomaster-config/runtime-logs/methods/customer/customer/EvoMaster_customer_customer_faults/test_11_getOnProfileReturnsMismatchResponseWithSchema/run.log,/home/azureuser/yas/evomaster-config/runtime-logs/methods/customer/customer/EvoMaster_customer_customer_faults/test_11_getOnProfileReturnsMismatchResponseWithSchema/run_stdout.log,/home/azureuser/yas/evomaster-config/runtime-logs/methods/customer/customer/EvoMaster_customer_customer_faults/test_11_getOnProfileReturnsMismatchResponseWithSchema/run_stderr.log
customer,customer,EvoMaster_customer_customer_successes.java,EvoMaster_customer_customer_successes,test_1_getOnProfileReturnsObject,False,1,200,/customer/storefront/customer/profile,GET,200,.statusCode(200) .assertThat(),6,".get(baseUrlOfSut + ""/customer/storefront/customer/profile"")",,".header(""Authorization"", ""Bearer eyJhbGciOiJSUzI1NiIsInR5cCIgOiAiSldUIiwia2lkIiA6ICJSclRUNWtBOHhIS3N0YWFSMmh1YTRpT0RpcFE4ek9pcjFrNGZOM3RxNFNVIn0.eyJleHAiOjE3Nzc4NDU3ODEsImlhdCI6MTc3Nzg0MjE4MSwianRpIjoiNjg1ZjNmMGYtZmNjNy00YzgyLWFhY2EtNmRiM2NmNmMxNzExIiwiaXNzIjoiaHR0cDovL2lkZW50aXR5L3JlYWxtcy9ZYXMiLCJzdWIiOiI0Yjg1MzdlZC1mZTg4LTQ3MGQtYmFkNS0wZjQ5Y2E2Zjg5NjAiLCJ0eXAiOiJCZWFyZXIiLCJhenAiOiJiYWNrb2ZmaWNlLWJmZiIsInNpZCI6IjFhMmM5ZGEwLTYwNzAtNGZiZS1iMjc1LWM4OGRhMjkxMjFhMiIsInJlYWxtX2FjY2VzcyI6eyJyb2xlcyI6WyJkZWZhdWx0LXJvbGVzLXlhcyIsIm9mZmxpbmVfYWNjZXNzIiwiQ1VTVE9NRVIiLCJ1bWFfYXV0aG9yaXphdGlvbiJdfSwic2NvcGUiOiJlbWFpbCBwcm9maWxlIiwiZW1haWxfdmVyaWZpZWQiOmZhbHNlLCJwcmVmZXJyZWRfdXNlcm5hbWUiOiJ1c2VyIn0.TeQJFrMOUKmKVNOvGDlzQuVam3S9YoyUrAJ7sJF4RWL5pGgwK7TxtnbTguuQU9cf9avttKrL8a6clTT3OZmjdpZZ2CXAI2EJjYLQqo2JMeshkSR1i98DtLx4MZCR3Dy3sjxJ_jzOp4EYlPYadVvIz_Rujz-6j7GCBy5J9GXn5FED2_sRbYu1N0vwO8Z3pXv27DRehj5qUjsQ82NExHHDFCEEQYnnDUdsIYhmNf1VKkWsbhHYEHoVguoi9akJtMW1WhCKJyekRuCaAoRCM7gZpCpmmm55F1FyMZ2kegpqv2N1vcmC0MXrVuaOsUo__AvCUvKOjU5lfF_yhfNBbmLYmQ"")",successes,/home/azureuser/yas/evomaster-config/generated-tests/blackbox/customer/customer/EvoMaster_customer_customer_successes.java,21,6,True,0,,0,0,,100.0,0,0,0,0,0,0,False,,/home/azureuser/yas/evomaster-config/runtime-logs/classes/customer/customer/EvoMaster_customer_customer_successes,/home/azureuser/yas/evomaster-config/runtime-logs/classes/customer/customer/EvoMaster_customer_customer_successes/compile.log,/home/azureuser/yas/evomaster-config/runtime-logs/classes/customer/customer/EvoMaster_customer_customer_successes/compile_stdout.log,/home/azureuser/yas/evomaster-config/runtime-logs/classes/customer/customer/EvoMaster_customer_customer_successes/compile_stderr.log,True,True,0,,0,False,14.05,11.59,157.07,Test passed (detected via Surefire XML),/home/azureuser/yas/evomaster-config/runtime-logs/methods/customer/customer/EvoMaster_customer_customer_successes/test_1_getOnProfileReturnsObject,/home/azureuser/yas/evomaster-config/runtime-logs/methods/customer/customer/EvoMaster_customer_customer_successes/test_1_getOnProfileReturnsObject/run.log,/home/azureuser/yas/evomaster-config/runtime-logs/methods/customer/customer/EvoMaster_customer_customer_successes/test_1_getOnProfileReturnsObject/run_stdout.log,/home/azureuser/yas/evomaster-config/runtime-logs/methods/customer/customer/EvoMaster_customer_customer_successes/test_1_getOnProfileReturnsObject/run_stderr.log
customer,none,EvoMaster_customer_none_faults.java,EvoMaster_customer_none_faults,test_7_getOnProfileReturnsMismatchResponseWithSchema,False,1,401,/customer/storefront/customer/profile,GET,401,.statusCode(401) .assertThat(),2,".get(baseUrlOfSut + ""/customer/storefront/customer/profile"")",,,faults,/home/azureuser/yas/evomaster-config/generated-tests/blackbox/customer/none/EvoMaster_customer_none_faults.java,21,6,True,0,,0,0,,100.0,0,0,0,0,0,0,False,,/home/azureuser/yas/evomaster-config/runtime-logs/classes/customer/none/EvoMaster_customer_none_faults,/home/azureuser/yas/evomaster-config/runtime-logs/classes/customer/none/EvoMaster_customer_none_faults/compile.log,/home/azureuser/yas/evomaster-config/runtime-logs/classes/customer/none/EvoMaster_customer_none_faults/compile_stdout.log,/home/azureuser/yas/evomaster-config/runtime-logs/classes/customer/none/EvoMaster_customer_none_faults/compile_stderr.log,True,True,0,,0,False,12.54,11.11,162.59,Test passed (detected via Surefire XML),/home/azureuser/yas/evomaster-config/runtime-logs/methods/customer/none/EvoMaster_customer_none_faults/test_7_getOnProfileReturnsMismatchResponseWithSchema,/home/azureuser/yas/evomaster-config/runtime-logs/methods/customer/none/EvoMaster_customer_none_faults/test_7_getOnProfileReturnsMismatchResponseWithSchema/run.log,/home/azureuser/yas/evomaster-config/runtime-logs/methods/customer/none/EvoMaster_customer_none_faults/test_7_getOnProfileReturnsMismatchResponseWithSchema/run_stdout.log,/home/azureuser/yas/evomaster-config/runtime-logs/methods/customer/none/EvoMaster_customer_none_faults/test_7_getOnProfileReturnsMismatchResponseWithSchema/run_stderr.log
customer,super_admin,EvoMaster_customer_super_admin_faults.java,EvoMaster_customer_super_admin_faults,test_9_getOnProfileReturnsMismatchResponseWithSchema,False,1,401,/customer/storefront/customer/profile,GET,401,.statusCode(401) .assertThat(),2,".get(baseUrlOfSut + ""/customer/storefront/customer/profile"")",,,faults,/home/azureuser/yas/evomaster-config/generated-tests/blackbox/customer/super_admin/EvoMaster_customer_super_admin_faults.java,21,6,True,0,,0,0,,100.0,0,0,0,0,0,0,False,,/home/azureuser/yas/evomaster-config/runtime-logs/classes/customer/super_admin/EvoMaster_customer_super_admin_faults,/home/azureuser/yas/evomaster-config/runtime-logs/classes/customer/super_admin/EvoMaster_customer_super_admin_faults/compile.log,/home/azureuser/yas/evomaster-config/runtime-logs/classes/customer/super_admin/EvoMaster_customer_super_admin_faults/compile_stdout.log,/home/azureuser/yas/evomaster-config/runtime-logs/classes/customer/super_admin/EvoMaster_customer_super_admin_faults/compile_stderr.log,True,True,0,,0,False,12.54,11.18,154.32,Test passed (detected via Surefire XML),/home/azureuser/yas/evomaster-config/runtime-logs/methods/customer/super_admin/EvoMaster_customer_super_admin_faults/test_9_getOnProfileReturnsMismatchResponseWithSchema,/home/azureuser/yas/evomaster-config/runtime-logs/methods/customer/super_admin/EvoMaster_customer_super_admin_faults/test_9_getOnProfileReturnsMismatchResponseWithSchema/run.log,/home/azureuser/yas/evomaster-config/runtime-logs/methods/customer/super_admin/EvoMaster_customer_super_admin_faults/test_9_getOnProfileReturnsMismatchResponseWithSchema/run_stdout.log,/home/azureuser/yas/evomaster-config/runtime-logs/methods/customer/super_admin/EvoMaster_customer_super_admin_faults/test_9_getOnProfileReturnsMismatchResponseWithSchema/run_stderr.log
customer,super_admin,EvoMaster_customer_super_admin_faults.java,EvoMaster_customer_super_admin_faults,test_11_getOnProfileReturnsMismatchResponseWithSchema,False,1,403,/customer/storefront/customer/profile,GET,403,.statusCode(403) .assertThat(),2,".get(baseUrlOfSut + ""/customer/storefront/customer/profile"")",,".header(""Authorization"", ""Bearer eyJhbGciOiJSUzI1NiIsInR5cCIgOiAiSldUIiwia2lkIiA6ICJSclRUNWtBOHhIS3N0YWFSMmh1YTRpT0RpcFE4ek9pcjFrNGZOM3RxNFNVIn0.eyJleHAiOjE3Nzc4NDU3NjQsImlhdCI6MTc3Nzg0MjE2NCwianRpIjoiOTEwODhlNDEtYjc1Mi00ZGI5LTgzYzktMmE5MTU4MTQwYTY2IiwiaXNzIjoiaHR0cDovL2lkZW50aXR5L3JlYWxtcy9ZYXMiLCJzdWIiOiI3MDQyZWE5ZS1hNzg0LTQxZjQtYTkzNi1kOGUxNTk5ODlmZjUiLCJ0eXAiOiJCZWFyZXIiLCJhenAiOiJiYWNrb2ZmaWNlLWJmZiIsInNpZCI6IjExMDljMGQyLTFlOTctNGM5OC1hNTQxLWIzNmYwZmM3Yjc2ZCIsInJlYWxtX2FjY2VzcyI6eyJyb2xlcyI6WyJTVVBFUi1BRE1JTiJdfSwic2NvcGUiOiJlbWFpbCBwcm9maWxlIiwiZW1haWxfdmVyaWZpZWQiOmZhbHNlLCJwcmVmZXJyZWRfdXNlcm5hbWUiOiJzdXBlcl9hZG1pbiJ9.iMNTiEVuHcjs3U-dKQ9vks1W4Rh58vuoZKxLYJpKgFq4f8HnJu_nawUjFB2eC3AvjR5T5Rf3cT1HF1osaKDQ6juN-Mw5CAqnCXMh5xwChE_MwwZQUgltRjoDYz5oRbHXMy0zM5dRgxdoMUru4W6Bf9M6wvogfAJZ9_ZsLye84TPhzUpLMa77LEclGY_IQ4Ntt8XqW1zVxPz_cvR5TFYH1ws7IAlgdMCWfwUWeYjYQjZFCM-LqXaBUbTCvUNFOcgY3Ixz_cv0n6HpqdmU8tt9-DJO7_UG0JPKeSyob_UvvmiwMZ7-n7Aofuy1odfl7EJJrWOzLVuE0mdNW2lMaNpErA"")",faults,/home/azureuser/yas/evomaster-config/generated-tests/blackbox/customer/super_admin/EvoMaster_customer_super_admin_faults.java,21,6,True,0,,0,0,,100.0,0,0,0,0,0,0,False,,/home/azureuser/yas/evomaster-config/runtime-logs/classes/customer/super_admin/EvoMaster_customer_super_admin_faults,/home/azureuser/yas/evomaster-config/runtime-logs/classes/customer/super_admin/EvoMaster_customer_super_admin_faults/compile.log,/home/azureuser/yas/evomaster-config/runtime-logs/classes/customer/super_admin/EvoMaster_customer_super_admin_faults/compile_stdout.log,/home/azureuser/yas/evomaster-config/runtime-logs/classes/customer/super_admin/EvoMaster_customer_super_admin_faults/compile_stderr.log,True,True,0,,0,False,12.55,11.15,155.57,Test passed (detected via Surefire XML),/home/azureuser/yas/evomaster-config/runtime-logs/methods/customer/super_admin/EvoMaster_customer_super_admin_faults/test_11_getOnProfileReturnsMismatchResponseWithSchema,/home/azureuser/yas/evomaster-config/runtime-logs/methods/customer/super_admin/EvoMaster_customer_super_admin_faults/test_11_getOnProfileReturnsMismatchResponseWithSchema/run.log,/home/azureuser/yas/evomaster-config/runtime-logs/methods/customer/super_admin/EvoMaster_customer_super_admin_faults/test_11_getOnProfileReturnsMismatchResponseWithSchema/run_stdout.log,/home/azureuser/yas/evomaster-config/runtime-logs/methods/customer/super_admin/EvoMaster_customer_super_admin_faults/test_11_getOnProfileReturnsMismatchResponseWithSchema/run_stderr.log
customer,user,EvoMaster_customer_user_faults.java,EvoMaster_customer_user_faults,test_11_getOnProfileReturnsMismatchResponseWithSchema,False,1,401,/customer/storefront/customer/profile,GET,401,.statusCode(401) .assertThat(),2,".get(baseUrlOfSut + ""/customer/storefront/customer/profile"")",,,faults,/home/azureuser/yas/evomaster-config/generated-tests/blackbox/customer/user/EvoMaster_customer_user_faults.java,21,6,True,0,,0,0,,100.0,0,0,0,0,0,0,False,,/home/azureuser/yas/evomaster-config/runtime-logs/classes/customer/user/EvoMaster_customer_user_faults,/home/azureuser/yas/evomaster-config/runtime-logs/classes/customer/user/EvoMaster_customer_user_faults/compile.log,/home/azureuser/yas/evomaster-config/runtime-logs/classes/customer/user/EvoMaster_customer_user_faults/compile_stdout.log,/home/azureuser/yas/evomaster-config/runtime-logs/classes/customer/user/EvoMaster_customer_user_faults/compile_stderr.log,True,True,0,,0,False,12.54,11.03,164.11,Test passed (detected via Surefire XML),/home/azureuser/yas/evomaster-config/runtime-logs/methods/customer/user/EvoMaster_customer_user_faults/test_11_getOnProfileReturnsMismatchResponseWithSchema,/home/azureuser/yas/evomaster-config/runtime-logs/methods/customer/user/EvoMaster_customer_user_faults/test_11_getOnProfileReturnsMismatchResponseWithSchema/run.log,/home/azureuser/yas/evomaster-config/runtime-logs/methods/customer/user/EvoMaster_customer_user_faults/test_11_getOnProfileReturnsMismatchResponseWithSchema/run_stdout.log,/home/azureuser/yas/evomaster-config/runtime-logs/methods/customer/user/EvoMaster_customer_user_faults/test_11_getOnProfileReturnsMismatchResponseWithSchema/run_stderr.log
customer,user,EvoMaster_customer_user_faults.java,EvoMaster_customer_user_faults,test_13_getOnProfileReturnsMismatchResponseWithSchema,False,1,403,/customer/storefront/customer/profile,GET,403,.statusCode(403) .assertThat(),2,".get(baseUrlOfSut + ""/customer/storefront/customer/profile"")",,".header(""Authorization"", ""Bearer eyJhbGciOiJSUzI1NiIsInR5cCIgOiAiSldUIiwia2lkIiA6ICJSclRUNWtBOHhIS3N0YWFSMmh1YTRpT0RpcFE4ek9pcjFrNGZOM3RxNFNVIn0.eyJleHAiOjE3Nzc4NDU3ODYsImlhdCI6MTc3Nzg0MjE4NiwianRpIjoiZDI5NjU2MmUtNTE1Yy00ZTIyLWFlMDQtOWQ2Y2M1NzI4NGUyIiwiaXNzIjoiaHR0cDovL2lkZW50aXR5L3JlYWxtcy9ZYXMiLCJzdWIiOiIwMTEzZmQyNy1hMDllLTQ3MjItYjFlNS01MDA3ZjU4ZjUyODgiLCJ0eXAiOiJCZWFyZXIiLCJhenAiOiJiYWNrb2ZmaWNlLWJmZiIsInNpZCI6IjFkOTI0OTNjLTU0OWItNGRkNi1iYWJmLTY4NGIxYWUwZDkyMyIsInJlYWxtX2FjY2VzcyI6eyJyb2xlcyI6WyJVU0VSIl19LCJzY29wZSI6ImVtYWlsIHByb2ZpbGUiLCJlbWFpbF92ZXJpZmllZCI6ZmFsc2UsInByZWZlcnJlZF91c2VybmFtZSI6InVzZXJfcm9sZSJ9.NMw22KQUwBJB3Mg0h3lJIKOXoKO3AlRBOmboIzEog8QNxhnw6CHBOZNRKaJ4Cups5ShBtVjw40oR3iGBiebM6iGWWu2rGYuey9myxf_xxcVF7TzutwuYBcKjf_BkrowShAzB8EqgVzkXdaAVA97igWyp4W9FIwuEjQfm2t7oVQ9z8WekNiXeAqV9Z9t0C6r2S9J47mAjgeUJv78vVDqjITtD0BbI7_5kpJquOt-4fqqJ4lpoLcPnXp93m1heXxHX95eN5GWkiBbLN08dBARJ6JsWzh3wE1eQvWcspP0ieG0dOve24EBEE00RTnpUTJkBt3Gd_uuW0fVaKPRp3eREmA"")",faults,/home/azureuser/yas/evomaster-config/generated-tests/blackbox/customer/user/EvoMaster_customer_user_faults.java,21,6,True,0,,0,0,,100.0,0,0,0,0,0,0,False,,/home/azureuser/yas/evomaster-config/runtime-logs/classes/customer/user/EvoMaster_customer_user_faults,/home/azureuser/yas/evomaster-config/runtime-logs/classes/customer/user/EvoMaster_customer_user_faults/compile.log,/home/azureuser/yas/evomaster-config/runtime-logs/classes/customer/user/EvoMaster_customer_user_faults/compile_stdout.log,/home/azureuser/yas/evomaster-config/runtime-logs/classes/customer/user/EvoMaster_customer_user_faults/compile_stderr.log,True,True,0,,0,False,12.55,10.99,158.29,Test passed (detected via Surefire XML),/home/azureuser/yas/evomaster-config/runtime-logs/methods/customer/user/EvoMaster_customer_user_faults/test_13_getOnProfileReturnsMismatchResponseWithSchema,/home/azureuser/yas/evomaster-config/runtime-logs/methods/customer/user/EvoMaster_customer_user_faults/test_13_getOnProfileReturnsMismatchResponseWithSchema/run.log,/home/azureuser/yas/evomaster-config/runtime-logs/methods/customer/user/EvoMaster_customer_user_faults/test_13_getOnProfileReturnsMismatchResponseWithSchema/run_stdout.log,/home/azureuser/yas/evomaster-config/runtime-logs/methods/customer/user/EvoMaster_customer_user_faults/test_13_getOnProfileReturnsMismatchResponseWithSchema/run_stderr.log
inventory,admin_only,EvoMaster_inventory_admin_only_faults.java,EvoMaster_inventory_admin_only_faults,test_17_deleteOnWarehousReturnsMismatchResponseWithSchema,False,1,403,/inventory/backoffice/warehouses/{id},DELETE,403,.statusCode(403) .assertThat(),5,".delete(baseUrlOfSut + ""/inventory/backoffice/warehouses/975"")",,,faults,/home/azureuser/yas/evomaster-config/generated-tests/blackbox/inventory/admin_only/EvoMaster_inventory_admin_only_faults.java,21,6,True,0,,0,0,,100.0,0,0,0,0,0,0,False,,/home/azureuser/yas/evomaster-config/runtime-logs/classes/inventory/admin_only/EvoMaster_inventory_admin_only_faults,/home/azureuser/yas/evomaster-config/runtime-logs/classes/inventory/admin_only/EvoMaster_inventory_admin_only_faults/compile.log,/home/azureuser/yas/evomaster-config/runtime-logs/classes/inventory/admin_only/EvoMaster_inventory_admin_only_faults/compile_stdout.log,/home/azureuser/yas/evomaster-config/runtime-logs/classes/inventory/admin_only/EvoMaster_inventory_admin_only_faults/compile_stderr.log,True,True,0,,0,False,14.54,11.5,158.5,Test passed (detected via Surefire XML),/home/azureuser/yas/evomaster-config/runtime-logs/methods/inventory/admin_only/EvoMaster_inventory_admin_only_faults/test_17_deleteOnWarehousReturnsMismatchResponseWithSchema,/home/azureuser/yas/evomaster-config/runtime-logs/methods/inventory/admin_only/EvoMaster_inventory_admin_only_faults/test_17_deleteOnWarehousReturnsMismatchResponseWithSchema/run.log,/home/azureuser/yas/evomaster-config/runtime-logs/methods/inventory/admin_only/EvoMaster_inventory_admin_only_faults/test_17_deleteOnWarehousReturnsMismatchResponseWithSchema/run_stdout.log,/home/azureuser/yas/evomaster-config/runtime-logs/methods/inventory/admin_only/EvoMaster_inventory_admin_only_faults/test_17_deleteOnWarehousReturnsMismatchResponseWithSchema/run_stderr.log
inventory,admin_only,EvoMaster_inventory_admin_only_others.java,EvoMaster_inventory_admin_only_others,test_3_deleteOnWarehousReturns404,False,1,404,/inventory/backoffice/warehouses/{id},DELETE,404,.statusCode(404) .assertThat(),6,".delete(baseUrlOfSut + ""/inventory/backoffice/warehouses/891"")",,".header(""Authorization"", ""Bearer eyJhbGciOiJSUzI1NiIsInR5cCIgOiAiSldUIiwia2lkIiA6ICJSclRUNWtBOHhIS3N0YWFSMmh1YTRpT0RpcFE4ek9pcjFrNGZOM3RxNFNVIn0.eyJleHAiOjE3Nzc4NDU3NzYsImlhdCI6MTc3Nzg0MjE3NiwianRpIjoiMTg2OWYyMDItNzY5Ni00MWE4LWI4NTUtMWRkNjJjMzY0ZGNlIiwiaXNzIjoiaHR0cDovL2lkZW50aXR5L3JlYWxtcy9ZYXMiLCJzdWIiOiJlY2RlODFiYy00MTgwLTQ2ZWMtOTBlZi02NmIxNDVkOWQyMmMiLCJ0eXAiOiJCZWFyZXIiLCJhenAiOiJiYWNrb2ZmaWNlLWJmZiIsInNpZCI6IjVlOGY3MzJhLTg1YjAtNGM5NC04YjgwLTE2YTQ4MjhmMDllNiIsInJlYWxtX2FjY2VzcyI6eyJyb2xlcyI6WyJBRE1JTiJdfSwic2NvcGUiOiJlbWFpbCBwcm9maWxlIiwiZW1haWxfdmVyaWZpZWQiOmZhbHNlLCJwcmVmZXJyZWRfdXNlcm5hbWUiOiJhZG1pbl9vbmx5In0.Ofhfi5dXziLPI6rHDSdNE0jfjaZtpcQgp0XXPh7M2AHBHRdrgjib-GEGSaGZ4h5gLWWKFJ0C5lyPAcKWxZI1T-ETefso-_DSrOMjNvBdEoPOgu3_2G8N58vKrml-xa7znFBBYti-VIg6h-sjIjVfqsWOV-ULqmvrvpt54h3S_EQwM03hAGZsbmGJ0pd_I9hXuELW9DVHDRtvriJ7cqmI2nbD_gJ7HJTjJcj9oZ69VO5PAsSIK1Fx515i6dNvurErM67TGpORa8yIbGYHQNv6XFxXEB7vfShRTtsYAgMlxNTNROMQWkJG4tavCbnfr0Yrdhd2qt6ciZHTnNOS407CKA"")",others,/home/azureuser/yas/evomaster-config/generated-tests/blackbox/inventory/admin_only/EvoMaster_inventory_admin_only_others.java,21,6,True,0,,0,0,,100.0,0,0,0,0,0,0,False,,/home/azureuser/yas/evomaster-config/runtime-logs/classes/inventory/admin_only/EvoMaster_inventory_admin_only_others,/home/azureuser/yas/evomaster-config/runtime-logs/classes/inventory/admin_only/EvoMaster_inventory_admin_only_others/compile.log,/home/azureuser/yas/evomaster-config/runtime-logs/classes/inventory/admin_only/EvoMaster_inventory_admin_only_others/compile_stdout.log,/home/azureuser/yas/evomaster-config/runtime-logs/classes/inventory/admin_only/EvoMaster_inventory_admin_only_others/compile_stderr.log,True,True,0,,0,False,14.56,11.48,158.31,Test passed (detected via Surefire XML),/home/azureuser/yas/evomaster-config/runtime-logs/methods/inventory/admin_only/EvoMaster_inventory_admin_only_others/test_3_deleteOnWarehousReturns404,/home/azureuser/yas/evomaster-config/runtime-logs/methods/inventory/admin_only/EvoMaster_inventory_admin_only_others/test_3_deleteOnWarehousReturns404/run.log,/home/azureuser/yas/evomaster-config/runtime-logs/methods/inventory/admin_only/EvoMaster_inventory_admin_only_others/test_3_deleteOnWarehousReturns404/run_stdout.log,/home/azureuser/yas/evomaster-config/runtime-logs/methods/inventory/admin_only/EvoMaster_inventory_admin_only_others/test_3_deleteOnWarehousReturns404/run_stderr.log
inventory,customer,EvoMaster_inventory_customer_faults.java,EvoMaster_inventory_customer_faults,test_19_deleteOnWarehousReturnsMismatchResponseWithSchema,False,1,403,/inventory/backoffice/warehouses/{id},DELETE,403,.statusCode(403) .assertThat(),2,".delete(baseUrlOfSut + ""/inventory/backoffice/warehouses/275"")",,".header(""Authorization"", ""Bearer eyJhbGciOiJSUzI1NiIsInR5cCIgOiAiSldUIiwia2lkIiA6ICJSclRUNWtBOHhIS3N0YWFSMmh1YTRpT0RpcFE4ek9pcjFrNGZOM3RxNFNVIn0.eyJleHAiOjE3Nzc4NDU3ODEsImlhdCI6MTc3Nzg0MjE4MSwianRpIjoiNjg1ZjNmMGYtZmNjNy00YzgyLWFhY2EtNmRiM2NmNmMxNzExIiwiaXNzIjoiaHR0cDovL2lkZW50aXR5L3JlYWxtcy9ZYXMiLCJzdWIiOiI0Yjg1MzdlZC1mZTg4LTQ3MGQtYmFkNS0wZjQ5Y2E2Zjg5NjAiLCJ0eXAiOiJCZWFyZXIiLCJhenAiOiJiYWNrb2ZmaWNlLWJmZiIsInNpZCI6IjFhMmM5ZGEwLTYwNzAtNGZiZS1iMjc1LWM4OGRhMjkxMjFhMiIsInJlYWxtX2FjY2VzcyI6eyJyb2xlcyI6WyJkZWZhdWx0LXJvbGVzLXlhcyIsIm9mZmxpbmVfYWNjZXNzIiwiQ1VTVE9NRVIiLCJ1bWFfYXV0aG9yaXphdGlvbiJdfSwic2NvcGUiOiJlbWFpbCBwcm9maWxlIiwiZW1haWxfdmVyaWZpZWQiOmZhbHNlLCJwcmVmZXJyZWRfdXNlcm5hbWUiOiJ1c2VyIn0.TeQJFrMOUKmKVNOvGDlzQuVam3S9YoyUrAJ7sJF4RWL5pGgwK7TxtnbTguuQU9cf9avttKrL8a6clTT3OZmjdpZZ2CXAI2EJjYLQqo2JMeshkSR1i98DtLx4MZCR3Dy3sjxJ_jzOp4EYlPYadVvIz_Rujz-6j7GCBy5J9GXn5FED2_sRbYu1N0vwO8Z3pXv27DRehj5qUjsQ82NExHHDFCEEQYnnDUdsIYhmNf1VKkWsbhHYEHoVguoi9akJtMW1WhCKJyekRuCaAoRCM7gZpCpmmm55F1FyMZ2kegpqv2N1vcmC0MXrVuaOsUo__AvCUvKOjU5lfF_yhfNBbmLYmQ"")",faults,/home/azureuser/yas/evomaster-config/generated-tests/blackbox/inventory/customer/EvoMaster_inventory_customer_faults.java,21,6,True,0,,0,0,,100.0,0,0,0,0,0,0,False,,/home/azureuser/yas/evomaster-config/runtime-logs/classes/inventory/customer/EvoMaster_inventory_customer_faults,/home/azureuser/yas/evomaster-config/runtime-logs/classes/inventory/customer/EvoMaster_inventory_customer_faults/compile.log,/home/azureuser/yas/evomaster-config/runtime-logs/classes/inventory/customer/EvoMaster_inventory_customer_faults/compile_stdout.log,/home/azureuser/yas/evomaster-config/runtime-logs/classes/inventory/customer/EvoMaster_inventory_customer_faults/compile_stderr.log,True,True,0,,0,False,12.54,11.57,157.83,Test passed (detected via Surefire XML),/home/azureuser/yas/evomaster-config/runtime-logs/methods/inventory/customer/EvoMaster_inventory_customer_faults/test_19_deleteOnWarehousReturnsMismatchResponseWithSchema,/home/azureuser/yas/evomaster-config/runtime-logs/methods/inventory/customer/EvoMaster_inventory_customer_faults/test_19_deleteOnWarehousReturnsMismatchResponseWithSchema/run.log,/home/azureuser/yas/evomaster-config/runtime-logs/methods/inventory/customer/EvoMaster_inventory_customer_faults/test_19_deleteOnWarehousReturnsMismatchResponseWithSchema/run_stdout.log,/home/azureuser/yas/evomaster-config/runtime-logs/methods/inventory/customer/EvoMaster_inventory_customer_faults/test_19_deleteOnWarehousReturnsMismatchResponseWithSchema/run_stderr.log
inventory,customer,EvoMaster_inventory_customer_faults.java,EvoMaster_inventory_customer_faults,test_20_deleteOnWarehousReturnsMismatchResponseWithSchema,False,1,403,/inventory/backoffice/warehouses/{id},DELETE,403,.statusCode(403) .assertThat(),5,".delete(baseUrlOfSut + ""/inventory/backoffice/warehouses/351"")",,,faults,/home/azureuser/yas/evomaster-config/generated-tests/blackbox/inventory/customer/EvoMaster_inventory_customer_faults.java,21,6,True,0,,0,0,,100.0,0,0,0,0,0,0,False,,/home/azureuser/yas/evomaster-config/runtime-logs/classes/inventory/customer/EvoMaster_inventory_customer_faults,/home/azureuser/yas/evomaster-config/runtime-logs/classes/inventory/customer/EvoMaster_inventory_customer_faults/compile.log,/home/azureuser/yas/evomaster-config/runtime-logs/classes/inventory/customer/EvoMaster_inventory_customer_faults/compile_stdout.log,/home/azureuser/yas/evomaster-config/runtime-logs/classes/inventory/customer/EvoMaster_inventory_customer_faults/compile_stderr.log,True,True,0,,0,False,14.05,11.3,154.73,Test passed (detected via Surefire XML),/home/azureuser/yas/evomaster-config/runtime-logs/methods/inventory/customer/EvoMaster_inventory_customer_faults/test_20_deleteOnWarehousReturnsMismatchResponseWithSchema,/home/azureuser/yas/evomaster-config/runtime-logs/methods/inventory/customer/EvoMaster_inventory_customer_faults/test_20_deleteOnWarehousReturnsMismatchResponseWithSchema/run.log,/home/azureuser/yas/evomaster-config/runtime-logs/methods/inventory/customer/EvoMaster_inventory_customer_faults/test_20_deleteOnWarehousReturnsMismatchResponseWithSchema/run_stdout.log,/home/azureuser/yas/evomaster-config/runtime-logs/methods/inventory/customer/EvoMaster_inventory_customer_faults/test_20_deleteOnWarehousReturnsMismatchResponseWithSchema/run_stderr.log
inventory,none,EvoMaster_inventory_none_faults.java,EvoMaster_inventory_none_faults,test_10_deleteOnWarehousReturnsMismatchResponseWithSchema,False,1,403,/inventory/backoffice/warehouses/{id},DELETE,403,.statusCode(403) .assertThat(),5,".delete(baseUrlOfSut + ""/inventory/backoffice/warehouses/286"")",,,faults,/home/azureuser/yas/evomaster-config/generated-tests/blackbox/inventory/none/EvoMaster_inventory_none_faults.java,21,6,True,0,,0,0,,100.0,0,0,0,0,0,0,False,,/home/azureuser/yas/evomaster-config/runtime-logs/classes/inventory/none/EvoMaster_inventory_none_faults,/home/azureuser/yas/evomaster-config/runtime-logs/classes/inventory/none/EvoMaster_inventory_none_faults/compile.log,/home/azureuser/yas/evomaster-config/runtime-logs/classes/inventory/none/EvoMaster_inventory_none_faults/compile_stdout.log,/home/azureuser/yas/evomaster-config/runtime-logs/classes/inventory/none/EvoMaster_inventory_none_faults/compile_stderr.log,True,True,0,,0,False,14.55,11.38,154.32,Test passed (detected via Surefire XML),/home/azureuser/yas/evomaster-config/runtime-logs/methods/inventory/none/EvoMaster_inventory_none_faults/test_10_deleteOnWarehousReturnsMismatchResponseWithSchema,/home/azureuser/yas/evomaster-config/runtime-logs/methods/inventory/none/EvoMaster_inventory_none_faults/test_10_deleteOnWarehousReturnsMismatchResponseWithSchema/run.log,/home/azureuser/yas/evomaster-config/runtime-logs/methods/inventory/none/EvoMaster_inventory_none_faults/test_10_deleteOnWarehousReturnsMismatchResponseWithSchema/run_stdout.log,/home/azureuser/yas/evomaster-config/runtime-logs/methods/inventory/none/EvoMaster_inventory_none_faults/test_10_deleteOnWarehousReturnsMismatchResponseWithSchema/run_stderr.log
inventory,super_admin,EvoMaster_inventory_super_admin_faults.java,EvoMaster_inventory_super_admin_faults,test_20_deleteOnWarehousReturnsMismatchResponseWithSchema,False,1,403,/inventory/backoffice/warehouses/{id},DELETE,403,.statusCode(403) .assertThat(),2,".delete(baseUrlOfSut + ""/inventory/backoffice/warehouses/645"")",,".header(""Authorization"", ""Bearer eyJhbGciOiJSUzI1NiIsInR5cCIgOiAiSldUIiwia2lkIiA6ICJSclRUNWtBOHhIS3N0YWFSMmh1YTRpT0RpcFE4ek9pcjFrNGZOM3RxNFNVIn0.eyJleHAiOjE3Nzc4NDU3NjQsImlhdCI6MTc3Nzg0MjE2NCwianRpIjoiOTEwODhlNDEtYjc1Mi00ZGI5LTgzYzktMmE5MTU4MTQwYTY2IiwiaXNzIjoiaHR0cDovL2lkZW50aXR5L3JlYWxtcy9ZYXMiLCJzdWIiOiI3MDQyZWE5ZS1hNzg0LTQxZjQtYTkzNi1kOGUxNTk5ODlmZjUiLCJ0eXAiOiJCZWFyZXIiLCJhenAiOiJiYWNrb2ZmaWNlLWJmZiIsInNpZCI6IjExMDljMGQyLTFlOTctNGM5OC1hNTQxLWIzNmYwZmM3Yjc2ZCIsInJlYWxtX2FjY2VzcyI6eyJyb2xlcyI6WyJTVVBFUi1BRE1JTiJdfSwic2NvcGUiOiJlbWFpbCBwcm9maWxlIiwiZW1haWxfdmVyaWZpZWQiOmZhbHNlLCJwcmVmZXJyZWRfdXNlcm5hbWUiOiJzdXBlcl9hZG1pbiJ9.iMNTiEVuHcjs3U-dKQ9vks1W4Rh58vuoZKxLYJpKgFq4f8HnJu_nawUjFB2eC3AvjR5T5Rf3cT1HF1osaKDQ6juN-Mw5CAqnCXMh5xwChE_MwwZQUgltRjoDYz5oRbHXMy0zM5dRgxdoMUru4W6Bf9M6wvogfAJZ9_ZsLye84TPhzUpLMa77LEclGY_IQ4Ntt8XqW1zVxPz_cvR5TFYH1ws7IAlgdMCWfwUWeYjYQjZFCM-LqXaBUbTCvUNFOcgY3Ixz_cv0n6HpqdmU8tt9-DJO7_UG0JPKeSyob_UvvmiwMZ7-n7Aofuy1odfl7EJJrWOzLVuE0mdNW2lMaNpErA"")",faults,/home/azureuser/yas/evomaster-config/generated-tests/blackbox/inventory/super_admin/EvoMaster_inventory_super_admin_faults.java,21,6,True,0,,0,0,,100.0,0,0,0,0,0,0,False,,/home/azureuser/yas/evomaster-config/runtime-logs/classes/inventory/super_admin/EvoMaster_inventory_super_admin_faults,/home/azureuser/yas/evomaster-config/runtime-logs/classes/inventory/super_admin/EvoMaster_inventory_super_admin_faults/compile.log,/home/azureuser/yas/evomaster-config/runtime-logs/classes/inventory/super_admin/EvoMaster_inventory_super_admin_faults/compile_stdout.log,/home/azureuser/yas/evomaster-config/runtime-logs/classes/inventory/super_admin/EvoMaster_inventory_super_admin_faults/compile_stderr.log,True,True,0,,0,False,12.55,11.32,158.09,Test passed (detected via Surefire XML),/home/azureuser/yas/evomaster-config/runtime-logs/methods/inventory/super_admin/EvoMaster_inventory_super_admin_faults/test_20_deleteOnWarehousReturnsMismatchResponseWithSchema,/home/azureuser/yas/evomaster-config/runtime-logs/methods/inventory/super_admin/EvoMaster_inventory_super_admin_faults/test_20_deleteOnWarehousReturnsMismatchResponseWithSchema/run.log,/home/azureuser/yas/evomaster-config/runtime-logs/methods/inventory/super_admin/EvoMaster_inventory_super_admin_faults/test_20_deleteOnWarehousReturnsMismatchResponseWithSchema/run_stdout.log,/home/azureuser/yas/evomaster-config/runtime-logs/methods/inventory/super_admin/EvoMaster_inventory_super_admin_faults/test_20_deleteOnWarehousReturnsMismatchResponseWithSchema/run_stderr.log
inventory,super_admin,EvoMaster_inventory_super_admin_faults.java,EvoMaster_inventory_super_admin_faults,test_21_deleteOnWarehousReturnsMismatchResponseWithSchema,False,1,403,/inventory/backoffice/warehouses/{id},DELETE,403,.statusCode(403) .assertThat(),5,".delete(baseUrlOfSut + ""/inventory/backoffice/warehouses/100447447"")",,,faults,/home/azureuser/yas/evomaster-config/generated-tests/blackbox/inventory/super_admin/EvoMaster_inventory_super_admin_faults.java,21,6,True,0,,0,0,,100.0,0,0,0,0,0,0,False,,/home/azureuser/yas/evomaster-config/runtime-logs/classes/inventory/super_admin/EvoMaster_inventory_super_admin_faults,/home/azureuser/yas/evomaster-config/runtime-logs/classes/inventory/super_admin/EvoMaster_inventory_super_admin_faults/compile.log,/home/azureuser/yas/evomaster-config/runtime-logs/classes/inventory/super_admin/EvoMaster_inventory_super_admin_faults/compile_stdout.log,/home/azureuser/yas/evomaster-config/runtime-logs/classes/inventory/super_admin/EvoMaster_inventory_super_admin_faults/compile_stderr.log,True,True,0,,0,False,14.55,11.35,161.82,Test passed (detected via Surefire XML),/home/azureuser/yas/evomaster-config/runtime-logs/methods/inventory/super_admin/EvoMaster_inventory_super_admin_faults/test_21_deleteOnWarehousReturnsMismatchResponseWithSchema,/home/azureuser/yas/evomaster-config/runtime-logs/methods/inventory/super_admin/EvoMaster_inventory_super_admin_faults/test_21_deleteOnWarehousReturnsMismatchResponseWithSchema/run.log,/home/azureuser/yas/evomaster-config/runtime-logs/methods/inventory/super_admin/EvoMaster_inventory_super_admin_faults/test_21_deleteOnWarehousReturnsMismatchResponseWithSchema/run_stdout.log,/home/azureuser/yas/evomaster-config/runtime-logs/methods/inventory/super_admin/EvoMaster_inventory_super_admin_faults/test_21_deleteOnWarehousReturnsMismatchResponseWithSchema/run_stderr.log
inventory,user,EvoMaster_inventory_user_faults.java,EvoMaster_inventory_user_faults,test_19_deleteOnWarehousReturnsMismatchResponseWithSchema,False,1,403,/inventory/backoffice/warehouses/{id},DELETE,403,.statusCode(403) .assertThat(),2,".delete(baseUrlOfSut + ""/inventory/backoffice/warehouses/976"")",,".header(""Authorization"", ""Bearer eyJhbGciOiJSUzI1NiIsInR5cCIgOiAiSldUIiwia2lkIiA6ICJSclRUNWtBOHhIS3N0YWFSMmh1YTRpT0RpcFE4ek9pcjFrNGZOM3RxNFNVIn0.eyJleHAiOjE3Nzc4NDU3ODYsImlhdCI6MTc3Nzg0MjE4NiwianRpIjoiZDI5NjU2MmUtNTE1Yy00ZTIyLWFlMDQtOWQ2Y2M1NzI4NGUyIiwiaXNzIjoiaHR0cDovL2lkZW50aXR5L3JlYWxtcy9ZYXMiLCJzdWIiOiIwMTEzZmQyNy1hMDllLTQ3MjItYjFlNS01MDA3ZjU4ZjUyODgiLCJ0eXAiOiJCZWFyZXIiLCJhenAiOiJiYWNrb2ZmaWNlLWJmZiIsInNpZCI6IjFkOTI0OTNjLTU0OWItNGRkNi1iYWJmLTY4NGIxYWUwZDkyMyIsInJlYWxtX2FjY2VzcyI6eyJyb2xlcyI6WyJVU0VSIl19LCJzY29wZSI6ImVtYWlsIHByb2ZpbGUiLCJlbWFpbF92ZXJpZmllZCI6ZmFsc2UsInByZWZlcnJlZF91c2VybmFtZSI6InVzZXJfcm9sZSJ9.NMw22KQUwBJB3Mg0h3lJIKOXoKO3AlRBOmboIzEog8QNxhnw6CHBOZNRKaJ4Cups5ShBtVjw40oR3iGBiebM6iGWWu2rGYuey9myxf_xxcVF7TzutwuYBcKjf_BkrowShAzB8EqgVzkXdaAVA97igWyp4W9FIwuEjQfm2t7oVQ9z8WekNiXeAqV9Z9t0C6r2S9J47mAjgeUJv78vVDqjITtD0BbI7_5kpJquOt-4fqqJ4lpoLcPnXp93m1heXxHX95eN5GWkiBbLN08dBARJ6JsWzh3wE1eQvWcspP0ieG0dOve24EBEE00RTnpUTJkBt3Gd_uuW0fVaKPRp3eREmA"")",faults,/home/azureuser/yas/evomaster-config/generated-tests/blackbox/inventory/user/EvoMaster_inventory_user_faults.java,21,6,True,0,,0,0,,100.0,0,0,0,0,0,0,False,,/home/azureuser/yas/evomaster-config/runtime-logs/classes/inventory/user/EvoMaster_inventory_user_faults,/home/azureuser/yas/evomaster-config/runtime-logs/classes/inventory/user/EvoMaster_inventory_user_faults/compile.log,/home/azureuser/yas/evomaster-config/runtime-logs/classes/inventory/user/EvoMaster_inventory_user_faults/compile_stdout.log,/home/azureuser/yas/evomaster-config/runtime-logs/classes/inventory/user/EvoMaster_inventory_user_faults/compile_stderr.log,True,True,0,,0,False,13.05,11.54,152.9,Test passed (detected via Surefire XML),/home/azureuser/yas/evomaster-config/runtime-logs/methods/inventory/user/EvoMaster_inventory_user_faults/test_19_deleteOnWarehousReturnsMismatchResponseWithSchema,/home/azureuser/yas/evomaster-config/runtime-logs/methods/inventory/user/EvoMaster_inventory_user_faults/test_19_deleteOnWarehousReturnsMismatchResponseWithSchema/run.log,/home/azureuser/yas/evomaster-config/runtime-logs/methods/inventory/user/EvoMaster_inventory_user_faults/test_19_deleteOnWarehousReturnsMismatchResponseWithSchema/run_stdout.log,/home/azureuser/yas/evomaster-config/runtime-logs/methods/inventory/user/EvoMaster_inventory_user_faults/test_19_deleteOnWarehousReturnsMismatchResponseWithSchema/run_stderr.log
inventory,user,EvoMaster_inventory_user_faults.java,EvoMaster_inventory_user_faults,test_20_deleteOnWarehousReturnsMismatchResponseWithSchema,False,1,403,/inventory/backoffice/warehouses/{id},DELETE,403,.statusCode(403) .assertThat(),5,".delete(baseUrlOfSut + ""/inventory/backoffice/warehouses/358"")",,,faults,/home/azureuser/yas/evomaster-config/generated-tests/blackbox/inventory/user/EvoMaster_inventory_user_faults.java,21,6,True,0,,0,0,,100.0,0,0,0,0,0,0,False,,/home/azureuser/yas/evomaster-config/runtime-logs/classes/inventory/user/EvoMaster_inventory_user_faults,/home/azureuser/yas/evomaster-config/runtime-logs/classes/inventory/user/EvoMaster_inventory_user_faults/compile.log,/home/azureuser/yas/evomaster-config/runtime-logs/classes/inventory/user/EvoMaster_inventory_user_faults/compile_stdout.log,/home/azureuser/yas/evomaster-config/runtime-logs/classes/inventory/user/EvoMaster_inventory_user_faults/compile_stderr.log,True,True,0,,0,False,14.04,11.32,160.35,Test passed (detected via Surefire XML),/home/azureuser/yas/evomaster-config/runtime-logs/methods/inventory/user/EvoMaster_inventory_user_faults/test_20_deleteOnWarehousReturnsMismatchResponseWithSchema,/home/azureuser/yas/evomaster-config/runtime-logs/methods/inventory/user/EvoMaster_inventory_user_faults/test_20_deleteOnWarehousReturnsMismatchResponseWithSchema/run.log,/home/azureuser/yas/evomaster-config/runtime-logs/methods/inventory/user/EvoMaster_inventory_user_faults/test_20_deleteOnWarehousReturnsMismatchResponseWithSchema/run_stdout.log,/home/azureuser/yas/evomaster-config/runtime-logs/methods/inventory/user/EvoMaster_inventory_user_faults/test_20_deleteOnWarehousReturnsMismatchResponseWithSchema/run_stderr.log
location,admin_only,EvoMaster_location_admin_only_faults.java,EvoMaster_location_admin_only_faults,test_14_putOnState_or_provincReturnsMismatchResponseWithSchema,False,1,403,/location/backoffice/state-or-provinces/{id},PUT,403,.statusCode(403) .assertThat(),5,".put(baseUrlOfSut + ""/location/backoffice/state-or-provinces/255"")",".body("" { "" + 
                    "" \""name\"": \""LO6g4qZ_aT9UzEr\"" "" + 
                    "" } "")",,faults,/home/azureuser/yas/evomaster-config/generated-tests/blackbox/location/admin_only/EvoMaster_location_admin_only_faults.java,21,6,True,0,,0,0,,100.0,0,0,0,0,0,0,False,,/home/azureuser/yas/evomaster-config/runtime-logs/classes/location/admin_only/EvoMaster_location_admin_only_faults,/home/azureuser/yas/evomaster-config/runtime-logs/classes/location/admin_only/EvoMaster_location_admin_only_faults/compile.log,/home/azureuser/yas/evomaster-config/runtime-logs/classes/location/admin_only/EvoMaster_location_admin_only_faults/compile_stdout.log,/home/azureuser/yas/evomaster-config/runtime-logs/classes/location/admin_only/EvoMaster_location_admin_only_faults/compile_stderr.log,True,True,0,,0,False,14.55,11.35,155.14,Test passed (detected via Surefire XML),/home/azureuser/yas/evomaster-config/runtime-logs/methods/location/admin_only/EvoMaster_location_admin_only_faults/test_14_putOnState_or_provincReturnsMismatchResponseWithSchema,/home/azureuser/yas/evomaster-config/runtime-logs/methods/location/admin_only/EvoMaster_location_admin_only_faults/test_14_putOnState_or_provincReturnsMismatchResponseWithSchema/run.log,/home/azureuser/yas/evomaster-config/runtime-logs/methods/location/admin_only/EvoMaster_location_admin_only_faults/test_14_putOnState_or_provincReturnsMismatchResponseWithSchema/run_stdout.log,/home/azureuser/yas/evomaster-config/runtime-logs/methods/location/admin_only/EvoMaster_location_admin_only_faults/test_14_putOnState_or_provincReturnsMismatchResponseWithSchema/run_stderr.log
location,admin_only,EvoMaster_location_admin_only_others.java,EvoMaster_location_admin_only_others,test_6_putOnState_or_provincReturns404,False,1,404,/location/backoffice/state-or-provinces/{id},PUT,404,.statusCode(404) .assertThat(),6,".put(baseUrlOfSut + ""/location/backoffice/state-or-provinces/873"")",".body("" { "" + 
                    "" \""name\"": \""c\"", "" + 
                    "" \""code\"": \""v8DRWC\"" "" + 
                    "" } "")",".header(""Authorization"", ""Bearer eyJhbGciOiJSUzI1NiIsInR5cCIgOiAiSldUIiwia2lkIiA6ICJSclRUNWtBOHhIS3N0YWFSMmh1YTRpT0RpcFE4ek9pcjFrNGZOM3RxNFNVIn0.eyJleHAiOjE3Nzc4NDU3NzYsImlhdCI6MTc3Nzg0MjE3NiwianRpIjoiMTg2OWYyMDItNzY5Ni00MWE4LWI4NTUtMWRkNjJjMzY0ZGNlIiwiaXNzIjoiaHR0cDovL2lkZW50aXR5L3JlYWxtcy9ZYXMiLCJzdWIiOiJlY2RlODFiYy00MTgwLTQ2ZWMtOTBlZi02NmIxNDVkOWQyMmMiLCJ0eXAiOiJCZWFyZXIiLCJhenAiOiJiYWNrb2ZmaWNlLWJmZiIsInNpZCI6IjVlOGY3MzJhLTg1YjAtNGM5NC04YjgwLTE2YTQ4MjhmMDllNiIsInJlYWxtX2FjY2VzcyI6eyJyb2xlcyI6WyJBRE1JTiJdfSwic2NvcGUiOiJlbWFpbCBwcm9maWxlIiwiZW1haWxfdmVyaWZpZWQiOmZhbHNlLCJwcmVmZXJyZWRfdXNlcm5hbWUiOiJhZG1pbl9vbmx5In0.Ofhfi5dXziLPI6rHDSdNE0jfjaZtpcQgp0XXPh7M2AHBHRdrgjib-GEGSaGZ4h5gLWWKFJ0C5lyPAcKWxZI1T-ETefso-_DSrOMjNvBdEoPOgu3_2G8N58vKrml-xa7znFBBYti-VIg6h-sjIjVfqsWOV-ULqmvrvpt54h3S_EQwM03hAGZsbmGJ0pd_I9hXuELW9DVHDRtvriJ7cqmI2nbD_gJ7HJTjJcj9oZ69VO5PAsSIK1Fx515i6dNvurErM67TGpORa8yIbGYHQNv6XFxXEB7vfShRTtsYAgMlxNTNROMQWkJG4tavCbnfr0Yrdhd2qt6ciZHTnNOS407CKA"")",others,/home/azureuser/yas/evomaster-config/generated-tests/blackbox/location/admin_only/EvoMaster_location_admin_only_others.java,21,6,True,0,,0,0,,100.0,0,0,0,0,0,0,False,,/home/azureuser/yas/evomaster-config/runtime-logs/classes/location/admin_only/EvoMaster_location_admin_only_others,/home/azureuser/yas/evomaster-config/runtime-logs/classes/location/admin_only/EvoMaster_location_admin_only_others/compile.log,/home/azureuser/yas/evomaster-config/runtime-logs/classes/location/admin_only/EvoMaster_location_admin_only_others/compile_stdout.log,/home/azureuser/yas/evomaster-config/runtime-logs/classes/location/admin_only/EvoMaster_location_admin_only_others/compile_stderr.log,True,True,0,,0,False,14.55,11.13,149.1,Test passed (detected via Surefire XML),/home/azureuser/yas/evomaster-config/runtime-logs/methods/location/admin_only/EvoMaster_location_admin_only_others/test_6_putOnState_or_provincReturns404,/home/azureuser/yas/evomaster-config/runtime-logs/methods/location/admin_only/EvoMaster_location_admin_only_others/test_6_putOnState_or_provincReturns404/run.log,/home/azureuser/yas/evomaster-config/runtime-logs/methods/location/admin_only/EvoMaster_location_admin_only_others/test_6_putOnState_or_provincReturns404/run_stdout.log,/home/azureuser/yas/evomaster-config/runtime-logs/methods/location/admin_only/EvoMaster_location_admin_only_others/test_6_putOnState_or_provincReturns404/run_stderr.log
location,customer,EvoMaster_location_customer_faults.java,EvoMaster_location_customer_faults,test_24_putOnState_or_provincReturnsMismatchResponseWithSchema,False,1,403,/location/backoffice/state-or-provinces/{id},PUT,403,.statusCode(403) .assertThat(),2,".put(baseUrlOfSut + ""/location/backoffice/state-or-provinces/-1367973247"")",".body("" { "" + 
                    "" \""countryId\"": 218 "" + 
                    "" } "")",".header(""Authorization"", ""Bearer eyJhbGciOiJSUzI1NiIsInR5cCIgOiAiSldUIiwia2lkIiA6ICJSclRUNWtBOHhIS3N0YWFSMmh1YTRpT0RpcFE4ek9pcjFrNGZOM3RxNFNVIn0.eyJleHAiOjE3Nzc4NDU3ODEsImlhdCI6MTc3Nzg0MjE4MSwianRpIjoiNjg1ZjNmMGYtZmNjNy00YzgyLWFhY2EtNmRiM2NmNmMxNzExIiwiaXNzIjoiaHR0cDovL2lkZW50aXR5L3JlYWxtcy9ZYXMiLCJzdWIiOiI0Yjg1MzdlZC1mZTg4LTQ3MGQtYmFkNS0wZjQ5Y2E2Zjg5NjAiLCJ0eXAiOiJCZWFyZXIiLCJhenAiOiJiYWNrb2ZmaWNlLWJmZiIsInNpZCI6IjFhMmM5ZGEwLTYwNzAtNGZiZS1iMjc1LWM4OGRhMjkxMjFhMiIsInJlYWxtX2FjY2VzcyI6eyJyb2xlcyI6WyJkZWZhdWx0LXJvbGVzLXlhcyIsIm9mZmxpbmVfYWNjZXNzIiwiQ1VTVE9NRVIiLCJ1bWFfYXV0aG9yaXphdGlvbiJdfSwic2NvcGUiOiJlbWFpbCBwcm9maWxlIiwiZW1haWxfdmVyaWZpZWQiOmZhbHNlLCJwcmVmZXJyZWRfdXNlcm5hbWUiOiJ1c2VyIn0.TeQJFrMOUKmKVNOvGDlzQuVam3S9YoyUrAJ7sJF4RWL5pGgwK7TxtnbTguuQU9cf9avttKrL8a6clTT3OZmjdpZZ2CXAI2EJjYLQqo2JMeshkSR1i98DtLx4MZCR3Dy3sjxJ_jzOp4EYlPYadVvIz_Rujz-6j7GCBy5J9GXn5FED2_sRbYu1N0vwO8Z3pXv27DRehj5qUjsQ82NExHHDFCEEQYnnDUdsIYhmNf1VKkWsbhHYEHoVguoi9akJtMW1WhCKJyekRuCaAoRCM7gZpCpmmm55F1FyMZ2kegpqv2N1vcmC0MXrVuaOsUo__AvCUvKOjU5lfF_yhfNBbmLYmQ"")",faults,/home/azureuser/yas/evomaster-config/generated-tests/blackbox/location/customer/EvoMaster_location_customer_faults.java,21,6,True,0,,0,0,,100.0,0,0,0,0,0,0,False,,/home/azureuser/yas/evomaster-config/runtime-logs/classes/location/customer/EvoMaster_location_customer_faults,/home/azureuser/yas/evomaster-config/runtime-logs/classes/location/customer/EvoMaster_location_customer_faults/compile.log,/home/azureuser/yas/evomaster-config/runtime-logs/classes/location/customer/EvoMaster_location_customer_faults/compile_stdout.log,/home/azureuser/yas/evomaster-config/runtime-logs/classes/location/customer/EvoMaster_location_customer_faults/compile_stderr.log,True,True,0,,0,False,13.04,11.27,152.73,Test passed (detected via Surefire XML),/home/azureuser/yas/evomaster-config/runtime-logs/methods/location/customer/EvoMaster_location_customer_faults/test_24_putOnState_or_provincReturnsMismatchResponseWithSchema,/home/azureuser/yas/evomaster-config/runtime-logs/methods/location/customer/EvoMaster_location_customer_faults/test_24_putOnState_or_provincReturnsMismatchResponseWithSchema/run.log,/home/azureuser/yas/evomaster-config/runtime-logs/methods/location/customer/EvoMaster_location_customer_faults/test_24_putOnState_or_provincReturnsMismatchResponseWithSchema/run_stdout.log,/home/azureuser/yas/evomaster-config/runtime-logs/methods/location/customer/EvoMaster_location_customer_faults/test_24_putOnState_or_provincReturnsMismatchResponseWithSchema/run_stderr.log
location,customer,EvoMaster_location_customer_faults.java,EvoMaster_location_customer_faults,test_27_putOnState_or_provincReturnsMismatchResponseWithSchema,False,1,403,/location/backoffice/state-or-provinces/{id},PUT,403,.statusCode(403) .assertThat(),5,".put(baseUrlOfSut + ""/location/backoffice/state-or-provinces/-7492523033693355441"")",".body("" { "" + 
                    "" \""name\"": \""81S75GBdCCzsC\"" "" + 
                    "" } "")",,faults,/home/azureuser/yas/evomaster-config/generated-tests/blackbox/location/customer/EvoMaster_location_customer_faults.java,21,6,True,0,,0,0,,100.0,0,0,0,0,0,0,False,,/home/azureuser/yas/evomaster-config/runtime-logs/classes/location/customer/EvoMaster_location_customer_faults,/home/azureuser/yas/evomaster-config/runtime-logs/classes/location/customer/EvoMaster_location_customer_faults/compile.log,/home/azureuser/yas/evomaster-config/runtime-logs/classes/location/customer/EvoMaster_location_customer_faults/compile_stdout.log,/home/azureuser/yas/evomaster-config/runtime-logs/classes/location/customer/EvoMaster_location_customer_faults/compile_stderr.log,True,True,0,,0,False,14.55,11.28,160.15,Test passed (detected via Surefire XML),/home/azureuser/yas/evomaster-config/runtime-logs/methods/location/customer/EvoMaster_location_customer_faults/test_27_putOnState_or_provincReturnsMismatchResponseWithSchema,/home/azureuser/yas/evomaster-config/runtime-logs/methods/location/customer/EvoMaster_location_customer_faults/test_27_putOnState_or_provincReturnsMismatchResponseWithSchema/run.log,/home/azureuser/yas/evomaster-config/runtime-logs/methods/location/customer/EvoMaster_location_customer_faults/test_27_putOnState_or_provincReturnsMismatchResponseWithSchema/run_stdout.log,/home/azureuser/yas/evomaster-config/runtime-logs/methods/location/customer/EvoMaster_location_customer_faults/test_27_putOnState_or_provincReturnsMismatchResponseWithSchema/run_stderr.log
location,none,EvoMaster_location_none_faults.java,EvoMaster_location_none_faults,test_12_putOnState_or_provincReturnsMismatchResponseWithSchema,False,1,403,/location/backoffice/state-or-provinces/{id},PUT,403,.statusCode(403) .assertThat(),5,".put(baseUrlOfSut + ""/location/backoffice/state-or-provinces/708"")",".body("" { "" + 
                    "" \""name\"": \""hhDr\"", "" + 
                    "" \""type\"": \""e\"", "" + 
                    "" \""countryId\"": -7650224926145167614 "" + 
                    "" } "")",,faults,/home/azureuser/yas/evomaster-config/generated-tests/blackbox/location/none/EvoMaster_location_none_faults.java,21,6,True,0,,0,0,,100.0,0,0,0,0,0,0,False,,/home/azureuser/yas/evomaster-config/runtime-logs/classes/location/none/EvoMaster_location_none_faults,/home/azureuser/yas/evomaster-config/runtime-logs/classes/location/none/EvoMaster_location_none_faults/compile.log,/home/azureuser/yas/evomaster-config/runtime-logs/classes/location/none/EvoMaster_location_none_faults/compile_stdout.log,/home/azureuser/yas/evomaster-config/runtime-logs/classes/location/none/EvoMaster_location_none_faults/compile_stderr.log,True,True,0,,0,False,14.04,11.14,153.73,Test passed (detected via Surefire XML),/home/azureuser/yas/evomaster-config/runtime-logs/methods/location/none/EvoMaster_location_none_faults/test_12_putOnState_or_provincReturnsMismatchResponseWithSchema,/home/azureuser/yas/evomaster-config/runtime-logs/methods/location/none/EvoMaster_location_none_faults/test_12_putOnState_or_provincReturnsMismatchResponseWithSchema/run.log,/home/azureuser/yas/evomaster-config/runtime-logs/methods/location/none/EvoMaster_location_none_faults/test_12_putOnState_or_provincReturnsMismatchResponseWithSchema/run_stdout.log,/home/azureuser/yas/evomaster-config/runtime-logs/methods/location/none/EvoMaster_location_none_faults/test_12_putOnState_or_provincReturnsMismatchResponseWithSchema/run_stderr.log
location,super_admin,EvoMaster_location_super_admin_faults.java,EvoMaster_location_super_admin_faults,test_23_putOnState_or_provincReturnsMismatchResponseWithSchema,False,1,403,/location/backoffice/state-or-provinces/{id},PUT,403,.statusCode(403) .assertThat(),2,".put(baseUrlOfSut + ""/location/backoffice/state-or-provinces/274"")",".body("" { "" + 
                    "" \""name\"": \""DQr\"", "" + 
                    "" \""code\"": \""b5osrwVmHo\"", "" + 
                    "" \""countryId\"": 709 "" + 
                    "" } "")",".header(""Authorization"", ""Bearer eyJhbGciOiJSUzI1NiIsInR5cCIgOiAiSldUIiwia2lkIiA6ICJSclRUNWtBOHhIS3N0YWFSMmh1YTRpT0RpcFE4ek9pcjFrNGZOM3RxNFNVIn0.eyJleHAiOjE3Nzc4NDU3NjQsImlhdCI6MTc3Nzg0MjE2NCwianRpIjoiOTEwODhlNDEtYjc1Mi00ZGI5LTgzYzktMmE5MTU4MTQwYTY2IiwiaXNzIjoiaHR0cDovL2lkZW50aXR5L3JlYWxtcy9ZYXMiLCJzdWIiOiI3MDQyZWE5ZS1hNzg0LTQxZjQtYTkzNi1kOGUxNTk5ODlmZjUiLCJ0eXAiOiJCZWFyZXIiLCJhenAiOiJiYWNrb2ZmaWNlLWJmZiIsInNpZCI6IjExMDljMGQyLTFlOTctNGM5OC1hNTQxLWIzNmYwZmM3Yjc2ZCIsInJlYWxtX2FjY2VzcyI6eyJyb2xlcyI6WyJTVVBFUi1BRE1JTiJdfSwic2NvcGUiOiJlbWFpbCBwcm9maWxlIiwiZW1haWxfdmVyaWZpZWQiOmZhbHNlLCJwcmVmZXJyZWRfdXNlcm5hbWUiOiJzdXBlcl9hZG1pbiJ9.iMNTiEVuHcjs3U-dKQ9vks1W4Rh58vuoZKxLYJpKgFq4f8HnJu_nawUjFB2eC3AvjR5T5Rf3cT1HF1osaKDQ6juN-Mw5CAqnCXMh5xwChE_MwwZQUgltRjoDYz5oRbHXMy0zM5dRgxdoMUru4W6Bf9M6wvogfAJZ9_ZsLye84TPhzUpLMa77LEclGY_IQ4Ntt8XqW1zVxPz_cvR5TFYH1ws7IAlgdMCWfwUWeYjYQjZFCM-LqXaBUbTCvUNFOcgY3Ixz_cv0n6HpqdmU8tt9-DJO7_UG0JPKeSyob_UvvmiwMZ7-n7Aofuy1odfl7EJJrWOzLVuE0mdNW2lMaNpErA"")",faults,/home/azureuser/yas/evomaster-config/generated-tests/blackbox/location/super_admin/EvoMaster_location_super_admin_faults.java,21,6,True,0,,0,0,,100.0,0,0,0,0,0,0,False,,/home/azureuser/yas/evomaster-config/runtime-logs/classes/location/super_admin/EvoMaster_location_super_admin_faults,/home/azureuser/yas/evomaster-config/runtime-logs/classes/location/super_admin/EvoMaster_location_super_admin_faults/compile.log,/home/azureuser/yas/evomaster-config/runtime-logs/classes/location/super_admin/EvoMaster_location_super_admin_faults/compile_stdout.log,/home/azureuser/yas/evomaster-config/runtime-logs/classes/location/super_admin/EvoMaster_location_super_admin_faults/compile_stderr.log,True,True,0,,0,False,13.04,11.42,157.24,Test passed (detected via Surefire XML),/home/azureuser/yas/evomaster-config/runtime-logs/methods/location/super_admin/EvoMaster_location_super_admin_faults/test_23_putOnState_or_provincReturnsMismatchResponseWithSchema,/home/azureuser/yas/evomaster-config/runtime-logs/methods/location/super_admin/EvoMaster_location_super_admin_faults/test_23_putOnState_or_provincReturnsMismatchResponseWithSchema/run.log,/home/azureuser/yas/evomaster-config/runtime-logs/methods/location/super_admin/EvoMaster_location_super_admin_faults/test_23_putOnState_or_provincReturnsMismatchResponseWithSchema/run_stdout.log,/home/azureuser/yas/evomaster-config/runtime-logs/methods/location/super_admin/EvoMaster_location_super_admin_faults/test_23_putOnState_or_provincReturnsMismatchResponseWithSchema/run_stderr.log
location,super_admin,EvoMaster_location_super_admin_faults.java,EvoMaster_location_super_admin_faults,test_26_putOnState_or_provincReturnsMismatchResponseWithSchema,False,1,403,/location/backoffice/state-or-provinces/{id},PUT,403,.statusCode(403) .assertThat(),5,".put(baseUrlOfSut + ""/location/backoffice/state-or-provinces/659"")",".body("" { "" + 
                    "" \""name\"": \""bGedfO\"", "" + 
                    "" \""code\"": \""yWTQEFujHCvpaur\"", "" + 
                    "" \""type\"": \""i4qvDXmXdvU9\"", "" + 
                    "" \""countryId\"": 754 "" + 
                    "" } "")",,faults,/home/azureuser/yas/evomaster-config/generated-tests/blackbox/location/super_admin/EvoMaster_location_super_admin_faults.java,21,6,True,0,,0,0,,100.0,0,0,0,0,0,0,False,,/home/azureuser/yas/evomaster-config/runtime-logs/classes/location/super_admin/EvoMaster_location_super_admin_faults,/home/azureuser/yas/evomaster-config/runtime-logs/classes/location/super_admin/EvoMaster_location_super_admin_faults/compile.log,/home/azureuser/yas/evomaster-config/runtime-logs/classes/location/super_admin/EvoMaster_location_super_admin_faults/compile_stdout.log,/home/azureuser/yas/evomaster-config/runtime-logs/classes/location/super_admin/EvoMaster_location_super_admin_faults/compile_stderr.log,True,True,0,,0,False,15.06,11.88,163.38,Test passed (detected via Surefire XML),/home/azureuser/yas/evomaster-config/runtime-logs/methods/location/super_admin/EvoMaster_location_super_admin_faults/test_26_putOnState_or_provincReturnsMismatchResponseWithSchema,/home/azureuser/yas/evomaster-config/runtime-logs/methods/location/super_admin/EvoMaster_location_super_admin_faults/test_26_putOnState_or_provincReturnsMismatchResponseWithSchema/run.log,/home/azureuser/yas/evomaster-config/runtime-logs/methods/location/super_admin/EvoMaster_location_super_admin_faults/test_26_putOnState_or_provincReturnsMismatchResponseWithSchema/run_stdout.log,/home/azureuser/yas/evomaster-config/runtime-logs/methods/location/super_admin/EvoMaster_location_super_admin_faults/test_26_putOnState_or_provincReturnsMismatchResponseWithSchema/run_stderr.log
location,user,EvoMaster_location_user_faults.java,EvoMaster_location_user_faults,test_23_putOnState_or_provincReturnsMismatchResponseWithSchema,False,1,403,/location/backoffice/state-or-provinces/{id},PUT,403,.statusCode(403) .assertThat(),2,".put(baseUrlOfSut + ""/location/backoffice/state-or-provinces/787"")",".body("" { "" + 
                    "" \""name\"": \""YKuvZzG_\"", "" + 
                    "" \""code\"": \""ic2gFuDjwu\"" "" + 
                    "" } "")",".header(""Authorization"", ""Bearer eyJhbGciOiJSUzI1NiIsInR5cCIgOiAiSldUIiwia2lkIiA6ICJSclRUNWtBOHhIS3N0YWFSMmh1YTRpT0RpcFE4ek9pcjFrNGZOM3RxNFNVIn0.eyJleHAiOjE3Nzc4NDU3ODYsImlhdCI6MTc3Nzg0MjE4NiwianRpIjoiZDI5NjU2MmUtNTE1Yy00ZTIyLWFlMDQtOWQ2Y2M1NzI4NGUyIiwiaXNzIjoiaHR0cDovL2lkZW50aXR5L3JlYWxtcy9ZYXMiLCJzdWIiOiIwMTEzZmQyNy1hMDllLTQ3MjItYjFlNS01MDA3ZjU4ZjUyODgiLCJ0eXAiOiJCZWFyZXIiLCJhenAiOiJiYWNrb2ZmaWNlLWJmZiIsInNpZCI6IjFkOTI0OTNjLTU0OWItNGRkNi1iYWJmLTY4NGIxYWUwZDkyMyIsInJlYWxtX2FjY2VzcyI6eyJyb2xlcyI6WyJVU0VSIl19LCJzY29wZSI6ImVtYWlsIHByb2ZpbGUiLCJlbWFpbF92ZXJpZmllZCI6ZmFsc2UsInByZWZlcnJlZF91c2VybmFtZSI6InVzZXJfcm9sZSJ9.NMw22KQUwBJB3Mg0h3lJIKOXoKO3AlRBOmboIzEog8QNxhnw6CHBOZNRKaJ4Cups5ShBtVjw40oR3iGBiebM6iGWWu2rGYuey9myxf_xxcVF7TzutwuYBcKjf_BkrowShAzB8EqgVzkXdaAVA97igWyp4W9FIwuEjQfm2t7oVQ9z8WekNiXeAqV9Z9t0C6r2S9J47mAjgeUJv78vVDqjITtD0BbI7_5kpJquOt-4fqqJ4lpoLcPnXp93m1heXxHX95eN5GWkiBbLN08dBARJ6JsWzh3wE1eQvWcspP0ieG0dOve24EBEE00RTnpUTJkBt3Gd_uuW0fVaKPRp3eREmA"")",faults,/home/azureuser/yas/evomaster-config/generated-tests/blackbox/location/user/EvoMaster_location_user_faults.java,21,6,True,0,,0,0,,100.0,0,0,0,0,0,0,False,,/home/azureuser/yas/evomaster-config/runtime-logs/classes/location/user/EvoMaster_location_user_faults,/home/azureuser/yas/evomaster-config/runtime-logs/classes/location/user/EvoMaster_location_user_faults/compile.log,/home/azureuser/yas/evomaster-config/runtime-logs/classes/location/user/EvoMaster_location_user_faults/compile_stdout.log,/home/azureuser/yas/evomaster-config/runtime-logs/classes/location/user/EvoMaster_location_user_faults/compile_stderr.log,True,True,0,,0,False,13.05,11.44,151.88,Test passed (detected via Surefire XML),/home/azureuser/yas/evomaster-config/runtime-logs/methods/location/user/EvoMaster_location_user_faults/test_23_putOnState_or_provincReturnsMismatchResponseWithSchema,/home/azureuser/yas/evomaster-config/runtime-logs/methods/location/user/EvoMaster_location_user_faults/test_23_putOnState_or_provincReturnsMismatchResponseWithSchema/run.log,/home/azureuser/yas/evomaster-config/runtime-logs/methods/location/user/EvoMaster_location_user_faults/test_23_putOnState_or_provincReturnsMismatchResponseWithSchema/run_stdout.log,/home/azureuser/yas/evomaster-config/runtime-logs/methods/location/user/EvoMaster_location_user_faults/test_23_putOnState_or_provincReturnsMismatchResponseWithSchema/run_stderr.log
location,user,EvoMaster_location_user_faults.java,EvoMaster_location_user_faults,test_26_putOnState_or_provincReturnsMismatchResponseWithSchema,False,1,403,/location/backoffice/state-or-provinces/{id},PUT,403,.statusCode(403) .assertThat(),5,".put(baseUrlOfSut + ""/location/backoffice/state-or-provinces/372"")",".body("" { "" + 
                    "" \""code\"": \""_z7JrFaraVK\"", "" + 
                    "" \""type\"": \""qmHrMFAFFlagpJY\"", "" + 
                    "" \""countryId\"": 669 "" + 
                    "" } "")",,faults,/home/azureuser/yas/evomaster-config/generated-tests/blackbox/location/user/EvoMaster_location_user_faults.java,21,6,True,0,,0,0,,100.0,0,0,0,0,0,0,False,,/home/azureuser/yas/evomaster-config/runtime-logs/classes/location/user/EvoMaster_location_user_faults,/home/azureuser/yas/evomaster-config/runtime-logs/classes/location/user/EvoMaster_location_user_faults/compile.log,/home/azureuser/yas/evomaster-config/runtime-logs/classes/location/user/EvoMaster_location_user_faults/compile_stdout.log,/home/azureuser/yas/evomaster-config/runtime-logs/classes/location/user/EvoMaster_location_user_faults/compile_stderr.log,True,True,0,,0,False,14.05,11.31,161.42,Test passed (detected via Surefire XML),/home/azureuser/yas/evomaster-config/runtime-logs/methods/location/user/EvoMaster_location_user_faults/test_26_putOnState_or_provincReturnsMismatchResponseWithSchema,/home/azureuser/yas/evomaster-config/runtime-logs/methods/location/user/EvoMaster_location_user_faults/test_26_putOnState_or_provincReturnsMismatchResponseWithSchema/run.log,/home/azureuser/yas/evomaster-config/runtime-logs/methods/location/user/EvoMaster_location_user_faults/test_26_putOnState_or_provincReturnsMismatchResponseWithSchema/run_stdout.log,/home/azureuser/yas/evomaster-config/runtime-logs/methods/location/user/EvoMaster_location_user_faults/test_26_putOnState_or_provincReturnsMismatchResponseWithSchema/run_stderr.log
product,admin_only,EvoMaster_product_admin_only_faults.java,EvoMaster_product_admin_only_faults,test_3_postOnProductsCauses500_internalServerError,False,1,500,/product/backoffice/products,POST,500,.statusCode(500) .assertThat(),6,".post(baseUrlOfSut + ""/product/backoffice/products"")",".body("" { "" + 
                    "" \""name\"": \""AgNy6EjKIkNm\"", "" + 
                    "" \""slug\"": \""eprin\"", "" + 
                    "" \""shortDescription\"": \""knGnZvds\"", "" + 
                    "" \""description\"": \""u4vTLIe\"", "" + 
                    "" \""specification\"": \""yrUSc9iYakfE\"", "" + 
                    "" \""sku\"": \""e7sxUO\"", "" + 
                    "" \""dimensionUnit\"": \""CM\"", "" + 
                    "" \""width\"": 0.5044459676325181, "" + 
                    "" \""height\"": 0.5938528927426374, "" + 
                    "" \""price\"": 0.34817432460969, "" + 
                    "" \""isAllowedToOrder\"": false, "" + 
                    "" \""isPublished\"": false, "" + 
                    "" \""stockTrackingEnabled\"": true, "" + 
                    "" \""thumbnailMediaId\"": 524, "" + 
                    "" \""productImageIds\"": [], "" + 
                    "" \""variations\"": [ "" + 
                    "" { "" + 
                    "" \""name\"": \""nDZs7D_5\"", "" + 
                    "" \""slug\"": \""nRoBhAKyDR5qS\"", "" + 
                    "" \""sku\"": \""EQZNvwY4YL\"", "" + 
                    "" \""gtin\"": \""\"", "" + 
                    "" \""thumbnailMediaId\"": 779, "" + 
                    "" \""optionValuesByOptionId\"": { "" + 
                    "" \""qI9IGLeLohtwXcc\"": \""Iul4\"", "" + 
                    "" \""xDJc23ZvRvBWVzkb\"": \""jADAPE\"", "" + 
                    "" \""7r\"": \""fX\"", "" + 
                    "" \""\"": \""6laHk9m6_6xU\"", "" + 
                    "" \""lq\"": \""y5n_8TjJR8r\"" "" + 
                    "" } "" + 
                    "" } "" + 
                    "" ], "" + 
                    "" \""productOptionValueDisplays\"": [ "" + 
                    "" { "" + 
                    "" \""productOptionId\"": 544, "" + 
                    "" \""value\"": \""JlmglIdE0aCAt66\"" "" + 
                    "" }, "" + 
                    "" { "" + 
                    "" \""displayType\"": \""qZqYSx\"", "" + 
                    "" \""displayOrder\"": 940, "" + 
                    "" \""value\"": \""KpnHfH6\"" "" + 
                    "" }, "" + 
                    "" { "" + 
                    "" \""displayOrder\"": 219, "" + 
                    "" \""value\"": \""qZ41Ba1dUKMUZhOc\"" "" + 
                    "" }, "" + 
                    "" { "" + 
                    "" \""productOptionId\"": 980 "" + 
                    "" } "" + 
                    "" ], "" + 
                    "" \""relatedProductIds\"": [ "" + 
                    "" 814, "" + 
                    "" 377, "" + 
                    "" 973, "" + 
                    "" 125 "" + 
                    "" ] "" + 
                    "" } "")",".header(""Authorization"", ""Bearer eyJhbGciOiJSUzI1NiIsInR5cCIgOiAiSldUIiwia2lkIiA6ICJSclRUNWtBOHhIS3N0YWFSMmh1YTRpT0RpcFE4ek9pcjFrNGZOM3RxNFNVIn0.eyJleHAiOjE3Nzc4NDU3NzYsImlhdCI6MTc3Nzg0MjE3NiwianRpIjoiMTg2OWYyMDItNzY5Ni00MWE4LWI4NTUtMWRkNjJjMzY0ZGNlIiwiaXNzIjoiaHR0cDovL2lkZW50aXR5L3JlYWxtcy9ZYXMiLCJzdWIiOiJlY2RlODFiYy00MTgwLTQ2ZWMtOTBlZi02NmIxNDVkOWQyMmMiLCJ0eXAiOiJCZWFyZXIiLCJhenAiOiJiYWNrb2ZmaWNlLWJmZiIsInNpZCI6IjVlOGY3MzJhLTg1YjAtNGM5NC04YjgwLTE2YTQ4MjhmMDllNiIsInJlYWxtX2FjY2VzcyI6eyJyb2xlcyI6WyJBRE1JTiJdfSwic2NvcGUiOiJlbWFpbCBwcm9maWxlIiwiZW1haWxfdmVyaWZpZWQiOmZhbHNlLCJwcmVmZXJyZWRfdXNlcm5hbWUiOiJhZG1pbl9vbmx5In0.Ofhfi5dXziLPI6rHDSdNE0jfjaZtpcQgp0XXPh7M2AHBHRdrgjib-GEGSaGZ4h5gLWWKFJ0C5lyPAcKWxZI1T-ETefso-_DSrOMjNvBdEoPOgu3_2G8N58vKrml-xa7znFBBYti-VIg6h-sjIjVfqsWOV-ULqmvrvpt54h3S_EQwM03hAGZsbmGJ0pd_I9hXuELW9DVHDRtvriJ7cqmI2nbD_gJ7HJTjJcj9oZ69VO5PAsSIK1Fx515i6dNvurErM67TGpORa8yIbGYHQNv6XFxXEB7vfShRTtsYAgMlxNTNROMQWkJG4tavCbnfr0Yrdhd2qt6ciZHTnNOS407CKA"")",faults,/home/azureuser/yas/evomaster-config/generated-tests/blackbox/product/admin_only/EvoMaster_product_admin_only_faults.java,21,6,True,0,,0,0,,100.0,0,0,0,0,0,0,False,,/home/azureuser/yas/evomaster-config/runtime-logs/classes/product/admin_only/EvoMaster_product_admin_only_faults,/home/azureuser/yas/evomaster-config/runtime-logs/classes/product/admin_only/EvoMaster_product_admin_only_faults/compile.log,/home/azureuser/yas/evomaster-config/runtime-logs/classes/product/admin_only/EvoMaster_product_admin_only_faults/compile_stdout.log,/home/azureuser/yas/evomaster-config/runtime-logs/classes/product/admin_only/EvoMaster_product_admin_only_faults/compile_stderr.log,True,True,0,,0,False,14.55,11.5,155.11,Test passed (detected via Surefire XML),/home/azureuser/yas/evomaster-config/runtime-logs/methods/product/admin_only/EvoMaster_product_admin_only_faults/test_3_postOnProductsCauses500_internalServerError,/home/azureuser/yas/evomaster-config/runtime-logs/methods/product/admin_only/EvoMaster_product_admin_only_faults/test_3_postOnProductsCauses500_internalServerError/run.log,/home/azureuser/yas/evomaster-config/runtime-logs/methods/product/admin_only/EvoMaster_product_admin_only_faults/test_3_postOnProductsCauses500_internalServerError/run_stdout.log,/home/azureuser/yas/evomaster-config/runtime-logs/methods/product/admin_only/EvoMaster_product_admin_only_faults/test_3_postOnProductsCauses500_internalServerError/run_stderr.log
product,customer,EvoMaster_product_customer_others.java,EvoMaster_product_customer_others,test_15_postOnProductsReturns403,False,1,403,/product/backoffice/products,POST,403,.statusCode(403) .assertThat(),2,".post(baseUrlOfSut + ""/product/backoffice/products"")",".body("" { "" + 
                    "" \""name\"": \""VbGuHIXZ\"", "" + 
                    "" \""slug\"": \""eMuE\"", "" + 
                    "" \""brandId\"": 532, "" + 
                    "" \""description\"": \""iXBNR1xBGoVwUp7o\"", "" + 
                    "" \""gtin\"": \""HXvVhKEy1qf_v5\"", "" + 
                    "" \""weight\"": 0.5490376216108026, "" + 
                    "" \""length\"": 0.15955005722004112, "" + 
                    "" \""height\"": 0.05953164703294689, "" + 
                    "" \""isAllowedToOrder\"": true, "" + 
                    "" \""isPublished\"": false, "" + 
                    "" \""isFeatured\"": true, "" + 
                    "" \""stockTrackingEnabled\"": false, "" + 
                    "" \""metaTitle\"": \""da817ZE\"", "" + 
                    "" \""thumbnailMediaId\"": 2133057099823119353, "" + 
                    "" \""productImageIds\"": [ "" + 
                    "" 144, "" + 
                    "" 7097173539445193094, "" + 
                    "" 322, "" + 
                    "" 634, "" + 
                    "" 826 "" + 
                    "" ], "" + 
                    "" \""productOptionValues\"": [ "" + 
                    "" { "" + 
                    "" \""productOptionId\"": 159, "" + 
                    "" \""value\"": [ "" + 
                    "" \""OGA50fpswOEbji51\"", "" + 
                    "" \""ZZxMB\"", "" + 
                    "" \""Pi3SaN\"", "" + 
                    "" \""kMpfk1i97vIJwj\"", "" + 
                    "" \""P1C\"" "" + 
                    "" ] "" + 
                    "" }, "" + 
                    "" { "" + 
                    "" \""displayType\"": \""nvKO\"", "" + 
                    "" \""value\"": [] "" + 
                    "" } "" + 
                    "" ], "" + 
                    "" \""taxClassId\"": 992 "" + 
                    "" } "")",".header(""Authorization"", ""Bearer eyJhbGciOiJSUzI1NiIsInR5cCIgOiAiSldUIiwia2lkIiA6ICJSclRUNWtBOHhIS3N0YWFSMmh1YTRpT0RpcFE4ek9pcjFrNGZOM3RxNFNVIn0.eyJleHAiOjE3Nzc4NDU3ODEsImlhdCI6MTc3Nzg0MjE4MSwianRpIjoiNjg1ZjNmMGYtZmNjNy00YzgyLWFhY2EtNmRiM2NmNmMxNzExIiwiaXNzIjoiaHR0cDovL2lkZW50aXR5L3JlYWxtcy9ZYXMiLCJzdWIiOiI0Yjg1MzdlZC1mZTg4LTQ3MGQtYmFkNS0wZjQ5Y2E2Zjg5NjAiLCJ0eXAiOiJCZWFyZXIiLCJhenAiOiJiYWNrb2ZmaWNlLWJmZiIsInNpZCI6IjFhMmM5ZGEwLTYwNzAtNGZiZS1iMjc1LWM4OGRhMjkxMjFhMiIsInJlYWxtX2FjY2VzcyI6eyJyb2xlcyI6WyJkZWZhdWx0LXJvbGVzLXlhcyIsIm9mZmxpbmVfYWNjZXNzIiwiQ1VTVE9NRVIiLCJ1bWFfYXV0aG9yaXphdGlvbiJdfSwic2NvcGUiOiJlbWFpbCBwcm9maWxlIiwiZW1haWxfdmVyaWZpZWQiOmZhbHNlLCJwcmVmZXJyZWRfdXNlcm5hbWUiOiJ1c2VyIn0.TeQJFrMOUKmKVNOvGDlzQuVam3S9YoyUrAJ7sJF4RWL5pGgwK7TxtnbTguuQU9cf9avttKrL8a6clTT3OZmjdpZZ2CXAI2EJjYLQqo2JMeshkSR1i98DtLx4MZCR3Dy3sjxJ_jzOp4EYlPYadVvIz_Rujz-6j7GCBy5J9GXn5FED2_sRbYu1N0vwO8Z3pXv27DRehj5qUjsQ82NExHHDFCEEQYnnDUdsIYhmNf1VKkWsbhHYEHoVguoi9akJtMW1WhCKJyekRuCaAoRCM7gZpCpmmm55F1FyMZ2kegpqv2N1vcmC0MXrVuaOsUo__AvCUvKOjU5lfF_yhfNBbmLYmQ"")",others,/home/azureuser/yas/evomaster-config/generated-tests/blackbox/product/customer/EvoMaster_product_customer_others.java,21,6,True,0,,0,0,,100.0,0,0,0,0,0,0,False,,/home/azureuser/yas/evomaster-config/runtime-logs/classes/product/customer/EvoMaster_product_customer_others,/home/azureuser/yas/evomaster-config/runtime-logs/classes/product/customer/EvoMaster_product_customer_others/compile.log,/home/azureuser/yas/evomaster-config/runtime-logs/classes/product/customer/EvoMaster_product_customer_others/compile_stdout.log,/home/azureuser/yas/evomaster-config/runtime-logs/classes/product/customer/EvoMaster_product_customer_others/compile_stderr.log,True,True,0,,0,False,13.56,11.69,161.63,Test passed (detected via Surefire XML),/home/azureuser/yas/evomaster-config/runtime-logs/methods/product/customer/EvoMaster_product_customer_others/test_15_postOnProductsReturns403,/home/azureuser/yas/evomaster-config/runtime-logs/methods/product/customer/EvoMaster_product_customer_others/test_15_postOnProductsReturns403/run.log,/home/azureuser/yas/evomaster-config/runtime-logs/methods/product/customer/EvoMaster_product_customer_others/test_15_postOnProductsReturns403/run_stdout.log,/home/azureuser/yas/evomaster-config/runtime-logs/methods/product/customer/EvoMaster_product_customer_others/test_15_postOnProductsReturns403/run_stderr.log
product,none,EvoMaster_product_none_others.java,EvoMaster_product_none_others,test_16_postOnProductsReturns403,False,1,403,/product/backoffice/products,POST,403,.statusCode(403) .assertThat(),5,".post(baseUrlOfSut + ""/product/backoffice/products"")",".body("" { "" + 
                    "" \""name\"": \""T1hNbosk\"", "" + 
                    "" \""slug\"": \""L0N52M\"", "" + 
                    "" \""brandId\"": 786, "" + 
                    "" \""shortDescription\"": \""X9\"", "" + 
                    "" \""description\"": \""tjUqLcUQRWnVU3\"", "" + 
                    "" \""gtin\"": \""zrdMZOiVyig3pr\"", "" + 
                    "" \""weight\"": 0.38438290752985893, "" + 
                    "" \""length\"": 0.8409858460954487, "" + 
                    "" \""width\"": 0.6949520889589994, "" + 
                    "" \""height\"": 0.9508073003536771, "" + 
                    "" \""price\"": 0.41046382577228124, "" + 
                    "" \""isFeatured\"": true, "" + 
                    "" \""isVisibleIndividually\"": true, "" + 
                    "" \""stockTrackingEnabled\"": true, "" + 
                    "" \""metaDescription\"": \""J16M3f6kF\"", "" + 
                    "" \""productImageIds\"": [ "" + 
                    "" 163, "" + 
                    "" 103 "" + 
                    "" ], "" + 
                    "" \""productOptionValues\"": [ "" + 
                    "" { "" + 
                    "" \""displayType\"": \""xGDVp6O\"", "" + 
                    "" \""value\"": [ "" + 
                    "" \""nZpnjBjNm\"", "" + 
                    "" \""bXBay\"" "" + 
                    "" ] "" + 
                    "" }, "" + 
                    "" { "" + 
                    "" \""value\"": [ "" + 
                    "" \""Zyh5ugnJiZJGEp\"", "" + 
                    "" \""oFdcFgo3AQV\"", "" + 
                    "" \""FcUG2Ojb0mT81ul\"", "" + 
                    "" \""I6G\"" "" + 
                    "" ] "" + 
                    "" } "" + 
                    "" ], "" + 
                    "" \""relatedProductIds\"": [ "" + 
                    "" 437 "" + 
                    "" ] "" + 
                    "" } "")",,others,/home/azureuser/yas/evomaster-config/generated-tests/blackbox/product/none/EvoMaster_product_none_others.java,21,6,True,0,,0,0,,100.0,0,0,0,0,0,0,False,,/home/azureuser/yas/evomaster-config/runtime-logs/classes/product/none/EvoMaster_product_none_others,/home/azureuser/yas/evomaster-config/runtime-logs/classes/product/none/EvoMaster_product_none_others/compile.log,/home/azureuser/yas/evomaster-config/runtime-logs/classes/product/none/EvoMaster_product_none_others/compile_stdout.log,/home/azureuser/yas/evomaster-config/runtime-logs/classes/product/none/EvoMaster_product_none_others/compile_stderr.log,True,True,0,,0,False,15.04,11.94,160.85,Test passed (detected via Surefire XML),/home/azureuser/yas/evomaster-config/runtime-logs/methods/product/none/EvoMaster_product_none_others/test_16_postOnProductsReturns403,/home/azureuser/yas/evomaster-config/runtime-logs/methods/product/none/EvoMaster_product_none_others/test_16_postOnProductsReturns403/run.log,/home/azureuser/yas/evomaster-config/runtime-logs/methods/product/none/EvoMaster_product_none_others/test_16_postOnProductsReturns403/run_stdout.log,/home/azureuser/yas/evomaster-config/runtime-logs/methods/product/none/EvoMaster_product_none_others/test_16_postOnProductsReturns403/run_stderr.log
product,super_admin,EvoMaster_product_super_admin_others.java,EvoMaster_product_super_admin_others,test_15_postOnProductsReturns403,False,1,403,/product/backoffice/products,POST,403,.statusCode(403) .assertThat(),2,".post(baseUrlOfSut + ""/product/backoffice/products"")",".body("" { "" + 
                    "" \""name\"": \""HRTXJe\"", "" + 
                    "" \""slug\"": \""xhos5totOLWv_\"", "" + 
                    "" \""categoryIds\"": [ "" + 
                    "" 816, "" + 
                    "" 900 "" + 
                    "" ], "" + 
                    "" \""shortDescription\"": \""sM0cK_AWd4\"", "" + 
                    "" \""description\"": \""CI5U\"", "" + 
                    "" \""specification\"": \""Z9ezAy5SDA\"", "" + 
                    "" \""gtin\"": \""LgqbcV1\"", "" + 
                    "" \""weight\"": 0.7328075491687691, "" + 
                    "" \""height\"": 0.9292748931276373, "" + 
                    "" \""isAllowedToOrder\"": true, "" + 
                    "" \""isVisibleIndividually\"": false, "" + 
                    "" \""stockTrackingEnabled\"": false, "" + 
                    "" \""metaDescription\"": \""A8qe5OhC2qm\"", "" + 
                    "" \""thumbnailMediaId\"": 170, "" + 
                    "" \""productImageIds\"": [], "" + 
                    "" \""variations\"": [ "" + 
                    "" { "" + 
                    "" \""productImageIds\"": [ "" + 
                    "" 997, "" + 
                    "" 206, "" + 
                    "" 362, "" + 
                    "" -4739891078953356042 "" + 
                    "" ] "" + 
                    "" }, "" + 
                    "" { "" + 
                    "" \""name\"": \""2DwOEcO9llArJVOK\"", "" + 
                    "" \""sku\"": \""k\"", "" + 
                    "" \""productImageIds\"": [ "" + 
                    "" 291, "" + 
                    "" 556, "" + 
                    "" 857, "" + 
                    "" 726, "" + 
                    "" 569 "" + 
                    "" ], "" + 
                    "" \""optionValuesByOptionId\"": { "" + 
                    "" \""wmZ\"": \""unMrjipIzt4Mrk\"", "" + 
                    "" \""4sPm\"": \""CpBv3rdBrVe_\"", "" + 
                    "" \""1tgy8mDMko5VnlU7\"": \""h3\"", "" + 
                    "" \""9rPxpggmm_8jni\"": \""2iyhaPSgf9N5Czz_\"" "" + 
                    "" } "" + 
                    "" }, "" + 
                    "" { "" + 
                    "" \""slug\"": \""GpGeatIlarPtY3B\"" "" + 
                    "" } "" + 
                    "" ], "" + 
                    "" \""relatedProductIds\"": [ "" + 
                    "" 518, "" + 
                    "" 418, "" + 
                    "" 797489340, "" + 
                    "" 869 "" + 
                    "" ], "" + 
                    "" \""taxClassId\"": 814 "" + 
                    "" } "")",".header(""Authorization"", ""Bearer eyJhbGciOiJSUzI1NiIsInR5cCIgOiAiSldUIiwia2lkIiA6ICJSclRUNWtBOHhIS3N0YWFSMmh1YTRpT0RpcFE4ek9pcjFrNGZOM3RxNFNVIn0.eyJleHAiOjE3Nzc4NDU3NjQsImlhdCI6MTc3Nzg0MjE2NCwianRpIjoiOTEwODhlNDEtYjc1Mi00ZGI5LTgzYzktMmE5MTU4MTQwYTY2IiwiaXNzIjoiaHR0cDovL2lkZW50aXR5L3JlYWxtcy9ZYXMiLCJzdWIiOiI3MDQyZWE5ZS1hNzg0LTQxZjQtYTkzNi1kOGUxNTk5ODlmZjUiLCJ0eXAiOiJCZWFyZXIiLCJhenAiOiJiYWNrb2ZmaWNlLWJmZiIsInNpZCI6IjExMDljMGQyLTFlOTctNGM5OC1hNTQxLWIzNmYwZmM3Yjc2ZCIsInJlYWxtX2FjY2VzcyI6eyJyb2xlcyI6WyJTVVBFUi1BRE1JTiJdfSwic2NvcGUiOiJlbWFpbCBwcm9maWxlIiwiZW1haWxfdmVyaWZpZWQiOmZhbHNlLCJwcmVmZXJyZWRfdXNlcm5hbWUiOiJzdXBlcl9hZG1pbiJ9.iMNTiEVuHcjs3U-dKQ9vks1W4Rh58vuoZKxLYJpKgFq4f8HnJu_nawUjFB2eC3AvjR5T5Rf3cT1HF1osaKDQ6juN-Mw5CAqnCXMh5xwChE_MwwZQUgltRjoDYz5oRbHXMy0zM5dRgxdoMUru4W6Bf9M6wvogfAJZ9_ZsLye84TPhzUpLMa77LEclGY_IQ4Ntt8XqW1zVxPz_cvR5TFYH1ws7IAlgdMCWfwUWeYjYQjZFCM-LqXaBUbTCvUNFOcgY3Ixz_cv0n6HpqdmU8tt9-DJO7_UG0JPKeSyob_UvvmiwMZ7-n7Aofuy1odfl7EJJrWOzLVuE0mdNW2lMaNpErA"")",others,/home/azureuser/yas/evomaster-config/generated-tests/blackbox/product/super_admin/EvoMaster_product_super_admin_others.java,21,6,True,0,,0,0,,100.0,0,0,0,0,0,0,False,,/home/azureuser/yas/evomaster-config/runtime-logs/classes/product/super_admin/EvoMaster_product_super_admin_others,/home/azureuser/yas/evomaster-config/runtime-logs/classes/product/super_admin/EvoMaster_product_super_admin_others/compile.log,/home/azureuser/yas/evomaster-config/runtime-logs/classes/product/super_admin/EvoMaster_product_super_admin_others/compile_stdout.log,/home/azureuser/yas/evomaster-config/runtime-logs/classes/product/super_admin/EvoMaster_product_super_admin_others/compile_stderr.log,True,True,0,,0,False,13.04,11.36,157.94,Test passed (detected via Surefire XML),/home/azureuser/yas/evomaster-config/runtime-logs/methods/product/super_admin/EvoMaster_product_super_admin_others/test_15_postOnProductsReturns403,/home/azureuser/yas/evomaster-config/runtime-logs/methods/product/super_admin/EvoMaster_product_super_admin_others/test_15_postOnProductsReturns403/run.log,/home/azureuser/yas/evomaster-config/runtime-logs/methods/product/super_admin/EvoMaster_product_super_admin_others/test_15_postOnProductsReturns403/run_stdout.log,/home/azureuser/yas/evomaster-config/runtime-logs/methods/product/super_admin/EvoMaster_product_super_admin_others/test_15_postOnProductsReturns403/run_stderr.log
product,user,EvoMaster_product_user_others.java,EvoMaster_product_user_others,test_15_postOnProductsReturns403,False,1,403,/product/backoffice/products,POST,403,.statusCode(403) .assertThat(),2,".post(baseUrlOfSut + ""/product/backoffice/products"")",".body("" { "" + 
                    "" \""name\"": \""s8hPuHdD\"", "" + 
                    "" \""slug\"": \""nkMfodUI\"", "" + 
                    "" \""brandId\"": 637, "" + 
                    "" \""categoryIds\"": [ "" + 
                    "" -5208615326111220109 "" + 
                    "" ], "" + 
                    "" \""shortDescription\"": \""QQGryI09V7EN\"", "" + 
                    "" \""description\"": \""h3D4V_B0\"", "" + 
                    "" \""specification\"": \""wUbZ9lQ7Q\"", "" + 
                    "" \""sku\"": \""\"", "" + 
                    "" \""weight\"": 0.18690956918741009, "" + 
                    "" \""dimensionUnit\"": \""CM\"", "" + 
                    "" \""width\"": 0.9773422318448044, "" + 
                    "" \""height\"": 0.005055131846117389, "" + 
                    "" \""isPublished\"": false, "" + 
                    "" \""isVisibleIndividually\"": true, "" + 
                    "" \""stockTrackingEnabled\"": true, "" + 
                    "" \""metaKeyword\"": \""aPUs\"", "" + 
                    "" \""metaDescription\"": \""vt2sIpR4xYI6s\"", "" + 
                    "" \""thumbnailMediaId\"": 927, "" + 
                    "" \""productImageIds\"": [ "" + 
                    "" 374, "" + 
                    "" 842 "" + 
                    "" ], "" + 
                    "" \""productOptionValueDisplays\"": [] "" + 
                    "" } "")",".header(""Authorization"", ""Bearer eyJhbGciOiJSUzI1NiIsInR5cCIgOiAiSldUIiwia2lkIiA6ICJSclRUNWtBOHhIS3N0YWFSMmh1YTRpT0RpcFE4ek9pcjFrNGZOM3RxNFNVIn0.eyJleHAiOjE3Nzc4NDU3ODYsImlhdCI6MTc3Nzg0MjE4NiwianRpIjoiZDI5NjU2MmUtNTE1Yy00ZTIyLWFlMDQtOWQ2Y2M1NzI4NGUyIiwiaXNzIjoiaHR0cDovL2lkZW50aXR5L3JlYWxtcy9ZYXMiLCJzdWIiOiIwMTEzZmQyNy1hMDllLTQ3MjItYjFlNS01MDA3ZjU4ZjUyODgiLCJ0eXAiOiJCZWFyZXIiLCJhenAiOiJiYWNrb2ZmaWNlLWJmZiIsInNpZCI6IjFkOTI0OTNjLTU0OWItNGRkNi1iYWJmLTY4NGIxYWUwZDkyMyIsInJlYWxtX2FjY2VzcyI6eyJyb2xlcyI6WyJVU0VSIl19LCJzY29wZSI6ImVtYWlsIHByb2ZpbGUiLCJlbWFpbF92ZXJpZmllZCI6ZmFsc2UsInByZWZlcnJlZF91c2VybmFtZSI6InVzZXJfcm9sZSJ9.NMw22KQUwBJB3Mg0h3lJIKOXoKO3AlRBOmboIzEog8QNxhnw6CHBOZNRKaJ4Cups5ShBtVjw40oR3iGBiebM6iGWWu2rGYuey9myxf_xxcVF7TzutwuYBcKjf_BkrowShAzB8EqgVzkXdaAVA97igWyp4W9FIwuEjQfm2t7oVQ9z8WekNiXeAqV9Z9t0C6r2S9J47mAjgeUJv78vVDqjITtD0BbI7_5kpJquOt-4fqqJ4lpoLcPnXp93m1heXxHX95eN5GWkiBbLN08dBARJ6JsWzh3wE1eQvWcspP0ieG0dOve24EBEE00RTnpUTJkBt3Gd_uuW0fVaKPRp3eREmA"")",others,/home/azureuser/yas/evomaster-config/generated-tests/blackbox/product/user/EvoMaster_product_user_others.java,21,6,True,0,,0,0,,100.0,0,0,0,0,0,0,False,,/home/azureuser/yas/evomaster-config/runtime-logs/classes/product/user/EvoMaster_product_user_others,/home/azureuser/yas/evomaster-config/runtime-logs/classes/product/user/EvoMaster_product_user_others/compile.log,/home/azureuser/yas/evomaster-config/runtime-logs/classes/product/user/EvoMaster_product_user_others/compile_stdout.log,/home/azureuser/yas/evomaster-config/runtime-logs/classes/product/user/EvoMaster_product_user_others/compile_stderr.log,True,True,0,,0,False,12.55,11.05,159.5,Test passed (detected via Surefire XML),/home/azureuser/yas/evomaster-config/runtime-logs/methods/product/user/EvoMaster_product_user_others/test_15_postOnProductsReturns403,/home/azureuser/yas/evomaster-config/runtime-logs/methods/product/user/EvoMaster_product_user_others/test_15_postOnProductsReturns403/run.log,/home/azureuser/yas/evomaster-config/runtime-logs/methods/product/user/EvoMaster_product_user_others/test_15_postOnProductsReturns403/run_stdout.log,/home/azureuser/yas/evomaster-config/runtime-logs/methods/product/user/EvoMaster_product_user_others/test_15_postOnProductsReturns403/run_stderr.log
rating,admin_only,EvoMaster_rating_admin_only_faults.java,EvoMaster_rating_admin_only_faults,test_2_postOnRatingsShowsFaults_100_101,False,1,500,/rating/storefront/ratings,POST,500,.statusCode(500) .assertThat(),6,".post(baseUrlOfSut + ""/rating/storefront/ratings"")",".body("" {} "")",".header(""Authorization"", ""Bearer eyJhbGciOiJSUzI1NiIsInR5cCIgOiAiSldUIiwia2lkIiA6ICJSclRUNWtBOHhIS3N0YWFSMmh1YTRpT0RpcFE4ek9pcjFrNGZOM3RxNFNVIn0.eyJleHAiOjE3Nzc4NDU3NzYsImlhdCI6MTc3Nzg0MjE3NiwianRpIjoiMTg2OWYyMDItNzY5Ni00MWE4LWI4NTUtMWRkNjJjMzY0ZGNlIiwiaXNzIjoiaHR0cDovL2lkZW50aXR5L3JlYWxtcy9ZYXMiLCJzdWIiOiJlY2RlODFiYy00MTgwLTQ2ZWMtOTBlZi02NmIxNDVkOWQyMmMiLCJ0eXAiOiJCZWFyZXIiLCJhenAiOiJiYWNrb2ZmaWNlLWJmZiIsInNpZCI6IjVlOGY3MzJhLTg1YjAtNGM5NC04YjgwLTE2YTQ4MjhmMDllNiIsInJlYWxtX2FjY2VzcyI6eyJyb2xlcyI6WyJBRE1JTiJdfSwic2NvcGUiOiJlbWFpbCBwcm9maWxlIiwiZW1haWxfdmVyaWZpZWQiOmZhbHNlLCJwcmVmZXJyZWRfdXNlcm5hbWUiOiJhZG1pbl9vbmx5In0.Ofhfi5dXziLPI6rHDSdNE0jfjaZtpcQgp0XXPh7M2AHBHRdrgjib-GEGSaGZ4h5gLWWKFJ0C5lyPAcKWxZI1T-ETefso-_DSrOMjNvBdEoPOgu3_2G8N58vKrml-xa7znFBBYti-VIg6h-sjIjVfqsWOV-ULqmvrvpt54h3S_EQwM03hAGZsbmGJ0pd_I9hXuELW9DVHDRtvriJ7cqmI2nbD_gJ7HJTjJcj9oZ69VO5PAsSIK1Fx515i6dNvurErM67TGpORa8yIbGYHQNv6XFxXEB7vfShRTtsYAgMlxNTNROMQWkJG4tavCbnfr0Yrdhd2qt6ciZHTnNOS407CKA"")",faults,/home/azureuser/yas/evomaster-config/generated-tests/blackbox/rating/admin_only/EvoMaster_rating_admin_only_faults.java,21,6,True,0,,0,0,,100.0,0,0,0,0,0,0,False,,/home/azureuser/yas/evomaster-config/runtime-logs/classes/rating/admin_only/EvoMaster_rating_admin_only_faults,/home/azureuser/yas/evomaster-config/runtime-logs/classes/rating/admin_only/EvoMaster_rating_admin_only_faults/compile.log,/home/azureuser/yas/evomaster-config/runtime-logs/classes/rating/admin_only/EvoMaster_rating_admin_only_faults/compile_stdout.log,/home/azureuser/yas/evomaster-config/runtime-logs/classes/rating/admin_only/EvoMaster_rating_admin_only_faults/compile_stderr.log,True,True,0,,0,False,14.56,11.62,166.08,Test passed (detected via Surefire XML),/home/azureuser/yas/evomaster-config/runtime-logs/methods/rating/admin_only/EvoMaster_rating_admin_only_faults/test_2_postOnRatingsShowsFaults_100_101,/home/azureuser/yas/evomaster-config/runtime-logs/methods/rating/admin_only/EvoMaster_rating_admin_only_faults/test_2_postOnRatingsShowsFaults_100_101/run.log,/home/azureuser/yas/evomaster-config/runtime-logs/methods/rating/admin_only/EvoMaster_rating_admin_only_faults/test_2_postOnRatingsShowsFaults_100_101/run_stdout.log,/home/azureuser/yas/evomaster-config/runtime-logs/methods/rating/admin_only/EvoMaster_rating_admin_only_faults/test_2_postOnRatingsShowsFaults_100_101/run_stderr.log
rating,admin_only,EvoMaster_rating_admin_only_faults.java,EvoMaster_rating_admin_only_faults,test_4_postOnRatingsReturnsMismatchResponseWithSchema,False,1,403,/rating/storefront/ratings,POST,403,.statusCode(403) .assertThat(),5,".post(baseUrlOfSut + ""/rating/storefront/ratings"")",".body("" { "" + 
                    "" \""star\"": 900 "" + 
                    "" } "")",,faults,/home/azureuser/yas/evomaster-config/generated-tests/blackbox/rating/admin_only/EvoMaster_rating_admin_only_faults.java,21,6,True,0,,0,0,,100.0,0,0,0,0,0,0,False,,/home/azureuser/yas/evomaster-config/runtime-logs/classes/rating/admin_only/EvoMaster_rating_admin_only_faults,/home/azureuser/yas/evomaster-config/runtime-logs/classes/rating/admin_only/EvoMaster_rating_admin_only_faults/compile.log,/home/azureuser/yas/evomaster-config/runtime-logs/classes/rating/admin_only/EvoMaster_rating_admin_only_faults/compile_stdout.log,/home/azureuser/yas/evomaster-config/runtime-logs/classes/rating/admin_only/EvoMaster_rating_admin_only_faults/compile_stderr.log,True,True,0,,0,False,14.05,11.37,158.79,Test passed (detected via Surefire XML),/home/azureuser/yas/evomaster-config/runtime-logs/methods/rating/admin_only/EvoMaster_rating_admin_only_faults/test_4_postOnRatingsReturnsMismatchResponseWithSchema,/home/azureuser/yas/evomaster-config/runtime-logs/methods/rating/admin_only/EvoMaster_rating_admin_only_faults/test_4_postOnRatingsReturnsMismatchResponseWithSchema/run.log,/home/azureuser/yas/evomaster-config/runtime-logs/methods/rating/admin_only/EvoMaster_rating_admin_only_faults/test_4_postOnRatingsReturnsMismatchResponseWithSchema/run_stdout.log,/home/azureuser/yas/evomaster-config/runtime-logs/methods/rating/admin_only/EvoMaster_rating_admin_only_faults/test_4_postOnRatingsReturnsMismatchResponseWithSchema/run_stderr.log
rating,admin_only,EvoMaster_rating_admin_only_faults.java,EvoMaster_rating_admin_only_faults,test_5_postOnRatingsReturnsMismatchResponseWithSchema,False,1,403,/rating/storefront/ratings,POST,403,.statusCode(403) .assertThat(),6,".post(baseUrlOfSut + ""/rating/storefront/ratings"")",".body("" { "" + 
                    "" \""content\"": \""nmt\"", "" + 
                    "" \""star\"": 61 "" + 
                    "" } "")",".header(""Authorization"", ""Bearer eyJhbGciOiJSUzI1NiIsInR5cCIgOiAiSldUIiwia2lkIiA6ICJSclRUNWtBOHhIS3N0YWFSMmh1YTRpT0RpcFE4ek9pcjFrNGZOM3RxNFNVIn0.eyJleHAiOjE3Nzc4NDU3NzYsImlhdCI6MTc3Nzg0MjE3NiwianRpIjoiMTg2OWYyMDItNzY5Ni00MWE4LWI4NTUtMWRkNjJjMzY0ZGNlIiwiaXNzIjoiaHR0cDovL2lkZW50aXR5L3JlYWxtcy9ZYXMiLCJzdWIiOiJlY2RlODFiYy00MTgwLTQ2ZWMtOTBlZi02NmIxNDVkOWQyMmMiLCJ0eXAiOiJCZWFyZXIiLCJhenAiOiJiYWNrb2ZmaWNlLWJmZiIsInNpZCI6IjVlOGY3MzJhLTg1YjAtNGM5NC04YjgwLTE2YTQ4MjhmMDllNiIsInJlYWxtX2FjY2VzcyI6eyJyb2xlcyI6WyJBRE1JTiJdfSwic2NvcGUiOiJlbWFpbCBwcm9maWxlIiwiZW1haWxfdmVyaWZpZWQiOmZhbHNlLCJwcmVmZXJyZWRfdXNlcm5hbWUiOiJhZG1pbl9vbmx5In0.Ofhfi5dXziLPI6rHDSdNE0jfjaZtpcQgp0XXPh7M2AHBHRdrgjib-GEGSaGZ4h5gLWWKFJ0C5lyPAcKWxZI1T-ETefso-_DSrOMjNvBdEoPOgu3_2G8N58vKrml-xa7znFBBYti-VIg6h-sjIjVfqsWOV-ULqmvrvpt54h3S_EQwM03hAGZsbmGJ0pd_I9hXuELW9DVHDRtvriJ7cqmI2nbD_gJ7HJTjJcj9oZ69VO5PAsSIK1Fx515i6dNvurErM67TGpORa8yIbGYHQNv6XFxXEB7vfShRTtsYAgMlxNTNROMQWkJG4tavCbnfr0Yrdhd2qt6ciZHTnNOS407CKA"")",faults,/home/azureuser/yas/evomaster-config/generated-tests/blackbox/rating/admin_only/EvoMaster_rating_admin_only_faults.java,21,6,True,0,,0,0,,100.0,0,0,0,0,0,0,False,,/home/azureuser/yas/evomaster-config/runtime-logs/classes/rating/admin_only/EvoMaster_rating_admin_only_faults,/home/azureuser/yas/evomaster-config/runtime-logs/classes/rating/admin_only/EvoMaster_rating_admin_only_faults/compile.log,/home/azureuser/yas/evomaster-config/runtime-logs/classes/rating/admin_only/EvoMaster_rating_admin_only_faults/compile_stdout.log,/home/azureuser/yas/evomaster-config/runtime-logs/classes/rating/admin_only/EvoMaster_rating_admin_only_faults/compile_stderr.log,True,True,0,,0,False,14.56,11.37,153.73,Test passed (detected via Surefire XML),/home/azureuser/yas/evomaster-config/runtime-logs/methods/rating/admin_only/EvoMaster_rating_admin_only_faults/test_5_postOnRatingsReturnsMismatchResponseWithSchema,/home/azureuser/yas/evomaster-config/runtime-logs/methods/rating/admin_only/EvoMaster_rating_admin_only_faults/test_5_postOnRatingsReturnsMismatchResponseWithSchema/run.log,/home/azureuser/yas/evomaster-config/runtime-logs/methods/rating/admin_only/EvoMaster_rating_admin_only_faults/test_5_postOnRatingsReturnsMismatchResponseWithSchema/run_stdout.log,/home/azureuser/yas/evomaster-config/runtime-logs/methods/rating/admin_only/EvoMaster_rating_admin_only_faults/test_5_postOnRatingsReturnsMismatchResponseWithSchema/run_stderr.log
rating,admin_only,EvoMaster_rating_admin_only_faults.java,EvoMaster_rating_admin_only_faults,test_6_deleteOnRateReturnsMismatchResponseWithSchema,False,1,403,/rating/backoffice/ratings/{id},DELETE,403,.statusCode(403) .assertThat(),5,".delete(baseUrlOfSut + ""/rating/backoffice/ratings/293"")",,,faults,/home/azureuser/yas/evomaster-config/generated-tests/blackbox/rating/admin_only/EvoMaster_rating_admin_only_faults.java,21,6,True,0,,0,0,,100.0,0,0,0,0,0,0,False,,/home/azureuser/yas/evomaster-config/runtime-logs/classes/rating/admin_only/EvoMaster_rating_admin_only_faults,/home/azureuser/yas/evomaster-config/runtime-logs/classes/rating/admin_only/EvoMaster_rating_admin_only_faults/compile.log,/home/azureuser/yas/evomaster-config/runtime-logs/classes/rating/admin_only/EvoMaster_rating_admin_only_faults/compile_stdout.log,/home/azureuser/yas/evomaster-config/runtime-logs/classes/rating/admin_only/EvoMaster_rating_admin_only_faults/compile_stderr.log,True,True,0,,0,False,14.04,11.33,160.57,Test passed (detected via Surefire XML),/home/azureuser/yas/evomaster-config/runtime-logs/methods/rating/admin_only/EvoMaster_rating_admin_only_faults/test_6_deleteOnRateReturnsMismatchResponseWithSchema,/home/azureuser/yas/evomaster-config/runtime-logs/methods/rating/admin_only/EvoMaster_rating_admin_only_faults/test_6_deleteOnRateReturnsMismatchResponseWithSchema/run.log,/home/azureuser/yas/evomaster-config/runtime-logs/methods/rating/admin_only/EvoMaster_rating_admin_only_faults/test_6_deleteOnRateReturnsMismatchResponseWithSchema/run_stdout.log,/home/azureuser/yas/evomaster-config/runtime-logs/methods/rating/admin_only/EvoMaster_rating_admin_only_faults/test_6_deleteOnRateReturnsMismatchResponseWithSchema/run_stderr.log
rating,admin_only,EvoMaster_rating_admin_only_faults.java,EvoMaster_rating_admin_only_faults,test_7_deleteOnRateReturnsMismatchResponseWithSchema,False,1,404,/rating/backoffice/ratings/{id},DELETE,404,.statusCode(404) .assertThat(),6,".delete(baseUrlOfSut + ""/rating/backoffice/ratings/1856809399008745486"")",,".header(""Authorization"", ""Bearer eyJhbGciOiJSUzI1NiIsInR5cCIgOiAiSldUIiwia2lkIiA6ICJSclRUNWtBOHhIS3N0YWFSMmh1YTRpT0RpcFE4ek9pcjFrNGZOM3RxNFNVIn0.eyJleHAiOjE3Nzc4NDU3NzYsImlhdCI6MTc3Nzg0MjE3NiwianRpIjoiMTg2OWYyMDItNzY5Ni00MWE4LWI4NTUtMWRkNjJjMzY0ZGNlIiwiaXNzIjoiaHR0cDovL2lkZW50aXR5L3JlYWxtcy9ZYXMiLCJzdWIiOiJlY2RlODFiYy00MTgwLTQ2ZWMtOTBlZi02NmIxNDVkOWQyMmMiLCJ0eXAiOiJCZWFyZXIiLCJhenAiOiJiYWNrb2ZmaWNlLWJmZiIsInNpZCI6IjVlOGY3MzJhLTg1YjAtNGM5NC04YjgwLTE2YTQ4MjhmMDllNiIsInJlYWxtX2FjY2VzcyI6eyJyb2xlcyI6WyJBRE1JTiJdfSwic2NvcGUiOiJlbWFpbCBwcm9maWxlIiwiZW1haWxfdmVyaWZpZWQiOmZhbHNlLCJwcmVmZXJyZWRfdXNlcm5hbWUiOiJhZG1pbl9vbmx5In0.Ofhfi5dXziLPI6rHDSdNE0jfjaZtpcQgp0XXPh7M2AHBHRdrgjib-GEGSaGZ4h5gLWWKFJ0C5lyPAcKWxZI1T-ETefso-_DSrOMjNvBdEoPOgu3_2G8N58vKrml-xa7znFBBYti-VIg6h-sjIjVfqsWOV-ULqmvrvpt54h3S_EQwM03hAGZsbmGJ0pd_I9hXuELW9DVHDRtvriJ7cqmI2nbD_gJ7HJTjJcj9oZ69VO5PAsSIK1Fx515i6dNvurErM67TGpORa8yIbGYHQNv6XFxXEB7vfShRTtsYAgMlxNTNROMQWkJG4tavCbnfr0Yrdhd2qt6ciZHTnNOS407CKA"")",faults,/home/azureuser/yas/evomaster-config/generated-tests/blackbox/rating/admin_only/EvoMaster_rating_admin_only_faults.java,21,6,True,0,,0,0,,100.0,0,0,0,0,0,0,False,,/home/azureuser/yas/evomaster-config/runtime-logs/classes/rating/admin_only/EvoMaster_rating_admin_only_faults,/home/azureuser/yas/evomaster-config/runtime-logs/classes/rating/admin_only/EvoMaster_rating_admin_only_faults/compile.log,/home/azureuser/yas/evomaster-config/runtime-logs/classes/rating/admin_only/EvoMaster_rating_admin_only_faults/compile_stdout.log,/home/azureuser/yas/evomaster-config/runtime-logs/classes/rating/admin_only/EvoMaster_rating_admin_only_faults/compile_stderr.log,True,True,0,,0,False,14.58,11.61,162.09,Test passed (detected via Surefire XML),/home/azureuser/yas/evomaster-config/runtime-logs/methods/rating/admin_only/EvoMaster_rating_admin_only_faults/test_7_deleteOnRateReturnsMismatchResponseWithSchema,/home/azureuser/yas/evomaster-config/runtime-logs/methods/rating/admin_only/EvoMaster_rating_admin_only_faults/test_7_deleteOnRateReturnsMismatchResponseWithSchema/run.log,/home/azureuser/yas/evomaster-config/runtime-logs/methods/rating/admin_only/EvoMaster_rating_admin_only_faults/test_7_deleteOnRateReturnsMismatchResponseWithSchema/run_stdout.log,/home/azureuser/yas/evomaster-config/runtime-logs/methods/rating/admin_only/EvoMaster_rating_admin_only_faults/test_7_deleteOnRateReturnsMismatchResponseWithSchema/run_stderr.log
rating,admin_only,EvoMaster_rating_admin_only_faults.java,EvoMaster_rating_admin_only_faults,test_9_getOnLatestReturnsMismatchResponseWithSchema,False,1,401,/rating/backoffice/ratings/latest/{count},GET,401,.statusCode(401) .assertThat(),2,".get(baseUrlOfSut + ""/rating/backoffice/ratings/latest/406"")",,,faults,/home/azureuser/yas/evomaster-config/generated-tests/blackbox/rating/admin_only/EvoMaster_rating_admin_only_faults.java,21,6,True,0,,0,0,,100.0,0,0,0,0,0,0,False,,/home/azureuser/yas/evomaster-config/runtime-logs/classes/rating/admin_only/EvoMaster_rating_admin_only_faults,/home/azureuser/yas/evomaster-config/runtime-logs/classes/rating/admin_only/EvoMaster_rating_admin_only_faults/compile.log,/home/azureuser/yas/evomaster-config/runtime-logs/classes/rating/admin_only/EvoMaster_rating_admin_only_faults/compile_stdout.log,/home/azureuser/yas/evomaster-config/runtime-logs/classes/rating/admin_only/EvoMaster_rating_admin_only_faults/compile_stderr.log,True,True,0,,0,False,12.54,11.14,163.2,Test passed (detected via Surefire XML),/home/azureuser/yas/evomaster-config/runtime-logs/methods/rating/admin_only/EvoMaster_rating_admin_only_faults/test_9_getOnLatestReturnsMismatchResponseWithSchema,/home/azureuser/yas/evomaster-config/runtime-logs/methods/rating/admin_only/EvoMaster_rating_admin_only_faults/test_9_getOnLatestReturnsMismatchResponseWithSchema/run.log,/home/azureuser/yas/evomaster-config/runtime-logs/methods/rating/admin_only/EvoMaster_rating_admin_only_faults/test_9_getOnLatestReturnsMismatchResponseWithSchema/run_stdout.log,/home/azureuser/yas/evomaster-config/runtime-logs/methods/rating/admin_only/EvoMaster_rating_admin_only_faults/test_9_getOnLatestReturnsMismatchResponseWithSchema/run_stderr.log
rating,admin_only,EvoMaster_rating_admin_only_successes.java,EvoMaster_rating_admin_only_successes,test_4_getOnLatestReturnsEmptyList,False,1,200,/rating/backoffice/ratings/latest/{count},GET,200,.statusCode(200) .assertThat(),3,".get(baseUrlOfSut + ""/rating/backoffice/ratings/latest/20"")",,".header(""Authorization"", ""Bearer eyJhbGciOiJSUzI1NiIsInR5cCIgOiAiSldUIiwia2lkIiA6ICJSclRUNWtBOHhIS3N0YWFSMmh1YTRpT0RpcFE4ek9pcjFrNGZOM3RxNFNVIn0.eyJleHAiOjE3Nzc4NDU3NzYsImlhdCI6MTc3Nzg0MjE3NiwianRpIjoiMTg2OWYyMDItNzY5Ni00MWE4LWI4NTUtMWRkNjJjMzY0ZGNlIiwiaXNzIjoiaHR0cDovL2lkZW50aXR5L3JlYWxtcy9ZYXMiLCJzdWIiOiJlY2RlODFiYy00MTgwLTQ2ZWMtOTBlZi02NmIxNDVkOWQyMmMiLCJ0eXAiOiJCZWFyZXIiLCJhenAiOiJiYWNrb2ZmaWNlLWJmZiIsInNpZCI6IjVlOGY3MzJhLTg1YjAtNGM5NC04YjgwLTE2YTQ4MjhmMDllNiIsInJlYWxtX2FjY2VzcyI6eyJyb2xlcyI6WyJBRE1JTiJdfSwic2NvcGUiOiJlbWFpbCBwcm9maWxlIiwiZW1haWxfdmVyaWZpZWQiOmZhbHNlLCJwcmVmZXJyZWRfdXNlcm5hbWUiOiJhZG1pbl9vbmx5In0.Ofhfi5dXziLPI6rHDSdNE0jfjaZtpcQgp0XXPh7M2AHBHRdrgjib-GEGSaGZ4h5gLWWKFJ0C5lyPAcKWxZI1T-ETefso-_DSrOMjNvBdEoPOgu3_2G8N58vKrml-xa7znFBBYti-VIg6h-sjIjVfqsWOV-ULqmvrvpt54h3S_EQwM03hAGZsbmGJ0pd_I9hXuELW9DVHDRtvriJ7cqmI2nbD_gJ7HJTjJcj9oZ69VO5PAsSIK1Fx515i6dNvurErM67TGpORa8yIbGYHQNv6XFxXEB7vfShRTtsYAgMlxNTNROMQWkJG4tavCbnfr0Yrdhd2qt6ciZHTnNOS407CKA"")",successes,/home/azureuser/yas/evomaster-config/generated-tests/blackbox/rating/admin_only/EvoMaster_rating_admin_only_successes.java,21,6,True,0,,0,0,,100.0,0,0,0,0,0,0,False,,/home/azureuser/yas/evomaster-config/runtime-logs/classes/rating/admin_only/EvoMaster_rating_admin_only_successes,/home/azureuser/yas/evomaster-config/runtime-logs/classes/rating/admin_only/EvoMaster_rating_admin_only_successes/compile.log,/home/azureuser/yas/evomaster-config/runtime-logs/classes/rating/admin_only/EvoMaster_rating_admin_only_successes/compile_stdout.log,/home/azureuser/yas/evomaster-config/runtime-logs/classes/rating/admin_only/EvoMaster_rating_admin_only_successes/compile_stderr.log,True,True,0,,0,False,14.05,11.26,152.88,Test passed (detected via Surefire XML),/home/azureuser/yas/evomaster-config/runtime-logs/methods/rating/admin_only/EvoMaster_rating_admin_only_successes/test_4_getOnLatestReturnsEmptyList,/home/azureuser/yas/evomaster-config/runtime-logs/methods/rating/admin_only/EvoMaster_rating_admin_only_successes/test_4_getOnLatestReturnsEmptyList/run.log,/home/azureuser/yas/evomaster-config/runtime-logs/methods/rating/admin_only/EvoMaster_rating_admin_only_successes/test_4_getOnLatestReturnsEmptyList/run_stdout.log,/home/azureuser/yas/evomaster-config/runtime-logs/methods/rating/admin_only/EvoMaster_rating_admin_only_successes/test_4_getOnLatestReturnsEmptyList/run_stderr.log
rating,customer,EvoMaster_rating_customer_faults.java,EvoMaster_rating_customer_faults,test_0_postOnRatingsShowsFaults_100_101,False,1,500,/rating/storefront/ratings,POST,500,.statusCode(500) .assertThat(),6,".post(baseUrlOfSut + ""/rating/storefront/ratings"")",".body("" { "" + 
                    "" \""content\"": \""_LofhQ\"", "" + 
                    "" \""productId\"": 4292474785175981730 "" + 
                    "" } "")",".header(""Authorization"", ""Bearer eyJhbGciOiJSUzI1NiIsInR5cCIgOiAiSldUIiwia2lkIiA6ICJSclRUNWtBOHhIS3N0YWFSMmh1YTRpT0RpcFE4ek9pcjFrNGZOM3RxNFNVIn0.eyJleHAiOjE3Nzc4NDU3ODEsImlhdCI6MTc3Nzg0MjE4MSwianRpIjoiNjg1ZjNmMGYtZmNjNy00YzgyLWFhY2EtNmRiM2NmNmMxNzExIiwiaXNzIjoiaHR0cDovL2lkZW50aXR5L3JlYWxtcy9ZYXMiLCJzdWIiOiI0Yjg1MzdlZC1mZTg4LTQ3MGQtYmFkNS0wZjQ5Y2E2Zjg5NjAiLCJ0eXAiOiJCZWFyZXIiLCJhenAiOiJiYWNrb2ZmaWNlLWJmZiIsInNpZCI6IjFhMmM5ZGEwLTYwNzAtNGZiZS1iMjc1LWM4OGRhMjkxMjFhMiIsInJlYWxtX2FjY2VzcyI6eyJyb2xlcyI6WyJkZWZhdWx0LXJvbGVzLXlhcyIsIm9mZmxpbmVfYWNjZXNzIiwiQ1VTVE9NRVIiLCJ1bWFfYXV0aG9yaXphdGlvbiJdfSwic2NvcGUiOiJlbWFpbCBwcm9maWxlIiwiZW1haWxfdmVyaWZpZWQiOmZhbHNlLCJwcmVmZXJyZWRfdXNlcm5hbWUiOiJ1c2VyIn0.TeQJFrMOUKmKVNOvGDlzQuVam3S9YoyUrAJ7sJF4RWL5pGgwK7TxtnbTguuQU9cf9avttKrL8a6clTT3OZmjdpZZ2CXAI2EJjYLQqo2JMeshkSR1i98DtLx4MZCR3Dy3sjxJ_jzOp4EYlPYadVvIz_Rujz-6j7GCBy5J9GXn5FED2_sRbYu1N0vwO8Z3pXv27DRehj5qUjsQ82NExHHDFCEEQYnnDUdsIYhmNf1VKkWsbhHYEHoVguoi9akJtMW1WhCKJyekRuCaAoRCM7gZpCpmmm55F1FyMZ2kegpqv2N1vcmC0MXrVuaOsUo__AvCUvKOjU5lfF_yhfNBbmLYmQ"")",faults,/home/azureuser/yas/evomaster-config/generated-tests/blackbox/rating/customer/EvoMaster_rating_customer_faults.java,21,6,True,0,,0,0,,100.0,0,0,0,0,0,0,False,,/home/azureuser/yas/evomaster-config/runtime-logs/classes/rating/customer/EvoMaster_rating_customer_faults,/home/azureuser/yas/evomaster-config/runtime-logs/classes/rating/customer/EvoMaster_rating_customer_faults/compile.log,/home/azureuser/yas/evomaster-config/runtime-logs/classes/rating/customer/EvoMaster_rating_customer_faults/compile_stdout.log,/home/azureuser/yas/evomaster-config/runtime-logs/classes/rating/customer/EvoMaster_rating_customer_faults/compile_stderr.log,True,True,0,,0,False,14.63,11.54,154.63,Test passed (detected via Surefire XML),/home/azureuser/yas/evomaster-config/runtime-logs/methods/rating/customer/EvoMaster_rating_customer_faults/test_0_postOnRatingsShowsFaults_100_101,/home/azureuser/yas/evomaster-config/runtime-logs/methods/rating/customer/EvoMaster_rating_customer_faults/test_0_postOnRatingsShowsFaults_100_101/run.log,/home/azureuser/yas/evomaster-config/runtime-logs/methods/rating/customer/EvoMaster_rating_customer_faults/test_0_postOnRatingsShowsFaults_100_101/run_stdout.log,/home/azureuser/yas/evomaster-config/runtime-logs/methods/rating/customer/EvoMaster_rating_customer_faults/test_0_postOnRatingsShowsFaults_100_101/run_stderr.log
rating,customer,EvoMaster_rating_customer_faults.java,EvoMaster_rating_customer_faults,test_7_postOnRatingsReturnsMismatchResponseWithSchema,False,1,403,/rating/storefront/ratings,POST,403,.statusCode(403) .assertThat(),5,".post(baseUrlOfSut + ""/rating/storefront/ratings"")",".body("" { "" + 
                    "" \""content\"": \""B4\"", "" + 
                    "" \""star\"": 638, "" + 
                    "" \""productName\"": \""vBLj3mrboJ9ko7\"" "" + 
                    "" } "")",,faults,/home/azureuser/yas/evomaster-config/generated-tests/blackbox/rating/customer/EvoMaster_rating_customer_faults.java,21,6,True,0,,0,0,,100.0,0,0,0,0,0,0,False,,/home/azureuser/yas/evomaster-config/runtime-logs/classes/rating/customer/EvoMaster_rating_customer_faults,/home/azureuser/yas/evomaster-config/runtime-logs/classes/rating/customer/EvoMaster_rating_customer_faults/compile.log,/home/azureuser/yas/evomaster-config/runtime-logs/classes/rating/customer/EvoMaster_rating_customer_faults/compile_stdout.log,/home/azureuser/yas/evomaster-config/runtime-logs/classes/rating/customer/EvoMaster_rating_customer_faults/compile_stderr.log,True,True,0,,0,False,14.54,11.58,155.93,Test passed (detected via Surefire XML),/home/azureuser/yas/evomaster-config/runtime-logs/methods/rating/customer/EvoMaster_rating_customer_faults/test_7_postOnRatingsReturnsMismatchResponseWithSchema,/home/azureuser/yas/evomaster-config/runtime-logs/methods/rating/customer/EvoMaster_rating_customer_faults/test_7_postOnRatingsReturnsMismatchResponseWithSchema/run.log,/home/azureuser/yas/evomaster-config/runtime-logs/methods/rating/customer/EvoMaster_rating_customer_faults/test_7_postOnRatingsReturnsMismatchResponseWithSchema/run_stdout.log,/home/azureuser/yas/evomaster-config/runtime-logs/methods/rating/customer/EvoMaster_rating_customer_faults/test_7_postOnRatingsReturnsMismatchResponseWithSchema/run_stderr.log
rating,customer,EvoMaster_rating_customer_faults.java,EvoMaster_rating_customer_faults,test_8_postOnRatingsReturnsMismatchResponseWithSchema,False,1,403,/rating/storefront/ratings,POST,403,.statusCode(403) .assertThat(),6,".post(baseUrlOfSut + ""/rating/storefront/ratings"")",".body("" { "" + 
                    "" \""content\"": \""8\"", "" + 
                    "" \""star\"": 642, "" + 
                    "" \""productName\"": \""9S2Vdb5OJ\"" "" + 
                    "" } "")",".header(""Authorization"", ""Bearer eyJhbGciOiJSUzI1NiIsInR5cCIgOiAiSldUIiwia2lkIiA6ICJSclRUNWtBOHhIS3N0YWFSMmh1YTRpT0RpcFE4ek9pcjFrNGZOM3RxNFNVIn0.eyJleHAiOjE3Nzc4NDU3ODEsImlhdCI6MTc3Nzg0MjE4MSwianRpIjoiNjg1ZjNmMGYtZmNjNy00YzgyLWFhY2EtNmRiM2NmNmMxNzExIiwiaXNzIjoiaHR0cDovL2lkZW50aXR5L3JlYWxtcy9ZYXMiLCJzdWIiOiI0Yjg1MzdlZC1mZTg4LTQ3MGQtYmFkNS0wZjQ5Y2E2Zjg5NjAiLCJ0eXAiOiJCZWFyZXIiLCJhenAiOiJiYWNrb2ZmaWNlLWJmZiIsInNpZCI6IjFhMmM5ZGEwLTYwNzAtNGZiZS1iMjc1LWM4OGRhMjkxMjFhMiIsInJlYWxtX2FjY2VzcyI6eyJyb2xlcyI6WyJkZWZhdWx0LXJvbGVzLXlhcyIsIm9mZmxpbmVfYWNjZXNzIiwiQ1VTVE9NRVIiLCJ1bWFfYXV0aG9yaXphdGlvbiJdfSwic2NvcGUiOiJlbWFpbCBwcm9maWxlIiwiZW1haWxfdmVyaWZpZWQiOmZhbHNlLCJwcmVmZXJyZWRfdXNlcm5hbWUiOiJ1c2VyIn0.TeQJFrMOUKmKVNOvGDlzQuVam3S9YoyUrAJ7sJF4RWL5pGgwK7TxtnbTguuQU9cf9avttKrL8a6clTT3OZmjdpZZ2CXAI2EJjYLQqo2JMeshkSR1i98DtLx4MZCR3Dy3sjxJ_jzOp4EYlPYadVvIz_Rujz-6j7GCBy5J9GXn5FED2_sRbYu1N0vwO8Z3pXv27DRehj5qUjsQ82NExHHDFCEEQYnnDUdsIYhmNf1VKkWsbhHYEHoVguoi9akJtMW1WhCKJyekRuCaAoRCM7gZpCpmmm55F1FyMZ2kegpqv2N1vcmC0MXrVuaOsUo__AvCUvKOjU5lfF_yhfNBbmLYmQ"")",faults,/home/azureuser/yas/evomaster-config/generated-tests/blackbox/rating/customer/EvoMaster_rating_customer_faults.java,21,6,True,0,,0,0,,100.0,0,0,0,0,0,0,False,,/home/azureuser/yas/evomaster-config/runtime-logs/classes/rating/customer/EvoMaster_rating_customer_faults,/home/azureuser/yas/evomaster-config/runtime-logs/classes/rating/customer/EvoMaster_rating_customer_faults/compile.log,/home/azureuser/yas/evomaster-config/runtime-logs/classes/rating/customer/EvoMaster_rating_customer_faults/compile_stdout.log,/home/azureuser/yas/evomaster-config/runtime-logs/classes/rating/customer/EvoMaster_rating_customer_faults/compile_stderr.log,True,True,0,,0,False,14.55,11.38,163.81,Test passed (detected via Surefire XML),/home/azureuser/yas/evomaster-config/runtime-logs/methods/rating/customer/EvoMaster_rating_customer_faults/test_8_postOnRatingsReturnsMismatchResponseWithSchema,/home/azureuser/yas/evomaster-config/runtime-logs/methods/rating/customer/EvoMaster_rating_customer_faults/test_8_postOnRatingsReturnsMismatchResponseWithSchema/run.log,/home/azureuser/yas/evomaster-config/runtime-logs/methods/rating/customer/EvoMaster_rating_customer_faults/test_8_postOnRatingsReturnsMismatchResponseWithSchema/run_stdout.log,/home/azureuser/yas/evomaster-config/runtime-logs/methods/rating/customer/EvoMaster_rating_customer_faults/test_8_postOnRatingsReturnsMismatchResponseWithSchema/run_stderr.log
rating,customer,EvoMaster_rating_customer_faults.java,EvoMaster_rating_customer_faults,test_9_deleteOnRateReturnsMismatchResponseWithSchema,False,1,403,/rating/backoffice/ratings/{id},DELETE,403,.statusCode(403) .assertThat(),2,".delete(baseUrlOfSut + ""/rating/backoffice/ratings/370"")",,".header(""Authorization"", ""Bearer eyJhbGciOiJSUzI1NiIsInR5cCIgOiAiSldUIiwia2lkIiA6ICJSclRUNWtBOHhIS3N0YWFSMmh1YTRpT0RpcFE4ek9pcjFrNGZOM3RxNFNVIn0.eyJleHAiOjE3Nzc4NDU3ODEsImlhdCI6MTc3Nzg0MjE4MSwianRpIjoiNjg1ZjNmMGYtZmNjNy00YzgyLWFhY2EtNmRiM2NmNmMxNzExIiwiaXNzIjoiaHR0cDovL2lkZW50aXR5L3JlYWxtcy9ZYXMiLCJzdWIiOiI0Yjg1MzdlZC1mZTg4LTQ3MGQtYmFkNS0wZjQ5Y2E2Zjg5NjAiLCJ0eXAiOiJCZWFyZXIiLCJhenAiOiJiYWNrb2ZmaWNlLWJmZiIsInNpZCI6IjFhMmM5ZGEwLTYwNzAtNGZiZS1iMjc1LWM4OGRhMjkxMjFhMiIsInJlYWxtX2FjY2VzcyI6eyJyb2xlcyI6WyJkZWZhdWx0LXJvbGVzLXlhcyIsIm9mZmxpbmVfYWNjZXNzIiwiQ1VTVE9NRVIiLCJ1bWFfYXV0aG9yaXphdGlvbiJdfSwic2NvcGUiOiJlbWFpbCBwcm9maWxlIiwiZW1haWxfdmVyaWZpZWQiOmZhbHNlLCJwcmVmZXJyZWRfdXNlcm5hbWUiOiJ1c2VyIn0.TeQJFrMOUKmKVNOvGDlzQuVam3S9YoyUrAJ7sJF4RWL5pGgwK7TxtnbTguuQU9cf9avttKrL8a6clTT3OZmjdpZZ2CXAI2EJjYLQqo2JMeshkSR1i98DtLx4MZCR3Dy3sjxJ_jzOp4EYlPYadVvIz_Rujz-6j7GCBy5J9GXn5FED2_sRbYu1N0vwO8Z3pXv27DRehj5qUjsQ82NExHHDFCEEQYnnDUdsIYhmNf1VKkWsbhHYEHoVguoi9akJtMW1WhCKJyekRuCaAoRCM7gZpCpmmm55F1FyMZ2kegpqv2N1vcmC0MXrVuaOsUo__AvCUvKOjU5lfF_yhfNBbmLYmQ"")",faults,/home/azureuser/yas/evomaster-config/generated-tests/blackbox/rating/customer/EvoMaster_rating_customer_faults.java,21,6,True,0,,0,0,,100.0,0,0,0,0,0,0,False,,/home/azureuser/yas/evomaster-config/runtime-logs/classes/rating/customer/EvoMaster_rating_customer_faults,/home/azureuser/yas/evomaster-config/runtime-logs/classes/rating/customer/EvoMaster_rating_customer_faults/compile.log,/home/azureuser/yas/evomaster-config/runtime-logs/classes/rating/customer/EvoMaster_rating_customer_faults/compile_stdout.log,/home/azureuser/yas/evomaster-config/runtime-logs/classes/rating/customer/EvoMaster_rating_customer_faults/compile_stderr.log,True,True,0,,0,False,12.54,11.45,161.91,Test passed (detected via Surefire XML),/home/azureuser/yas/evomaster-config/runtime-logs/methods/rating/customer/EvoMaster_rating_customer_faults/test_9_deleteOnRateReturnsMismatchResponseWithSchema,/home/azureuser/yas/evomaster-config/runtime-logs/methods/rating/customer/EvoMaster_rating_customer_faults/test_9_deleteOnRateReturnsMismatchResponseWithSchema/run.log,/home/azureuser/yas/evomaster-config/runtime-logs/methods/rating/customer/EvoMaster_rating_customer_faults/test_9_deleteOnRateReturnsMismatchResponseWithSchema/run_stdout.log,/home/azureuser/yas/evomaster-config/runtime-logs/methods/rating/customer/EvoMaster_rating_customer_faults/test_9_deleteOnRateReturnsMismatchResponseWithSchema/run_stderr.log
rating,customer,EvoMaster_rating_customer_faults.java,EvoMaster_rating_customer_faults,test_10_deleteOnRateReturnsMismatchResponseWithSchema,False,1,403,/rating/backoffice/ratings/{id},DELETE,403,.statusCode(403) .assertThat(),5,".delete(baseUrlOfSut + ""/rating/backoffice/ratings/653"")",,,faults,/home/azureuser/yas/evomaster-config/generated-tests/blackbox/rating/customer/EvoMaster_rating_customer_faults.java,21,6,True,0,,0,0,,100.0,0,0,0,0,0,0,False,,/home/azureuser/yas/evomaster-config/runtime-logs/classes/rating/customer/EvoMaster_rating_customer_faults,/home/azureuser/yas/evomaster-config/runtime-logs/classes/rating/customer/EvoMaster_rating_customer_faults/compile.log,/home/azureuser/yas/evomaster-config/runtime-logs/classes/rating/customer/EvoMaster_rating_customer_faults/compile_stdout.log,/home/azureuser/yas/evomaster-config/runtime-logs/classes/rating/customer/EvoMaster_rating_customer_faults/compile_stderr.log,True,True,0,,0,False,14.06,11.43,154.37,Test passed (detected via Surefire XML),/home/azureuser/yas/evomaster-config/runtime-logs/methods/rating/customer/EvoMaster_rating_customer_faults/test_10_deleteOnRateReturnsMismatchResponseWithSchema,/home/azureuser/yas/evomaster-config/runtime-logs/methods/rating/customer/EvoMaster_rating_customer_faults/test_10_deleteOnRateReturnsMismatchResponseWithSchema/run.log,/home/azureuser/yas/evomaster-config/runtime-logs/methods/rating/customer/EvoMaster_rating_customer_faults/test_10_deleteOnRateReturnsMismatchResponseWithSchema/run_stdout.log,/home/azureuser/yas/evomaster-config/runtime-logs/methods/rating/customer/EvoMaster_rating_customer_faults/test_10_deleteOnRateReturnsMismatchResponseWithSchema/run_stderr.log
rating,customer,EvoMaster_rating_customer_faults.java,EvoMaster_rating_customer_faults,test_11_deleteOnRateReturnsMismatchResponseWithSchema,False,1,403,/rating/backoffice/ratings/{id},DELETE,403,.statusCode(403) .assertThat(),2,".delete(baseUrlOfSut + ""/rating/backoffice/ratings/-742221917523856958"")",,".header(""Authorization"", ""Bearer eyJhbGciOiJSUzI1NiIsInR5cCIgOiAiSldUIiwia2lkIiA6ICJSclRUNWtBOHhIS3N0YWFSMmh1YTRpT0RpcFE4ek9pcjFrNGZOM3RxNFNVIn0.eyJleHAiOjE3Nzc4NDU3ODEsImlhdCI6MTc3Nzg0MjE4MSwianRpIjoiNjg1ZjNmMGYtZmNjNy00YzgyLWFhY2EtNmRiM2NmNmMxNzExIiwiaXNzIjoiaHR0cDovL2lkZW50aXR5L3JlYWxtcy9ZYXMiLCJzdWIiOiI0Yjg1MzdlZC1mZTg4LTQ3MGQtYmFkNS0wZjQ5Y2E2Zjg5NjAiLCJ0eXAiOiJCZWFyZXIiLCJhenAiOiJiYWNrb2ZmaWNlLWJmZiIsInNpZCI6IjFhMmM5ZGEwLTYwNzAtNGZiZS1iMjc1LWM4OGRhMjkxMjFhMiIsInJlYWxtX2FjY2VzcyI6eyJyb2xlcyI6WyJkZWZhdWx0LXJvbGVzLXlhcyIsIm9mZmxpbmVfYWNjZXNzIiwiQ1VTVE9NRVIiLCJ1bWFfYXV0aG9yaXphdGlvbiJdfSwic2NvcGUiOiJlbWFpbCBwcm9maWxlIiwiZW1haWxfdmVyaWZpZWQiOmZhbHNlLCJwcmVmZXJyZWRfdXNlcm5hbWUiOiJ1c2VyIn0.TeQJFrMOUKmKVNOvGDlzQuVam3S9YoyUrAJ7sJF4RWL5pGgwK7TxtnbTguuQU9cf9avttKrL8a6clTT3OZmjdpZZ2CXAI2EJjYLQqo2JMeshkSR1i98DtLx4MZCR3Dy3sjxJ_jzOp4EYlPYadVvIz_Rujz-6j7GCBy5J9GXn5FED2_sRbYu1N0vwO8Z3pXv27DRehj5qUjsQ82NExHHDFCEEQYnnDUdsIYhmNf1VKkWsbhHYEHoVguoi9akJtMW1WhCKJyekRuCaAoRCM7gZpCpmmm55F1FyMZ2kegpqv2N1vcmC0MXrVuaOsUo__AvCUvKOjU5lfF_yhfNBbmLYmQ"")",faults,/home/azureuser/yas/evomaster-config/generated-tests/blackbox/rating/customer/EvoMaster_rating_customer_faults.java,21,6,True,0,,0,0,,100.0,0,0,0,0,0,0,False,,/home/azureuser/yas/evomaster-config/runtime-logs/classes/rating/customer/EvoMaster_rating_customer_faults,/home/azureuser/yas/evomaster-config/runtime-logs/classes/rating/customer/EvoMaster_rating_customer_faults/compile.log,/home/azureuser/yas/evomaster-config/runtime-logs/classes/rating/customer/EvoMaster_rating_customer_faults/compile_stdout.log,/home/azureuser/yas/evomaster-config/runtime-logs/classes/rating/customer/EvoMaster_rating_customer_faults/compile_stderr.log,True,True,0,,0,False,12.54,10.98,158.62,Test passed (detected via Surefire XML),/home/azureuser/yas/evomaster-config/runtime-logs/methods/rating/customer/EvoMaster_rating_customer_faults/test_11_deleteOnRateReturnsMismatchResponseWithSchema,/home/azureuser/yas/evomaster-config/runtime-logs/methods/rating/customer/EvoMaster_rating_customer_faults/test_11_deleteOnRateReturnsMismatchResponseWithSchema/run.log,/home/azureuser/yas/evomaster-config/runtime-logs/methods/rating/customer/EvoMaster_rating_customer_faults/test_11_deleteOnRateReturnsMismatchResponseWithSchema/run_stdout.log,/home/azureuser/yas/evomaster-config/runtime-logs/methods/rating/customer/EvoMaster_rating_customer_faults/test_11_deleteOnRateReturnsMismatchResponseWithSchema/run_stderr.log
rating,customer,EvoMaster_rating_customer_faults.java,EvoMaster_rating_customer_faults,test_12_getOnLatestReturnsMismatchResponseWithSchema,False,1,401,/rating/backoffice/ratings/latest/{count},GET,401,.statusCode(401) .assertThat(),2,".get(baseUrlOfSut + ""/rating/backoffice/ratings/latest/895"")",,,faults,/home/azureuser/yas/evomaster-config/generated-tests/blackbox/rating/customer/EvoMaster_rating_customer_faults.java,21,6,True,0,,0,0,,100.0,0,0,0,0,0,0,False,,/home/azureuser/yas/evomaster-config/runtime-logs/classes/rating/customer/EvoMaster_rating_customer_faults,/home/azureuser/yas/evomaster-config/runtime-logs/classes/rating/customer/EvoMaster_rating_customer_faults/compile.log,/home/azureuser/yas/evomaster-config/runtime-logs/classes/rating/customer/EvoMaster_rating_customer_faults/compile_stdout.log,/home/azureuser/yas/evomaster-config/runtime-logs/classes/rating/customer/EvoMaster_rating_customer_faults/compile_stderr.log,True,True,0,,0,False,12.54,11.43,156.12,Test passed (detected via Surefire XML),/home/azureuser/yas/evomaster-config/runtime-logs/methods/rating/customer/EvoMaster_rating_customer_faults/test_12_getOnLatestReturnsMismatchResponseWithSchema,/home/azureuser/yas/evomaster-config/runtime-logs/methods/rating/customer/EvoMaster_rating_customer_faults/test_12_getOnLatestReturnsMismatchResponseWithSchema/run.log,/home/azureuser/yas/evomaster-config/runtime-logs/methods/rating/customer/EvoMaster_rating_customer_faults/test_12_getOnLatestReturnsMismatchResponseWithSchema/run_stdout.log,/home/azureuser/yas/evomaster-config/runtime-logs/methods/rating/customer/EvoMaster_rating_customer_faults/test_12_getOnLatestReturnsMismatchResponseWithSchema/run_stderr.log
rating,customer,EvoMaster_rating_customer_faults.java,EvoMaster_rating_customer_faults,test_13_getOnLatestReturnsMismatchResponseWithSchema,False,1,403,/rating/backoffice/ratings/latest/{count},GET,403,.statusCode(403) .assertThat(),2,".get(baseUrlOfSut + ""/rating/backoffice/ratings/latest/229"")",,".header(""Authorization"", ""Bearer eyJhbGciOiJSUzI1NiIsInR5cCIgOiAiSldUIiwia2lkIiA6ICJSclRUNWtBOHhIS3N0YWFSMmh1YTRpT0RpcFE4ek9pcjFrNGZOM3RxNFNVIn0.eyJleHAiOjE3Nzc4NDU3ODEsImlhdCI6MTc3Nzg0MjE4MSwianRpIjoiNjg1ZjNmMGYtZmNjNy00YzgyLWFhY2EtNmRiM2NmNmMxNzExIiwiaXNzIjoiaHR0cDovL2lkZW50aXR5L3JlYWxtcy9ZYXMiLCJzdWIiOiI0Yjg1MzdlZC1mZTg4LTQ3MGQtYmFkNS0wZjQ5Y2E2Zjg5NjAiLCJ0eXAiOiJCZWFyZXIiLCJhenAiOiJiYWNrb2ZmaWNlLWJmZiIsInNpZCI6IjFhMmM5ZGEwLTYwNzAtNGZiZS1iMjc1LWM4OGRhMjkxMjFhMiIsInJlYWxtX2FjY2VzcyI6eyJyb2xlcyI6WyJkZWZhdWx0LXJvbGVzLXlhcyIsIm9mZmxpbmVfYWNjZXNzIiwiQ1VTVE9NRVIiLCJ1bWFfYXV0aG9yaXphdGlvbiJdfSwic2NvcGUiOiJlbWFpbCBwcm9maWxlIiwiZW1haWxfdmVyaWZpZWQiOmZhbHNlLCJwcmVmZXJyZWRfdXNlcm5hbWUiOiJ1c2VyIn0.TeQJFrMOUKmKVNOvGDlzQuVam3S9YoyUrAJ7sJF4RWL5pGgwK7TxtnbTguuQU9cf9avttKrL8a6clTT3OZmjdpZZ2CXAI2EJjYLQqo2JMeshkSR1i98DtLx4MZCR3Dy3sjxJ_jzOp4EYlPYadVvIz_Rujz-6j7GCBy5J9GXn5FED2_sRbYu1N0vwO8Z3pXv27DRehj5qUjsQ82NExHHDFCEEQYnnDUdsIYhmNf1VKkWsbhHYEHoVguoi9akJtMW1WhCKJyekRuCaAoRCM7gZpCpmmm55F1FyMZ2kegpqv2N1vcmC0MXrVuaOsUo__AvCUvKOjU5lfF_yhfNBbmLYmQ"")",faults,/home/azureuser/yas/evomaster-config/generated-tests/blackbox/rating/customer/EvoMaster_rating_customer_faults.java,21,6,True,0,,0,0,,100.0,0,0,0,0,0,0,False,,/home/azureuser/yas/evomaster-config/runtime-logs/classes/rating/customer/EvoMaster_rating_customer_faults,/home/azureuser/yas/evomaster-config/runtime-logs/classes/rating/customer/EvoMaster_rating_customer_faults/compile.log,/home/azureuser/yas/evomaster-config/runtime-logs/classes/rating/customer/EvoMaster_rating_customer_faults/compile_stdout.log,/home/azureuser/yas/evomaster-config/runtime-logs/classes/rating/customer/EvoMaster_rating_customer_faults/compile_stderr.log,True,True,0,,0,False,12.54,11.02,163.86,Test passed (detected via Surefire XML),/home/azureuser/yas/evomaster-config/runtime-logs/methods/rating/customer/EvoMaster_rating_customer_faults/test_13_getOnLatestReturnsMismatchResponseWithSchema,/home/azureuser/yas/evomaster-config/runtime-logs/methods/rating/customer/EvoMaster_rating_customer_faults/test_13_getOnLatestReturnsMismatchResponseWithSchema/run.log,/home/azureuser/yas/evomaster-config/runtime-logs/methods/rating/customer/EvoMaster_rating_customer_faults/test_13_getOnLatestReturnsMismatchResponseWithSchema/run_stdout.log,/home/azureuser/yas/evomaster-config/runtime-logs/methods/rating/customer/EvoMaster_rating_customer_faults/test_13_getOnLatestReturnsMismatchResponseWithSchema/run_stderr.log
rating,none,EvoMaster_rating_none_faults.java,EvoMaster_rating_none_faults,test_7_postOnRatingsReturnsMismatchResponseWithSchema,False,1,403,/rating/storefront/ratings,POST,403,.statusCode(403) .assertThat(),5,".post(baseUrlOfSut + ""/rating/storefront/ratings"")",".body("" { "" + 
                    "" \""content\"": \""WKVEpB5cVTTHFA\"", "" + 
                    "" \""star\"": 630, "" + 
                    "" \""productId\"": 510 "" + 
                    "" } "")",,faults,/home/azureuser/yas/evomaster-config/generated-tests/blackbox/rating/none/EvoMaster_rating_none_faults.java,21,6,True,0,,0,0,,100.0,0,0,0,0,0,0,False,,/home/azureuser/yas/evomaster-config/runtime-logs/classes/rating/none/EvoMaster_rating_none_faults,/home/azureuser/yas/evomaster-config/runtime-logs/classes/rating/none/EvoMaster_rating_none_faults/compile.log,/home/azureuser/yas/evomaster-config/runtime-logs/classes/rating/none/EvoMaster_rating_none_faults/compile_stdout.log,/home/azureuser/yas/evomaster-config/runtime-logs/classes/rating/none/EvoMaster_rating_none_faults/compile_stderr.log,True,True,0,,0,False,14.04,11.09,162.58,Test passed (detected via Surefire XML),/home/azureuser/yas/evomaster-config/runtime-logs/methods/rating/none/EvoMaster_rating_none_faults/test_7_postOnRatingsReturnsMismatchResponseWithSchema,/home/azureuser/yas/evomaster-config/runtime-logs/methods/rating/none/EvoMaster_rating_none_faults/test_7_postOnRatingsReturnsMismatchResponseWithSchema/run.log,/home/azureuser/yas/evomaster-config/runtime-logs/methods/rating/none/EvoMaster_rating_none_faults/test_7_postOnRatingsReturnsMismatchResponseWithSchema/run_stdout.log,/home/azureuser/yas/evomaster-config/runtime-logs/methods/rating/none/EvoMaster_rating_none_faults/test_7_postOnRatingsReturnsMismatchResponseWithSchema/run_stderr.log
rating,none,EvoMaster_rating_none_faults.java,EvoMaster_rating_none_faults,test_8_deleteOnRateReturnsMismatchResponseWithSchema,False,1,403,/rating/backoffice/ratings/{id},DELETE,403,.statusCode(403) .assertThat(),5,".delete(baseUrlOfSut + ""/rating/backoffice/ratings/944"")",,,faults,/home/azureuser/yas/evomaster-config/generated-tests/blackbox/rating/none/EvoMaster_rating_none_faults.java,21,6,True,0,,0,0,,100.0,0,0,0,0,0,0,False,,/home/azureuser/yas/evomaster-config/runtime-logs/classes/rating/none/EvoMaster_rating_none_faults,/home/azureuser/yas/evomaster-config/runtime-logs/classes/rating/none/EvoMaster_rating_none_faults/compile.log,/home/azureuser/yas/evomaster-config/runtime-logs/classes/rating/none/EvoMaster_rating_none_faults/compile_stdout.log,/home/azureuser/yas/evomaster-config/runtime-logs/classes/rating/none/EvoMaster_rating_none_faults/compile_stderr.log,True,True,0,,0,False,14.05,11.67,161.84,Test passed (detected via Surefire XML),/home/azureuser/yas/evomaster-config/runtime-logs/methods/rating/none/EvoMaster_rating_none_faults/test_8_deleteOnRateReturnsMismatchResponseWithSchema,/home/azureuser/yas/evomaster-config/runtime-logs/methods/rating/none/EvoMaster_rating_none_faults/test_8_deleteOnRateReturnsMismatchResponseWithSchema/run.log,/home/azureuser/yas/evomaster-config/runtime-logs/methods/rating/none/EvoMaster_rating_none_faults/test_8_deleteOnRateReturnsMismatchResponseWithSchema/run_stdout.log,/home/azureuser/yas/evomaster-config/runtime-logs/methods/rating/none/EvoMaster_rating_none_faults/test_8_deleteOnRateReturnsMismatchResponseWithSchema/run_stderr.log
rating,none,EvoMaster_rating_none_faults.java,EvoMaster_rating_none_faults,test_9_deleteOnRateReturnsMismatchResponseWithSchema,False,1,403,/rating/backoffice/ratings/{id},DELETE,403,.statusCode(403) .assertThat(),5,".delete(baseUrlOfSut + ""/rating/backoffice/ratings/-6150497622232811513"")",,,faults,/home/azureuser/yas/evomaster-config/generated-tests/blackbox/rating/none/EvoMaster_rating_none_faults.java,21,6,True,0,,0,0,,100.0,0,0,0,0,0,0,False,,/home/azureuser/yas/evomaster-config/runtime-logs/classes/rating/none/EvoMaster_rating_none_faults,/home/azureuser/yas/evomaster-config/runtime-logs/classes/rating/none/EvoMaster_rating_none_faults/compile.log,/home/azureuser/yas/evomaster-config/runtime-logs/classes/rating/none/EvoMaster_rating_none_faults/compile_stdout.log,/home/azureuser/yas/evomaster-config/runtime-logs/classes/rating/none/EvoMaster_rating_none_faults/compile_stderr.log,True,True,0,,0,False,14.06,11.55,153.97,Test passed (detected via Surefire XML),/home/azureuser/yas/evomaster-config/runtime-logs/methods/rating/none/EvoMaster_rating_none_faults/test_9_deleteOnRateReturnsMismatchResponseWithSchema,/home/azureuser/yas/evomaster-config/runtime-logs/methods/rating/none/EvoMaster_rating_none_faults/test_9_deleteOnRateReturnsMismatchResponseWithSchema/run.log,/home/azureuser/yas/evomaster-config/runtime-logs/methods/rating/none/EvoMaster_rating_none_faults/test_9_deleteOnRateReturnsMismatchResponseWithSchema/run_stdout.log,/home/azureuser/yas/evomaster-config/runtime-logs/methods/rating/none/EvoMaster_rating_none_faults/test_9_deleteOnRateReturnsMismatchResponseWithSchema/run_stderr.log
rating,none,EvoMaster_rating_none_faults.java,EvoMaster_rating_none_faults,test_10_getOnLatestReturnsMismatchResponseWithSchema,False,1,401,/rating/backoffice/ratings/latest/{count},GET,401,.statusCode(401) .assertThat(),2,".get(baseUrlOfSut + ""/rating/backoffice/ratings/latest/75"")",,,faults,/home/azureuser/yas/evomaster-config/generated-tests/blackbox/rating/none/EvoMaster_rating_none_faults.java,21,6,True,0,,0,0,,100.0,0,0,0,0,0,0,False,,/home/azureuser/yas/evomaster-config/runtime-logs/classes/rating/none/EvoMaster_rating_none_faults,/home/azureuser/yas/evomaster-config/runtime-logs/classes/rating/none/EvoMaster_rating_none_faults/compile.log,/home/azureuser/yas/evomaster-config/runtime-logs/classes/rating/none/EvoMaster_rating_none_faults/compile_stdout.log,/home/azureuser/yas/evomaster-config/runtime-logs/classes/rating/none/EvoMaster_rating_none_faults/compile_stderr.log,True,True,0,,0,False,12.55,11.3,160.82,Test passed (detected via Surefire XML),/home/azureuser/yas/evomaster-config/runtime-logs/methods/rating/none/EvoMaster_rating_none_faults/test_10_getOnLatestReturnsMismatchResponseWithSchema,/home/azureuser/yas/evomaster-config/runtime-logs/methods/rating/none/EvoMaster_rating_none_faults/test_10_getOnLatestReturnsMismatchResponseWithSchema/run.log,/home/azureuser/yas/evomaster-config/runtime-logs/methods/rating/none/EvoMaster_rating_none_faults/test_10_getOnLatestReturnsMismatchResponseWithSchema/run_stdout.log,/home/azureuser/yas/evomaster-config/runtime-logs/methods/rating/none/EvoMaster_rating_none_faults/test_10_getOnLatestReturnsMismatchResponseWithSchema/run_stderr.log
rating,super_admin,EvoMaster_rating_super_admin_faults.java,EvoMaster_rating_super_admin_faults,test_0_postOnRatingsShowsFaults_100_101,False,1,500,/rating/storefront/ratings,POST,500,.statusCode(500) .assertThat(),6,".post(baseUrlOfSut + ""/rating/storefront/ratings"")",".body("" { "" + 
                    "" \""productId\"": 3524456923168602411 "" + 
                    "" } "")",".header(""Authorization"", ""Bearer eyJhbGciOiJSUzI1NiIsInR5cCIgOiAiSldUIiwia2lkIiA6ICJSclRUNWtBOHhIS3N0YWFSMmh1YTRpT0RpcFE4ek9pcjFrNGZOM3RxNFNVIn0.eyJleHAiOjE3Nzc4NDU3NjQsImlhdCI6MTc3Nzg0MjE2NCwianRpIjoiOTEwODhlNDEtYjc1Mi00ZGI5LTgzYzktMmE5MTU4MTQwYTY2IiwiaXNzIjoiaHR0cDovL2lkZW50aXR5L3JlYWxtcy9ZYXMiLCJzdWIiOiI3MDQyZWE5ZS1hNzg0LTQxZjQtYTkzNi1kOGUxNTk5ODlmZjUiLCJ0eXAiOiJCZWFyZXIiLCJhenAiOiJiYWNrb2ZmaWNlLWJmZiIsInNpZCI6IjExMDljMGQyLTFlOTctNGM5OC1hNTQxLWIzNmYwZmM3Yjc2ZCIsInJlYWxtX2FjY2VzcyI6eyJyb2xlcyI6WyJTVVBFUi1BRE1JTiJdfSwic2NvcGUiOiJlbWFpbCBwcm9maWxlIiwiZW1haWxfdmVyaWZpZWQiOmZhbHNlLCJwcmVmZXJyZWRfdXNlcm5hbWUiOiJzdXBlcl9hZG1pbiJ9.iMNTiEVuHcjs3U-dKQ9vks1W4Rh58vuoZKxLYJpKgFq4f8HnJu_nawUjFB2eC3AvjR5T5Rf3cT1HF1osaKDQ6juN-Mw5CAqnCXMh5xwChE_MwwZQUgltRjoDYz5oRbHXMy0zM5dRgxdoMUru4W6Bf9M6wvogfAJZ9_ZsLye84TPhzUpLMa77LEclGY_IQ4Ntt8XqW1zVxPz_cvR5TFYH1ws7IAlgdMCWfwUWeYjYQjZFCM-LqXaBUbTCvUNFOcgY3Ixz_cv0n6HpqdmU8tt9-DJO7_UG0JPKeSyob_UvvmiwMZ7-n7Aofuy1odfl7EJJrWOzLVuE0mdNW2lMaNpErA"")",faults,/home/azureuser/yas/evomaster-config/generated-tests/blackbox/rating/super_admin/EvoMaster_rating_super_admin_faults.java,21,6,True,0,,0,0,,100.0,0,0,0,0,0,0,False,,/home/azureuser/yas/evomaster-config/runtime-logs/classes/rating/super_admin/EvoMaster_rating_super_admin_faults,/home/azureuser/yas/evomaster-config/runtime-logs/classes/rating/super_admin/EvoMaster_rating_super_admin_faults/compile.log,/home/azureuser/yas/evomaster-config/runtime-logs/classes/rating/super_admin/EvoMaster_rating_super_admin_faults/compile_stdout.log,/home/azureuser/yas/evomaster-config/runtime-logs/classes/rating/super_admin/EvoMaster_rating_super_admin_faults/compile_stderr.log,True,True,0,,0,False,14.55,11.58,164.52,Test passed (detected via Surefire XML),/home/azureuser/yas/evomaster-config/runtime-logs/methods/rating/super_admin/EvoMaster_rating_super_admin_faults/test_0_postOnRatingsShowsFaults_100_101,/home/azureuser/yas/evomaster-config/runtime-logs/methods/rating/super_admin/EvoMaster_rating_super_admin_faults/test_0_postOnRatingsShowsFaults_100_101/run.log,/home/azureuser/yas/evomaster-config/runtime-logs/methods/rating/super_admin/EvoMaster_rating_super_admin_faults/test_0_postOnRatingsShowsFaults_100_101/run_stdout.log,/home/azureuser/yas/evomaster-config/runtime-logs/methods/rating/super_admin/EvoMaster_rating_super_admin_faults/test_0_postOnRatingsShowsFaults_100_101/run_stderr.log
rating,super_admin,EvoMaster_rating_super_admin_faults.java,EvoMaster_rating_super_admin_faults,test_6_postOnRatingsReturnsMismatchResponseWithSchema,False,1,403,/rating/storefront/ratings,POST,403,.statusCode(403) .assertThat(),5,".post(baseUrlOfSut + ""/rating/storefront/ratings"")",".body("" { "" + 
                    "" \""content\"": \""lpdgUqEVha7Djn5\"", "" + 
                    "" \""star\"": -1411206309, "" + 
                    "" \""productId\"": 643 "" + 
                    "" } "")",,faults,/home/azureuser/yas/evomaster-config/generated-tests/blackbox/rating/super_admin/EvoMaster_rating_super_admin_faults.java,21,6,True,0,,0,0,,100.0,0,0,0,0,0,0,False,,/home/azureuser/yas/evomaster-config/runtime-logs/classes/rating/super_admin/EvoMaster_rating_super_admin_faults,/home/azureuser/yas/evomaster-config/runtime-logs/classes/rating/super_admin/EvoMaster_rating_super_admin_faults/compile.log,/home/azureuser/yas/evomaster-config/runtime-logs/classes/rating/super_admin/EvoMaster_rating_super_admin_faults/compile_stdout.log,/home/azureuser/yas/evomaster-config/runtime-logs/classes/rating/super_admin/EvoMaster_rating_super_admin_faults/compile_stderr.log,True,True,0,,0,False,14.05,11.37,154.86,Test passed (detected via Surefire XML),/home/azureuser/yas/evomaster-config/runtime-logs/methods/rating/super_admin/EvoMaster_rating_super_admin_faults/test_6_postOnRatingsReturnsMismatchResponseWithSchema,/home/azureuser/yas/evomaster-config/runtime-logs/methods/rating/super_admin/EvoMaster_rating_super_admin_faults/test_6_postOnRatingsReturnsMismatchResponseWithSchema/run.log,/home/azureuser/yas/evomaster-config/runtime-logs/methods/rating/super_admin/EvoMaster_rating_super_admin_faults/test_6_postOnRatingsReturnsMismatchResponseWithSchema/run_stdout.log,/home/azureuser/yas/evomaster-config/runtime-logs/methods/rating/super_admin/EvoMaster_rating_super_admin_faults/test_6_postOnRatingsReturnsMismatchResponseWithSchema/run_stderr.log
rating,super_admin,EvoMaster_rating_super_admin_faults.java,EvoMaster_rating_super_admin_faults,test_7_postOnRatingsReturnsMismatchResponseWithSchema,False,1,403,/rating/storefront/ratings,POST,403,.statusCode(403) .assertThat(),6,".post(baseUrlOfSut + ""/rating/storefront/ratings"")",".body("" { "" + 
                    "" \""star\"": 986 "" + 
                    "" } "")",".header(""Authorization"", ""Bearer eyJhbGciOiJSUzI1NiIsInR5cCIgOiAiSldUIiwia2lkIiA6ICJSclRUNWtBOHhIS3N0YWFSMmh1YTRpT0RpcFE4ek9pcjFrNGZOM3RxNFNVIn0.eyJleHAiOjE3Nzc4NDU3NjQsImlhdCI6MTc3Nzg0MjE2NCwianRpIjoiOTEwODhlNDEtYjc1Mi00ZGI5LTgzYzktMmE5MTU4MTQwYTY2IiwiaXNzIjoiaHR0cDovL2lkZW50aXR5L3JlYWxtcy9ZYXMiLCJzdWIiOiI3MDQyZWE5ZS1hNzg0LTQxZjQtYTkzNi1kOGUxNTk5ODlmZjUiLCJ0eXAiOiJCZWFyZXIiLCJhenAiOiJiYWNrb2ZmaWNlLWJmZiIsInNpZCI6IjExMDljMGQyLTFlOTctNGM5OC1hNTQxLWIzNmYwZmM3Yjc2ZCIsInJlYWxtX2FjY2VzcyI6eyJyb2xlcyI6WyJTVVBFUi1BRE1JTiJdfSwic2NvcGUiOiJlbWFpbCBwcm9maWxlIiwiZW1haWxfdmVyaWZpZWQiOmZhbHNlLCJwcmVmZXJyZWRfdXNlcm5hbWUiOiJzdXBlcl9hZG1pbiJ9.iMNTiEVuHcjs3U-dKQ9vks1W4Rh58vuoZKxLYJpKgFq4f8HnJu_nawUjFB2eC3AvjR5T5Rf3cT1HF1osaKDQ6juN-Mw5CAqnCXMh5xwChE_MwwZQUgltRjoDYz5oRbHXMy0zM5dRgxdoMUru4W6Bf9M6wvogfAJZ9_ZsLye84TPhzUpLMa77LEclGY_IQ4Ntt8XqW1zVxPz_cvR5TFYH1ws7IAlgdMCWfwUWeYjYQjZFCM-LqXaBUbTCvUNFOcgY3Ixz_cv0n6HpqdmU8tt9-DJO7_UG0JPKeSyob_UvvmiwMZ7-n7Aofuy1odfl7EJJrWOzLVuE0mdNW2lMaNpErA"")",faults,/home/azureuser/yas/evomaster-config/generated-tests/blackbox/rating/super_admin/EvoMaster_rating_super_admin_faults.java,21,6,True,0,,0,0,,100.0,0,0,0,0,0,0,False,,/home/azureuser/yas/evomaster-config/runtime-logs/classes/rating/super_admin/EvoMaster_rating_super_admin_faults,/home/azureuser/yas/evomaster-config/runtime-logs/classes/rating/super_admin/EvoMaster_rating_super_admin_faults/compile.log,/home/azureuser/yas/evomaster-config/runtime-logs/classes/rating/super_admin/EvoMaster_rating_super_admin_faults/compile_stdout.log,/home/azureuser/yas/evomaster-config/runtime-logs/classes/rating/super_admin/EvoMaster_rating_super_admin_faults/compile_stderr.log,True,True,0,,0,False,14.55,11.71,161.87,Test passed (detected via Surefire XML),/home/azureuser/yas/evomaster-config/runtime-logs/methods/rating/super_admin/EvoMaster_rating_super_admin_faults/test_7_postOnRatingsReturnsMismatchResponseWithSchema,/home/azureuser/yas/evomaster-config/runtime-logs/methods/rating/super_admin/EvoMaster_rating_super_admin_faults/test_7_postOnRatingsReturnsMismatchResponseWithSchema/run.log,/home/azureuser/yas/evomaster-config/runtime-logs/methods/rating/super_admin/EvoMaster_rating_super_admin_faults/test_7_postOnRatingsReturnsMismatchResponseWithSchema/run_stdout.log,/home/azureuser/yas/evomaster-config/runtime-logs/methods/rating/super_admin/EvoMaster_rating_super_admin_faults/test_7_postOnRatingsReturnsMismatchResponseWithSchema/run_stderr.log
rating,super_admin,EvoMaster_rating_super_admin_faults.java,EvoMaster_rating_super_admin_faults,test_8_deleteOnRateReturnsMismatchResponseWithSchema,False,1,403,/rating/backoffice/ratings/{id},DELETE,403,.statusCode(403) .assertThat(),2,".delete(baseUrlOfSut + ""/rating/backoffice/ratings/3717994482349367538"")",,".header(""Authorization"", ""Bearer eyJhbGciOiJSUzI1NiIsInR5cCIgOiAiSldUIiwia2lkIiA6ICJSclRUNWtBOHhIS3N0YWFSMmh1YTRpT0RpcFE4ek9pcjFrNGZOM3RxNFNVIn0.eyJleHAiOjE3Nzc4NDU3NjQsImlhdCI6MTc3Nzg0MjE2NCwianRpIjoiOTEwODhlNDEtYjc1Mi00ZGI5LTgzYzktMmE5MTU4MTQwYTY2IiwiaXNzIjoiaHR0cDovL2lkZW50aXR5L3JlYWxtcy9ZYXMiLCJzdWIiOiI3MDQyZWE5ZS1hNzg0LTQxZjQtYTkzNi1kOGUxNTk5ODlmZjUiLCJ0eXAiOiJCZWFyZXIiLCJhenAiOiJiYWNrb2ZmaWNlLWJmZiIsInNpZCI6IjExMDljMGQyLTFlOTctNGM5OC1hNTQxLWIzNmYwZmM3Yjc2ZCIsInJlYWxtX2FjY2VzcyI6eyJyb2xlcyI6WyJTVVBFUi1BRE1JTiJdfSwic2NvcGUiOiJlbWFpbCBwcm9maWxlIiwiZW1haWxfdmVyaWZpZWQiOmZhbHNlLCJwcmVmZXJyZWRfdXNlcm5hbWUiOiJzdXBlcl9hZG1pbiJ9.iMNTiEVuHcjs3U-dKQ9vks1W4Rh58vuoZKxLYJpKgFq4f8HnJu_nawUjFB2eC3AvjR5T5Rf3cT1HF1osaKDQ6juN-Mw5CAqnCXMh5xwChE_MwwZQUgltRjoDYz5oRbHXMy0zM5dRgxdoMUru4W6Bf9M6wvogfAJZ9_ZsLye84TPhzUpLMa77LEclGY_IQ4Ntt8XqW1zVxPz_cvR5TFYH1ws7IAlgdMCWfwUWeYjYQjZFCM-LqXaBUbTCvUNFOcgY3Ixz_cv0n6HpqdmU8tt9-DJO7_UG0JPKeSyob_UvvmiwMZ7-n7Aofuy1odfl7EJJrWOzLVuE0mdNW2lMaNpErA"")",faults,/home/azureuser/yas/evomaster-config/generated-tests/blackbox/rating/super_admin/EvoMaster_rating_super_admin_faults.java,21,6,True,0,,0,0,,100.0,0,0,0,0,0,0,False,,/home/azureuser/yas/evomaster-config/runtime-logs/classes/rating/super_admin/EvoMaster_rating_super_admin_faults,/home/azureuser/yas/evomaster-config/runtime-logs/classes/rating/super_admin/EvoMaster_rating_super_admin_faults/compile.log,/home/azureuser/yas/evomaster-config/runtime-logs/classes/rating/super_admin/EvoMaster_rating_super_admin_faults/compile_stdout.log,/home/azureuser/yas/evomaster-config/runtime-logs/classes/rating/super_admin/EvoMaster_rating_super_admin_faults/compile_stderr.log,True,True,0,,0,False,12.54,11.41,160.81,Test passed (detected via Surefire XML),/home/azureuser/yas/evomaster-config/runtime-logs/methods/rating/super_admin/EvoMaster_rating_super_admin_faults/test_8_deleteOnRateReturnsMismatchResponseWithSchema,/home/azureuser/yas/evomaster-config/runtime-logs/methods/rating/super_admin/EvoMaster_rating_super_admin_faults/test_8_deleteOnRateReturnsMismatchResponseWithSchema/run.log,/home/azureuser/yas/evomaster-config/runtime-logs/methods/rating/super_admin/EvoMaster_rating_super_admin_faults/test_8_deleteOnRateReturnsMismatchResponseWithSchema/run_stdout.log,/home/azureuser/yas/evomaster-config/runtime-logs/methods/rating/super_admin/EvoMaster_rating_super_admin_faults/test_8_deleteOnRateReturnsMismatchResponseWithSchema/run_stderr.log
rating,super_admin,EvoMaster_rating_super_admin_faults.java,EvoMaster_rating_super_admin_faults,test_9_deleteOnRateReturnsMismatchResponseWithSchema,False,1,403,/rating/backoffice/ratings/{id},DELETE,403,.statusCode(403) .assertThat(),2,".delete(baseUrlOfSut + ""/rating/backoffice/ratings/-1472485716"")",,".header(""Authorization"", ""Bearer eyJhbGciOiJSUzI1NiIsInR5cCIgOiAiSldUIiwia2lkIiA6ICJSclRUNWtBOHhIS3N0YWFSMmh1YTRpT0RpcFE4ek9pcjFrNGZOM3RxNFNVIn0.eyJleHAiOjE3Nzc4NDU3NjQsImlhdCI6MTc3Nzg0MjE2NCwianRpIjoiOTEwODhlNDEtYjc1Mi00ZGI5LTgzYzktMmE5MTU4MTQwYTY2IiwiaXNzIjoiaHR0cDovL2lkZW50aXR5L3JlYWxtcy9ZYXMiLCJzdWIiOiI3MDQyZWE5ZS1hNzg0LTQxZjQtYTkzNi1kOGUxNTk5ODlmZjUiLCJ0eXAiOiJCZWFyZXIiLCJhenAiOiJiYWNrb2ZmaWNlLWJmZiIsInNpZCI6IjExMDljMGQyLTFlOTctNGM5OC1hNTQxLWIzNmYwZmM3Yjc2ZCIsInJlYWxtX2FjY2VzcyI6eyJyb2xlcyI6WyJTVVBFUi1BRE1JTiJdfSwic2NvcGUiOiJlbWFpbCBwcm9maWxlIiwiZW1haWxfdmVyaWZpZWQiOmZhbHNlLCJwcmVmZXJyZWRfdXNlcm5hbWUiOiJzdXBlcl9hZG1pbiJ9.iMNTiEVuHcjs3U-dKQ9vks1W4Rh58vuoZKxLYJpKgFq4f8HnJu_nawUjFB2eC3AvjR5T5Rf3cT1HF1osaKDQ6juN-Mw5CAqnCXMh5xwChE_MwwZQUgltRjoDYz5oRbHXMy0zM5dRgxdoMUru4W6Bf9M6wvogfAJZ9_ZsLye84TPhzUpLMa77LEclGY_IQ4Ntt8XqW1zVxPz_cvR5TFYH1ws7IAlgdMCWfwUWeYjYQjZFCM-LqXaBUbTCvUNFOcgY3Ixz_cv0n6HpqdmU8tt9-DJO7_UG0JPKeSyob_UvvmiwMZ7-n7Aofuy1odfl7EJJrWOzLVuE0mdNW2lMaNpErA"")",faults,/home/azureuser/yas/evomaster-config/generated-tests/blackbox/rating/super_admin/EvoMaster_rating_super_admin_faults.java,21,6,True,0,,0,0,,100.0,0,0,0,0,0,0,False,,/home/azureuser/yas/evomaster-config/runtime-logs/classes/rating/super_admin/EvoMaster_rating_super_admin_faults,/home/azureuser/yas/evomaster-config/runtime-logs/classes/rating/super_admin/EvoMaster_rating_super_admin_faults/compile.log,/home/azureuser/yas/evomaster-config/runtime-logs/classes/rating/super_admin/EvoMaster_rating_super_admin_faults/compile_stdout.log,/home/azureuser/yas/evomaster-config/runtime-logs/classes/rating/super_admin/EvoMaster_rating_super_admin_faults/compile_stderr.log,True,True,0,,0,False,12.54,11.15,151.46,Test passed (detected via Surefire XML),/home/azureuser/yas/evomaster-config/runtime-logs/methods/rating/super_admin/EvoMaster_rating_super_admin_faults/test_9_deleteOnRateReturnsMismatchResponseWithSchema,/home/azureuser/yas/evomaster-config/runtime-logs/methods/rating/super_admin/EvoMaster_rating_super_admin_faults/test_9_deleteOnRateReturnsMismatchResponseWithSchema/run.log,/home/azureuser/yas/evomaster-config/runtime-logs/methods/rating/super_admin/EvoMaster_rating_super_admin_faults/test_9_deleteOnRateReturnsMismatchResponseWithSchema/run_stdout.log,/home/azureuser/yas/evomaster-config/runtime-logs/methods/rating/super_admin/EvoMaster_rating_super_admin_faults/test_9_deleteOnRateReturnsMismatchResponseWithSchema/run_stderr.log
rating,super_admin,EvoMaster_rating_super_admin_faults.java,EvoMaster_rating_super_admin_faults,test_10_deleteOnRateReturnsMismatchResponseWithSchema,False,1,403,/rating/backoffice/ratings/{id},DELETE,403,.statusCode(403) .assertThat(),5,".delete(baseUrlOfSut + ""/rating/backoffice/ratings/455"")",,,faults,/home/azureuser/yas/evomaster-config/generated-tests/blackbox/rating/super_admin/EvoMaster_rating_super_admin_faults.java,21,6,True,0,,0,0,,100.0,0,0,0,0,0,0,False,,/home/azureuser/yas/evomaster-config/runtime-logs/classes/rating/super_admin/EvoMaster_rating_super_admin_faults,/home/azureuser/yas/evomaster-config/runtime-logs/classes/rating/super_admin/EvoMaster_rating_super_admin_faults/compile.log,/home/azureuser/yas/evomaster-config/runtime-logs/classes/rating/super_admin/EvoMaster_rating_super_admin_faults/compile_stdout.log,/home/azureuser/yas/evomaster-config/runtime-logs/classes/rating/super_admin/EvoMaster_rating_super_admin_faults/compile_stderr.log,True,True,0,,0,False,14.04,11.35,159.59,Test passed (detected via Surefire XML),/home/azureuser/yas/evomaster-config/runtime-logs/methods/rating/super_admin/EvoMaster_rating_super_admin_faults/test_10_deleteOnRateReturnsMismatchResponseWithSchema,/home/azureuser/yas/evomaster-config/runtime-logs/methods/rating/super_admin/EvoMaster_rating_super_admin_faults/test_10_deleteOnRateReturnsMismatchResponseWithSchema/run.log,/home/azureuser/yas/evomaster-config/runtime-logs/methods/rating/super_admin/EvoMaster_rating_super_admin_faults/test_10_deleteOnRateReturnsMismatchResponseWithSchema/run_stdout.log,/home/azureuser/yas/evomaster-config/runtime-logs/methods/rating/super_admin/EvoMaster_rating_super_admin_faults/test_10_deleteOnRateReturnsMismatchResponseWithSchema/run_stderr.log
rating,super_admin,EvoMaster_rating_super_admin_faults.java,EvoMaster_rating_super_admin_faults,test_12_getOnLatestReturnsMismatchResponseWithSchema,False,1,401,/rating/backoffice/ratings/latest/{count},GET,401,.statusCode(401) .assertThat(),2,".get(baseUrlOfSut + ""/rating/backoffice/ratings/latest/427"")",,,faults,/home/azureuser/yas/evomaster-config/generated-tests/blackbox/rating/super_admin/EvoMaster_rating_super_admin_faults.java,21,6,True,0,,0,0,,100.0,0,0,0,0,0,0,False,,/home/azureuser/yas/evomaster-config/runtime-logs/classes/rating/super_admin/EvoMaster_rating_super_admin_faults,/home/azureuser/yas/evomaster-config/runtime-logs/classes/rating/super_admin/EvoMaster_rating_super_admin_faults/compile.log,/home/azureuser/yas/evomaster-config/runtime-logs/classes/rating/super_admin/EvoMaster_rating_super_admin_faults/compile_stdout.log,/home/azureuser/yas/evomaster-config/runtime-logs/classes/rating/super_admin/EvoMaster_rating_super_admin_faults/compile_stderr.log,True,True,0,,0,False,12.54,11.05,156.98,Test passed (detected via Surefire XML),/home/azureuser/yas/evomaster-config/runtime-logs/methods/rating/super_admin/EvoMaster_rating_super_admin_faults/test_12_getOnLatestReturnsMismatchResponseWithSchema,/home/azureuser/yas/evomaster-config/runtime-logs/methods/rating/super_admin/EvoMaster_rating_super_admin_faults/test_12_getOnLatestReturnsMismatchResponseWithSchema/run.log,/home/azureuser/yas/evomaster-config/runtime-logs/methods/rating/super_admin/EvoMaster_rating_super_admin_faults/test_12_getOnLatestReturnsMismatchResponseWithSchema/run_stdout.log,/home/azureuser/yas/evomaster-config/runtime-logs/methods/rating/super_admin/EvoMaster_rating_super_admin_faults/test_12_getOnLatestReturnsMismatchResponseWithSchema/run_stderr.log
rating,super_admin,EvoMaster_rating_super_admin_faults.java,EvoMaster_rating_super_admin_faults,test_13_getOnLatestReturnsMismatchResponseWithSchema,False,1,403,/rating/backoffice/ratings/latest/{count},GET,403,.statusCode(403) .assertThat(),2,".get(baseUrlOfSut + ""/rating/backoffice/ratings/latest/149"")",,".header(""Authorization"", ""Bearer eyJhbGciOiJSUzI1NiIsInR5cCIgOiAiSldUIiwia2lkIiA6ICJSclRUNWtBOHhIS3N0YWFSMmh1YTRpT0RpcFE4ek9pcjFrNGZOM3RxNFNVIn0.eyJleHAiOjE3Nzc4NDU3NjQsImlhdCI6MTc3Nzg0MjE2NCwianRpIjoiOTEwODhlNDEtYjc1Mi00ZGI5LTgzYzktMmE5MTU4MTQwYTY2IiwiaXNzIjoiaHR0cDovL2lkZW50aXR5L3JlYWxtcy9ZYXMiLCJzdWIiOiI3MDQyZWE5ZS1hNzg0LTQxZjQtYTkzNi1kOGUxNTk5ODlmZjUiLCJ0eXAiOiJCZWFyZXIiLCJhenAiOiJiYWNrb2ZmaWNlLWJmZiIsInNpZCI6IjExMDljMGQyLTFlOTctNGM5OC1hNTQxLWIzNmYwZmM3Yjc2ZCIsInJlYWxtX2FjY2VzcyI6eyJyb2xlcyI6WyJTVVBFUi1BRE1JTiJdfSwic2NvcGUiOiJlbWFpbCBwcm9maWxlIiwiZW1haWxfdmVyaWZpZWQiOmZhbHNlLCJwcmVmZXJyZWRfdXNlcm5hbWUiOiJzdXBlcl9hZG1pbiJ9.iMNTiEVuHcjs3U-dKQ9vks1W4Rh58vuoZKxLYJpKgFq4f8HnJu_nawUjFB2eC3AvjR5T5Rf3cT1HF1osaKDQ6juN-Mw5CAqnCXMh5xwChE_MwwZQUgltRjoDYz5oRbHXMy0zM5dRgxdoMUru4W6Bf9M6wvogfAJZ9_ZsLye84TPhzUpLMa77LEclGY_IQ4Ntt8XqW1zVxPz_cvR5TFYH1ws7IAlgdMCWfwUWeYjYQjZFCM-LqXaBUbTCvUNFOcgY3Ixz_cv0n6HpqdmU8tt9-DJO7_UG0JPKeSyob_UvvmiwMZ7-n7Aofuy1odfl7EJJrWOzLVuE0mdNW2lMaNpErA"")",faults,/home/azureuser/yas/evomaster-config/generated-tests/blackbox/rating/super_admin/EvoMaster_rating_super_admin_faults.java,21,6,True,0,,0,0,,100.0,0,0,0,0,0,0,False,,/home/azureuser/yas/evomaster-config/runtime-logs/classes/rating/super_admin/EvoMaster_rating_super_admin_faults,/home/azureuser/yas/evomaster-config/runtime-logs/classes/rating/super_admin/EvoMaster_rating_super_admin_faults/compile.log,/home/azureuser/yas/evomaster-config/runtime-logs/classes/rating/super_admin/EvoMaster_rating_super_admin_faults/compile_stdout.log,/home/azureuser/yas/evomaster-config/runtime-logs/classes/rating/super_admin/EvoMaster_rating_super_admin_faults/compile_stderr.log,True,True,0,,0,False,13.05,11.65,157.9,Test passed (detected via Surefire XML),/home/azureuser/yas/evomaster-config/runtime-logs/methods/rating/super_admin/EvoMaster_rating_super_admin_faults/test_13_getOnLatestReturnsMismatchResponseWithSchema,/home/azureuser/yas/evomaster-config/runtime-logs/methods/rating/super_admin/EvoMaster_rating_super_admin_faults/test_13_getOnLatestReturnsMismatchResponseWithSchema/run.log,/home/azureuser/yas/evomaster-config/runtime-logs/methods/rating/super_admin/EvoMaster_rating_super_admin_faults/test_13_getOnLatestReturnsMismatchResponseWithSchema/run_stdout.log,/home/azureuser/yas/evomaster-config/runtime-logs/methods/rating/super_admin/EvoMaster_rating_super_admin_faults/test_13_getOnLatestReturnsMismatchResponseWithSchema/run_stderr.log
rating,super_admin,EvoMaster_rating_super_admin_faults.java,EvoMaster_rating_super_admin_faults,test_14_getOnLatestReturnsMismatchResponseWithSchema,False,1,403,/rating/backoffice/ratings/latest/{count},GET,403,.statusCode(403) .assertThat(),2,".get(baseUrlOfSut + ""/rating/backoffice/ratings/latest/-1523677136"")",,".header(""Authorization"", ""Bearer eyJhbGciOiJSUzI1NiIsInR5cCIgOiAiSldUIiwia2lkIiA6ICJSclRUNWtBOHhIS3N0YWFSMmh1YTRpT0RpcFE4ek9pcjFrNGZOM3RxNFNVIn0.eyJleHAiOjE3Nzc4NDU3NjQsImlhdCI6MTc3Nzg0MjE2NCwianRpIjoiOTEwODhlNDEtYjc1Mi00ZGI5LTgzYzktMmE5MTU4MTQwYTY2IiwiaXNzIjoiaHR0cDovL2lkZW50aXR5L3JlYWxtcy9ZYXMiLCJzdWIiOiI3MDQyZWE5ZS1hNzg0LTQxZjQtYTkzNi1kOGUxNTk5ODlmZjUiLCJ0eXAiOiJCZWFyZXIiLCJhenAiOiJiYWNrb2ZmaWNlLWJmZiIsInNpZCI6IjExMDljMGQyLTFlOTctNGM5OC1hNTQxLWIzNmYwZmM3Yjc2ZCIsInJlYWxtX2FjY2VzcyI6eyJyb2xlcyI6WyJTVVBFUi1BRE1JTiJdfSwic2NvcGUiOiJlbWFpbCBwcm9maWxlIiwiZW1haWxfdmVyaWZpZWQiOmZhbHNlLCJwcmVmZXJyZWRfdXNlcm5hbWUiOiJzdXBlcl9hZG1pbiJ9.iMNTiEVuHcjs3U-dKQ9vks1W4Rh58vuoZKxLYJpKgFq4f8HnJu_nawUjFB2eC3AvjR5T5Rf3cT1HF1osaKDQ6juN-Mw5CAqnCXMh5xwChE_MwwZQUgltRjoDYz5oRbHXMy0zM5dRgxdoMUru4W6Bf9M6wvogfAJZ9_ZsLye84TPhzUpLMa77LEclGY_IQ4Ntt8XqW1zVxPz_cvR5TFYH1ws7IAlgdMCWfwUWeYjYQjZFCM-LqXaBUbTCvUNFOcgY3Ixz_cv0n6HpqdmU8tt9-DJO7_UG0JPKeSyob_UvvmiwMZ7-n7Aofuy1odfl7EJJrWOzLVuE0mdNW2lMaNpErA"")",faults,/home/azureuser/yas/evomaster-config/generated-tests/blackbox/rating/super_admin/EvoMaster_rating_super_admin_faults.java,21,6,True,0,,0,0,,100.0,0,0,0,0,0,0,False,,/home/azureuser/yas/evomaster-config/runtime-logs/classes/rating/super_admin/EvoMaster_rating_super_admin_faults,/home/azureuser/yas/evomaster-config/runtime-logs/classes/rating/super_admin/EvoMaster_rating_super_admin_faults/compile.log,/home/azureuser/yas/evomaster-config/runtime-logs/classes/rating/super_admin/EvoMaster_rating_super_admin_faults/compile_stdout.log,/home/azureuser/yas/evomaster-config/runtime-logs/classes/rating/super_admin/EvoMaster_rating_super_admin_faults/compile_stderr.log,True,True,0,,0,False,12.55,11.23,158.65,Test passed (detected via Surefire XML),/home/azureuser/yas/evomaster-config/runtime-logs/methods/rating/super_admin/EvoMaster_rating_super_admin_faults/test_14_getOnLatestReturnsMismatchResponseWithSchema,/home/azureuser/yas/evomaster-config/runtime-logs/methods/rating/super_admin/EvoMaster_rating_super_admin_faults/test_14_getOnLatestReturnsMismatchResponseWithSchema/run.log,/home/azureuser/yas/evomaster-config/runtime-logs/methods/rating/super_admin/EvoMaster_rating_super_admin_faults/test_14_getOnLatestReturnsMismatchResponseWithSchema/run_stdout.log,/home/azureuser/yas/evomaster-config/runtime-logs/methods/rating/super_admin/EvoMaster_rating_super_admin_faults/test_14_getOnLatestReturnsMismatchResponseWithSchema/run_stderr.log
rating,user,EvoMaster_rating_user_faults.java,EvoMaster_rating_user_faults,test_0_postOnRatingsShowsFaults_100_101,False,1,500,/rating/storefront/ratings,POST,500,.statusCode(500) .assertThat(),6,".post(baseUrlOfSut + ""/rating/storefront/ratings"")",".body("" { "" + 
                    "" \""content\"": \""NNXj5aMVl5\"", "" + 
                    "" \""productId\"": 421 "" + 
                    "" } "")",".header(""Authorization"", ""Bearer eyJhbGciOiJSUzI1NiIsInR5cCIgOiAiSldUIiwia2lkIiA6ICJSclRUNWtBOHhIS3N0YWFSMmh1YTRpT0RpcFE4ek9pcjFrNGZOM3RxNFNVIn0.eyJleHAiOjE3Nzc4NDU3ODYsImlhdCI6MTc3Nzg0MjE4NiwianRpIjoiZDI5NjU2MmUtNTE1Yy00ZTIyLWFlMDQtOWQ2Y2M1NzI4NGUyIiwiaXNzIjoiaHR0cDovL2lkZW50aXR5L3JlYWxtcy9ZYXMiLCJzdWIiOiIwMTEzZmQyNy1hMDllLTQ3MjItYjFlNS01MDA3ZjU4ZjUyODgiLCJ0eXAiOiJCZWFyZXIiLCJhenAiOiJiYWNrb2ZmaWNlLWJmZiIsInNpZCI6IjFkOTI0OTNjLTU0OWItNGRkNi1iYWJmLTY4NGIxYWUwZDkyMyIsInJlYWxtX2FjY2VzcyI6eyJyb2xlcyI6WyJVU0VSIl19LCJzY29wZSI6ImVtYWlsIHByb2ZpbGUiLCJlbWFpbF92ZXJpZmllZCI6ZmFsc2UsInByZWZlcnJlZF91c2VybmFtZSI6InVzZXJfcm9sZSJ9.NMw22KQUwBJB3Mg0h3lJIKOXoKO3AlRBOmboIzEog8QNxhnw6CHBOZNRKaJ4Cups5ShBtVjw40oR3iGBiebM6iGWWu2rGYuey9myxf_xxcVF7TzutwuYBcKjf_BkrowShAzB8EqgVzkXdaAVA97igWyp4W9FIwuEjQfm2t7oVQ9z8WekNiXeAqV9Z9t0C6r2S9J47mAjgeUJv78vVDqjITtD0BbI7_5kpJquOt-4fqqJ4lpoLcPnXp93m1heXxHX95eN5GWkiBbLN08dBARJ6JsWzh3wE1eQvWcspP0ieG0dOve24EBEE00RTnpUTJkBt3Gd_uuW0fVaKPRp3eREmA"")",faults,/home/azureuser/yas/evomaster-config/generated-tests/blackbox/rating/user/EvoMaster_rating_user_faults.java,21,6,True,0,,0,0,,100.0,0,0,0,0,0,0,False,,/home/azureuser/yas/evomaster-config/runtime-logs/classes/rating/user/EvoMaster_rating_user_faults,/home/azureuser/yas/evomaster-config/runtime-logs/classes/rating/user/EvoMaster_rating_user_faults/compile.log,/home/azureuser/yas/evomaster-config/runtime-logs/classes/rating/user/EvoMaster_rating_user_faults/compile_stdout.log,/home/azureuser/yas/evomaster-config/runtime-logs/classes/rating/user/EvoMaster_rating_user_faults/compile_stderr.log,True,True,0,,0,False,14.55,11.71,155.99,Test passed (detected via Surefire XML),/home/azureuser/yas/evomaster-config/runtime-logs/methods/rating/user/EvoMaster_rating_user_faults/test_0_postOnRatingsShowsFaults_100_101,/home/azureuser/yas/evomaster-config/runtime-logs/methods/rating/user/EvoMaster_rating_user_faults/test_0_postOnRatingsShowsFaults_100_101/run.log,/home/azureuser/yas/evomaster-config/runtime-logs/methods/rating/user/EvoMaster_rating_user_faults/test_0_postOnRatingsShowsFaults_100_101/run_stdout.log,/home/azureuser/yas/evomaster-config/runtime-logs/methods/rating/user/EvoMaster_rating_user_faults/test_0_postOnRatingsShowsFaults_100_101/run_stderr.log
rating,user,EvoMaster_rating_user_faults.java,EvoMaster_rating_user_faults,test_6_postOnRatingsReturnsMismatchResponseWithSchema,False,1,403,/rating/storefront/ratings,POST,403,.statusCode(403) .assertThat(),6,".post(baseUrlOfSut + ""/rating/storefront/ratings"")",".body("" { "" + 
                    "" \""star\"": 728, "" + 
                    "" \""productId\"": 2552734976304792962 "" + 
                    "" } "")",".header(""Authorization"", ""Bearer eyJhbGciOiJSUzI1NiIsInR5cCIgOiAiSldUIiwia2lkIiA6ICJSclRUNWtBOHhIS3N0YWFSMmh1YTRpT0RpcFE4ek9pcjFrNGZOM3RxNFNVIn0.eyJleHAiOjE3Nzc4NDU3ODYsImlhdCI6MTc3Nzg0MjE4NiwianRpIjoiZDI5NjU2MmUtNTE1Yy00ZTIyLWFlMDQtOWQ2Y2M1NzI4NGUyIiwiaXNzIjoiaHR0cDovL2lkZW50aXR5L3JlYWxtcy9ZYXMiLCJzdWIiOiIwMTEzZmQyNy1hMDllLTQ3MjItYjFlNS01MDA3ZjU4ZjUyODgiLCJ0eXAiOiJCZWFyZXIiLCJhenAiOiJiYWNrb2ZmaWNlLWJmZiIsInNpZCI6IjFkOTI0OTNjLTU0OWItNGRkNi1iYWJmLTY4NGIxYWUwZDkyMyIsInJlYWxtX2FjY2VzcyI6eyJyb2xlcyI6WyJVU0VSIl19LCJzY29wZSI6ImVtYWlsIHByb2ZpbGUiLCJlbWFpbF92ZXJpZmllZCI6ZmFsc2UsInByZWZlcnJlZF91c2VybmFtZSI6InVzZXJfcm9sZSJ9.NMw22KQUwBJB3Mg0h3lJIKOXoKO3AlRBOmboIzEog8QNxhnw6CHBOZNRKaJ4Cups5ShBtVjw40oR3iGBiebM6iGWWu2rGYuey9myxf_xxcVF7TzutwuYBcKjf_BkrowShAzB8EqgVzkXdaAVA97igWyp4W9FIwuEjQfm2t7oVQ9z8WekNiXeAqV9Z9t0C6r2S9J47mAjgeUJv78vVDqjITtD0BbI7_5kpJquOt-4fqqJ4lpoLcPnXp93m1heXxHX95eN5GWkiBbLN08dBARJ6JsWzh3wE1eQvWcspP0ieG0dOve24EBEE00RTnpUTJkBt3Gd_uuW0fVaKPRp3eREmA"")",faults,/home/azureuser/yas/evomaster-config/generated-tests/blackbox/rating/user/EvoMaster_rating_user_faults.java,21,6,True,0,,0,0,,100.0,0,0,0,0,0,0,False,,/home/azureuser/yas/evomaster-config/runtime-logs/classes/rating/user/EvoMaster_rating_user_faults,/home/azureuser/yas/evomaster-config/runtime-logs/classes/rating/user/EvoMaster_rating_user_faults/compile.log,/home/azureuser/yas/evomaster-config/runtime-logs/classes/rating/user/EvoMaster_rating_user_faults/compile_stdout.log,/home/azureuser/yas/evomaster-config/runtime-logs/classes/rating/user/EvoMaster_rating_user_faults/compile_stderr.log,True,True,0,,0,False,17.55,11.04,156.2,Test passed (detected via Surefire XML),/home/azureuser/yas/evomaster-config/runtime-logs/methods/rating/user/EvoMaster_rating_user_faults/test_6_postOnRatingsReturnsMismatchResponseWithSchema,/home/azureuser/yas/evomaster-config/runtime-logs/methods/rating/user/EvoMaster_rating_user_faults/test_6_postOnRatingsReturnsMismatchResponseWithSchema/run.log,/home/azureuser/yas/evomaster-config/runtime-logs/methods/rating/user/EvoMaster_rating_user_faults/test_6_postOnRatingsReturnsMismatchResponseWithSchema/run_stdout.log,/home/azureuser/yas/evomaster-config/runtime-logs/methods/rating/user/EvoMaster_rating_user_faults/test_6_postOnRatingsReturnsMismatchResponseWithSchema/run_stderr.log
rating,user,EvoMaster_rating_user_faults.java,EvoMaster_rating_user_faults,test_7_postOnRatingsReturnsMismatchResponseWithSchema,False,1,403,/rating/storefront/ratings,POST,403,.statusCode(403) .assertThat(),5,".post(baseUrlOfSut + ""/rating/storefront/ratings"")",".body("" { "" + 
                    "" \""content\"": \""GtS\"", "" + 
                    "" \""productName\"": \""T\"" "" + 
                    "" } "")",,faults,/home/azureuser/yas/evomaster-config/generated-tests/blackbox/rating/user/EvoMaster_rating_user_faults.java,21,6,True,0,,0,0,,100.0,0,0,0,0,0,0,False,,/home/azureuser/yas/evomaster-config/runtime-logs/classes/rating/user/EvoMaster_rating_user_faults,/home/azureuser/yas/evomaster-config/runtime-logs/classes/rating/user/EvoMaster_rating_user_faults/compile.log,/home/azureuser/yas/evomaster-config/runtime-logs/classes/rating/user/EvoMaster_rating_user_faults/compile_stdout.log,/home/azureuser/yas/evomaster-config/runtime-logs/classes/rating/user/EvoMaster_rating_user_faults/compile_stderr.log,True,True,0,,0,False,14.05,11.34,161.54,Test passed (detected via Surefire XML),/home/azureuser/yas/evomaster-config/runtime-logs/methods/rating/user/EvoMaster_rating_user_faults/test_7_postOnRatingsReturnsMismatchResponseWithSchema,/home/azureuser/yas/evomaster-config/runtime-logs/methods/rating/user/EvoMaster_rating_user_faults/test_7_postOnRatingsReturnsMismatchResponseWithSchema/run.log,/home/azureuser/yas/evomaster-config/runtime-logs/methods/rating/user/EvoMaster_rating_user_faults/test_7_postOnRatingsReturnsMismatchResponseWithSchema/run_stdout.log,/home/azureuser/yas/evomaster-config/runtime-logs/methods/rating/user/EvoMaster_rating_user_faults/test_7_postOnRatingsReturnsMismatchResponseWithSchema/run_stderr.log
rating,user,EvoMaster_rating_user_faults.java,EvoMaster_rating_user_faults,test_8_deleteOnRateReturnsMismatchResponseWithSchema,False,1,403,/rating/backoffice/ratings/{id},DELETE,403,.statusCode(403) .assertThat(),2,".delete(baseUrlOfSut + ""/rating/backoffice/ratings/483"")",,".header(""Authorization"", ""Bearer eyJhbGciOiJSUzI1NiIsInR5cCIgOiAiSldUIiwia2lkIiA6ICJSclRUNWtBOHhIS3N0YWFSMmh1YTRpT0RpcFE4ek9pcjFrNGZOM3RxNFNVIn0.eyJleHAiOjE3Nzc4NDU3ODYsImlhdCI6MTc3Nzg0MjE4NiwianRpIjoiZDI5NjU2MmUtNTE1Yy00ZTIyLWFlMDQtOWQ2Y2M1NzI4NGUyIiwiaXNzIjoiaHR0cDovL2lkZW50aXR5L3JlYWxtcy9ZYXMiLCJzdWIiOiIwMTEzZmQyNy1hMDllLTQ3MjItYjFlNS01MDA3ZjU4ZjUyODgiLCJ0eXAiOiJCZWFyZXIiLCJhenAiOiJiYWNrb2ZmaWNlLWJmZiIsInNpZCI6IjFkOTI0OTNjLTU0OWItNGRkNi1iYWJmLTY4NGIxYWUwZDkyMyIsInJlYWxtX2FjY2VzcyI6eyJyb2xlcyI6WyJVU0VSIl19LCJzY29wZSI6ImVtYWlsIHByb2ZpbGUiLCJlbWFpbF92ZXJpZmllZCI6ZmFsc2UsInByZWZlcnJlZF91c2VybmFtZSI6InVzZXJfcm9sZSJ9.NMw22KQUwBJB3Mg0h3lJIKOXoKO3AlRBOmboIzEog8QNxhnw6CHBOZNRKaJ4Cups5ShBtVjw40oR3iGBiebM6iGWWu2rGYuey9myxf_xxcVF7TzutwuYBcKjf_BkrowShAzB8EqgVzkXdaAVA97igWyp4W9FIwuEjQfm2t7oVQ9z8WekNiXeAqV9Z9t0C6r2S9J47mAjgeUJv78vVDqjITtD0BbI7_5kpJquOt-4fqqJ4lpoLcPnXp93m1heXxHX95eN5GWkiBbLN08dBARJ6JsWzh3wE1eQvWcspP0ieG0dOve24EBEE00RTnpUTJkBt3Gd_uuW0fVaKPRp3eREmA"")",faults,/home/azureuser/yas/evomaster-config/generated-tests/blackbox/rating/user/EvoMaster_rating_user_faults.java,21,6,True,0,,0,0,,100.0,0,0,0,0,0,0,False,,/home/azureuser/yas/evomaster-config/runtime-logs/classes/rating/user/EvoMaster_rating_user_faults,/home/azureuser/yas/evomaster-config/runtime-logs/classes/rating/user/EvoMaster_rating_user_faults/compile.log,/home/azureuser/yas/evomaster-config/runtime-logs/classes/rating/user/EvoMaster_rating_user_faults/compile_stdout.log,/home/azureuser/yas/evomaster-config/runtime-logs/classes/rating/user/EvoMaster_rating_user_faults/compile_stderr.log,True,True,0,,0,False,12.54,11.44,160.59,Test passed (detected via Surefire XML),/home/azureuser/yas/evomaster-config/runtime-logs/methods/rating/user/EvoMaster_rating_user_faults/test_8_deleteOnRateReturnsMismatchResponseWithSchema,/home/azureuser/yas/evomaster-config/runtime-logs/methods/rating/user/EvoMaster_rating_user_faults/test_8_deleteOnRateReturnsMismatchResponseWithSchema/run.log,/home/azureuser/yas/evomaster-config/runtime-logs/methods/rating/user/EvoMaster_rating_user_faults/test_8_deleteOnRateReturnsMismatchResponseWithSchema/run_stdout.log,/home/azureuser/yas/evomaster-config/runtime-logs/methods/rating/user/EvoMaster_rating_user_faults/test_8_deleteOnRateReturnsMismatchResponseWithSchema/run_stderr.log
rating,user,EvoMaster_rating_user_faults.java,EvoMaster_rating_user_faults,test_9_deleteOnRateReturnsMismatchResponseWithSchema,False,1,403,/rating/backoffice/ratings/{id},DELETE,403,.statusCode(403) .assertThat(),5,".delete(baseUrlOfSut + ""/rating/backoffice/ratings/176110811"")",,,faults,/home/azureuser/yas/evomaster-config/generated-tests/blackbox/rating/user/EvoMaster_rating_user_faults.java,21,6,True,0,,0,0,,100.0,0,0,0,0,0,0,False,,/home/azureuser/yas/evomaster-config/runtime-logs/classes/rating/user/EvoMaster_rating_user_faults,/home/azureuser/yas/evomaster-config/runtime-logs/classes/rating/user/EvoMaster_rating_user_faults/compile.log,/home/azureuser/yas/evomaster-config/runtime-logs/classes/rating/user/EvoMaster_rating_user_faults/compile_stdout.log,/home/azureuser/yas/evomaster-config/runtime-logs/classes/rating/user/EvoMaster_rating_user_faults/compile_stderr.log,True,True,0,,0,False,14.55,11.68,165.9,Test passed (detected via Surefire XML),/home/azureuser/yas/evomaster-config/runtime-logs/methods/rating/user/EvoMaster_rating_user_faults/test_9_deleteOnRateReturnsMismatchResponseWithSchema,/home/azureuser/yas/evomaster-config/runtime-logs/methods/rating/user/EvoMaster_rating_user_faults/test_9_deleteOnRateReturnsMismatchResponseWithSchema/run.log,/home/azureuser/yas/evomaster-config/runtime-logs/methods/rating/user/EvoMaster_rating_user_faults/test_9_deleteOnRateReturnsMismatchResponseWithSchema/run_stdout.log,/home/azureuser/yas/evomaster-config/runtime-logs/methods/rating/user/EvoMaster_rating_user_faults/test_9_deleteOnRateReturnsMismatchResponseWithSchema/run_stderr.log
rating,user,EvoMaster_rating_user_faults.java,EvoMaster_rating_user_faults,test_10_deleteOnRateReturnsMismatchResponseWithSchema,False,1,403,/rating/backoffice/ratings/{id},DELETE,403,.statusCode(403) .assertThat(),2,".delete(baseUrlOfSut + ""/rating/backoffice/ratings/-555934944"")",,".header(""Authorization"", ""Bearer eyJhbGciOiJSUzI1NiIsInR5cCIgOiAiSldUIiwia2lkIiA6ICJSclRUNWtBOHhIS3N0YWFSMmh1YTRpT0RpcFE4ek9pcjFrNGZOM3RxNFNVIn0.eyJleHAiOjE3Nzc4NDU3ODYsImlhdCI6MTc3Nzg0MjE4NiwianRpIjoiZDI5NjU2MmUtNTE1Yy00ZTIyLWFlMDQtOWQ2Y2M1NzI4NGUyIiwiaXNzIjoiaHR0cDovL2lkZW50aXR5L3JlYWxtcy9ZYXMiLCJzdWIiOiIwMTEzZmQyNy1hMDllLTQ3MjItYjFlNS01MDA3ZjU4ZjUyODgiLCJ0eXAiOiJCZWFyZXIiLCJhenAiOiJiYWNrb2ZmaWNlLWJmZiIsInNpZCI6IjFkOTI0OTNjLTU0OWItNGRkNi1iYWJmLTY4NGIxYWUwZDkyMyIsInJlYWxtX2FjY2VzcyI6eyJyb2xlcyI6WyJVU0VSIl19LCJzY29wZSI6ImVtYWlsIHByb2ZpbGUiLCJlbWFpbF92ZXJpZmllZCI6ZmFsc2UsInByZWZlcnJlZF91c2VybmFtZSI6InVzZXJfcm9sZSJ9.NMw22KQUwBJB3Mg0h3lJIKOXoKO3AlRBOmboIzEog8QNxhnw6CHBOZNRKaJ4Cups5ShBtVjw40oR3iGBiebM6iGWWu2rGYuey9myxf_xxcVF7TzutwuYBcKjf_BkrowShAzB8EqgVzkXdaAVA97igWyp4W9FIwuEjQfm2t7oVQ9z8WekNiXeAqV9Z9t0C6r2S9J47mAjgeUJv78vVDqjITtD0BbI7_5kpJquOt-4fqqJ4lpoLcPnXp93m1heXxHX95eN5GWkiBbLN08dBARJ6JsWzh3wE1eQvWcspP0ieG0dOve24EBEE00RTnpUTJkBt3Gd_uuW0fVaKPRp3eREmA"")",faults,/home/azureuser/yas/evomaster-config/generated-tests/blackbox/rating/user/EvoMaster_rating_user_faults.java,21,6,True,0,,0,0,,100.0,0,0,0,0,0,0,False,,/home/azureuser/yas/evomaster-config/runtime-logs/classes/rating/user/EvoMaster_rating_user_faults,/home/azureuser/yas/evomaster-config/runtime-logs/classes/rating/user/EvoMaster_rating_user_faults/compile.log,/home/azureuser/yas/evomaster-config/runtime-logs/classes/rating/user/EvoMaster_rating_user_faults/compile_stdout.log,/home/azureuser/yas/evomaster-config/runtime-logs/classes/rating/user/EvoMaster_rating_user_faults/compile_stderr.log,True,True,0,,0,False,12.54,11.4,160.66,Test passed (detected via Surefire XML),/home/azureuser/yas/evomaster-config/runtime-logs/methods/rating/user/EvoMaster_rating_user_faults/test_10_deleteOnRateReturnsMismatchResponseWithSchema,/home/azureuser/yas/evomaster-config/runtime-logs/methods/rating/user/EvoMaster_rating_user_faults/test_10_deleteOnRateReturnsMismatchResponseWithSchema/run.log,/home/azureuser/yas/evomaster-config/runtime-logs/methods/rating/user/EvoMaster_rating_user_faults/test_10_deleteOnRateReturnsMismatchResponseWithSchema/run_stdout.log,/home/azureuser/yas/evomaster-config/runtime-logs/methods/rating/user/EvoMaster_rating_user_faults/test_10_deleteOnRateReturnsMismatchResponseWithSchema/run_stderr.log
rating,user,EvoMaster_rating_user_faults.java,EvoMaster_rating_user_faults,test_11_getOnLatestReturnsMismatchResponseWithSchema,False,1,401,/rating/backoffice/ratings/latest/{count},GET,401,.statusCode(401) .assertThat(),2,".get(baseUrlOfSut + ""/rating/backoffice/ratings/latest/639"")",,,faults,/home/azureuser/yas/evomaster-config/generated-tests/blackbox/rating/user/EvoMaster_rating_user_faults.java,21,6,True,0,,0,0,,100.0,0,0,0,0,0,0,False,,/home/azureuser/yas/evomaster-config/runtime-logs/classes/rating/user/EvoMaster_rating_user_faults,/home/azureuser/yas/evomaster-config/runtime-logs/classes/rating/user/EvoMaster_rating_user_faults/compile.log,/home/azureuser/yas/evomaster-config/runtime-logs/classes/rating/user/EvoMaster_rating_user_faults/compile_stdout.log,/home/azureuser/yas/evomaster-config/runtime-logs/classes/rating/user/EvoMaster_rating_user_faults/compile_stderr.log,True,True,0,,0,False,12.54,11.31,151.67,Test passed (detected via Surefire XML),/home/azureuser/yas/evomaster-config/runtime-logs/methods/rating/user/EvoMaster_rating_user_faults/test_11_getOnLatestReturnsMismatchResponseWithSchema,/home/azureuser/yas/evomaster-config/runtime-logs/methods/rating/user/EvoMaster_rating_user_faults/test_11_getOnLatestReturnsMismatchResponseWithSchema/run.log,/home/azureuser/yas/evomaster-config/runtime-logs/methods/rating/user/EvoMaster_rating_user_faults/test_11_getOnLatestReturnsMismatchResponseWithSchema/run_stdout.log,/home/azureuser/yas/evomaster-config/runtime-logs/methods/rating/user/EvoMaster_rating_user_faults/test_11_getOnLatestReturnsMismatchResponseWithSchema/run_stderr.log
rating,user,EvoMaster_rating_user_faults.java,EvoMaster_rating_user_faults,test_12_getOnLatestReturnsMismatchResponseWithSchema,False,1,403,/rating/backoffice/ratings/latest/{count},GET,403,.statusCode(403) .assertThat(),2,".get(baseUrlOfSut + ""/rating/backoffice/ratings/latest/476"")",,".header(""Authorization"", ""Bearer eyJhbGciOiJSUzI1NiIsInR5cCIgOiAiSldUIiwia2lkIiA6ICJSclRUNWtBOHhIS3N0YWFSMmh1YTRpT0RpcFE4ek9pcjFrNGZOM3RxNFNVIn0.eyJleHAiOjE3Nzc4NDU3ODYsImlhdCI6MTc3Nzg0MjE4NiwianRpIjoiZDI5NjU2MmUtNTE1Yy00ZTIyLWFlMDQtOWQ2Y2M1NzI4NGUyIiwiaXNzIjoiaHR0cDovL2lkZW50aXR5L3JlYWxtcy9ZYXMiLCJzdWIiOiIwMTEzZmQyNy1hMDllLTQ3MjItYjFlNS01MDA3ZjU4ZjUyODgiLCJ0eXAiOiJCZWFyZXIiLCJhenAiOiJiYWNrb2ZmaWNlLWJmZiIsInNpZCI6IjFkOTI0OTNjLTU0OWItNGRkNi1iYWJmLTY4NGIxYWUwZDkyMyIsInJlYWxtX2FjY2VzcyI6eyJyb2xlcyI6WyJVU0VSIl19LCJzY29wZSI6ImVtYWlsIHByb2ZpbGUiLCJlbWFpbF92ZXJpZmllZCI6ZmFsc2UsInByZWZlcnJlZF91c2VybmFtZSI6InVzZXJfcm9sZSJ9.NMw22KQUwBJB3Mg0h3lJIKOXoKO3AlRBOmboIzEog8QNxhnw6CHBOZNRKaJ4Cups5ShBtVjw40oR3iGBiebM6iGWWu2rGYuey9myxf_xxcVF7TzutwuYBcKjf_BkrowShAzB8EqgVzkXdaAVA97igWyp4W9FIwuEjQfm2t7oVQ9z8WekNiXeAqV9Z9t0C6r2S9J47mAjgeUJv78vVDqjITtD0BbI7_5kpJquOt-4fqqJ4lpoLcPnXp93m1heXxHX95eN5GWkiBbLN08dBARJ6JsWzh3wE1eQvWcspP0ieG0dOve24EBEE00RTnpUTJkBt3Gd_uuW0fVaKPRp3eREmA"")",faults,/home/azureuser/yas/evomaster-config/generated-tests/blackbox/rating/user/EvoMaster_rating_user_faults.java,21,6,True,0,,0,0,,100.0,0,0,0,0,0,0,False,,/home/azureuser/yas/evomaster-config/runtime-logs/classes/rating/user/EvoMaster_rating_user_faults,/home/azureuser/yas/evomaster-config/runtime-logs/classes/rating/user/EvoMaster_rating_user_faults/compile.log,/home/azureuser/yas/evomaster-config/runtime-logs/classes/rating/user/EvoMaster_rating_user_faults/compile_stdout.log,/home/azureuser/yas/evomaster-config/runtime-logs/classes/rating/user/EvoMaster_rating_user_faults/compile_stderr.log,True,True,0,,0,False,13.05,11.78,154.5,Test passed (detected via Surefire XML),/home/azureuser/yas/evomaster-config/runtime-logs/methods/rating/user/EvoMaster_rating_user_faults/test_12_getOnLatestReturnsMismatchResponseWithSchema,/home/azureuser/yas/evomaster-config/runtime-logs/methods/rating/user/EvoMaster_rating_user_faults/test_12_getOnLatestReturnsMismatchResponseWithSchema/run.log,/home/azureuser/yas/evomaster-config/runtime-logs/methods/rating/user/EvoMaster_rating_user_faults/test_12_getOnLatestReturnsMismatchResponseWithSchema/run_stdout.log,/home/azureuser/yas/evomaster-config/runtime-logs/methods/rating/user/EvoMaster_rating_user_faults/test_12_getOnLatestReturnsMismatchResponseWithSchema/run_stderr.log
sampledata,admin_only,EvoMaster_sampledata_admin_only_faults.java,EvoMaster_sampledata_admin_only_faults,test_0_postOnSampledataReturnsMismatchResponseWithSchema,False,1,200,/sampledata/storefront/sampledata,POST,200,.statusCode(200) .assertThat(),3,".post(baseUrlOfSut + ""/sampledata/storefront/sampledata"")",".body("" { "" + 
                    "" \""message\"": \""0fXEBeiAqeaTkJA\"" "" + 
                    "" } "")",".header(""Authorization"", ""Bearer eyJhbGciOiJSUzI1NiIsInR5cCIgOiAiSldUIiwia2lkIiA6ICJSclRUNWtBOHhIS3N0YWFSMmh1YTRpT0RpcFE4ek9pcjFrNGZOM3RxNFNVIn0.eyJleHAiOjE3Nzc4NDU3NzYsImlhdCI6MTc3Nzg0MjE3NiwianRpIjoiMTg2OWYyMDItNzY5Ni00MWE4LWI4NTUtMWRkNjJjMzY0ZGNlIiwiaXNzIjoiaHR0cDovL2lkZW50aXR5L3JlYWxtcy9ZYXMiLCJzdWIiOiJlY2RlODFiYy00MTgwLTQ2ZWMtOTBlZi02NmIxNDVkOWQyMmMiLCJ0eXAiOiJCZWFyZXIiLCJhenAiOiJiYWNrb2ZmaWNlLWJmZiIsInNpZCI6IjVlOGY3MzJhLTg1YjAtNGM5NC04YjgwLTE2YTQ4MjhmMDllNiIsInJlYWxtX2FjY2VzcyI6eyJyb2xlcyI6WyJBRE1JTiJdfSwic2NvcGUiOiJlbWFpbCBwcm9maWxlIiwiZW1haWxfdmVyaWZpZWQiOmZhbHNlLCJwcmVmZXJyZWRfdXNlcm5hbWUiOiJhZG1pbl9vbmx5In0.Ofhfi5dXziLPI6rHDSdNE0jfjaZtpcQgp0XXPh7M2AHBHRdrgjib-GEGSaGZ4h5gLWWKFJ0C5lyPAcKWxZI1T-ETefso-_DSrOMjNvBdEoPOgu3_2G8N58vKrml-xa7znFBBYti-VIg6h-sjIjVfqsWOV-ULqmvrvpt54h3S_EQwM03hAGZsbmGJ0pd_I9hXuELW9DVHDRtvriJ7cqmI2nbD_gJ7HJTjJcj9oZ69VO5PAsSIK1Fx515i6dNvurErM67TGpORa8yIbGYHQNv6XFxXEB7vfShRTtsYAgMlxNTNROMQWkJG4tavCbnfr0Yrdhd2qt6ciZHTnNOS407CKA"")",faults,/home/azureuser/yas/evomaster-config/generated-tests/blackbox/sampledata/admin_only/EvoMaster_sampledata_admin_only_faults.java,21,6,True,0,,0,0,,100.0,0,0,0,0,0,0,False,,/home/azureuser/yas/evomaster-config/runtime-logs/classes/sampledata/admin_only/EvoMaster_sampledata_admin_only_faults,/home/azureuser/yas/evomaster-config/runtime-logs/classes/sampledata/admin_only/EvoMaster_sampledata_admin_only_faults/compile.log,/home/azureuser/yas/evomaster-config/runtime-logs/classes/sampledata/admin_only/EvoMaster_sampledata_admin_only_faults/compile_stdout.log,/home/azureuser/yas/evomaster-config/runtime-logs/classes/sampledata/admin_only/EvoMaster_sampledata_admin_only_faults/compile_stderr.log,True,True,0,,0,False,14.55,11.6,155.17,Test passed (detected via Surefire XML),/home/azureuser/yas/evomaster-config/runtime-logs/methods/sampledata/admin_only/EvoMaster_sampledata_admin_only_faults/test_0_postOnSampledataReturnsMismatchResponseWithSchema,/home/azureuser/yas/evomaster-config/runtime-logs/methods/sampledata/admin_only/EvoMaster_sampledata_admin_only_faults/test_0_postOnSampledataReturnsMismatchResponseWithSchema/run.log,/home/azureuser/yas/evomaster-config/runtime-logs/methods/sampledata/admin_only/EvoMaster_sampledata_admin_only_faults/test_0_postOnSampledataReturnsMismatchResponseWithSchema/run_stdout.log,/home/azureuser/yas/evomaster-config/runtime-logs/methods/sampledata/admin_only/EvoMaster_sampledata_admin_only_faults/test_0_postOnSampledataReturnsMismatchResponseWithSchema/run_stderr.log
sampledata,admin_only,EvoMaster_sampledata_admin_only_faults.java,EvoMaster_sampledata_admin_only_faults,test_1_postOnSampledataReturnsMismatchResponseWithSchema,False,1,200,/sampledata/storefront/sampledata,POST,200,.statusCode(200) .assertThat(),3,".post(baseUrlOfSut + ""/sampledata/storefront/sampledata"")",".body("" { "" + 
                    "" \""message\"": \""xQ\"" "" + 
                    "" } "")",,faults,/home/azureuser/yas/evomaster-config/generated-tests/blackbox/sampledata/admin_only/EvoMaster_sampledata_admin_only_faults.java,21,6,True,0,,0,0,,100.0,0,0,0,0,0,0,False,,/home/azureuser/yas/evomaster-config/runtime-logs/classes/sampledata/admin_only/EvoMaster_sampledata_admin_only_faults,/home/azureuser/yas/evomaster-config/runtime-logs/classes/sampledata/admin_only/EvoMaster_sampledata_admin_only_faults/compile.log,/home/azureuser/yas/evomaster-config/runtime-logs/classes/sampledata/admin_only/EvoMaster_sampledata_admin_only_faults/compile_stdout.log,/home/azureuser/yas/evomaster-config/runtime-logs/classes/sampledata/admin_only/EvoMaster_sampledata_admin_only_faults/compile_stderr.log,True,True,0,,0,False,14.04,10.88,159.76,Test passed (detected via Surefire XML),/home/azureuser/yas/evomaster-config/runtime-logs/methods/sampledata/admin_only/EvoMaster_sampledata_admin_only_faults/test_1_postOnSampledataReturnsMismatchResponseWithSchema,/home/azureuser/yas/evomaster-config/runtime-logs/methods/sampledata/admin_only/EvoMaster_sampledata_admin_only_faults/test_1_postOnSampledataReturnsMismatchResponseWithSchema/run.log,/home/azureuser/yas/evomaster-config/runtime-logs/methods/sampledata/admin_only/EvoMaster_sampledata_admin_only_faults/test_1_postOnSampledataReturnsMismatchResponseWithSchema/run_stdout.log,/home/azureuser/yas/evomaster-config/runtime-logs/methods/sampledata/admin_only/EvoMaster_sampledata_admin_only_faults/test_1_postOnSampledataReturnsMismatchResponseWithSchema/run_stderr.log
sampledata,customer,EvoMaster_sampledata_customer_faults.java,EvoMaster_sampledata_customer_faults,test_0_postOnSampledataReturnsMismatchResponseWithSchema,False,1,200,/sampledata/storefront/sampledata,POST,200,.statusCode(200) .assertThat(),3,".post(baseUrlOfSut + ""/sampledata/storefront/sampledata"")",".body("" {} "")",".header(""Authorization"", ""Bearer eyJhbGciOiJSUzI1NiIsInR5cCIgOiAiSldUIiwia2lkIiA6ICJSclRUNWtBOHhIS3N0YWFSMmh1YTRpT0RpcFE4ek9pcjFrNGZOM3RxNFNVIn0.eyJleHAiOjE3Nzc4NDU3ODEsImlhdCI6MTc3Nzg0MjE4MSwianRpIjoiNjg1ZjNmMGYtZmNjNy00YzgyLWFhY2EtNmRiM2NmNmMxNzExIiwiaXNzIjoiaHR0cDovL2lkZW50aXR5L3JlYWxtcy9ZYXMiLCJzdWIiOiI0Yjg1MzdlZC1mZTg4LTQ3MGQtYmFkNS0wZjQ5Y2E2Zjg5NjAiLCJ0eXAiOiJCZWFyZXIiLCJhenAiOiJiYWNrb2ZmaWNlLWJmZiIsInNpZCI6IjFhMmM5ZGEwLTYwNzAtNGZiZS1iMjc1LWM4OGRhMjkxMjFhMiIsInJlYWxtX2FjY2VzcyI6eyJyb2xlcyI6WyJkZWZhdWx0LXJvbGVzLXlhcyIsIm9mZmxpbmVfYWNjZXNzIiwiQ1VTVE9NRVIiLCJ1bWFfYXV0aG9yaXphdGlvbiJdfSwic2NvcGUiOiJlbWFpbCBwcm9maWxlIiwiZW1haWxfdmVyaWZpZWQiOmZhbHNlLCJwcmVmZXJyZWRfdXNlcm5hbWUiOiJ1c2VyIn0.TeQJFrMOUKmKVNOvGDlzQuVam3S9YoyUrAJ7sJF4RWL5pGgwK7TxtnbTguuQU9cf9avttKrL8a6clTT3OZmjdpZZ2CXAI2EJjYLQqo2JMeshkSR1i98DtLx4MZCR3Dy3sjxJ_jzOp4EYlPYadVvIz_Rujz-6j7GCBy5J9GXn5FED2_sRbYu1N0vwO8Z3pXv27DRehj5qUjsQ82NExHHDFCEEQYnnDUdsIYhmNf1VKkWsbhHYEHoVguoi9akJtMW1WhCKJyekRuCaAoRCM7gZpCpmmm55F1FyMZ2kegpqv2N1vcmC0MXrVuaOsUo__AvCUvKOjU5lfF_yhfNBbmLYmQ"")",faults,/home/azureuser/yas/evomaster-config/generated-tests/blackbox/sampledata/customer/EvoMaster_sampledata_customer_faults.java,21,6,True,0,,0,0,,100.0,0,0,0,0,0,0,False,,/home/azureuser/yas/evomaster-config/runtime-logs/classes/sampledata/customer/EvoMaster_sampledata_customer_faults,/home/azureuser/yas/evomaster-config/runtime-logs/classes/sampledata/customer/EvoMaster_sampledata_customer_faults/compile.log,/home/azureuser/yas/evomaster-config/runtime-logs/classes/sampledata/customer/EvoMaster_sampledata_customer_faults/compile_stdout.log,/home/azureuser/yas/evomaster-config/runtime-logs/classes/sampledata/customer/EvoMaster_sampledata_customer_faults/compile_stderr.log,True,True,0,,0,False,14.05,10.8,161.76,Test passed (detected via Surefire XML),/home/azureuser/yas/evomaster-config/runtime-logs/methods/sampledata/customer/EvoMaster_sampledata_customer_faults/test_0_postOnSampledataReturnsMismatchResponseWithSchema,/home/azureuser/yas/evomaster-config/runtime-logs/methods/sampledata/customer/EvoMaster_sampledata_customer_faults/test_0_postOnSampledataReturnsMismatchResponseWithSchema/run.log,/home/azureuser/yas/evomaster-config/runtime-logs/methods/sampledata/customer/EvoMaster_sampledata_customer_faults/test_0_postOnSampledataReturnsMismatchResponseWithSchema/run_stdout.log,/home/azureuser/yas/evomaster-config/runtime-logs/methods/sampledata/customer/EvoMaster_sampledata_customer_faults/test_0_postOnSampledataReturnsMismatchResponseWithSchema/run_stderr.log
sampledata,customer,EvoMaster_sampledata_customer_faults.java,EvoMaster_sampledata_customer_faults,test_1_postOnSampledataReturnsMismatchResponseWithSchema,False,1,200,/sampledata/storefront/sampledata,POST,200,.statusCode(200) .assertThat(),3,".post(baseUrlOfSut + ""/sampledata/storefront/sampledata"")",".body("" {} "")",,faults,/home/azureuser/yas/evomaster-config/generated-tests/blackbox/sampledata/customer/EvoMaster_sampledata_customer_faults.java,21,6,True,0,,0,0,,100.0,0,0,0,0,0,0,False,,/home/azureuser/yas/evomaster-config/runtime-logs/classes/sampledata/customer/EvoMaster_sampledata_customer_faults,/home/azureuser/yas/evomaster-config/runtime-logs/classes/sampledata/customer/EvoMaster_sampledata_customer_faults/compile.log,/home/azureuser/yas/evomaster-config/runtime-logs/classes/sampledata/customer/EvoMaster_sampledata_customer_faults/compile_stdout.log,/home/azureuser/yas/evomaster-config/runtime-logs/classes/sampledata/customer/EvoMaster_sampledata_customer_faults/compile_stderr.log,True,True,0,,0,False,14.54,11.42,159.6,Test passed (detected via Surefire XML),/home/azureuser/yas/evomaster-config/runtime-logs/methods/sampledata/customer/EvoMaster_sampledata_customer_faults/test_1_postOnSampledataReturnsMismatchResponseWithSchema,/home/azureuser/yas/evomaster-config/runtime-logs/methods/sampledata/customer/EvoMaster_sampledata_customer_faults/test_1_postOnSampledataReturnsMismatchResponseWithSchema/run.log,/home/azureuser/yas/evomaster-config/runtime-logs/methods/sampledata/customer/EvoMaster_sampledata_customer_faults/test_1_postOnSampledataReturnsMismatchResponseWithSchema/run_stdout.log,/home/azureuser/yas/evomaster-config/runtime-logs/methods/sampledata/customer/EvoMaster_sampledata_customer_faults/test_1_postOnSampledataReturnsMismatchResponseWithSchema/run_stderr.log
sampledata,none,EvoMaster_sampledata_none_faults.java,EvoMaster_sampledata_none_faults,test_0_postOnSampledataReturnsMismatchResponseWithSchema,False,1,200,/sampledata/storefront/sampledata,POST,200,.statusCode(200) .assertThat(),3,".post(baseUrlOfSut + ""/sampledata/storefront/sampledata"")",".body("" {} "")",,faults,/home/azureuser/yas/evomaster-config/generated-tests/blackbox/sampledata/none/EvoMaster_sampledata_none_faults.java,21,6,True,0,,0,0,,100.0,0,0,0,0,0,0,False,,/home/azureuser/yas/evomaster-config/runtime-logs/classes/sampledata/none/EvoMaster_sampledata_none_faults,/home/azureuser/yas/evomaster-config/runtime-logs/classes/sampledata/none/EvoMaster_sampledata_none_faults/compile.log,/home/azureuser/yas/evomaster-config/runtime-logs/classes/sampledata/none/EvoMaster_sampledata_none_faults/compile_stdout.log,/home/azureuser/yas/evomaster-config/runtime-logs/classes/sampledata/none/EvoMaster_sampledata_none_faults/compile_stderr.log,True,True,0,,0,False,14.55,11.46,157.56,Test passed (detected via Surefire XML),/home/azureuser/yas/evomaster-config/runtime-logs/methods/sampledata/none/EvoMaster_sampledata_none_faults/test_0_postOnSampledataReturnsMismatchResponseWithSchema,/home/azureuser/yas/evomaster-config/runtime-logs/methods/sampledata/none/EvoMaster_sampledata_none_faults/test_0_postOnSampledataReturnsMismatchResponseWithSchema/run.log,/home/azureuser/yas/evomaster-config/runtime-logs/methods/sampledata/none/EvoMaster_sampledata_none_faults/test_0_postOnSampledataReturnsMismatchResponseWithSchema/run_stdout.log,/home/azureuser/yas/evomaster-config/runtime-logs/methods/sampledata/none/EvoMaster_sampledata_none_faults/test_0_postOnSampledataReturnsMismatchResponseWithSchema/run_stderr.log
sampledata,super_admin,EvoMaster_sampledata_super_admin_faults.java,EvoMaster_sampledata_super_admin_faults,test_0_postOnSampledataReturnsMismatchResponseWithSchema,False,1,200,/sampledata/storefront/sampledata,POST,200,.statusCode(200) .assertThat(),3,".post(baseUrlOfSut + ""/sampledata/storefront/sampledata"")",".body("" {} "")",".header(""Authorization"", ""Bearer eyJhbGciOiJSUzI1NiIsInR5cCIgOiAiSldUIiwia2lkIiA6ICJSclRUNWtBOHhIS3N0YWFSMmh1YTRpT0RpcFE4ek9pcjFrNGZOM3RxNFNVIn0.eyJleHAiOjE3Nzc4NDU3NjQsImlhdCI6MTc3Nzg0MjE2NCwianRpIjoiOTEwODhlNDEtYjc1Mi00ZGI5LTgzYzktMmE5MTU4MTQwYTY2IiwiaXNzIjoiaHR0cDovL2lkZW50aXR5L3JlYWxtcy9ZYXMiLCJzdWIiOiI3MDQyZWE5ZS1hNzg0LTQxZjQtYTkzNi1kOGUxNTk5ODlmZjUiLCJ0eXAiOiJCZWFyZXIiLCJhenAiOiJiYWNrb2ZmaWNlLWJmZiIsInNpZCI6IjExMDljMGQyLTFlOTctNGM5OC1hNTQxLWIzNmYwZmM3Yjc2ZCIsInJlYWxtX2FjY2VzcyI6eyJyb2xlcyI6WyJTVVBFUi1BRE1JTiJdfSwic2NvcGUiOiJlbWFpbCBwcm9maWxlIiwiZW1haWxfdmVyaWZpZWQiOmZhbHNlLCJwcmVmZXJyZWRfdXNlcm5hbWUiOiJzdXBlcl9hZG1pbiJ9.iMNTiEVuHcjs3U-dKQ9vks1W4Rh58vuoZKxLYJpKgFq4f8HnJu_nawUjFB2eC3AvjR5T5Rf3cT1HF1osaKDQ6juN-Mw5CAqnCXMh5xwChE_MwwZQUgltRjoDYz5oRbHXMy0zM5dRgxdoMUru4W6Bf9M6wvogfAJZ9_ZsLye84TPhzUpLMa77LEclGY_IQ4Ntt8XqW1zVxPz_cvR5TFYH1ws7IAlgdMCWfwUWeYjYQjZFCM-LqXaBUbTCvUNFOcgY3Ixz_cv0n6HpqdmU8tt9-DJO7_UG0JPKeSyob_UvvmiwMZ7-n7Aofuy1odfl7EJJrWOzLVuE0mdNW2lMaNpErA"")",faults,/home/azureuser/yas/evomaster-config/generated-tests/blackbox/sampledata/super_admin/EvoMaster_sampledata_super_admin_faults.java,21,6,True,0,,0,0,,100.0,0,0,0,0,0,0,False,,/home/azureuser/yas/evomaster-config/runtime-logs/classes/sampledata/super_admin/EvoMaster_sampledata_super_admin_faults,/home/azureuser/yas/evomaster-config/runtime-logs/classes/sampledata/super_admin/EvoMaster_sampledata_super_admin_faults/compile.log,/home/azureuser/yas/evomaster-config/runtime-logs/classes/sampledata/super_admin/EvoMaster_sampledata_super_admin_faults/compile_stdout.log,/home/azureuser/yas/evomaster-config/runtime-logs/classes/sampledata/super_admin/EvoMaster_sampledata_super_admin_faults/compile_stderr.log,True,True,0,,0,False,14.55,11.36,160.75,Test passed (detected via Surefire XML),/home/azureuser/yas/evomaster-config/runtime-logs/methods/sampledata/super_admin/EvoMaster_sampledata_super_admin_faults/test_0_postOnSampledataReturnsMismatchResponseWithSchema,/home/azureuser/yas/evomaster-config/runtime-logs/methods/sampledata/super_admin/EvoMaster_sampledata_super_admin_faults/test_0_postOnSampledataReturnsMismatchResponseWithSchema/run.log,/home/azureuser/yas/evomaster-config/runtime-logs/methods/sampledata/super_admin/EvoMaster_sampledata_super_admin_faults/test_0_postOnSampledataReturnsMismatchResponseWithSchema/run_stdout.log,/home/azureuser/yas/evomaster-config/runtime-logs/methods/sampledata/super_admin/EvoMaster_sampledata_super_admin_faults/test_0_postOnSampledataReturnsMismatchResponseWithSchema/run_stderr.log
sampledata,super_admin,EvoMaster_sampledata_super_admin_faults.java,EvoMaster_sampledata_super_admin_faults,test_1_postOnSampledataReturnsMismatchResponseWithSchema,False,1,200,/sampledata/storefront/sampledata,POST,200,.statusCode(200) .assertThat(),3,".post(baseUrlOfSut + ""/sampledata/storefront/sampledata"")",".body("" {} "")",,faults,/home/azureuser/yas/evomaster-config/generated-tests/blackbox/sampledata/super_admin/EvoMaster_sampledata_super_admin_faults.java,21,6,True,0,,0,0,,100.0,0,0,0,0,0,0,False,,/home/azureuser/yas/evomaster-config/runtime-logs/classes/sampledata/super_admin/EvoMaster_sampledata_super_admin_faults,/home/azureuser/yas/evomaster-config/runtime-logs/classes/sampledata/super_admin/EvoMaster_sampledata_super_admin_faults/compile.log,/home/azureuser/yas/evomaster-config/runtime-logs/classes/sampledata/super_admin/EvoMaster_sampledata_super_admin_faults/compile_stdout.log,/home/azureuser/yas/evomaster-config/runtime-logs/classes/sampledata/super_admin/EvoMaster_sampledata_super_admin_faults/compile_stderr.log,True,True,0,,0,False,14.56,11.36,151.83,Test passed (detected via Surefire XML),/home/azureuser/yas/evomaster-config/runtime-logs/methods/sampledata/super_admin/EvoMaster_sampledata_super_admin_faults/test_1_postOnSampledataReturnsMismatchResponseWithSchema,/home/azureuser/yas/evomaster-config/runtime-logs/methods/sampledata/super_admin/EvoMaster_sampledata_super_admin_faults/test_1_postOnSampledataReturnsMismatchResponseWithSchema/run.log,/home/azureuser/yas/evomaster-config/runtime-logs/methods/sampledata/super_admin/EvoMaster_sampledata_super_admin_faults/test_1_postOnSampledataReturnsMismatchResponseWithSchema/run_stdout.log,/home/azureuser/yas/evomaster-config/runtime-logs/methods/sampledata/super_admin/EvoMaster_sampledata_super_admin_faults/test_1_postOnSampledataReturnsMismatchResponseWithSchema/run_stderr.log
sampledata,user,EvoMaster_sampledata_user_faults.java,EvoMaster_sampledata_user_faults,test_0_postOnSampledataReturnsMismatchResponseWithSchema,False,1,200,/sampledata/storefront/sampledata,POST,200,.statusCode(200) .assertThat(),3,".post(baseUrlOfSut + ""/sampledata/storefront/sampledata"")",".body("" {} "")",".header(""Authorization"", ""Bearer eyJhbGciOiJSUzI1NiIsInR5cCIgOiAiSldUIiwia2lkIiA6ICJSclRUNWtBOHhIS3N0YWFSMmh1YTRpT0RpcFE4ek9pcjFrNGZOM3RxNFNVIn0.eyJleHAiOjE3Nzc4NDU3ODYsImlhdCI6MTc3Nzg0MjE4NiwianRpIjoiZDI5NjU2MmUtNTE1Yy00ZTIyLWFlMDQtOWQ2Y2M1NzI4NGUyIiwiaXNzIjoiaHR0cDovL2lkZW50aXR5L3JlYWxtcy9ZYXMiLCJzdWIiOiIwMTEzZmQyNy1hMDllLTQ3MjItYjFlNS01MDA3ZjU4ZjUyODgiLCJ0eXAiOiJCZWFyZXIiLCJhenAiOiJiYWNrb2ZmaWNlLWJmZiIsInNpZCI6IjFkOTI0OTNjLTU0OWItNGRkNi1iYWJmLTY4NGIxYWUwZDkyMyIsInJlYWxtX2FjY2VzcyI6eyJyb2xlcyI6WyJVU0VSIl19LCJzY29wZSI6ImVtYWlsIHByb2ZpbGUiLCJlbWFpbF92ZXJpZmllZCI6ZmFsc2UsInByZWZlcnJlZF91c2VybmFtZSI6InVzZXJfcm9sZSJ9.NMw22KQUwBJB3Mg0h3lJIKOXoKO3AlRBOmboIzEog8QNxhnw6CHBOZNRKaJ4Cups5ShBtVjw40oR3iGBiebM6iGWWu2rGYuey9myxf_xxcVF7TzutwuYBcKjf_BkrowShAzB8EqgVzkXdaAVA97igWyp4W9FIwuEjQfm2t7oVQ9z8WekNiXeAqV9Z9t0C6r2S9J47mAjgeUJv78vVDqjITtD0BbI7_5kpJquOt-4fqqJ4lpoLcPnXp93m1heXxHX95eN5GWkiBbLN08dBARJ6JsWzh3wE1eQvWcspP0ieG0dOve24EBEE00RTnpUTJkBt3Gd_uuW0fVaKPRp3eREmA"")",faults,/home/azureuser/yas/evomaster-config/generated-tests/blackbox/sampledata/user/EvoMaster_sampledata_user_faults.java,21,6,True,0,,0,0,,100.0,0,0,0,0,0,0,False,,/home/azureuser/yas/evomaster-config/runtime-logs/classes/sampledata/user/EvoMaster_sampledata_user_faults,/home/azureuser/yas/evomaster-config/runtime-logs/classes/sampledata/user/EvoMaster_sampledata_user_faults/compile.log,/home/azureuser/yas/evomaster-config/runtime-logs/classes/sampledata/user/EvoMaster_sampledata_user_faults/compile_stdout.log,/home/azureuser/yas/evomaster-config/runtime-logs/classes/sampledata/user/EvoMaster_sampledata_user_faults/compile_stderr.log,True,True,0,,0,False,14.55,11.66,156.62,Test passed (detected via Surefire XML),/home/azureuser/yas/evomaster-config/runtime-logs/methods/sampledata/user/EvoMaster_sampledata_user_faults/test_0_postOnSampledataReturnsMismatchResponseWithSchema,/home/azureuser/yas/evomaster-config/runtime-logs/methods/sampledata/user/EvoMaster_sampledata_user_faults/test_0_postOnSampledataReturnsMismatchResponseWithSchema/run.log,/home/azureuser/yas/evomaster-config/runtime-logs/methods/sampledata/user/EvoMaster_sampledata_user_faults/test_0_postOnSampledataReturnsMismatchResponseWithSchema/run_stdout.log,/home/azureuser/yas/evomaster-config/runtime-logs/methods/sampledata/user/EvoMaster_sampledata_user_faults/test_0_postOnSampledataReturnsMismatchResponseWithSchema/run_stderr.log
sampledata,user,EvoMaster_sampledata_user_faults.java,EvoMaster_sampledata_user_faults,test_1_postOnSampledataReturnsMismatchResponseWithSchema,False,1,200,/sampledata/storefront/sampledata,POST,200,.statusCode(200) .assertThat(),3,".post(baseUrlOfSut + ""/sampledata/storefront/sampledata"")",".body("" { "" + 
                    "" \""message\"": \""9tQ\"" "" + 
                    "" } "")",,faults,/home/azureuser/yas/evomaster-config/generated-tests/blackbox/sampledata/user/EvoMaster_sampledata_user_faults.java,21,6,True,0,,0,0,,100.0,0,0,0,0,0,0,False,,/home/azureuser/yas/evomaster-config/runtime-logs/classes/sampledata/user/EvoMaster_sampledata_user_faults,/home/azureuser/yas/evomaster-config/runtime-logs/classes/sampledata/user/EvoMaster_sampledata_user_faults/compile.log,/home/azureuser/yas/evomaster-config/runtime-logs/classes/sampledata/user/EvoMaster_sampledata_user_faults/compile_stdout.log,/home/azureuser/yas/evomaster-config/runtime-logs/classes/sampledata/user/EvoMaster_sampledata_user_faults/compile_stderr.log,True,True,0,,0,False,14.56,11.69,152.0,Test passed (detected via Surefire XML),/home/azureuser/yas/evomaster-config/runtime-logs/methods/sampledata/user/EvoMaster_sampledata_user_faults/test_1_postOnSampledataReturnsMismatchResponseWithSchema,/home/azureuser/yas/evomaster-config/runtime-logs/methods/sampledata/user/EvoMaster_sampledata_user_faults/test_1_postOnSampledataReturnsMismatchResponseWithSchema/run.log,/home/azureuser/yas/evomaster-config/runtime-logs/methods/sampledata/user/EvoMaster_sampledata_user_faults/test_1_postOnSampledataReturnsMismatchResponseWithSchema/run_stdout.log,/home/azureuser/yas/evomaster-config/runtime-logs/methods/sampledata/user/EvoMaster_sampledata_user_faults/test_1_postOnSampledataReturnsMismatchResponseWithSchema/run_stderr.log
