service,profile,file,class,test_method,is_complex_method,call_index,call_expected_status_code,endpoint,http,asserted_code,asserts_the_expected_HTTP_status_codes?,assert_count,missing_url_parameter_values,missing_request_body,credentials_header,file_type,file_path,imports_count,wildcard_imports,compiled,compile_error_count,compile_error_types,missing_imports,incorrect_imports,unused_imports,dependency_availability_pct,syntax_errors,type_errors,undefined_variables,type_annotation_errors,generic_type_misuses,compile_exit_code,compile_timeout,compile_error_summary,class_log_dir,compile_log_path,compile_stdout_log_path,compile_stderr_log_path,runs,run_detected,runtime_error_count,runtime_error_types,run_exit_code,run_timeout,execution_seconds,cpu_seconds,peak_working_set_mb,run_error_summary,method_log_dir,run_log_path,run_stdout_log_path,run_stderr_log_path
cart,admin_only,EvoMaster_cart_admin_only_faults.java,EvoMaster_cart_admin_only_faults,test_1_getOnItemsReturnsMismatchResponseWithSchema,False,1,403,/cart/storefront/cart/items,GET,403,.statusCode(403) .assertThat(),6,".get(baseUrlOfSut + ""/cart/storefront/cart/items"")",,,faults,/home/azureuser/yas/evomaster-config/generated-tests/blackbox/cart/admin_only/EvoMaster_cart_admin_only_faults.java,21,6,True,0,,0,0,,100.0,0,0,0,0,0,0,False,,/home/azureuser/yas/evomaster-config/runtime-logs/classes/cart/admin_only/EvoMaster_cart_admin_only_faults,/home/azureuser/yas/evomaster-config/runtime-logs/classes/cart/admin_only/EvoMaster_cart_admin_only_faults/compile.log,/home/azureuser/yas/evomaster-config/runtime-logs/classes/cart/admin_only/EvoMaster_cart_admin_only_faults/compile_stdout.log,/home/azureuser/yas/evomaster-config/runtime-logs/classes/cart/admin_only/EvoMaster_cart_admin_only_faults/compile_stderr.log,False,False,,,0,False,13.55,10.87,160.2,,/home/azureuser/yas/evomaster-config/runtime-logs/methods/cart/admin_only/EvoMaster_cart_admin_only_faults/test_1_getOnItemsReturnsMismatchResponseWithSchema,/home/azureuser/yas/evomaster-config/runtime-logs/methods/cart/admin_only/EvoMaster_cart_admin_only_faults/test_1_getOnItemsReturnsMismatchResponseWithSchema/run.log,/home/azureuser/yas/evomaster-config/runtime-logs/methods/cart/admin_only/EvoMaster_cart_admin_only_faults/test_1_getOnItemsReturnsMismatchResponseWithSchema/run_stdout.log,/home/azureuser/yas/evomaster-config/runtime-logs/methods/cart/admin_only/EvoMaster_cart_admin_only_faults/test_1_getOnItemsReturnsMismatchResponseWithSchema/run_stderr.log
cart,admin_only,EvoMaster_cart_admin_only_successes.java,EvoMaster_cart_admin_only_successes,test_0_getOnItemsReturns3Elements,False,1,200,/cart/storefront/cart/items,GET,200,.statusCode(200) .assertThat(),12,".get(baseUrlOfSut + ""/cart/storefront/cart/items"")",,".header(""Authorization"", ""Bearer eyJhbGciOiJSUzI1NiIsInR5cCIgOiAiSldUIiwia2lkIiA6ICJSclRUNWtBOHhIS3N0YWFSMmh1YTRpT0RpcFE4ek9pcjFrNGZOM3RxNFNVIn0.eyJleHAiOjE3Nzc4NTE3OTYsImlhdCI6MTc3Nzg0ODE5NiwianRpIjoiMmY5MDQ5YTEtZDc2ZS00MTJiLWExMzUtYmZkMTIyMDEzZjdkIiwiaXNzIjoiaHR0cDovL2lkZW50aXR5L3JlYWxtcy9ZYXMiLCJzdWIiOiJlY2RlODFiYy00MTgwLTQ2ZWMtOTBlZi02NmIxNDVkOWQyMmMiLCJ0eXAiOiJCZWFyZXIiLCJhenAiOiJiYWNrb2ZmaWNlLWJmZiIsInNpZCI6IjJjYzQ0ZmY3LTk2YmQtNDQyMy04Nzg5LTA3NGEwZDQ1OWI5ZCIsInJlYWxtX2FjY2VzcyI6eyJyb2xlcyI6WyJBRE1JTiJdfSwic2NvcGUiOiJlbWFpbCBwcm9maWxlIiwiZW1haWxfdmVyaWZpZWQiOmZhbHNlLCJwcmVmZXJyZWRfdXNlcm5hbWUiOiJhZG1pbl9vbmx5In0.wwO-HOsXRX4_nnuCRCJ6YYaOJDxIGPhSnT_colEPOodc5NKm4ISWEkyR68SRF2hXXDz2F9EFLhHqwupWXtzMpbltm_UGU49rJkH9sGQeS-WR7ewAdCvIOvMD2bH3MPaw6TLMXV4DEMDjSnTL_Z6iit7dgZJ0jN64C-pPafdq2EN4Pr0e3j-M6TH01bjjRKNmYEjq7zoWSzS7mgPVxTIjq-xIJB1B9OyPhUBFtzmPR4rkaqjz69OnhNl_ou_su5hcirRVVop4khZKjpTM3lizcvKXbiIDXEwD42_pH2IsKdVMohi2t3C1PZOPn8uR4ixDNIPdvvZkmH1RNs6qhF3jkw"")",successes,/home/azureuser/yas/evomaster-config/generated-tests/blackbox/cart/admin_only/EvoMaster_cart_admin_only_successes.java,21,6,True,0,,0,0,,100.0,0,0,0,0,0,0,False,,/home/azureuser/yas/evomaster-config/runtime-logs/classes/cart/admin_only/EvoMaster_cart_admin_only_successes,/home/azureuser/yas/evomaster-config/runtime-logs/classes/cart/admin_only/EvoMaster_cart_admin_only_successes/compile.log,/home/azureuser/yas/evomaster-config/runtime-logs/classes/cart/admin_only/EvoMaster_cart_admin_only_successes/compile_stdout.log,/home/azureuser/yas/evomaster-config/runtime-logs/classes/cart/admin_only/EvoMaster_cart_admin_only_successes/compile_stderr.log,False,True,1,java.lang.AssertionError;test_failure,1,False,13.54,11.04,160.19,"Tests run: 1, Failures: 1, Errors: 0, Skipped: 0",/home/azureuser/yas/evomaster-config/runtime-logs/methods/cart/admin_only/EvoMaster_cart_admin_only_successes/test_0_getOnItemsReturns3Elements,/home/azureuser/yas/evomaster-config/runtime-logs/methods/cart/admin_only/EvoMaster_cart_admin_only_successes/test_0_getOnItemsReturns3Elements/run.log,/home/azureuser/yas/evomaster-config/runtime-logs/methods/cart/admin_only/EvoMaster_cart_admin_only_successes/test_0_getOnItemsReturns3Elements/run_stdout.log,/home/azureuser/yas/evomaster-config/runtime-logs/methods/cart/admin_only/EvoMaster_cart_admin_only_successes/test_0_getOnItemsReturns3Elements/run_stderr.log
cart,customer,EvoMaster_cart_customer_faults.java,EvoMaster_cart_customer_faults,test_0_getOnItemsReturnsMismatchResponseWithSchema,False,1,403,/cart/storefront/cart/items,GET,403,.statusCode(403) .assertThat(),6,".get(baseUrlOfSut + ""/cart/storefront/cart/items"")",,,faults,/home/azureuser/yas/evomaster-config/generated-tests/blackbox/cart/customer/EvoMaster_cart_customer_faults.java,21,6,True,0,,0,0,,100.0,0,0,0,0,0,0,False,,/home/azureuser/yas/evomaster-config/runtime-logs/classes/cart/customer/EvoMaster_cart_customer_faults,/home/azureuser/yas/evomaster-config/runtime-logs/classes/cart/customer/EvoMaster_cart_customer_faults/compile.log,/home/azureuser/yas/evomaster-config/runtime-logs/classes/cart/customer/EvoMaster_cart_customer_faults/compile_stdout.log,/home/azureuser/yas/evomaster-config/runtime-logs/classes/cart/customer/EvoMaster_cart_customer_faults/compile_stderr.log,False,False,,,0,False,14.09,11.25,156.44,,/home/azureuser/yas/evomaster-config/runtime-logs/methods/cart/customer/EvoMaster_cart_customer_faults/test_0_getOnItemsReturnsMismatchResponseWithSchema,/home/azureuser/yas/evomaster-config/runtime-logs/methods/cart/customer/EvoMaster_cart_customer_faults/test_0_getOnItemsReturnsMismatchResponseWithSchema/run.log,/home/azureuser/yas/evomaster-config/runtime-logs/methods/cart/customer/EvoMaster_cart_customer_faults/test_0_getOnItemsReturnsMismatchResponseWithSchema/run_stdout.log,/home/azureuser/yas/evomaster-config/runtime-logs/methods/cart/customer/EvoMaster_cart_customer_faults/test_0_getOnItemsReturnsMismatchResponseWithSchema/run_stderr.log
cart,customer,EvoMaster_cart_customer_successes.java,EvoMaster_cart_customer_successes,test_0_getOnItemsReturns2Elements,False,1,200,/cart/storefront/cart/items,GET,200,.statusCode(200) .assertThat(),9,".get(baseUrlOfSut + ""/cart/storefront/cart/items"")",,".header(""Authorization"", ""Bearer eyJhbGciOiJSUzI1NiIsInR5cCIgOiAiSldUIiwia2lkIiA6ICJSclRUNWtBOHhIS3N0YWFSMmh1YTRpT0RpcFE4ek9pcjFrNGZOM3RxNFNVIn0.eyJleHAiOjE3Nzc4NTE4MTAsImlhdCI6MTc3Nzg0ODIxMCwianRpIjoiNDA0NWE1MzEtYjJhOC00NzQyLTk1NmYtNjg3YWZlNTljNDVjIiwiaXNzIjoiaHR0cDovL2lkZW50aXR5L3JlYWxtcy9ZYXMiLCJzdWIiOiI0Yjg1MzdlZC1mZTg4LTQ3MGQtYmFkNS0wZjQ5Y2E2Zjg5NjAiLCJ0eXAiOiJCZWFyZXIiLCJhenAiOiJiYWNrb2ZmaWNlLWJmZiIsInNpZCI6IjZjOGViMmE1LTU0OWQtNDhlNC05YWZmLTQ1NmM4ODg5YjllYSIsInJlYWxtX2FjY2VzcyI6eyJyb2xlcyI6WyJkZWZhdWx0LXJvbGVzLXlhcyIsIm9mZmxpbmVfYWNjZXNzIiwiQ1VTVE9NRVIiLCJ1bWFfYXV0aG9yaXphdGlvbiJdfSwic2NvcGUiOiJlbWFpbCBwcm9maWxlIiwiZW1haWxfdmVyaWZpZWQiOmZhbHNlLCJwcmVmZXJyZWRfdXNlcm5hbWUiOiJ1c2VyIn0.WySURy53X7EWggVEUvfwyUgiQOop5G4Q8vr0bDGwksDpsxHnO7ANSa5-K6l_Prsd3tb8jhz2rBgmXg_Kk62iIs-clEdXH4gVMgrQ56Dv6srqPWetqSTqC8y50Fvd3jV8OTv6LlX2uECqyofTfw7WiheRrpc1Rr9dO0nq4FuzHOyYDrAMsV798zzyF2v8Oz_fZ1M_65o4crSUgy1unhpIQGea2GGqoV1OyckQLvuANE6jWBvcKF5O6fHDhPnoOd-5fLjAughY-UYb3DlqF_XYvgx_IfgnCFoh4KjVeFh3rc6srgUsafpPyw32Mv6ulJXcg_Hb7FYrPOh6EWHy_8rjyw"")",successes,/home/azureuser/yas/evomaster-config/generated-tests/blackbox/cart/customer/EvoMaster_cart_customer_successes.java,21,6,True,0,,0,0,,100.0,0,0,0,0,0,0,False,,/home/azureuser/yas/evomaster-config/runtime-logs/classes/cart/customer/EvoMaster_cart_customer_successes,/home/azureuser/yas/evomaster-config/runtime-logs/classes/cart/customer/EvoMaster_cart_customer_successes/compile.log,/home/azureuser/yas/evomaster-config/runtime-logs/classes/cart/customer/EvoMaster_cart_customer_successes/compile_stdout.log,/home/azureuser/yas/evomaster-config/runtime-logs/classes/cart/customer/EvoMaster_cart_customer_successes/compile_stderr.log,False,True,1,java.lang.AssertionError;test_failure,1,False,14.05,11.38,155.73,"Tests run: 1, Failures: 1, Errors: 0, Skipped: 0",/home/azureuser/yas/evomaster-config/runtime-logs/methods/cart/customer/EvoMaster_cart_customer_successes/test_0_getOnItemsReturns2Elements,/home/azureuser/yas/evomaster-config/runtime-logs/methods/cart/customer/EvoMaster_cart_customer_successes/test_0_getOnItemsReturns2Elements/run.log,/home/azureuser/yas/evomaster-config/runtime-logs/methods/cart/customer/EvoMaster_cart_customer_successes/test_0_getOnItemsReturns2Elements/run_stdout.log,/home/azureuser/yas/evomaster-config/runtime-logs/methods/cart/customer/EvoMaster_cart_customer_successes/test_0_getOnItemsReturns2Elements/run_stderr.log
cart,none,EvoMaster_cart_none_faults.java,EvoMaster_cart_none_faults,test_0_getOnItemsReturnsMismatchResponseWithSchema,False,1,403,/cart/storefront/cart/items,GET,403,.statusCode(403) .assertThat(),6,".get(baseUrlOfSut + ""/cart/storefront/cart/items"")",,,faults,/home/azureuser/yas/evomaster-config/generated-tests/blackbox/cart/none/EvoMaster_cart_none_faults.java,21,6,True,0,,0,0,,100.0,0,0,0,0,0,0,False,,/home/azureuser/yas/evomaster-config/runtime-logs/classes/cart/none/EvoMaster_cart_none_faults,/home/azureuser/yas/evomaster-config/runtime-logs/classes/cart/none/EvoMaster_cart_none_faults/compile.log,/home/azureuser/yas/evomaster-config/runtime-logs/classes/cart/none/EvoMaster_cart_none_faults/compile_stdout.log,/home/azureuser/yas/evomaster-config/runtime-logs/classes/cart/none/EvoMaster_cart_none_faults/compile_stderr.log,False,False,,,0,False,14.04,11.27,162.79,,/home/azureuser/yas/evomaster-config/runtime-logs/methods/cart/none/EvoMaster_cart_none_faults/test_0_getOnItemsReturnsMismatchResponseWithSchema,/home/azureuser/yas/evomaster-config/runtime-logs/methods/cart/none/EvoMaster_cart_none_faults/test_0_getOnItemsReturnsMismatchResponseWithSchema/run.log,/home/azureuser/yas/evomaster-config/runtime-logs/methods/cart/none/EvoMaster_cart_none_faults/test_0_getOnItemsReturnsMismatchResponseWithSchema/run_stdout.log,/home/azureuser/yas/evomaster-config/runtime-logs/methods/cart/none/EvoMaster_cart_none_faults/test_0_getOnItemsReturnsMismatchResponseWithSchema/run_stderr.log
cart,super_admin,EvoMaster_cart_super_admin_faults.java,EvoMaster_cart_super_admin_faults,test_0_getOnItemsReturnsMismatchResponseWithSchema,False,1,403,/cart/storefront/cart/items,GET,403,.statusCode(403) .assertThat(),6,".get(baseUrlOfSut + ""/cart/storefront/cart/items"")",,,faults,/home/azureuser/yas/evomaster-config/generated-tests/blackbox/cart/super_admin/EvoMaster_cart_super_admin_faults.java,21,6,True,0,,0,0,,100.0,0,0,0,0,0,0,False,,/home/azureuser/yas/evomaster-config/runtime-logs/classes/cart/super_admin/EvoMaster_cart_super_admin_faults,/home/azureuser/yas/evomaster-config/runtime-logs/classes/cart/super_admin/EvoMaster_cart_super_admin_faults/compile.log,/home/azureuser/yas/evomaster-config/runtime-logs/classes/cart/super_admin/EvoMaster_cart_super_admin_faults/compile_stdout.log,/home/azureuser/yas/evomaster-config/runtime-logs/classes/cart/super_admin/EvoMaster_cart_super_admin_faults/compile_stderr.log,False,False,,,0,False,14.04,11.14,155.58,,/home/azureuser/yas/evomaster-config/runtime-logs/methods/cart/super_admin/EvoMaster_cart_super_admin_faults/test_0_getOnItemsReturnsMismatchResponseWithSchema,/home/azureuser/yas/evomaster-config/runtime-logs/methods/cart/super_admin/EvoMaster_cart_super_admin_faults/test_0_getOnItemsReturnsMismatchResponseWithSchema/run.log,/home/azureuser/yas/evomaster-config/runtime-logs/methods/cart/super_admin/EvoMaster_cart_super_admin_faults/test_0_getOnItemsReturnsMismatchResponseWithSchema/run_stdout.log,/home/azureuser/yas/evomaster-config/runtime-logs/methods/cart/super_admin/EvoMaster_cart_super_admin_faults/test_0_getOnItemsReturnsMismatchResponseWithSchema/run_stderr.log
cart,super_admin,EvoMaster_cart_super_admin_successes.java,EvoMaster_cart_super_admin_successes,test_0_getOnItemsReturns2Elements,False,1,200,/cart/storefront/cart/items,GET,200,.statusCode(200) .assertThat(),9,".get(baseUrlOfSut + ""/cart/storefront/cart/items"")",,".header(""Authorization"", ""Bearer eyJhbGciOiJSUzI1NiIsInR5cCIgOiAiSldUIiwia2lkIiA6ICJSclRUNWtBOHhIS3N0YWFSMmh1YTRpT0RpcFE4ek9pcjFrNGZOM3RxNFNVIn0.eyJleHAiOjE3Nzc4NTE4MDUsImlhdCI6MTc3Nzg0ODIwNSwianRpIjoiYzIzZWNiZmItMzk0OC00ODk0LWIzZDMtMmM2NzFlMDY1NWM2IiwiaXNzIjoiaHR0cDovL2lkZW50aXR5L3JlYWxtcy9ZYXMiLCJzdWIiOiI3MDQyZWE5ZS1hNzg0LTQxZjQtYTkzNi1kOGUxNTk5ODlmZjUiLCJ0eXAiOiJCZWFyZXIiLCJhenAiOiJiYWNrb2ZmaWNlLWJmZiIsInNpZCI6ImM2OTA2ZGZkLWI1NGUtNDc3YS05ZGIwLTQ1NDFjYjc5MzlmNiIsInJlYWxtX2FjY2VzcyI6eyJyb2xlcyI6WyJTVVBFUi1BRE1JTiJdfSwic2NvcGUiOiJlbWFpbCBwcm9maWxlIiwiZW1haWxfdmVyaWZpZWQiOmZhbHNlLCJwcmVmZXJyZWRfdXNlcm5hbWUiOiJzdXBlcl9hZG1pbiJ9.BG6TynyMHLA2RL6r9N6tburqnxkwSdynjx6MjtYeSyr3TECv-6nLrcl62DIsTLI7v14vBhFtEeVP57-BGhNE8kiBCNu9qxKJnMqX_LXS_WJnLh0ewAjwOtbwlXQTEop2ro0svMc9Y0cxqejoTy2VR8ByZZGqjawneNufn4BTwYSAUJ-il0U1X4uU9QzDqMRl3mKGY6xzktqGJCa4U1mWmeow4fmgXZPKPQwrkFXVEJhUgxOrANK5x-jNL-M-fs6lPDzB_hJWpnNey9rHPe25OGrEp_Q5A7F3Czw_1pW6lQY0FskCocUNl7ECWMSWm2d917TxQfSSYFUO1iHFqrgdgQ"")",successes,/home/azureuser/yas/evomaster-config/generated-tests/blackbox/cart/super_admin/EvoMaster_cart_super_admin_successes.java,21,6,True,0,,0,0,,100.0,0,0,0,0,0,0,False,,/home/azureuser/yas/evomaster-config/runtime-logs/classes/cart/super_admin/EvoMaster_cart_super_admin_successes,/home/azureuser/yas/evomaster-config/runtime-logs/classes/cart/super_admin/EvoMaster_cart_super_admin_successes/compile.log,/home/azureuser/yas/evomaster-config/runtime-logs/classes/cart/super_admin/EvoMaster_cart_super_admin_successes/compile_stdout.log,/home/azureuser/yas/evomaster-config/runtime-logs/classes/cart/super_admin/EvoMaster_cart_super_admin_successes/compile_stderr.log,False,True,1,java.lang.AssertionError;test_failure,1,False,14.05,11.31,162.25,"Tests run: 1, Failures: 1, Errors: 0, Skipped: 0",/home/azureuser/yas/evomaster-config/runtime-logs/methods/cart/super_admin/EvoMaster_cart_super_admin_successes/test_0_getOnItemsReturns2Elements,/home/azureuser/yas/evomaster-config/runtime-logs/methods/cart/super_admin/EvoMaster_cart_super_admin_successes/test_0_getOnItemsReturns2Elements/run.log,/home/azureuser/yas/evomaster-config/runtime-logs/methods/cart/super_admin/EvoMaster_cart_super_admin_successes/test_0_getOnItemsReturns2Elements/run_stdout.log,/home/azureuser/yas/evomaster-config/runtime-logs/methods/cart/super_admin/EvoMaster_cart_super_admin_successes/test_0_getOnItemsReturns2Elements/run_stderr.log
cart,user,EvoMaster_cart_user_faults.java,EvoMaster_cart_user_faults,test_0_getOnItemsReturnsMismatchResponseWithSchema,False,1,403,/cart/storefront/cart/items,GET,403,.statusCode(403) .assertThat(),6,".get(baseUrlOfSut + ""/cart/storefront/cart/items"")",,,faults,/home/azureuser/yas/evomaster-config/generated-tests/blackbox/cart/user/EvoMaster_cart_user_faults.java,21,6,True,0,,0,0,,100.0,0,0,0,0,0,0,False,,/home/azureuser/yas/evomaster-config/runtime-logs/classes/cart/user/EvoMaster_cart_user_faults,/home/azureuser/yas/evomaster-config/runtime-logs/classes/cart/user/EvoMaster_cart_user_faults/compile.log,/home/azureuser/yas/evomaster-config/runtime-logs/classes/cart/user/EvoMaster_cart_user_faults/compile_stdout.log,/home/azureuser/yas/evomaster-config/runtime-logs/classes/cart/user/EvoMaster_cart_user_faults/compile_stderr.log,False,False,,,0,False,14.54,12.22,170.8,,/home/azureuser/yas/evomaster-config/runtime-logs/methods/cart/user/EvoMaster_cart_user_faults/test_0_getOnItemsReturnsMismatchResponseWithSchema,/home/azureuser/yas/evomaster-config/runtime-logs/methods/cart/user/EvoMaster_cart_user_faults/test_0_getOnItemsReturnsMismatchResponseWithSchema/run.log,/home/azureuser/yas/evomaster-config/runtime-logs/methods/cart/user/EvoMaster_cart_user_faults/test_0_getOnItemsReturnsMismatchResponseWithSchema/run_stdout.log,/home/azureuser/yas/evomaster-config/runtime-logs/methods/cart/user/EvoMaster_cart_user_faults/test_0_getOnItemsReturnsMismatchResponseWithSchema/run_stderr.log
cart,user,EvoMaster_cart_user_successes.java,EvoMaster_cart_user_successes,test_0_getOnItemsReturns1Element,False,1,200,/cart/storefront/cart/items,GET,200,.statusCode(200) .assertThat(),6,".get(baseUrlOfSut + ""/cart/storefront/cart/items"")",,".header(""Authorization"", ""Bearer eyJhbGciOiJSUzI1NiIsInR5cCIgOiAiSldUIiwia2lkIiA6ICJSclRUNWtBOHhIS3N0YWFSMmh1YTRpT0RpcFE4ek9pcjFrNGZOM3RxNFNVIn0.eyJleHAiOjE3Nzc4NTE4MTUsImlhdCI6MTc3Nzg0ODIxNSwianRpIjoiZTM2NzM0YzAtNWI0ZS00NjEyLWI2NGItNDE1YzY0YzQwNGNlIiwiaXNzIjoiaHR0cDovL2lkZW50aXR5L3JlYWxtcy9ZYXMiLCJzdWIiOiIwMTEzZmQyNy1hMDllLTQ3MjItYjFlNS01MDA3ZjU4ZjUyODgiLCJ0eXAiOiJCZWFyZXIiLCJhenAiOiJiYWNrb2ZmaWNlLWJmZiIsInNpZCI6Ijc5Nzg2MGJjLWY5ZDItNDY1MS05MGQ3LWIxMzZkN2VmOGM0ZSIsInJlYWxtX2FjY2VzcyI6eyJyb2xlcyI6WyJVU0VSIl19LCJzY29wZSI6ImVtYWlsIHByb2ZpbGUiLCJlbWFpbF92ZXJpZmllZCI6ZmFsc2UsInByZWZlcnJlZF91c2VybmFtZSI6InVzZXJfcm9sZSJ9.MPhwctBIb64TKsK0SCXwzvrL2hB7g0Kn7iuK5aWmWJyyv2Xe6ddq6fbGJiXQmUxnNwmOPuSx-YTHj8Zw8SFCD--V7Wppy0xRsFhVK0abJa3-1QWqwCPX6CScfI5sqYnUXWaNwSnyWBV0UpGVGbsRvON47PkEHcX4EvYZQSxlyZ2VR26iLpK-6rrnl8cRiqmK5AogfmMNoU_usW9DCu8muLlGgQABm0jtSWg6kXT5vj2L6p1_3PmHhVFMdCiUrOqHgPZfAAd-L3jqHzW3PS6nwXZ9npao9hnvv1yRGWYYTr2Zgafw0z5CuxiwKv4NVtI36AA9I0R0SBnzMalcDA3L2Q"")",successes,/home/azureuser/yas/evomaster-config/generated-tests/blackbox/cart/user/EvoMaster_cart_user_successes.java,21,6,True,0,,0,0,,100.0,0,0,0,0,0,0,False,,/home/azureuser/yas/evomaster-config/runtime-logs/classes/cart/user/EvoMaster_cart_user_successes,/home/azureuser/yas/evomaster-config/runtime-logs/classes/cart/user/EvoMaster_cart_user_successes/compile.log,/home/azureuser/yas/evomaster-config/runtime-logs/classes/cart/user/EvoMaster_cart_user_successes/compile_stdout.log,/home/azureuser/yas/evomaster-config/runtime-logs/classes/cart/user/EvoMaster_cart_user_successes/compile_stderr.log,False,True,1,java.lang.AssertionError;test_failure,1,False,14.05,11.36,157.63,"Tests run: 1, Failures: 1, Errors: 0, Skipped: 0",/home/azureuser/yas/evomaster-config/runtime-logs/methods/cart/user/EvoMaster_cart_user_successes/test_0_getOnItemsReturns1Element,/home/azureuser/yas/evomaster-config/runtime-logs/methods/cart/user/EvoMaster_cart_user_successes/test_0_getOnItemsReturns1Element/run.log,/home/azureuser/yas/evomaster-config/runtime-logs/methods/cart/user/EvoMaster_cart_user_successes/test_0_getOnItemsReturns1Element/run_stdout.log,/home/azureuser/yas/evomaster-config/runtime-logs/methods/cart/user/EvoMaster_cart_user_successes/test_0_getOnItemsReturns1Element/run_stderr.log
customer,admin_only,EvoMaster_customer_admin_only_faults.java,EvoMaster_customer_admin_only_faults,test_9_getOnProfileReturnsMismatchResponseWithSchema,False,1,401,/customer/storefront/customer/profile,GET,401,.statusCode(401) .assertThat(),2,".get(baseUrlOfSut + ""/customer/storefront/customer/profile"")",,,faults,/home/azureuser/yas/evomaster-config/generated-tests/blackbox/customer/admin_only/EvoMaster_customer_admin_only_faults.java,21,6,True,0,,0,0,,100.0,0,0,0,0,0,0,False,,/home/azureuser/yas/evomaster-config/runtime-logs/classes/customer/admin_only/EvoMaster_customer_admin_only_faults,/home/azureuser/yas/evomaster-config/runtime-logs/classes/customer/admin_only/EvoMaster_customer_admin_only_faults/compile.log,/home/azureuser/yas/evomaster-config/runtime-logs/classes/customer/admin_only/EvoMaster_customer_admin_only_faults/compile_stdout.log,/home/azureuser/yas/evomaster-config/runtime-logs/classes/customer/admin_only/EvoMaster_customer_admin_only_faults/compile_stderr.log,False,False,,,0,False,12.54,11.34,166.07,,/home/azureuser/yas/evomaster-config/runtime-logs/methods/customer/admin_only/EvoMaster_customer_admin_only_faults/test_9_getOnProfileReturnsMismatchResponseWithSchema,/home/azureuser/yas/evomaster-config/runtime-logs/methods/customer/admin_only/EvoMaster_customer_admin_only_faults/test_9_getOnProfileReturnsMismatchResponseWithSchema/run.log,/home/azureuser/yas/evomaster-config/runtime-logs/methods/customer/admin_only/EvoMaster_customer_admin_only_faults/test_9_getOnProfileReturnsMismatchResponseWithSchema/run_stdout.log,/home/azureuser/yas/evomaster-config/runtime-logs/methods/customer/admin_only/EvoMaster_customer_admin_only_faults/test_9_getOnProfileReturnsMismatchResponseWithSchema/run_stderr.log
customer,admin_only,EvoMaster_customer_admin_only_faults.java,EvoMaster_customer_admin_only_faults,test_10_getOnProfileReturnsMismatchResponseWithSchema,False,1,403,/customer/storefront/customer/profile,GET,403,.statusCode(403) .assertThat(),2,".get(baseUrlOfSut + ""/customer/storefront/customer/profile"")",,".header(""Authorization"", ""Bearer eyJhbGciOiJSUzI1NiIsInR5cCIgOiAiSldUIiwia2lkIiA6ICJSclRUNWtBOHhIS3N0YWFSMmh1YTRpT0RpcFE4ek9pcjFrNGZOM3RxNFNVIn0.eyJleHAiOjE3Nzc4NTE3OTYsImlhdCI6MTc3Nzg0ODE5NiwianRpIjoiMmY5MDQ5YTEtZDc2ZS00MTJiLWExMzUtYmZkMTIyMDEzZjdkIiwiaXNzIjoiaHR0cDovL2lkZW50aXR5L3JlYWxtcy9ZYXMiLCJzdWIiOiJlY2RlODFiYy00MTgwLTQ2ZWMtOTBlZi02NmIxNDVkOWQyMmMiLCJ0eXAiOiJCZWFyZXIiLCJhenAiOiJiYWNrb2ZmaWNlLWJmZiIsInNpZCI6IjJjYzQ0ZmY3LTk2YmQtNDQyMy04Nzg5LTA3NGEwZDQ1OWI5ZCIsInJlYWxtX2FjY2VzcyI6eyJyb2xlcyI6WyJBRE1JTiJdfSwic2NvcGUiOiJlbWFpbCBwcm9maWxlIiwiZW1haWxfdmVyaWZpZWQiOmZhbHNlLCJwcmVmZXJyZWRfdXNlcm5hbWUiOiJhZG1pbl9vbmx5In0.wwO-HOsXRX4_nnuCRCJ6YYaOJDxIGPhSnT_colEPOodc5NKm4ISWEkyR68SRF2hXXDz2F9EFLhHqwupWXtzMpbltm_UGU49rJkH9sGQeS-WR7ewAdCvIOvMD2bH3MPaw6TLMXV4DEMDjSnTL_Z6iit7dgZJ0jN64C-pPafdq2EN4Pr0e3j-M6TH01bjjRKNmYEjq7zoWSzS7mgPVxTIjq-xIJB1B9OyPhUBFtzmPR4rkaqjz69OnhNl_ou_su5hcirRVVop4khZKjpTM3lizcvKXbiIDXEwD42_pH2IsKdVMohi2t3C1PZOPn8uR4ixDNIPdvvZkmH1RNs6qhF3jkw"")",faults,/home/azureuser/yas/evomaster-config/generated-tests/blackbox/customer/admin_only/EvoMaster_customer_admin_only_faults.java,21,6,True,0,,0,0,,100.0,0,0,0,0,0,0,False,,/home/azureuser/yas/evomaster-config/runtime-logs/classes/customer/admin_only/EvoMaster_customer_admin_only_faults,/home/azureuser/yas/evomaster-config/runtime-logs/classes/customer/admin_only/EvoMaster_customer_admin_only_faults/compile.log,/home/azureuser/yas/evomaster-config/runtime-logs/classes/customer/admin_only/EvoMaster_customer_admin_only_faults/compile_stdout.log,/home/azureuser/yas/evomaster-config/runtime-logs/classes/customer/admin_only/EvoMaster_customer_admin_only_faults/compile_stderr.log,False,False,,,0,False,12.54,11.03,152.31,,/home/azureuser/yas/evomaster-config/runtime-logs/methods/customer/admin_only/EvoMaster_customer_admin_only_faults/test_10_getOnProfileReturnsMismatchResponseWithSchema,/home/azureuser/yas/evomaster-config/runtime-logs/methods/customer/admin_only/EvoMaster_customer_admin_only_faults/test_10_getOnProfileReturnsMismatchResponseWithSchema/run.log,/home/azureuser/yas/evomaster-config/runtime-logs/methods/customer/admin_only/EvoMaster_customer_admin_only_faults/test_10_getOnProfileReturnsMismatchResponseWithSchema/run_stdout.log,/home/azureuser/yas/evomaster-config/runtime-logs/methods/customer/admin_only/EvoMaster_customer_admin_only_faults/test_10_getOnProfileReturnsMismatchResponseWithSchema/run_stderr.log
customer,customer,EvoMaster_customer_customer_faults.java,EvoMaster_customer_customer_faults,test_10_getOnProfileReturnsMismatchResponseWithSchema,False,1,401,/customer/storefront/customer/profile,GET,401,.statusCode(401) .assertThat(),2,".get(baseUrlOfSut + ""/customer/storefront/customer/profile"")",,,faults,/home/azureuser/yas/evomaster-config/generated-tests/blackbox/customer/customer/EvoMaster_customer_customer_faults.java,21,6,True,0,,0,0,,100.0,0,0,0,0,0,0,False,,/home/azureuser/yas/evomaster-config/runtime-logs/classes/customer/customer/EvoMaster_customer_customer_faults,/home/azureuser/yas/evomaster-config/runtime-logs/classes/customer/customer/EvoMaster_customer_customer_faults/compile.log,/home/azureuser/yas/evomaster-config/runtime-logs/classes/customer/customer/EvoMaster_customer_customer_faults/compile_stdout.log,/home/azureuser/yas/evomaster-config/runtime-logs/classes/customer/customer/EvoMaster_customer_customer_faults/compile_stderr.log,False,False,,,0,False,12.54,11.19,164.52,,/home/azureuser/yas/evomaster-config/runtime-logs/methods/customer/customer/EvoMaster_customer_customer_faults/test_10_getOnProfileReturnsMismatchResponseWithSchema,/home/azureuser/yas/evomaster-config/runtime-logs/methods/customer/customer/EvoMaster_customer_customer_faults/test_10_getOnProfileReturnsMismatchResponseWithSchema/run.log,/home/azureuser/yas/evomaster-config/runtime-logs/methods/customer/customer/EvoMaster_customer_customer_faults/test_10_getOnProfileReturnsMismatchResponseWithSchema/run_stdout.log,/home/azureuser/yas/evomaster-config/runtime-logs/methods/customer/customer/EvoMaster_customer_customer_faults/test_10_getOnProfileReturnsMismatchResponseWithSchema/run_stderr.log
customer,customer,EvoMaster_customer_customer_successes.java,EvoMaster_customer_customer_successes,test_1_getOnProfileReturnsObject,False,1,200,/customer/storefront/customer/profile,GET,200,.statusCode(200) .assertThat(),6,".get(baseUrlOfSut + ""/customer/storefront/customer/profile"")",,".header(""Authorization"", ""Bearer eyJhbGciOiJSUzI1NiIsInR5cCIgOiAiSldUIiwia2lkIiA6ICJSclRUNWtBOHhIS3N0YWFSMmh1YTRpT0RpcFE4ek9pcjFrNGZOM3RxNFNVIn0.eyJleHAiOjE3Nzc4NTE4MTAsImlhdCI6MTc3Nzg0ODIxMCwianRpIjoiNDA0NWE1MzEtYjJhOC00NzQyLTk1NmYtNjg3YWZlNTljNDVjIiwiaXNzIjoiaHR0cDovL2lkZW50aXR5L3JlYWxtcy9ZYXMiLCJzdWIiOiI0Yjg1MzdlZC1mZTg4LTQ3MGQtYmFkNS0wZjQ5Y2E2Zjg5NjAiLCJ0eXAiOiJCZWFyZXIiLCJhenAiOiJiYWNrb2ZmaWNlLWJmZiIsInNpZCI6IjZjOGViMmE1LTU0OWQtNDhlNC05YWZmLTQ1NmM4ODg5YjllYSIsInJlYWxtX2FjY2VzcyI6eyJyb2xlcyI6WyJkZWZhdWx0LXJvbGVzLXlhcyIsIm9mZmxpbmVfYWNjZXNzIiwiQ1VTVE9NRVIiLCJ1bWFfYXV0aG9yaXphdGlvbiJdfSwic2NvcGUiOiJlbWFpbCBwcm9maWxlIiwiZW1haWxfdmVyaWZpZWQiOmZhbHNlLCJwcmVmZXJyZWRfdXNlcm5hbWUiOiJ1c2VyIn0.WySURy53X7EWggVEUvfwyUgiQOop5G4Q8vr0bDGwksDpsxHnO7ANSa5-K6l_Prsd3tb8jhz2rBgmXg_Kk62iIs-clEdXH4gVMgrQ56Dv6srqPWetqSTqC8y50Fvd3jV8OTv6LlX2uECqyofTfw7WiheRrpc1Rr9dO0nq4FuzHOyYDrAMsV798zzyF2v8Oz_fZ1M_65o4crSUgy1unhpIQGea2GGqoV1OyckQLvuANE6jWBvcKF5O6fHDhPnoOd-5fLjAughY-UYb3DlqF_XYvgx_IfgnCFoh4KjVeFh3rc6srgUsafpPyw32Mv6ulJXcg_Hb7FYrPOh6EWHy_8rjyw"")",successes,/home/azureuser/yas/evomaster-config/generated-tests/blackbox/customer/customer/EvoMaster_customer_customer_successes.java,21,6,True,0,,0,0,,100.0,0,0,0,0,0,0,False,,/home/azureuser/yas/evomaster-config/runtime-logs/classes/customer/customer/EvoMaster_customer_customer_successes,/home/azureuser/yas/evomaster-config/runtime-logs/classes/customer/customer/EvoMaster_customer_customer_successes/compile.log,/home/azureuser/yas/evomaster-config/runtime-logs/classes/customer/customer/EvoMaster_customer_customer_successes/compile_stdout.log,/home/azureuser/yas/evomaster-config/runtime-logs/classes/customer/customer/EvoMaster_customer_customer_successes/compile_stderr.log,False,False,,,0,False,13.56,11.16,157.79,,/home/azureuser/yas/evomaster-config/runtime-logs/methods/customer/customer/EvoMaster_customer_customer_successes/test_1_getOnProfileReturnsObject,/home/azureuser/yas/evomaster-config/runtime-logs/methods/customer/customer/EvoMaster_customer_customer_successes/test_1_getOnProfileReturnsObject/run.log,/home/azureuser/yas/evomaster-config/runtime-logs/methods/customer/customer/EvoMaster_customer_customer_successes/test_1_getOnProfileReturnsObject/run_stdout.log,/home/azureuser/yas/evomaster-config/runtime-logs/methods/customer/customer/EvoMaster_customer_customer_successes/test_1_getOnProfileReturnsObject/run_stderr.log
customer,none,EvoMaster_customer_none_faults.java,EvoMaster_customer_none_faults,test_6_getOnProfileReturnsMismatchResponseWithSchema,False,1,401,/customer/storefront/customer/profile,GET,401,.statusCode(401) .assertThat(),2,".get(baseUrlOfSut + ""/customer/storefront/customer/profile"")",,,faults,/home/azureuser/yas/evomaster-config/generated-tests/blackbox/customer/none/EvoMaster_customer_none_faults.java,21,6,True,0,,0,0,,100.0,0,0,0,0,0,0,False,,/home/azureuser/yas/evomaster-config/runtime-logs/classes/customer/none/EvoMaster_customer_none_faults,/home/azureuser/yas/evomaster-config/runtime-logs/classes/customer/none/EvoMaster_customer_none_faults/compile.log,/home/azureuser/yas/evomaster-config/runtime-logs/classes/customer/none/EvoMaster_customer_none_faults/compile_stdout.log,/home/azureuser/yas/evomaster-config/runtime-logs/classes/customer/none/EvoMaster_customer_none_faults/compile_stderr.log,False,False,,,0,False,12.54,11.19,159.71,,/home/azureuser/yas/evomaster-config/runtime-logs/methods/customer/none/EvoMaster_customer_none_faults/test_6_getOnProfileReturnsMismatchResponseWithSchema,/home/azureuser/yas/evomaster-config/runtime-logs/methods/customer/none/EvoMaster_customer_none_faults/test_6_getOnProfileReturnsMismatchResponseWithSchema/run.log,/home/azureuser/yas/evomaster-config/runtime-logs/methods/customer/none/EvoMaster_customer_none_faults/test_6_getOnProfileReturnsMismatchResponseWithSchema/run_stdout.log,/home/azureuser/yas/evomaster-config/runtime-logs/methods/customer/none/EvoMaster_customer_none_faults/test_6_getOnProfileReturnsMismatchResponseWithSchema/run_stderr.log
customer,super_admin,EvoMaster_customer_super_admin_faults.java,EvoMaster_customer_super_admin_faults,test_10_getOnProfileReturnsMismatchResponseWithSchema,False,1,401,/customer/storefront/customer/profile,GET,401,.statusCode(401) .assertThat(),2,".get(baseUrlOfSut + ""/customer/storefront/customer/profile"")",,,faults,/home/azureuser/yas/evomaster-config/generated-tests/blackbox/customer/super_admin/EvoMaster_customer_super_admin_faults.java,21,6,True,0,,0,0,,100.0,0,0,0,0,0,0,False,,/home/azureuser/yas/evomaster-config/runtime-logs/classes/customer/super_admin/EvoMaster_customer_super_admin_faults,/home/azureuser/yas/evomaster-config/runtime-logs/classes/customer/super_admin/EvoMaster_customer_super_admin_faults/compile.log,/home/azureuser/yas/evomaster-config/runtime-logs/classes/customer/super_admin/EvoMaster_customer_super_admin_faults/compile_stdout.log,/home/azureuser/yas/evomaster-config/runtime-logs/classes/customer/super_admin/EvoMaster_customer_super_admin_faults/compile_stderr.log,False,False,,,0,False,12.56,11.08,160.44,,/home/azureuser/yas/evomaster-config/runtime-logs/methods/customer/super_admin/EvoMaster_customer_super_admin_faults/test_10_getOnProfileReturnsMismatchResponseWithSchema,/home/azureuser/yas/evomaster-config/runtime-logs/methods/customer/super_admin/EvoMaster_customer_super_admin_faults/test_10_getOnProfileReturnsMismatchResponseWithSchema/run.log,/home/azureuser/yas/evomaster-config/runtime-logs/methods/customer/super_admin/EvoMaster_customer_super_admin_faults/test_10_getOnProfileReturnsMismatchResponseWithSchema/run_stdout.log,/home/azureuser/yas/evomaster-config/runtime-logs/methods/customer/super_admin/EvoMaster_customer_super_admin_faults/test_10_getOnProfileReturnsMismatchResponseWithSchema/run_stderr.log
customer,super_admin,EvoMaster_customer_super_admin_faults.java,EvoMaster_customer_super_admin_faults,test_12_getOnProfileReturnsMismatchResponseWithSchema,False,1,403,/customer/storefront/customer/profile,GET,403,.statusCode(403) .assertThat(),2,".get(baseUrlOfSut + ""/customer/storefront/customer/profile"")",,".header(""Authorization"", ""Bearer eyJhbGciOiJSUzI1NiIsInR5cCIgOiAiSldUIiwia2lkIiA6ICJSclRUNWtBOHhIS3N0YWFSMmh1YTRpT0RpcFE4ek9pcjFrNGZOM3RxNFNVIn0.eyJleHAiOjE3Nzc4NTE4MDUsImlhdCI6MTc3Nzg0ODIwNSwianRpIjoiYzIzZWNiZmItMzk0OC00ODk0LWIzZDMtMmM2NzFlMDY1NWM2IiwiaXNzIjoiaHR0cDovL2lkZW50aXR5L3JlYWxtcy9ZYXMiLCJzdWIiOiI3MDQyZWE5ZS1hNzg0LTQxZjQtYTkzNi1kOGUxNTk5ODlmZjUiLCJ0eXAiOiJCZWFyZXIiLCJhenAiOiJiYWNrb2ZmaWNlLWJmZiIsInNpZCI6ImM2OTA2ZGZkLWI1NGUtNDc3YS05ZGIwLTQ1NDFjYjc5MzlmNiIsInJlYWxtX2FjY2VzcyI6eyJyb2xlcyI6WyJTVVBFUi1BRE1JTiJdfSwic2NvcGUiOiJlbWFpbCBwcm9maWxlIiwiZW1haWxfdmVyaWZpZWQiOmZhbHNlLCJwcmVmZXJyZWRfdXNlcm5hbWUiOiJzdXBlcl9hZG1pbiJ9.BG6TynyMHLA2RL6r9N6tburqnxkwSdynjx6MjtYeSyr3TECv-6nLrcl62DIsTLI7v14vBhFtEeVP57-BGhNE8kiBCNu9qxKJnMqX_LXS_WJnLh0ewAjwOtbwlXQTEop2ro0svMc9Y0cxqejoTy2VR8ByZZGqjawneNufn4BTwYSAUJ-il0U1X4uU9QzDqMRl3mKGY6xzktqGJCa4U1mWmeow4fmgXZPKPQwrkFXVEJhUgxOrANK5x-jNL-M-fs6lPDzB_hJWpnNey9rHPe25OGrEp_Q5A7F3Czw_1pW6lQY0FskCocUNl7ECWMSWm2d917TxQfSSYFUO1iHFqrgdgQ"")",faults,/home/azureuser/yas/evomaster-config/generated-tests/blackbox/customer/super_admin/EvoMaster_customer_super_admin_faults.java,21,6,True,0,,0,0,,100.0,0,0,0,0,0,0,False,,/home/azureuser/yas/evomaster-config/runtime-logs/classes/customer/super_admin/EvoMaster_customer_super_admin_faults,/home/azureuser/yas/evomaster-config/runtime-logs/classes/customer/super_admin/EvoMaster_customer_super_admin_faults/compile.log,/home/azureuser/yas/evomaster-config/runtime-logs/classes/customer/super_admin/EvoMaster_customer_super_admin_faults/compile_stdout.log,/home/azureuser/yas/evomaster-config/runtime-logs/classes/customer/super_admin/EvoMaster_customer_super_admin_faults/compile_stderr.log,False,False,,,0,False,12.54,11.18,161.56,,/home/azureuser/yas/evomaster-config/runtime-logs/methods/customer/super_admin/EvoMaster_customer_super_admin_faults/test_12_getOnProfileReturnsMismatchResponseWithSchema,/home/azureuser/yas/evomaster-config/runtime-logs/methods/customer/super_admin/EvoMaster_customer_super_admin_faults/test_12_getOnProfileReturnsMismatchResponseWithSchema/run.log,/home/azureuser/yas/evomaster-config/runtime-logs/methods/customer/super_admin/EvoMaster_customer_super_admin_faults/test_12_getOnProfileReturnsMismatchResponseWithSchema/run_stdout.log,/home/azureuser/yas/evomaster-config/runtime-logs/methods/customer/super_admin/EvoMaster_customer_super_admin_faults/test_12_getOnProfileReturnsMismatchResponseWithSchema/run_stderr.log
customer,user,EvoMaster_customer_user_faults.java,EvoMaster_customer_user_faults,test_11_getOnProfileReturnsMismatchResponseWithSchema,False,1,401,/customer/storefront/customer/profile,GET,401,.statusCode(401) .assertThat(),2,".get(baseUrlOfSut + ""/customer/storefront/customer/profile"")",,,faults,/home/azureuser/yas/evomaster-config/generated-tests/blackbox/customer/user/EvoMaster_customer_user_faults.java,21,6,True,0,,0,0,,100.0,0,0,0,0,0,0,False,,/home/azureuser/yas/evomaster-config/runtime-logs/classes/customer/user/EvoMaster_customer_user_faults,/home/azureuser/yas/evomaster-config/runtime-logs/classes/customer/user/EvoMaster_customer_user_faults/compile.log,/home/azureuser/yas/evomaster-config/runtime-logs/classes/customer/user/EvoMaster_customer_user_faults/compile_stdout.log,/home/azureuser/yas/evomaster-config/runtime-logs/classes/customer/user/EvoMaster_customer_user_faults/compile_stderr.log,False,False,,,0,False,12.54,10.93,157.19,,/home/azureuser/yas/evomaster-config/runtime-logs/methods/customer/user/EvoMaster_customer_user_faults/test_11_getOnProfileReturnsMismatchResponseWithSchema,/home/azureuser/yas/evomaster-config/runtime-logs/methods/customer/user/EvoMaster_customer_user_faults/test_11_getOnProfileReturnsMismatchResponseWithSchema/run.log,/home/azureuser/yas/evomaster-config/runtime-logs/methods/customer/user/EvoMaster_customer_user_faults/test_11_getOnProfileReturnsMismatchResponseWithSchema/run_stdout.log,/home/azureuser/yas/evomaster-config/runtime-logs/methods/customer/user/EvoMaster_customer_user_faults/test_11_getOnProfileReturnsMismatchResponseWithSchema/run_stderr.log
customer,user,EvoMaster_customer_user_faults.java,EvoMaster_customer_user_faults,test_13_getOnProfileReturnsMismatchResponseWithSchema,False,1,403,/customer/storefront/customer/profile,GET,403,.statusCode(403) .assertThat(),2,".get(baseUrlOfSut + ""/customer/storefront/customer/profile"")",,".header(""Authorization"", ""Bearer eyJhbGciOiJSUzI1NiIsInR5cCIgOiAiSldUIiwia2lkIiA6ICJSclRUNWtBOHhIS3N0YWFSMmh1YTRpT0RpcFE4ek9pcjFrNGZOM3RxNFNVIn0.eyJleHAiOjE3Nzc4NTE4MTUsImlhdCI6MTc3Nzg0ODIxNSwianRpIjoiZTM2NzM0YzAtNWI0ZS00NjEyLWI2NGItNDE1YzY0YzQwNGNlIiwiaXNzIjoiaHR0cDovL2lkZW50aXR5L3JlYWxtcy9ZYXMiLCJzdWIiOiIwMTEzZmQyNy1hMDllLTQ3MjItYjFlNS01MDA3ZjU4ZjUyODgiLCJ0eXAiOiJCZWFyZXIiLCJhenAiOiJiYWNrb2ZmaWNlLWJmZiIsInNpZCI6Ijc5Nzg2MGJjLWY5ZDItNDY1MS05MGQ3LWIxMzZkN2VmOGM0ZSIsInJlYWxtX2FjY2VzcyI6eyJyb2xlcyI6WyJVU0VSIl19LCJzY29wZSI6ImVtYWlsIHByb2ZpbGUiLCJlbWFpbF92ZXJpZmllZCI6ZmFsc2UsInByZWZlcnJlZF91c2VybmFtZSI6InVzZXJfcm9sZSJ9.MPhwctBIb64TKsK0SCXwzvrL2hB7g0Kn7iuK5aWmWJyyv2Xe6ddq6fbGJiXQmUxnNwmOPuSx-YTHj8Zw8SFCD--V7Wppy0xRsFhVK0abJa3-1QWqwCPX6CScfI5sqYnUXWaNwSnyWBV0UpGVGbsRvON47PkEHcX4EvYZQSxlyZ2VR26iLpK-6rrnl8cRiqmK5AogfmMNoU_usW9DCu8muLlGgQABm0jtSWg6kXT5vj2L6p1_3PmHhVFMdCiUrOqHgPZfAAd-L3jqHzW3PS6nwXZ9npao9hnvv1yRGWYYTr2Zgafw0z5CuxiwKv4NVtI36AA9I0R0SBnzMalcDA3L2Q"")",faults,/home/azureuser/yas/evomaster-config/generated-tests/blackbox/customer/user/EvoMaster_customer_user_faults.java,21,6,True,0,,0,0,,100.0,0,0,0,0,0,0,False,,/home/azureuser/yas/evomaster-config/runtime-logs/classes/customer/user/EvoMaster_customer_user_faults,/home/azureuser/yas/evomaster-config/runtime-logs/classes/customer/user/EvoMaster_customer_user_faults/compile.log,/home/azureuser/yas/evomaster-config/runtime-logs/classes/customer/user/EvoMaster_customer_user_faults/compile_stdout.log,/home/azureuser/yas/evomaster-config/runtime-logs/classes/customer/user/EvoMaster_customer_user_faults/compile_stderr.log,False,False,,,0,False,12.54,11.36,158.36,,/home/azureuser/yas/evomaster-config/runtime-logs/methods/customer/user/EvoMaster_customer_user_faults/test_13_getOnProfileReturnsMismatchResponseWithSchema,/home/azureuser/yas/evomaster-config/runtime-logs/methods/customer/user/EvoMaster_customer_user_faults/test_13_getOnProfileReturnsMismatchResponseWithSchema/run.log,/home/azureuser/yas/evomaster-config/runtime-logs/methods/customer/user/EvoMaster_customer_user_faults/test_13_getOnProfileReturnsMismatchResponseWithSchema/run_stdout.log,/home/azureuser/yas/evomaster-config/runtime-logs/methods/customer/user/EvoMaster_customer_user_faults/test_13_getOnProfileReturnsMismatchResponseWithSchema/run_stderr.log
inventory,customer,EvoMaster_inventory_customer_faults.java,EvoMaster_inventory_customer_faults,test_19_deleteOnWarehousReturnsMismatchResponseWithSchema,False,1,403,/inventory/backoffice/warehouses/{id},DELETE,403,.statusCode(403) .assertThat(),2,".delete(baseUrlOfSut + ""/inventory/backoffice/warehouses/-4988022448109142250"")",,".header(""Authorization"", ""Bearer eyJhbGciOiJSUzI1NiIsInR5cCIgOiAiSldUIiwia2lkIiA6ICJSclRUNWtBOHhIS3N0YWFSMmh1YTRpT0RpcFE4ek9pcjFrNGZOM3RxNFNVIn0.eyJleHAiOjE3Nzc4NTE4MTAsImlhdCI6MTc3Nzg0ODIxMCwianRpIjoiNDA0NWE1MzEtYjJhOC00NzQyLTk1NmYtNjg3YWZlNTljNDVjIiwiaXNzIjoiaHR0cDovL2lkZW50aXR5L3JlYWxtcy9ZYXMiLCJzdWIiOiI0Yjg1MzdlZC1mZTg4LTQ3MGQtYmFkNS0wZjQ5Y2E2Zjg5NjAiLCJ0eXAiOiJCZWFyZXIiLCJhenAiOiJiYWNrb2ZmaWNlLWJmZiIsInNpZCI6IjZjOGViMmE1LTU0OWQtNDhlNC05YWZmLTQ1NmM4ODg5YjllYSIsInJlYWxtX2FjY2VzcyI6eyJyb2xlcyI6WyJkZWZhdWx0LXJvbGVzLXlhcyIsIm9mZmxpbmVfYWNjZXNzIiwiQ1VTVE9NRVIiLCJ1bWFfYXV0aG9yaXphdGlvbiJdfSwic2NvcGUiOiJlbWFpbCBwcm9maWxlIiwiZW1haWxfdmVyaWZpZWQiOmZhbHNlLCJwcmVmZXJyZWRfdXNlcm5hbWUiOiJ1c2VyIn0.WySURy53X7EWggVEUvfwyUgiQOop5G4Q8vr0bDGwksDpsxHnO7ANSa5-K6l_Prsd3tb8jhz2rBgmXg_Kk62iIs-clEdXH4gVMgrQ56Dv6srqPWetqSTqC8y50Fvd3jV8OTv6LlX2uECqyofTfw7WiheRrpc1Rr9dO0nq4FuzHOyYDrAMsV798zzyF2v8Oz_fZ1M_65o4crSUgy1unhpIQGea2GGqoV1OyckQLvuANE6jWBvcKF5O6fHDhPnoOd-5fLjAughY-UYb3DlqF_XYvgx_IfgnCFoh4KjVeFh3rc6srgUsafpPyw32Mv6ulJXcg_Hb7FYrPOh6EWHy_8rjyw"")",faults,/home/azureuser/yas/evomaster-config/generated-tests/blackbox/inventory/customer/EvoMaster_inventory_customer_faults.java,21,6,True,0,,0,0,,100.0,0,0,0,0,0,0,False,,/home/azureuser/yas/evomaster-config/runtime-logs/classes/inventory/customer/EvoMaster_inventory_customer_faults,/home/azureuser/yas/evomaster-config/runtime-logs/classes/inventory/customer/EvoMaster_inventory_customer_faults/compile.log,/home/azureuser/yas/evomaster-config/runtime-logs/classes/inventory/customer/EvoMaster_inventory_customer_faults/compile_stdout.log,/home/azureuser/yas/evomaster-config/runtime-logs/classes/inventory/customer/EvoMaster_inventory_customer_faults/compile_stderr.log,False,False,,,0,False,12.54,11.15,156.34,,/home/azureuser/yas/evomaster-config/runtime-logs/methods/inventory/customer/EvoMaster_inventory_customer_faults/test_19_deleteOnWarehousReturnsMismatchResponseWithSchema,/home/azureuser/yas/evomaster-config/runtime-logs/methods/inventory/customer/EvoMaster_inventory_customer_faults/test_19_deleteOnWarehousReturnsMismatchResponseWithSchema/run.log,/home/azureuser/yas/evomaster-config/runtime-logs/methods/inventory/customer/EvoMaster_inventory_customer_faults/test_19_deleteOnWarehousReturnsMismatchResponseWithSchema/run_stdout.log,/home/azureuser/yas/evomaster-config/runtime-logs/methods/inventory/customer/EvoMaster_inventory_customer_faults/test_19_deleteOnWarehousReturnsMismatchResponseWithSchema/run_stderr.log
inventory,customer,EvoMaster_inventory_customer_faults.java,EvoMaster_inventory_customer_faults,test_20_deleteOnWarehousReturnsMismatchResponseWithSchema,False,1,403,/inventory/backoffice/warehouses/{id},DELETE,403,.statusCode(403) .assertThat(),5,".delete(baseUrlOfSut + ""/inventory/backoffice/warehouses/496"")",,,faults,/home/azureuser/yas/evomaster-config/generated-tests/blackbox/inventory/customer/EvoMaster_inventory_customer_faults.java,21,6,True,0,,0,0,,100.0,0,0,0,0,0,0,False,,/home/azureuser/yas/evomaster-config/runtime-logs/classes/inventory/customer/EvoMaster_inventory_customer_faults,/home/azureuser/yas/evomaster-config/runtime-logs/classes/inventory/customer/EvoMaster_inventory_customer_faults/compile.log,/home/azureuser/yas/evomaster-config/runtime-logs/classes/inventory/customer/EvoMaster_inventory_customer_faults/compile_stdout.log,/home/azureuser/yas/evomaster-config/runtime-logs/classes/inventory/customer/EvoMaster_inventory_customer_faults/compile_stderr.log,False,False,,,0,False,14.62,11.44,155.86,,/home/azureuser/yas/evomaster-config/runtime-logs/methods/inventory/customer/EvoMaster_inventory_customer_faults/test_20_deleteOnWarehousReturnsMismatchResponseWithSchema,/home/azureuser/yas/evomaster-config/runtime-logs/methods/inventory/customer/EvoMaster_inventory_customer_faults/test_20_deleteOnWarehousReturnsMismatchResponseWithSchema/run.log,/home/azureuser/yas/evomaster-config/runtime-logs/methods/inventory/customer/EvoMaster_inventory_customer_faults/test_20_deleteOnWarehousReturnsMismatchResponseWithSchema/run_stdout.log,/home/azureuser/yas/evomaster-config/runtime-logs/methods/inventory/customer/EvoMaster_inventory_customer_faults/test_20_deleteOnWarehousReturnsMismatchResponseWithSchema/run_stderr.log
inventory,none,EvoMaster_inventory_none_faults.java,EvoMaster_inventory_none_faults,test_9_deleteOnWarehousReturnsMismatchResponseWithSchema,False,1,403,/inventory/backoffice/warehouses/{id},DELETE,403,.statusCode(403) .assertThat(),5,".delete(baseUrlOfSut + ""/inventory/backoffice/warehouses/896"")",,,faults,/home/azureuser/yas/evomaster-config/generated-tests/blackbox/inventory/none/EvoMaster_inventory_none_faults.java,21,6,True,0,,0,0,,100.0,0,0,0,0,0,0,False,,/home/azureuser/yas/evomaster-config/runtime-logs/classes/inventory/none/EvoMaster_inventory_none_faults,/home/azureuser/yas/evomaster-config/runtime-logs/classes/inventory/none/EvoMaster_inventory_none_faults/compile.log,/home/azureuser/yas/evomaster-config/runtime-logs/classes/inventory/none/EvoMaster_inventory_none_faults/compile_stdout.log,/home/azureuser/yas/evomaster-config/runtime-logs/classes/inventory/none/EvoMaster_inventory_none_faults/compile_stderr.log,False,False,,,0,False,14.05,11.49,158.58,,/home/azureuser/yas/evomaster-config/runtime-logs/methods/inventory/none/EvoMaster_inventory_none_faults/test_9_deleteOnWarehousReturnsMismatchResponseWithSchema,/home/azureuser/yas/evomaster-config/runtime-logs/methods/inventory/none/EvoMaster_inventory_none_faults/test_9_deleteOnWarehousReturnsMismatchResponseWithSchema/run.log,/home/azureuser/yas/evomaster-config/runtime-logs/methods/inventory/none/EvoMaster_inventory_none_faults/test_9_deleteOnWarehousReturnsMismatchResponseWithSchema/run_stdout.log,/home/azureuser/yas/evomaster-config/runtime-logs/methods/inventory/none/EvoMaster_inventory_none_faults/test_9_deleteOnWarehousReturnsMismatchResponseWithSchema/run_stderr.log
inventory,super_admin,EvoMaster_inventory_super_admin_faults.java,EvoMaster_inventory_super_admin_faults,test_19_deleteOnWarehousReturnsMismatchResponseWithSchema,False,1,403,/inventory/backoffice/warehouses/{id},DELETE,403,.statusCode(403) .assertThat(),2,".delete(baseUrlOfSut + ""/inventory/backoffice/warehouses/507"")",,".header(""Authorization"", ""Bearer eyJhbGciOiJSUzI1NiIsInR5cCIgOiAiSldUIiwia2lkIiA6ICJSclRUNWtBOHhIS3N0YWFSMmh1YTRpT0RpcFE4ek9pcjFrNGZOM3RxNFNVIn0.eyJleHAiOjE3Nzc4NTE4MDUsImlhdCI6MTc3Nzg0ODIwNSwianRpIjoiYzIzZWNiZmItMzk0OC00ODk0LWIzZDMtMmM2NzFlMDY1NWM2IiwiaXNzIjoiaHR0cDovL2lkZW50aXR5L3JlYWxtcy9ZYXMiLCJzdWIiOiI3MDQyZWE5ZS1hNzg0LTQxZjQtYTkzNi1kOGUxNTk5ODlmZjUiLCJ0eXAiOiJCZWFyZXIiLCJhenAiOiJiYWNrb2ZmaWNlLWJmZiIsInNpZCI6ImM2OTA2ZGZkLWI1NGUtNDc3YS05ZGIwLTQ1NDFjYjc5MzlmNiIsInJlYWxtX2FjY2VzcyI6eyJyb2xlcyI6WyJTVVBFUi1BRE1JTiJdfSwic2NvcGUiOiJlbWFpbCBwcm9maWxlIiwiZW1haWxfdmVyaWZpZWQiOmZhbHNlLCJwcmVmZXJyZWRfdXNlcm5hbWUiOiJzdXBlcl9hZG1pbiJ9.BG6TynyMHLA2RL6r9N6tburqnxkwSdynjx6MjtYeSyr3TECv-6nLrcl62DIsTLI7v14vBhFtEeVP57-BGhNE8kiBCNu9qxKJnMqX_LXS_WJnLh0ewAjwOtbwlXQTEop2ro0svMc9Y0cxqejoTy2VR8ByZZGqjawneNufn4BTwYSAUJ-il0U1X4uU9QzDqMRl3mKGY6xzktqGJCa4U1mWmeow4fmgXZPKPQwrkFXVEJhUgxOrANK5x-jNL-M-fs6lPDzB_hJWpnNey9rHPe25OGrEp_Q5A7F3Czw_1pW6lQY0FskCocUNl7ECWMSWm2d917TxQfSSYFUO1iHFqrgdgQ"")",faults,/home/azureuser/yas/evomaster-config/generated-tests/blackbox/inventory/super_admin/EvoMaster_inventory_super_admin_faults.java,21,6,True,0,,0,0,,100.0,0,0,0,0,0,0,False,,/home/azureuser/yas/evomaster-config/runtime-logs/classes/inventory/super_admin/EvoMaster_inventory_super_admin_faults,/home/azureuser/yas/evomaster-config/runtime-logs/classes/inventory/super_admin/EvoMaster_inventory_super_admin_faults/compile.log,/home/azureuser/yas/evomaster-config/runtime-logs/classes/inventory/super_admin/EvoMaster_inventory_super_admin_faults/compile_stdout.log,/home/azureuser/yas/evomaster-config/runtime-logs/classes/inventory/super_admin/EvoMaster_inventory_super_admin_faults/compile_stderr.log,False,False,,,0,False,12.54,11.21,159.66,,/home/azureuser/yas/evomaster-config/runtime-logs/methods/inventory/super_admin/EvoMaster_inventory_super_admin_faults/test_19_deleteOnWarehousReturnsMismatchResponseWithSchema,/home/azureuser/yas/evomaster-config/runtime-logs/methods/inventory/super_admin/EvoMaster_inventory_super_admin_faults/test_19_deleteOnWarehousReturnsMismatchResponseWithSchema/run.log,/home/azureuser/yas/evomaster-config/runtime-logs/methods/inventory/super_admin/EvoMaster_inventory_super_admin_faults/test_19_deleteOnWarehousReturnsMismatchResponseWithSchema/run_stdout.log,/home/azureuser/yas/evomaster-config/runtime-logs/methods/inventory/super_admin/EvoMaster_inventory_super_admin_faults/test_19_deleteOnWarehousReturnsMismatchResponseWithSchema/run_stderr.log
inventory,super_admin,EvoMaster_inventory_super_admin_faults.java,EvoMaster_inventory_super_admin_faults,test_20_deleteOnWarehousReturnsMismatchResponseWithSchema,False,1,403,/inventory/backoffice/warehouses/{id},DELETE,403,.statusCode(403) .assertThat(),5,".delete(baseUrlOfSut + ""/inventory/backoffice/warehouses/160"")",,,faults,/home/azureuser/yas/evomaster-config/generated-tests/blackbox/inventory/super_admin/EvoMaster_inventory_super_admin_faults.java,21,6,True,0,,0,0,,100.0,0,0,0,0,0,0,False,,/home/azureuser/yas/evomaster-config/runtime-logs/classes/inventory/super_admin/EvoMaster_inventory_super_admin_faults,/home/azureuser/yas/evomaster-config/runtime-logs/classes/inventory/super_admin/EvoMaster_inventory_super_admin_faults/compile.log,/home/azureuser/yas/evomaster-config/runtime-logs/classes/inventory/super_admin/EvoMaster_inventory_super_admin_faults/compile_stdout.log,/home/azureuser/yas/evomaster-config/runtime-logs/classes/inventory/super_admin/EvoMaster_inventory_super_admin_faults/compile_stderr.log,False,False,,,0,False,14.55,11.96,174.73,,/home/azureuser/yas/evomaster-config/runtime-logs/methods/inventory/super_admin/EvoMaster_inventory_super_admin_faults/test_20_deleteOnWarehousReturnsMismatchResponseWithSchema,/home/azureuser/yas/evomaster-config/runtime-logs/methods/inventory/super_admin/EvoMaster_inventory_super_admin_faults/test_20_deleteOnWarehousReturnsMismatchResponseWithSchema/run.log,/home/azureuser/yas/evomaster-config/runtime-logs/methods/inventory/super_admin/EvoMaster_inventory_super_admin_faults/test_20_deleteOnWarehousReturnsMismatchResponseWithSchema/run_stdout.log,/home/azureuser/yas/evomaster-config/runtime-logs/methods/inventory/super_admin/EvoMaster_inventory_super_admin_faults/test_20_deleteOnWarehousReturnsMismatchResponseWithSchema/run_stderr.log
inventory,user,EvoMaster_inventory_user_faults.java,EvoMaster_inventory_user_faults,test_21_deleteOnWarehousReturnsMismatchResponseWithSchema,False,1,403,/inventory/backoffice/warehouses/{id},DELETE,403,.statusCode(403) .assertThat(),2,".delete(baseUrlOfSut + ""/inventory/backoffice/warehouses/2261372377302633267"")",,".header(""Authorization"", ""Bearer eyJhbGciOiJSUzI1NiIsInR5cCIgOiAiSldUIiwia2lkIiA6ICJSclRUNWtBOHhIS3N0YWFSMmh1YTRpT0RpcFE4ek9pcjFrNGZOM3RxNFNVIn0.eyJleHAiOjE3Nzc4NTE4MTUsImlhdCI6MTc3Nzg0ODIxNSwianRpIjoiZTM2NzM0YzAtNWI0ZS00NjEyLWI2NGItNDE1YzY0YzQwNGNlIiwiaXNzIjoiaHR0cDovL2lkZW50aXR5L3JlYWxtcy9ZYXMiLCJzdWIiOiIwMTEzZmQyNy1hMDllLTQ3MjItYjFlNS01MDA3ZjU4ZjUyODgiLCJ0eXAiOiJCZWFyZXIiLCJhenAiOiJiYWNrb2ZmaWNlLWJmZiIsInNpZCI6Ijc5Nzg2MGJjLWY5ZDItNDY1MS05MGQ3LWIxMzZkN2VmOGM0ZSIsInJlYWxtX2FjY2VzcyI6eyJyb2xlcyI6WyJVU0VSIl19LCJzY29wZSI6ImVtYWlsIHByb2ZpbGUiLCJlbWFpbF92ZXJpZmllZCI6ZmFsc2UsInByZWZlcnJlZF91c2VybmFtZSI6InVzZXJfcm9sZSJ9.MPhwctBIb64TKsK0SCXwzvrL2hB7g0Kn7iuK5aWmWJyyv2Xe6ddq6fbGJiXQmUxnNwmOPuSx-YTHj8Zw8SFCD--V7Wppy0xRsFhVK0abJa3-1QWqwCPX6CScfI5sqYnUXWaNwSnyWBV0UpGVGbsRvON47PkEHcX4EvYZQSxlyZ2VR26iLpK-6rrnl8cRiqmK5AogfmMNoU_usW9DCu8muLlGgQABm0jtSWg6kXT5vj2L6p1_3PmHhVFMdCiUrOqHgPZfAAd-L3jqHzW3PS6nwXZ9npao9hnvv1yRGWYYTr2Zgafw0z5CuxiwKv4NVtI36AA9I0R0SBnzMalcDA3L2Q"")",faults,/home/azureuser/yas/evomaster-config/generated-tests/blackbox/inventory/user/EvoMaster_inventory_user_faults.java,21,6,True,0,,0,0,,100.0,0,0,0,0,0,0,False,,/home/azureuser/yas/evomaster-config/runtime-logs/classes/inventory/user/EvoMaster_inventory_user_faults,/home/azureuser/yas/evomaster-config/runtime-logs/classes/inventory/user/EvoMaster_inventory_user_faults/compile.log,/home/azureuser/yas/evomaster-config/runtime-logs/classes/inventory/user/EvoMaster_inventory_user_faults/compile_stdout.log,/home/azureuser/yas/evomaster-config/runtime-logs/classes/inventory/user/EvoMaster_inventory_user_faults/compile_stderr.log,False,False,,,0,False,12.54,11.4,153.46,,/home/azureuser/yas/evomaster-config/runtime-logs/methods/inventory/user/EvoMaster_inventory_user_faults/test_21_deleteOnWarehousReturnsMismatchResponseWithSchema,/home/azureuser/yas/evomaster-config/runtime-logs/methods/inventory/user/EvoMaster_inventory_user_faults/test_21_deleteOnWarehousReturnsMismatchResponseWithSchema/run.log,/home/azureuser/yas/evomaster-config/runtime-logs/methods/inventory/user/EvoMaster_inventory_user_faults/test_21_deleteOnWarehousReturnsMismatchResponseWithSchema/run_stdout.log,/home/azureuser/yas/evomaster-config/runtime-logs/methods/inventory/user/EvoMaster_inventory_user_faults/test_21_deleteOnWarehousReturnsMismatchResponseWithSchema/run_stderr.log
inventory,user,EvoMaster_inventory_user_faults.java,EvoMaster_inventory_user_faults,test_22_deleteOnWarehousReturnsMismatchResponseWithSchema,False,1,403,/inventory/backoffice/warehouses/{id},DELETE,403,.statusCode(403) .assertThat(),5,".delete(baseUrlOfSut + ""/inventory/backoffice/warehouses/806"")",,,faults,/home/azureuser/yas/evomaster-config/generated-tests/blackbox/inventory/user/EvoMaster_inventory_user_faults.java,21,6,True,0,,0,0,,100.0,0,0,0,0,0,0,False,,/home/azureuser/yas/evomaster-config/runtime-logs/classes/inventory/user/EvoMaster_inventory_user_faults,/home/azureuser/yas/evomaster-config/runtime-logs/classes/inventory/user/EvoMaster_inventory_user_faults/compile.log,/home/azureuser/yas/evomaster-config/runtime-logs/classes/inventory/user/EvoMaster_inventory_user_faults/compile_stdout.log,/home/azureuser/yas/evomaster-config/runtime-logs/classes/inventory/user/EvoMaster_inventory_user_faults/compile_stderr.log,False,False,,,0,False,14.05,10.94,155.52,,/home/azureuser/yas/evomaster-config/runtime-logs/methods/inventory/user/EvoMaster_inventory_user_faults/test_22_deleteOnWarehousReturnsMismatchResponseWithSchema,/home/azureuser/yas/evomaster-config/runtime-logs/methods/inventory/user/EvoMaster_inventory_user_faults/test_22_deleteOnWarehousReturnsMismatchResponseWithSchema/run.log,/home/azureuser/yas/evomaster-config/runtime-logs/methods/inventory/user/EvoMaster_inventory_user_faults/test_22_deleteOnWarehousReturnsMismatchResponseWithSchema/run_stdout.log,/home/azureuser/yas/evomaster-config/runtime-logs/methods/inventory/user/EvoMaster_inventory_user_faults/test_22_deleteOnWarehousReturnsMismatchResponseWithSchema/run_stderr.log
location,admin_only,EvoMaster_location_admin_only_faults.java,EvoMaster_location_admin_only_faults,test_16_putOnState_or_provincReturnsMismatchResponseWithSchema,False,1,403,/location/backoffice/state-or-provinces/{id},PUT,403,.statusCode(403) .assertThat(),5,".put(baseUrlOfSut + ""/location/backoffice/state-or-provinces/975"")",".body("" { "" + 
                    "" \""name\"": \""IR6127\"", "" + 
                    "" \""countryId\"": 177 "" + 
                    "" } "")",,faults,/home/azureuser/yas/evomaster-config/generated-tests/blackbox/location/admin_only/EvoMaster_location_admin_only_faults.java,21,6,True,0,,0,0,,100.0,0,0,0,0,0,0,False,,/home/azureuser/yas/evomaster-config/runtime-logs/classes/location/admin_only/EvoMaster_location_admin_only_faults,/home/azureuser/yas/evomaster-config/runtime-logs/classes/location/admin_only/EvoMaster_location_admin_only_faults/compile.log,/home/azureuser/yas/evomaster-config/runtime-logs/classes/location/admin_only/EvoMaster_location_admin_only_faults/compile_stdout.log,/home/azureuser/yas/evomaster-config/runtime-logs/classes/location/admin_only/EvoMaster_location_admin_only_faults/compile_stderr.log,False,False,,,0,False,14.55,11.92,172.77,,/home/azureuser/yas/evomaster-config/runtime-logs/methods/location/admin_only/EvoMaster_location_admin_only_faults/test_16_putOnState_or_provincReturnsMismatchResponseWithSchema,/home/azureuser/yas/evomaster-config/runtime-logs/methods/location/admin_only/EvoMaster_location_admin_only_faults/test_16_putOnState_or_provincReturnsMismatchResponseWithSchema/run.log,/home/azureuser/yas/evomaster-config/runtime-logs/methods/location/admin_only/EvoMaster_location_admin_only_faults/test_16_putOnState_or_provincReturnsMismatchResponseWithSchema/run_stdout.log,/home/azureuser/yas/evomaster-config/runtime-logs/methods/location/admin_only/EvoMaster_location_admin_only_faults/test_16_putOnState_or_provincReturnsMismatchResponseWithSchema/run_stderr.log
location,admin_only,EvoMaster_location_admin_only_others.java,EvoMaster_location_admin_only_others,test_5_putOnState_or_provincReturns404,False,1,404,/location/backoffice/state-or-provinces/{id},PUT,404,.statusCode(404) .assertThat(),6,".put(baseUrlOfSut + ""/location/backoffice/state-or-provinces/332"")",".body("" { "" + 
                    "" \""name\"": \""pp8iucpRxh\"", "" + 
                    "" \""type\"": \""\"" "" + 
                    "" } "")",".header(""Authorization"", ""Bearer eyJhbGciOiJSUzI1NiIsInR5cCIgOiAiSldUIiwia2lkIiA6ICJSclRUNWtBOHhIS3N0YWFSMmh1YTRpT0RpcFE4ek9pcjFrNGZOM3RxNFNVIn0.eyJleHAiOjE3Nzc4NTE3OTYsImlhdCI6MTc3Nzg0ODE5NiwianRpIjoiMmY5MDQ5YTEtZDc2ZS00MTJiLWExMzUtYmZkMTIyMDEzZjdkIiwiaXNzIjoiaHR0cDovL2lkZW50aXR5L3JlYWxtcy9ZYXMiLCJzdWIiOiJlY2RlODFiYy00MTgwLTQ2ZWMtOTBlZi02NmIxNDVkOWQyMmMiLCJ0eXAiOiJCZWFyZXIiLCJhenAiOiJiYWNrb2ZmaWNlLWJmZiIsInNpZCI6IjJjYzQ0ZmY3LTk2YmQtNDQyMy04Nzg5LTA3NGEwZDQ1OWI5ZCIsInJlYWxtX2FjY2VzcyI6eyJyb2xlcyI6WyJBRE1JTiJdfSwic2NvcGUiOiJlbWFpbCBwcm9maWxlIiwiZW1haWxfdmVyaWZpZWQiOmZhbHNlLCJwcmVmZXJyZWRfdXNlcm5hbWUiOiJhZG1pbl9vbmx5In0.wwO-HOsXRX4_nnuCRCJ6YYaOJDxIGPhSnT_colEPOodc5NKm4ISWEkyR68SRF2hXXDz2F9EFLhHqwupWXtzMpbltm_UGU49rJkH9sGQeS-WR7ewAdCvIOvMD2bH3MPaw6TLMXV4DEMDjSnTL_Z6iit7dgZJ0jN64C-pPafdq2EN4Pr0e3j-M6TH01bjjRKNmYEjq7zoWSzS7mgPVxTIjq-xIJB1B9OyPhUBFtzmPR4rkaqjz69OnhNl_ou_su5hcirRVVop4khZKjpTM3lizcvKXbiIDXEwD42_pH2IsKdVMohi2t3C1PZOPn8uR4ixDNIPdvvZkmH1RNs6qhF3jkw"")",others,/home/azureuser/yas/evomaster-config/generated-tests/blackbox/location/admin_only/EvoMaster_location_admin_only_others.java,21,6,True,0,,0,0,,100.0,0,0,0,0,0,0,False,,/home/azureuser/yas/evomaster-config/runtime-logs/classes/location/admin_only/EvoMaster_location_admin_only_others,/home/azureuser/yas/evomaster-config/runtime-logs/classes/location/admin_only/EvoMaster_location_admin_only_others/compile.log,/home/azureuser/yas/evomaster-config/runtime-logs/classes/location/admin_only/EvoMaster_location_admin_only_others/compile_stdout.log,/home/azureuser/yas/evomaster-config/runtime-logs/classes/location/admin_only/EvoMaster_location_admin_only_others/compile_stderr.log,False,False,,,0,False,14.04,11.22,159.84,,/home/azureuser/yas/evomaster-config/runtime-logs/methods/location/admin_only/EvoMaster_location_admin_only_others/test_5_putOnState_or_provincReturns404,/home/azureuser/yas/evomaster-config/runtime-logs/methods/location/admin_only/EvoMaster_location_admin_only_others/test_5_putOnState_or_provincReturns404/run.log,/home/azureuser/yas/evomaster-config/runtime-logs/methods/location/admin_only/EvoMaster_location_admin_only_others/test_5_putOnState_or_provincReturns404/run_stdout.log,/home/azureuser/yas/evomaster-config/runtime-logs/methods/location/admin_only/EvoMaster_location_admin_only_others/test_5_putOnState_or_provincReturns404/run_stderr.log
location,customer,EvoMaster_location_customer_faults.java,EvoMaster_location_customer_faults,test_23_putOnState_or_provincReturnsMismatchResponseWithSchema,False,1,403,/location/backoffice/state-or-provinces/{id},PUT,403,.statusCode(403) .assertThat(),2,".put(baseUrlOfSut + ""/location/backoffice/state-or-provinces/242"")",".body("" { "" + 
                    "" \""name\"": \""BYbL3xgi\"" "" + 
                    "" } "")",".header(""Authorization"", ""Bearer eyJhbGciOiJSUzI1NiIsInR5cCIgOiAiSldUIiwia2lkIiA6ICJSclRUNWtBOHhIS3N0YWFSMmh1YTRpT0RpcFE4ek9pcjFrNGZOM3RxNFNVIn0.eyJleHAiOjE3Nzc4NTE4MTAsImlhdCI6MTc3Nzg0ODIxMCwianRpIjoiNDA0NWE1MzEtYjJhOC00NzQyLTk1NmYtNjg3YWZlNTljNDVjIiwiaXNzIjoiaHR0cDovL2lkZW50aXR5L3JlYWxtcy9ZYXMiLCJzdWIiOiI0Yjg1MzdlZC1mZTg4LTQ3MGQtYmFkNS0wZjQ5Y2E2Zjg5NjAiLCJ0eXAiOiJCZWFyZXIiLCJhenAiOiJiYWNrb2ZmaWNlLWJmZiIsInNpZCI6IjZjOGViMmE1LTU0OWQtNDhlNC05YWZmLTQ1NmM4ODg5YjllYSIsInJlYWxtX2FjY2VzcyI6eyJyb2xlcyI6WyJkZWZhdWx0LXJvbGVzLXlhcyIsIm9mZmxpbmVfYWNjZXNzIiwiQ1VTVE9NRVIiLCJ1bWFfYXV0aG9yaXphdGlvbiJdfSwic2NvcGUiOiJlbWFpbCBwcm9maWxlIiwiZW1haWxfdmVyaWZpZWQiOmZhbHNlLCJwcmVmZXJyZWRfdXNlcm5hbWUiOiJ1c2VyIn0.WySURy53X7EWggVEUvfwyUgiQOop5G4Q8vr0bDGwksDpsxHnO7ANSa5-K6l_Prsd3tb8jhz2rBgmXg_Kk62iIs-clEdXH4gVMgrQ56Dv6srqPWetqSTqC8y50Fvd3jV8OTv6LlX2uECqyofTfw7WiheRrpc1Rr9dO0nq4FuzHOyYDrAMsV798zzyF2v8Oz_fZ1M_65o4crSUgy1unhpIQGea2GGqoV1OyckQLvuANE6jWBvcKF5O6fHDhPnoOd-5fLjAughY-UYb3DlqF_XYvgx_IfgnCFoh4KjVeFh3rc6srgUsafpPyw32Mv6ulJXcg_Hb7FYrPOh6EWHy_8rjyw"")",faults,/home/azureuser/yas/evomaster-config/generated-tests/blackbox/location/customer/EvoMaster_location_customer_faults.java,21,6,True,0,,0,0,,100.0,0,0,0,0,0,0,False,,/home/azureuser/yas/evomaster-config/runtime-logs/classes/location/customer/EvoMaster_location_customer_faults,/home/azureuser/yas/evomaster-config/runtime-logs/classes/location/customer/EvoMaster_location_customer_faults/compile.log,/home/azureuser/yas/evomaster-config/runtime-logs/classes/location/customer/EvoMaster_location_customer_faults/compile_stdout.log,/home/azureuser/yas/evomaster-config/runtime-logs/classes/location/customer/EvoMaster_location_customer_faults/compile_stderr.log,False,False,,,0,False,12.55,11.19,156.81,,/home/azureuser/yas/evomaster-config/runtime-logs/methods/location/customer/EvoMaster_location_customer_faults/test_23_putOnState_or_provincReturnsMismatchResponseWithSchema,/home/azureuser/yas/evomaster-config/runtime-logs/methods/location/customer/EvoMaster_location_customer_faults/test_23_putOnState_or_provincReturnsMismatchResponseWithSchema/run.log,/home/azureuser/yas/evomaster-config/runtime-logs/methods/location/customer/EvoMaster_location_customer_faults/test_23_putOnState_or_provincReturnsMismatchResponseWithSchema/run_stdout.log,/home/azureuser/yas/evomaster-config/runtime-logs/methods/location/customer/EvoMaster_location_customer_faults/test_23_putOnState_or_provincReturnsMismatchResponseWithSchema/run_stderr.log
location,customer,EvoMaster_location_customer_faults.java,EvoMaster_location_customer_faults,test_26_putOnState_or_provincReturnsMismatchResponseWithSchema,False,1,403,/location/backoffice/state-or-provinces/{id},PUT,403,.statusCode(403) .assertThat(),5,".put(baseUrlOfSut + ""/location/backoffice/state-or-provinces/525"")",".body("" { "" + 
                    "" \""code\"": \""PeKH9W2eH0\"", "" + 
                    "" \""type\"": \""PF\"", "" + 
                    "" \""countryId\"": 337 "" + 
                    "" } "")",,faults,/home/azureuser/yas/evomaster-config/generated-tests/blackbox/location/customer/EvoMaster_location_customer_faults.java,21,6,True,0,,0,0,,100.0,0,0,0,0,0,0,False,,/home/azureuser/yas/evomaster-config/runtime-logs/classes/location/customer/EvoMaster_location_customer_faults,/home/azureuser/yas/evomaster-config/runtime-logs/classes/location/customer/EvoMaster_location_customer_faults/compile.log,/home/azureuser/yas/evomaster-config/runtime-logs/classes/location/customer/EvoMaster_location_customer_faults/compile_stdout.log,/home/azureuser/yas/evomaster-config/runtime-logs/classes/location/customer/EvoMaster_location_customer_faults/compile_stderr.log,False,False,,,0,False,14.05,11.28,158.76,,/home/azureuser/yas/evomaster-config/runtime-logs/methods/location/customer/EvoMaster_location_customer_faults/test_26_putOnState_or_provincReturnsMismatchResponseWithSchema,/home/azureuser/yas/evomaster-config/runtime-logs/methods/location/customer/EvoMaster_location_customer_faults/test_26_putOnState_or_provincReturnsMismatchResponseWithSchema/run.log,/home/azureuser/yas/evomaster-config/runtime-logs/methods/location/customer/EvoMaster_location_customer_faults/test_26_putOnState_or_provincReturnsMismatchResponseWithSchema/run_stdout.log,/home/azureuser/yas/evomaster-config/runtime-logs/methods/location/customer/EvoMaster_location_customer_faults/test_26_putOnState_or_provincReturnsMismatchResponseWithSchema/run_stderr.log
location,none,EvoMaster_location_none_faults.java,EvoMaster_location_none_faults,test_14_putOnState_or_provincReturnsMismatchResponseWithSchema,False,1,403,/location/backoffice/state-or-provinces/{id},PUT,403,.statusCode(403) .assertThat(),5,".put(baseUrlOfSut + ""/location/backoffice/state-or-provinces/507"")",".body("" { "" + 
                    "" \""name\"": \""qf\"", "" + 
                    "" \""countryId\"": 921 "" + 
                    "" } "")",,faults,/home/azureuser/yas/evomaster-config/generated-tests/blackbox/location/none/EvoMaster_location_none_faults.java,21,6,True,0,,0,0,,100.0,0,0,0,0,0,0,False,,/home/azureuser/yas/evomaster-config/runtime-logs/classes/location/none/EvoMaster_location_none_faults,/home/azureuser/yas/evomaster-config/runtime-logs/classes/location/none/EvoMaster_location_none_faults/compile.log,/home/azureuser/yas/evomaster-config/runtime-logs/classes/location/none/EvoMaster_location_none_faults/compile_stdout.log,/home/azureuser/yas/evomaster-config/runtime-logs/classes/location/none/EvoMaster_location_none_faults/compile_stderr.log,False,False,,,0,False,14.04,11.5,161.39,,/home/azureuser/yas/evomaster-config/runtime-logs/methods/location/none/EvoMaster_location_none_faults/test_14_putOnState_or_provincReturnsMismatchResponseWithSchema,/home/azureuser/yas/evomaster-config/runtime-logs/methods/location/none/EvoMaster_location_none_faults/test_14_putOnState_or_provincReturnsMismatchResponseWithSchema/run.log,/home/azureuser/yas/evomaster-config/runtime-logs/methods/location/none/EvoMaster_location_none_faults/test_14_putOnState_or_provincReturnsMismatchResponseWithSchema/run_stdout.log,/home/azureuser/yas/evomaster-config/runtime-logs/methods/location/none/EvoMaster_location_none_faults/test_14_putOnState_or_provincReturnsMismatchResponseWithSchema/run_stderr.log
location,super_admin,EvoMaster_location_super_admin_faults.java,EvoMaster_location_super_admin_faults,test_25_putOnState_or_provincReturnsMismatchResponseWithSchema,False,1,403,/location/backoffice/state-or-provinces/{id},PUT,403,.statusCode(403) .assertThat(),2,".put(baseUrlOfSut + ""/location/backoffice/state-or-provinces/156"")",".body("" {} "")",".header(""Authorization"", ""Bearer eyJhbGciOiJSUzI1NiIsInR5cCIgOiAiSldUIiwia2lkIiA6ICJSclRUNWtBOHhIS3N0YWFSMmh1YTRpT0RpcFE4ek9pcjFrNGZOM3RxNFNVIn0.eyJleHAiOjE3Nzc4NTE4MDUsImlhdCI6MTc3Nzg0ODIwNSwianRpIjoiYzIzZWNiZmItMzk0OC00ODk0LWIzZDMtMmM2NzFlMDY1NWM2IiwiaXNzIjoiaHR0cDovL2lkZW50aXR5L3JlYWxtcy9ZYXMiLCJzdWIiOiI3MDQyZWE5ZS1hNzg0LTQxZjQtYTkzNi1kOGUxNTk5ODlmZjUiLCJ0eXAiOiJCZWFyZXIiLCJhenAiOiJiYWNrb2ZmaWNlLWJmZiIsInNpZCI6ImM2OTA2ZGZkLWI1NGUtNDc3YS05ZGIwLTQ1NDFjYjc5MzlmNiIsInJlYWxtX2FjY2VzcyI6eyJyb2xlcyI6WyJTVVBFUi1BRE1JTiJdfSwic2NvcGUiOiJlbWFpbCBwcm9maWxlIiwiZW1haWxfdmVyaWZpZWQiOmZhbHNlLCJwcmVmZXJyZWRfdXNlcm5hbWUiOiJzdXBlcl9hZG1pbiJ9.BG6TynyMHLA2RL6r9N6tburqnxkwSdynjx6MjtYeSyr3TECv-6nLrcl62DIsTLI7v14vBhFtEeVP57-BGhNE8kiBCNu9qxKJnMqX_LXS_WJnLh0ewAjwOtbwlXQTEop2ro0svMc9Y0cxqejoTy2VR8ByZZGqjawneNufn4BTwYSAUJ-il0U1X4uU9QzDqMRl3mKGY6xzktqGJCa4U1mWmeow4fmgXZPKPQwrkFXVEJhUgxOrANK5x-jNL-M-fs6lPDzB_hJWpnNey9rHPe25OGrEp_Q5A7F3Czw_1pW6lQY0FskCocUNl7ECWMSWm2d917TxQfSSYFUO1iHFqrgdgQ"")",faults,/home/azureuser/yas/evomaster-config/generated-tests/blackbox/location/super_admin/EvoMaster_location_super_admin_faults.java,21,6,True,0,,0,0,,100.0,0,0,0,0,0,0,False,,/home/azureuser/yas/evomaster-config/runtime-logs/classes/location/super_admin/EvoMaster_location_super_admin_faults,/home/azureuser/yas/evomaster-config/runtime-logs/classes/location/super_admin/EvoMaster_location_super_admin_faults/compile.log,/home/azureuser/yas/evomaster-config/runtime-logs/classes/location/super_admin/EvoMaster_location_super_admin_faults/compile_stdout.log,/home/azureuser/yas/evomaster-config/runtime-logs/classes/location/super_admin/EvoMaster_location_super_admin_faults/compile_stderr.log,False,False,,,0,False,12.54,11.46,153.84,,/home/azureuser/yas/evomaster-config/runtime-logs/methods/location/super_admin/EvoMaster_location_super_admin_faults/test_25_putOnState_or_provincReturnsMismatchResponseWithSchema,/home/azureuser/yas/evomaster-config/runtime-logs/methods/location/super_admin/EvoMaster_location_super_admin_faults/test_25_putOnState_or_provincReturnsMismatchResponseWithSchema/run.log,/home/azureuser/yas/evomaster-config/runtime-logs/methods/location/super_admin/EvoMaster_location_super_admin_faults/test_25_putOnState_or_provincReturnsMismatchResponseWithSchema/run_stdout.log,/home/azureuser/yas/evomaster-config/runtime-logs/methods/location/super_admin/EvoMaster_location_super_admin_faults/test_25_putOnState_or_provincReturnsMismatchResponseWithSchema/run_stderr.log
location,super_admin,EvoMaster_location_super_admin_faults.java,EvoMaster_location_super_admin_faults,test_28_putOnState_or_provincReturnsMismatchResponseWithSchema,False,1,403,/location/backoffice/state-or-provinces/{id},PUT,403,.statusCode(403) .assertThat(),5,".put(baseUrlOfSut + ""/location/backoffice/state-or-provinces/854"")",".body("" { "" + 
                    "" \""name\"": \""DGlEiFq7W\"", "" + 
                    "" \""code\"": \""\"" "" + 
                    "" } "")",,faults,/home/azureuser/yas/evomaster-config/generated-tests/blackbox/location/super_admin/EvoMaster_location_super_admin_faults.java,21,6,True,0,,0,0,,100.0,0,0,0,0,0,0,False,,/home/azureuser/yas/evomaster-config/runtime-logs/classes/location/super_admin/EvoMaster_location_super_admin_faults,/home/azureuser/yas/evomaster-config/runtime-logs/classes/location/super_admin/EvoMaster_location_super_admin_faults/compile.log,/home/azureuser/yas/evomaster-config/runtime-logs/classes/location/super_admin/EvoMaster_location_super_admin_faults/compile_stdout.log,/home/azureuser/yas/evomaster-config/runtime-logs/classes/location/super_admin/EvoMaster_location_super_admin_faults/compile_stderr.log,False,False,,,0,False,14.06,11.12,158.49,,/home/azureuser/yas/evomaster-config/runtime-logs/methods/location/super_admin/EvoMaster_location_super_admin_faults/test_28_putOnState_or_provincReturnsMismatchResponseWithSchema,/home/azureuser/yas/evomaster-config/runtime-logs/methods/location/super_admin/EvoMaster_location_super_admin_faults/test_28_putOnState_or_provincReturnsMismatchResponseWithSchema/run.log,/home/azureuser/yas/evomaster-config/runtime-logs/methods/location/super_admin/EvoMaster_location_super_admin_faults/test_28_putOnState_or_provincReturnsMismatchResponseWithSchema/run_stdout.log,/home/azureuser/yas/evomaster-config/runtime-logs/methods/location/super_admin/EvoMaster_location_super_admin_faults/test_28_putOnState_or_provincReturnsMismatchResponseWithSchema/run_stderr.log
location,user,EvoMaster_location_user_faults.java,EvoMaster_location_user_faults,test_23_putOnState_or_provincReturnsMismatchResponseWithSchema,False,1,403,/location/backoffice/state-or-provinces/{id},PUT,403,.statusCode(403) .assertThat(),2,".put(baseUrlOfSut + ""/location/backoffice/state-or-provinces/-696182791"")",".body("" { "" + 
                    "" \""code\"": \""Uf\"", "" + 
                    "" \""type\"": \""K\"", "" + 
                    "" \""countryId\"": 968 "" + 
                    "" } "")",".header(""Authorization"", ""Bearer eyJhbGciOiJSUzI1NiIsInR5cCIgOiAiSldUIiwia2lkIiA6ICJSclRUNWtBOHhIS3N0YWFSMmh1YTRpT0RpcFE4ek9pcjFrNGZOM3RxNFNVIn0.eyJleHAiOjE3Nzc4NTE4MTUsImlhdCI6MTc3Nzg0ODIxNSwianRpIjoiZTM2NzM0YzAtNWI0ZS00NjEyLWI2NGItNDE1YzY0YzQwNGNlIiwiaXNzIjoiaHR0cDovL2lkZW50aXR5L3JlYWxtcy9ZYXMiLCJzdWIiOiIwMTEzZmQyNy1hMDllLTQ3MjItYjFlNS01MDA3ZjU4ZjUyODgiLCJ0eXAiOiJCZWFyZXIiLCJhenAiOiJiYWNrb2ZmaWNlLWJmZiIsInNpZCI6Ijc5Nzg2MGJjLWY5ZDItNDY1MS05MGQ3LWIxMzZkN2VmOGM0ZSIsInJlYWxtX2FjY2VzcyI6eyJyb2xlcyI6WyJVU0VSIl19LCJzY29wZSI6ImVtYWlsIHByb2ZpbGUiLCJlbWFpbF92ZXJpZmllZCI6ZmFsc2UsInByZWZlcnJlZF91c2VybmFtZSI6InVzZXJfcm9sZSJ9.MPhwctBIb64TKsK0SCXwzvrL2hB7g0Kn7iuK5aWmWJyyv2Xe6ddq6fbGJiXQmUxnNwmOPuSx-YTHj8Zw8SFCD--V7Wppy0xRsFhVK0abJa3-1QWqwCPX6CScfI5sqYnUXWaNwSnyWBV0UpGVGbsRvON47PkEHcX4EvYZQSxlyZ2VR26iLpK-6rrnl8cRiqmK5AogfmMNoU_usW9DCu8muLlGgQABm0jtSWg6kXT5vj2L6p1_3PmHhVFMdCiUrOqHgPZfAAd-L3jqHzW3PS6nwXZ9npao9hnvv1yRGWYYTr2Zgafw0z5CuxiwKv4NVtI36AA9I0R0SBnzMalcDA3L2Q"")",faults,/home/azureuser/yas/evomaster-config/generated-tests/blackbox/location/user/EvoMaster_location_user_faults.java,21,6,True,0,,0,0,,100.0,0,0,0,0,0,0,False,,/home/azureuser/yas/evomaster-config/runtime-logs/classes/location/user/EvoMaster_location_user_faults,/home/azureuser/yas/evomaster-config/runtime-logs/classes/location/user/EvoMaster_location_user_faults/compile.log,/home/azureuser/yas/evomaster-config/runtime-logs/classes/location/user/EvoMaster_location_user_faults/compile_stdout.log,/home/azureuser/yas/evomaster-config/runtime-logs/classes/location/user/EvoMaster_location_user_faults/compile_stderr.log,False,False,,,0,False,13.04,11.35,157.93,,/home/azureuser/yas/evomaster-config/runtime-logs/methods/location/user/EvoMaster_location_user_faults/test_23_putOnState_or_provincReturnsMismatchResponseWithSchema,/home/azureuser/yas/evomaster-config/runtime-logs/methods/location/user/EvoMaster_location_user_faults/test_23_putOnState_or_provincReturnsMismatchResponseWithSchema/run.log,/home/azureuser/yas/evomaster-config/runtime-logs/methods/location/user/EvoMaster_location_user_faults/test_23_putOnState_or_provincReturnsMismatchResponseWithSchema/run_stdout.log,/home/azureuser/yas/evomaster-config/runtime-logs/methods/location/user/EvoMaster_location_user_faults/test_23_putOnState_or_provincReturnsMismatchResponseWithSchema/run_stderr.log
location,user,EvoMaster_location_user_faults.java,EvoMaster_location_user_faults,test_26_putOnState_or_provincReturnsMismatchResponseWithSchema,False,1,403,/location/backoffice/state-or-provinces/{id},PUT,403,.statusCode(403) .assertThat(),5,".put(baseUrlOfSut + ""/location/backoffice/state-or-provinces/646"")",".body("" { "" + 
                    "" \""name\"": \""J\"" "" + 
                    "" } "")",,faults,/home/azureuser/yas/evomaster-config/generated-tests/blackbox/location/user/EvoMaster_location_user_faults.java,21,6,True,0,,0,0,,100.0,0,0,0,0,0,0,False,,/home/azureuser/yas/evomaster-config/runtime-logs/classes/location/user/EvoMaster_location_user_faults,/home/azureuser/yas/evomaster-config/runtime-logs/classes/location/user/EvoMaster_location_user_faults/compile.log,/home/azureuser/yas/evomaster-config/runtime-logs/classes/location/user/EvoMaster_location_user_faults/compile_stdout.log,/home/azureuser/yas/evomaster-config/runtime-logs/classes/location/user/EvoMaster_location_user_faults/compile_stderr.log,False,False,,,0,False,14.55,11.2,156.66,,/home/azureuser/yas/evomaster-config/runtime-logs/methods/location/user/EvoMaster_location_user_faults/test_26_putOnState_or_provincReturnsMismatchResponseWithSchema,/home/azureuser/yas/evomaster-config/runtime-logs/methods/location/user/EvoMaster_location_user_faults/test_26_putOnState_or_provincReturnsMismatchResponseWithSchema/run.log,/home/azureuser/yas/evomaster-config/runtime-logs/methods/location/user/EvoMaster_location_user_faults/test_26_putOnState_or_provincReturnsMismatchResponseWithSchema/run_stdout.log,/home/azureuser/yas/evomaster-config/runtime-logs/methods/location/user/EvoMaster_location_user_faults/test_26_putOnState_or_provincReturnsMismatchResponseWithSchema/run_stderr.log
product,customer,EvoMaster_product_customer_others.java,EvoMaster_product_customer_others,test_15_postOnProductsReturns403,False,1,403,/product/backoffice/products,POST,403,.statusCode(403) .assertThat(),2,".post(baseUrlOfSut + ""/product/backoffice/products"")",".body("" { "" + 
                    "" \""name\"": \""rqwGPOMzA8\"", "" + 
                    "" \""slug\"": \""J5Qq2\"", "" + 
                    "" \""categoryIds\"": [], "" + 
                    "" \""description\"": \""ESfz4ENolkV5L4\"", "" + 
                    "" \""sku\"": \""DbGI_JMDQrXfHu\"", "" + 
                    "" \""weight\"": 0.7120684085135245, "" + 
                    "" \""width\"": 0.7326634290776712, "" + 
                    "" \""height\"": 0.5527324238688927, "" + 
                    "" \""price\"": 0.7651643451710413, "" + 
                    "" \""isAllowedToOrder\"": false, "" + 
                    "" \""isPublished\"": false, "" + 
                    "" \""isVisibleIndividually\"": true, "" + 
                    "" \""metaTitle\"": \""Hx\"", "" + 
                    "" \""metaKeyword\"": \""1AcPR7xw\"", "" + 
                    "" \""metaDescription\"": \""\"", "" + 
                    "" \""thumbnailMediaId\"": -390616283, "" + 
                    "" \""productOptionValues\"": [ "" + 
                    "" { "" + 
                    "" \""productOptionId\"": 938, "" + 
                    "" \""displayType\"": \""D5Rf_OF2Gb5D\"", "" + 
                    "" \""displayOrder\"": 838, "" + 
                    "" \""value\"": [] "" + 
                    "" }, "" + 
                    "" { "" + 
                    "" \""productOptionId\"": 281 "" + 
                    "" }, "" + 
                    "" { "" + 
                    "" \""productOptionId\"": 163, "" + 
                    "" \""displayType\"": \""TlKIIntR\"", "" + 
                    "" \""value\"": [ "" + 
                    "" \""ti\"", "" + 
                    "" \""pn3__iN\"", "" + 
                    "" \""\"", "" + 
                    "" \""EXwnTchMwwFZJG\"" "" + 
                    "" ] "" + 
                    "" } "" + 
                    "" ], "" + 
                    "" \""productOptionValueDisplays\"": [ "" + 
                    "" {}, "" + 
                    "" { "" + 
                    "" \""displayType\"": \""G\"", "" + 
                    "" \""value\"": \""\"" "" + 
                    "" }, "" + 
                    "" { "" + 
                    "" \""productOptionId\"": 459, "" + 
                    "" \""displayType\"": \""jveogu3TFQmsy_XL\"" "" + 
                    "" }, "" + 
                    "" { "" + 
                    "" \""displayOrder\"": 94, "" + 
                    "" \""value\"": \""Ze6p\"" "" + 
                    "" } "" + 
                    "" ], "" + 
                    "" \""relatedProductIds\"": [ "" + 
                    "" 978, "" + 
                    "" 188 "" + 
                    "" ], "" + 
                    "" \""taxClassId\"": 257 "" + 
                    "" } "")",".header(""Authorization"", ""Bearer eyJhbGciOiJSUzI1NiIsInR5cCIgOiAiSldUIiwia2lkIiA6ICJSclRUNWtBOHhIS3N0YWFSMmh1YTRpT0RpcFE4ek9pcjFrNGZOM3RxNFNVIn0.eyJleHAiOjE3Nzc4NTE4MTAsImlhdCI6MTc3Nzg0ODIxMCwianRpIjoiNDA0NWE1MzEtYjJhOC00NzQyLTk1NmYtNjg3YWZlNTljNDVjIiwiaXNzIjoiaHR0cDovL2lkZW50aXR5L3JlYWxtcy9ZYXMiLCJzdWIiOiI0Yjg1MzdlZC1mZTg4LTQ3MGQtYmFkNS0wZjQ5Y2E2Zjg5NjAiLCJ0eXAiOiJCZWFyZXIiLCJhenAiOiJiYWNrb2ZmaWNlLWJmZiIsInNpZCI6IjZjOGViMmE1LTU0OWQtNDhlNC05YWZmLTQ1NmM4ODg5YjllYSIsInJlYWxtX2FjY2VzcyI6eyJyb2xlcyI6WyJkZWZhdWx0LXJvbGVzLXlhcyIsIm9mZmxpbmVfYWNjZXNzIiwiQ1VTVE9NRVIiLCJ1bWFfYXV0aG9yaXphdGlvbiJdfSwic2NvcGUiOiJlbWFpbCBwcm9maWxlIiwiZW1haWxfdmVyaWZpZWQiOmZhbHNlLCJwcmVmZXJyZWRfdXNlcm5hbWUiOiJ1c2VyIn0.WySURy53X7EWggVEUvfwyUgiQOop5G4Q8vr0bDGwksDpsxHnO7ANSa5-K6l_Prsd3tb8jhz2rBgmXg_Kk62iIs-clEdXH4gVMgrQ56Dv6srqPWetqSTqC8y50Fvd3jV8OTv6LlX2uECqyofTfw7WiheRrpc1Rr9dO0nq4FuzHOyYDrAMsV798zzyF2v8Oz_fZ1M_65o4crSUgy1unhpIQGea2GGqoV1OyckQLvuANE6jWBvcKF5O6fHDhPnoOd-5fLjAughY-UYb3DlqF_XYvgx_IfgnCFoh4KjVeFh3rc6srgUsafpPyw32Mv6ulJXcg_Hb7FYrPOh6EWHy_8rjyw"")",others,/home/azureuser/yas/evomaster-config/generated-tests/blackbox/product/customer/EvoMaster_product_customer_others.java,21,6,True,0,,0,0,,100.0,0,0,0,0,0,0,False,,/home/azureuser/yas/evomaster-config/runtime-logs/classes/product/customer/EvoMaster_product_customer_others,/home/azureuser/yas/evomaster-config/runtime-logs/classes/product/customer/EvoMaster_product_customer_others/compile.log,/home/azureuser/yas/evomaster-config/runtime-logs/classes/product/customer/EvoMaster_product_customer_others/compile_stdout.log,/home/azureuser/yas/evomaster-config/runtime-logs/classes/product/customer/EvoMaster_product_customer_others/compile_stderr.log,False,False,,,0,False,13.04,11.39,153.73,,/home/azureuser/yas/evomaster-config/runtime-logs/methods/product/customer/EvoMaster_product_customer_others/test_15_postOnProductsReturns403,/home/azureuser/yas/evomaster-config/runtime-logs/methods/product/customer/EvoMaster_product_customer_others/test_15_postOnProductsReturns403/run.log,/home/azureuser/yas/evomaster-config/runtime-logs/methods/product/customer/EvoMaster_product_customer_others/test_15_postOnProductsReturns403/run_stdout.log,/home/azureuser/yas/evomaster-config/runtime-logs/methods/product/customer/EvoMaster_product_customer_others/test_15_postOnProductsReturns403/run_stderr.log
product,none,EvoMaster_product_none_others.java,EvoMaster_product_none_others,test_16_postOnProductsReturns403,False,1,403,/product/backoffice/products,POST,403,.statusCode(403) .assertThat(),5,".post(baseUrlOfSut + ""/product/backoffice/products"")",".body("" { "" + 
                    "" \""name\"": \""YHTEjm8z6JoN\"", "" + 
                    "" \""slug\"": \""t5rudt4ZC2KJsD5H\"", "" + 
                    "" \""brandId\"": 191922852, "" + 
                    "" \""categoryIds\"": [ "" + 
                    "" 511, "" + 
                    "" 430, "" + 
                    "" -74454272, "" + 
                    "" 505 "" + 
                    "" ], "" + 
                    "" \""description\"": \""HpKnGXk3VtfDB15\"", "" + 
                    "" \""sku\"": \""acPFyAy\"", "" + 
                    "" \""gtin\"": \""hc7pMdPq6t7cJ\"", "" + 
                    "" \""weight\"": 0.9293543041124579, "" + 
                    "" \""width\"": 0.7443160633352582, "" + 
                    "" \""price\"": 0.7515819504600662, "" + 
                    "" \""isAllowedToOrder\"": true, "" + 
                    "" \""isPublished\"": true, "" + 
                    "" \""isVisibleIndividually\"": true, "" + 
                    "" \""thumbnailMediaId\"": -272893555, "" + 
                    "" \""variations\"": [ "" + 
                    "" { "" + 
                    "" \""name\"": \""12rkf8HLCZS\"", "" + 
                    "" \""sku\"": \""nQcabul5w\"", "" + 
                    "" \""gtin\"": \""8zwOo\"", "" + 
                    "" \""price\"": 0.27053146342819134 "" + 
                    "" }, "" + 
                    "" { "" + 
                    "" \""slug\"": \""3NLtR1S\"", "" + 
                    "" \""sku\"": \""05FH7UEZyEAh\"", "" + 
                    "" \""gtin\"": \""2SX90\"", "" + 
                    "" \""productImageIds\"": [ "" + 
                    "" 225 "" + 
                    "" ], "" + 
                    "" \""optionValuesByOptionId\"": {} "" + 
                    "" }, "" + 
                    "" { "" + 
                    "" \""name\"": \""9k\"", "" + 
                    "" \""slug\"": \""sT2J4\"", "" + 
                    "" \""sku\"": \""54vaUmBJ\"", "" + 
                    "" \""gtin\"": \""Y9liy4\"", "" + 
                    "" \""optionValuesByOptionId\"": { "" + 
                    "" \""ZdzC0TGQh2leCi\"": \""Ukay1XEdMOgJY\"", "" + 
                    "" \""eXF\"": \""0OGD2BMC\"", "" + 
                    "" \""ND3BfewG\"": \""a\"", "" + 
                    "" \""V1FRnC5JsgCaAJm\"": \""Rat\"" "" + 
                    "" } "" + 
                    "" }, "" + 
                    "" { "" + 
                    "" \""name\"": \""r01GkfLEsOM\"", "" + 
                    "" \""slug\"": \""\"", "" + 
                    "" \""thumbnailMediaId\"": 524, "" + 
                    "" \""productImageIds\"": [ "" + 
                    "" 89, "" + 
                    "" 961, "" + 
                    "" 10, "" + 
                    "" 587, "" + 
                    "" 1856827646 "" + 
                    "" ] "" + 
                    "" } "" + 
                    "" ], "" + 
                    "" \""relatedProductIds\"": [ "" + 
                    "" 572, "" + 
                    "" 71, "" + 
                    "" 436, "" + 
                    "" 491, "" + 
                    "" 8332834507406102744 "" + 
                    "" ], "" + 
                    "" \""taxClassId\"": 905 "" + 
                    "" } "")",,others,/home/azureuser/yas/evomaster-config/generated-tests/blackbox/product/none/EvoMaster_product_none_others.java,21,6,True,0,,0,0,,100.0,0,0,0,0,0,0,False,,/home/azureuser/yas/evomaster-config/runtime-logs/classes/product/none/EvoMaster_product_none_others,/home/azureuser/yas/evomaster-config/runtime-logs/classes/product/none/EvoMaster_product_none_others/compile.log,/home/azureuser/yas/evomaster-config/runtime-logs/classes/product/none/EvoMaster_product_none_others/compile_stdout.log,/home/azureuser/yas/evomaster-config/runtime-logs/classes/product/none/EvoMaster_product_none_others/compile_stderr.log,False,False,,,0,False,14.55,12.25,176.52,,/home/azureuser/yas/evomaster-config/runtime-logs/methods/product/none/EvoMaster_product_none_others/test_16_postOnProductsReturns403,/home/azureuser/yas/evomaster-config/runtime-logs/methods/product/none/EvoMaster_product_none_others/test_16_postOnProductsReturns403/run.log,/home/azureuser/yas/evomaster-config/runtime-logs/methods/product/none/EvoMaster_product_none_others/test_16_postOnProductsReturns403/run_stdout.log,/home/azureuser/yas/evomaster-config/runtime-logs/methods/product/none/EvoMaster_product_none_others/test_16_postOnProductsReturns403/run_stderr.log
product,super_admin,EvoMaster_product_super_admin_others.java,EvoMaster_product_super_admin_others,test_15_postOnProductsReturns403,False,1,403,/product/backoffice/products,POST,403,.statusCode(403) .assertThat(),2,".post(baseUrlOfSut + ""/product/backoffice/products"")",".body("" { "" + 
                    "" \""name\"": \""TZWMq7xM6iB2\"", "" + 
                    "" \""slug\"": \""cGeyP\"", "" + 
                    "" \""brandId\"": 983, "" + 
                    "" \""categoryIds\"": [], "" + 
                    "" \""sku\"": \""eur8smtd\"", "" + 
                    "" \""gtin\"": \""phJ9Nr5xQ3o\"", "" + 
                    "" \""dimensionUnit\"": \""INCH\"", "" + 
                    "" \""length\"": 0.48154484802022257, "" + 
                    "" \""isPublished\"": false, "" + 
                    "" \""isVisibleIndividually\"": true, "" + 
                    "" \""stockTrackingEnabled\"": false, "" + 
                    "" \""thumbnailMediaId\"": -1605471714645891502, "" + 
                    "" \""variations\"": [ "" + 
                    "" { "" + 
                    "" \""name\"": \""eVEUlIhpITt\"", "" + 
                    "" \""sku\"": \""pPRl2X\"" "" + 
                    "" }, "" + 
                    "" { "" + 
                    "" \""sku\"": \""9\"", "" + 
                    "" \""price\"": 0.1140775937138766, "" + 
                    "" \""thumbnailMediaId\"": 196 "" + 
                    "" }, "" + 
                    "" { "" + 
                    "" \""name\"": \""z785sx\"", "" + 
                    "" \""slug\"": \""vW6TmMtqE\"", "" + 
                    "" \""gtin\"": \""rm1o9WET27\"", "" + 
                    "" \""price\"": 0.7624817575130676, "" + 
                    "" \""thumbnailMediaId\"": 703, "" + 
                    "" \""productImageIds\"": [ "" + 
                    "" 501584030, "" + 
                    "" 425, "" + 
                    "" 707 "" + 
                    "" ] "" + 
                    "" }, "" + 
                    "" { "" + 
                    "" \""sku\"": \""C3BbXsE\"", "" + 
                    "" \""gtin\"": \""4z\"", "" + 
                    "" \""price\"": 0.8679040343804953, "" + 
                    "" \""thumbnailMediaId\"": 848 "" + 
                    "" }, "" + 
                    "" { "" + 
                    "" \""name\"": \""jW7Vx6Z84dlnN5\"", "" + 
                    "" \""gtin\"": \""WTm17uSpF\"", "" + 
                    "" \""price\"": 0.609082045716205, "" + 
                    "" \""productImageIds\"": [ "" + 
                    "" 603, "" + 
                    "" 521 "" + 
                    "" ] "" + 
                    "" } "" + 
                    "" ], "" + 
                    "" \""productOptionValues\"": [ "" + 
                    "" { "" + 
                    "" \""displayType\"": \""sPaOIvGjVJz\"", "" + 
                    "" \""displayOrder\"": 395 "" + 
                    "" }, "" + 
                    "" { "" + 
                    "" \""productOptionId\"": 12, "" + 
                    "" \""displayType\"": \""DE0SfC\"", "" + 
                    "" \""value\"": [ "" + 
                    "" \""G3owjyz\"" "" + 
                    "" ] "" + 
                    "" } "" + 
                    "" ], "" + 
                    "" \""productOptionValueDisplays\"": [ "" + 
                    "" { "" + 
                    "" \""productOptionId\"": 4012804819801197148, "" + 
                    "" \""value\"": \""GDIgWrm\"" "" + 
                    "" } "" + 
                    "" ], "" + 
                    "" \""relatedProductIds\"": [ "" + 
                    "" 916, "" + 
                    "" 820 "" + 
                    "" ], "" + 
                    "" \""taxClassId\"": 872 "" + 
                    "" } "")",".header(""Authorization"", ""Bearer eyJhbGciOiJSUzI1NiIsInR5cCIgOiAiSldUIiwia2lkIiA6ICJSclRUNWtBOHhIS3N0YWFSMmh1YTRpT0RpcFE4ek9pcjFrNGZOM3RxNFNVIn0.eyJleHAiOjE3Nzc4NTE4MDUsImlhdCI6MTc3Nzg0ODIwNSwianRpIjoiYzIzZWNiZmItMzk0OC00ODk0LWIzZDMtMmM2NzFlMDY1NWM2IiwiaXNzIjoiaHR0cDovL2lkZW50aXR5L3JlYWxtcy9ZYXMiLCJzdWIiOiI3MDQyZWE5ZS1hNzg0LTQxZjQtYTkzNi1kOGUxNTk5ODlmZjUiLCJ0eXAiOiJCZWFyZXIiLCJhenAiOiJiYWNrb2ZmaWNlLWJmZiIsInNpZCI6ImM2OTA2ZGZkLWI1NGUtNDc3YS05ZGIwLTQ1NDFjYjc5MzlmNiIsInJlYWxtX2FjY2VzcyI6eyJyb2xlcyI6WyJTVVBFUi1BRE1JTiJdfSwic2NvcGUiOiJlbWFpbCBwcm9maWxlIiwiZW1haWxfdmVyaWZpZWQiOmZhbHNlLCJwcmVmZXJyZWRfdXNlcm5hbWUiOiJzdXBlcl9hZG1pbiJ9.BG6TynyMHLA2RL6r9N6tburqnxkwSdynjx6MjtYeSyr3TECv-6nLrcl62DIsTLI7v14vBhFtEeVP57-BGhNE8kiBCNu9qxKJnMqX_LXS_WJnLh0ewAjwOtbwlXQTEop2ro0svMc9Y0cxqejoTy2VR8ByZZGqjawneNufn4BTwYSAUJ-il0U1X4uU9QzDqMRl3mKGY6xzktqGJCa4U1mWmeow4fmgXZPKPQwrkFXVEJhUgxOrANK5x-jNL-M-fs6lPDzB_hJWpnNey9rHPe25OGrEp_Q5A7F3Czw_1pW6lQY0FskCocUNl7ECWMSWm2d917TxQfSSYFUO1iHFqrgdgQ"")",others,/home/azureuser/yas/evomaster-config/generated-tests/blackbox/product/super_admin/EvoMaster_product_super_admin_others.java,21,6,True,0,,0,0,,100.0,0,0,0,0,0,0,False,,/home/azureuser/yas/evomaster-config/runtime-logs/classes/product/super_admin/EvoMaster_product_super_admin_others,/home/azureuser/yas/evomaster-config/runtime-logs/classes/product/super_admin/EvoMaster_product_super_admin_others/compile.log,/home/azureuser/yas/evomaster-config/runtime-logs/classes/product/super_admin/EvoMaster_product_super_admin_others/compile_stdout.log,/home/azureuser/yas/evomaster-config/runtime-logs/classes/product/super_admin/EvoMaster_product_super_admin_others/compile_stderr.log,False,False,,,0,False,13.05,11.26,160.43,,/home/azureuser/yas/evomaster-config/runtime-logs/methods/product/super_admin/EvoMaster_product_super_admin_others/test_15_postOnProductsReturns403,/home/azureuser/yas/evomaster-config/runtime-logs/methods/product/super_admin/EvoMaster_product_super_admin_others/test_15_postOnProductsReturns403/run.log,/home/azureuser/yas/evomaster-config/runtime-logs/methods/product/super_admin/EvoMaster_product_super_admin_others/test_15_postOnProductsReturns403/run_stdout.log,/home/azureuser/yas/evomaster-config/runtime-logs/methods/product/super_admin/EvoMaster_product_super_admin_others/test_15_postOnProductsReturns403/run_stderr.log
product,user,EvoMaster_product_user_others.java,EvoMaster_product_user_others,test_15_postOnProductsReturns403,False,1,403,/product/backoffice/products,POST,403,.statusCode(403) .assertThat(),2,".post(baseUrlOfSut + ""/product/backoffice/products"")",".body("" { "" + 
                    "" \""name\"": \""TabHodX7jvE9vbY\"", "" + 
                    "" \""slug\"": \""uaK93u6Fu\"", "" + 
                    "" \""brandId\"": 556, "" + 
                    "" \""shortDescription\"": \""\"", "" + 
                    "" \""description\"": \""HlLgcj7\"", "" + 
                    "" \""specification\"": \""PHRItI1aRVO\"", "" + 
                    "" \""gtin\"": \""8e8K\"", "" + 
                    "" \""length\"": 0.29881226009924744, "" + 
                    "" \""width\"": 0.2216870405820276, "" + 
                    "" \""height\"": 0.10748594759236285, "" + 
                    "" \""price\"": 0.913219110942945, "" + 
                    "" \""isAllowedToOrder\"": true, "" + 
                    "" \""isFeatured\"": false, "" + 
                    "" \""isVisibleIndividually\"": true, "" + 
                    "" \""stockTrackingEnabled\"": false, "" + 
                    "" \""metaDescription\"": \""DpUQsdJwJDXci7\"", "" + 
                    "" \""productImageIds\"": [ "" + 
                    "" 451 "" + 
                    "" ], "" + 
                    "" \""productOptionValues\"": [ "" + 
                    "" { "" + 
                    "" \""value\"": [ "" + 
                    "" \""i8q\"", "" + 
                    "" \""EQhqbzA\"", "" + 
                    "" \""TeRjabjOt\"" "" + 
                    "" ] "" + 
                    "" }, "" + 
                    "" { "" + 
                    "" \""displayType\"": \""nrI5yH\"", "" + 
                    "" \""value\"": [ "" + 
                    "" \""\"", "" + 
                    "" \""H4kbbLunMyaWUpxW\"" "" + 
                    "" ] "" + 
                    "" } "" + 
                    "" ], "" + 
                    "" \""taxClassId\"": -2113817266 "" + 
                    "" } "")",".header(""Authorization"", ""Bearer eyJhbGciOiJSUzI1NiIsInR5cCIgOiAiSldUIiwia2lkIiA6ICJSclRUNWtBOHhIS3N0YWFSMmh1YTRpT0RpcFE4ek9pcjFrNGZOM3RxNFNVIn0.eyJleHAiOjE3Nzc4NTE4MTUsImlhdCI6MTc3Nzg0ODIxNSwianRpIjoiZTM2NzM0YzAtNWI0ZS00NjEyLWI2NGItNDE1YzY0YzQwNGNlIiwiaXNzIjoiaHR0cDovL2lkZW50aXR5L3JlYWxtcy9ZYXMiLCJzdWIiOiIwMTEzZmQyNy1hMDllLTQ3MjItYjFlNS01MDA3ZjU4ZjUyODgiLCJ0eXAiOiJCZWFyZXIiLCJhenAiOiJiYWNrb2ZmaWNlLWJmZiIsInNpZCI6Ijc5Nzg2MGJjLWY5ZDItNDY1MS05MGQ3LWIxMzZkN2VmOGM0ZSIsInJlYWxtX2FjY2VzcyI6eyJyb2xlcyI6WyJVU0VSIl19LCJzY29wZSI6ImVtYWlsIHByb2ZpbGUiLCJlbWFpbF92ZXJpZmllZCI6ZmFsc2UsInByZWZlcnJlZF91c2VybmFtZSI6InVzZXJfcm9sZSJ9.MPhwctBIb64TKsK0SCXwzvrL2hB7g0Kn7iuK5aWmWJyyv2Xe6ddq6fbGJiXQmUxnNwmOPuSx-YTHj8Zw8SFCD--V7Wppy0xRsFhVK0abJa3-1QWqwCPX6CScfI5sqYnUXWaNwSnyWBV0UpGVGbsRvON47PkEHcX4EvYZQSxlyZ2VR26iLpK-6rrnl8cRiqmK5AogfmMNoU_usW9DCu8muLlGgQABm0jtSWg6kXT5vj2L6p1_3PmHhVFMdCiUrOqHgPZfAAd-L3jqHzW3PS6nwXZ9npao9hnvv1yRGWYYTr2Zgafw0z5CuxiwKv4NVtI36AA9I0R0SBnzMalcDA3L2Q"")",others,/home/azureuser/yas/evomaster-config/generated-tests/blackbox/product/user/EvoMaster_product_user_others.java,21,6,True,0,,0,0,,100.0,0,0,0,0,0,0,False,,/home/azureuser/yas/evomaster-config/runtime-logs/classes/product/user/EvoMaster_product_user_others,/home/azureuser/yas/evomaster-config/runtime-logs/classes/product/user/EvoMaster_product_user_others/compile.log,/home/azureuser/yas/evomaster-config/runtime-logs/classes/product/user/EvoMaster_product_user_others/compile_stdout.log,/home/azureuser/yas/evomaster-config/runtime-logs/classes/product/user/EvoMaster_product_user_others/compile_stderr.log,False,False,,,0,False,13.05,11.41,153.41,,/home/azureuser/yas/evomaster-config/runtime-logs/methods/product/user/EvoMaster_product_user_others/test_15_postOnProductsReturns403,/home/azureuser/yas/evomaster-config/runtime-logs/methods/product/user/EvoMaster_product_user_others/test_15_postOnProductsReturns403/run.log,/home/azureuser/yas/evomaster-config/runtime-logs/methods/product/user/EvoMaster_product_user_others/test_15_postOnProductsReturns403/run_stdout.log,/home/azureuser/yas/evomaster-config/runtime-logs/methods/product/user/EvoMaster_product_user_others/test_15_postOnProductsReturns403/run_stderr.log
rating,admin_only,EvoMaster_rating_admin_only_faults.java,EvoMaster_rating_admin_only_faults,test_4_postOnRatingsShowsFaults_100_101,False,1,500,/rating/storefront/ratings,POST,500,.statusCode(500) .assertThat(),6,".post(baseUrlOfSut + ""/rating/storefront/ratings"")",".body("" { "" + 
                    "" \""content\"": \""euta7cKR2\"", "" + 
                    "" \""productId\"": 370 "" + 
                    "" } "")",".header(""Authorization"", ""Bearer eyJhbGciOiJSUzI1NiIsInR5cCIgOiAiSldUIiwia2lkIiA6ICJSclRUNWtBOHhIS3N0YWFSMmh1YTRpT0RpcFE4ek9pcjFrNGZOM3RxNFNVIn0.eyJleHAiOjE3Nzc4NTE3OTYsImlhdCI6MTc3Nzg0ODE5NiwianRpIjoiMmY5MDQ5YTEtZDc2ZS00MTJiLWExMzUtYmZkMTIyMDEzZjdkIiwiaXNzIjoiaHR0cDovL2lkZW50aXR5L3JlYWxtcy9ZYXMiLCJzdWIiOiJlY2RlODFiYy00MTgwLTQ2ZWMtOTBlZi02NmIxNDVkOWQyMmMiLCJ0eXAiOiJCZWFyZXIiLCJhenAiOiJiYWNrb2ZmaWNlLWJmZiIsInNpZCI6IjJjYzQ0ZmY3LTk2YmQtNDQyMy04Nzg5LTA3NGEwZDQ1OWI5ZCIsInJlYWxtX2FjY2VzcyI6eyJyb2xlcyI6WyJBRE1JTiJdfSwic2NvcGUiOiJlbWFpbCBwcm9maWxlIiwiZW1haWxfdmVyaWZpZWQiOmZhbHNlLCJwcmVmZXJyZWRfdXNlcm5hbWUiOiJhZG1pbl9vbmx5In0.wwO-HOsXRX4_nnuCRCJ6YYaOJDxIGPhSnT_colEPOodc5NKm4ISWEkyR68SRF2hXXDz2F9EFLhHqwupWXtzMpbltm_UGU49rJkH9sGQeS-WR7ewAdCvIOvMD2bH3MPaw6TLMXV4DEMDjSnTL_Z6iit7dgZJ0jN64C-pPafdq2EN4Pr0e3j-M6TH01bjjRKNmYEjq7zoWSzS7mgPVxTIjq-xIJB1B9OyPhUBFtzmPR4rkaqjz69OnhNl_ou_su5hcirRVVop4khZKjpTM3lizcvKXbiIDXEwD42_pH2IsKdVMohi2t3C1PZOPn8uR4ixDNIPdvvZkmH1RNs6qhF3jkw"")",faults,/home/azureuser/yas/evomaster-config/generated-tests/blackbox/rating/admin_only/EvoMaster_rating_admin_only_faults.java,21,6,True,0,,0,0,,100.0,0,0,0,0,0,0,False,,/home/azureuser/yas/evomaster-config/runtime-logs/classes/rating/admin_only/EvoMaster_rating_admin_only_faults,/home/azureuser/yas/evomaster-config/runtime-logs/classes/rating/admin_only/EvoMaster_rating_admin_only_faults/compile.log,/home/azureuser/yas/evomaster-config/runtime-logs/classes/rating/admin_only/EvoMaster_rating_admin_only_faults/compile_stdout.log,/home/azureuser/yas/evomaster-config/runtime-logs/classes/rating/admin_only/EvoMaster_rating_admin_only_faults/compile_stderr.log,False,False,,,0,False,14.05,11.21,157.8,,/home/azureuser/yas/evomaster-config/runtime-logs/methods/rating/admin_only/EvoMaster_rating_admin_only_faults/test_4_postOnRatingsShowsFaults_100_101,/home/azureuser/yas/evomaster-config/runtime-logs/methods/rating/admin_only/EvoMaster_rating_admin_only_faults/test_4_postOnRatingsShowsFaults_100_101/run.log,/home/azureuser/yas/evomaster-config/runtime-logs/methods/rating/admin_only/EvoMaster_rating_admin_only_faults/test_4_postOnRatingsShowsFaults_100_101/run_stdout.log,/home/azureuser/yas/evomaster-config/runtime-logs/methods/rating/admin_only/EvoMaster_rating_admin_only_faults/test_4_postOnRatingsShowsFaults_100_101/run_stderr.log
rating,admin_only,EvoMaster_rating_admin_only_faults.java,EvoMaster_rating_admin_only_faults,test_6_postOnRatingsReturnsMismatchResponseWithSchema,False,1,403,/rating/storefront/ratings,POST,403,.statusCode(403) .assertThat(),5,".post(baseUrlOfSut + ""/rating/storefront/ratings"")",".body("" { "" + 
                    "" \""content\"": \""z\"", "" + 
                    "" \""star\"": 787 "" + 
                    "" } "")",,faults,/home/azureuser/yas/evomaster-config/generated-tests/blackbox/rating/admin_only/EvoMaster_rating_admin_only_faults.java,21,6,True,0,,0,0,,100.0,0,0,0,0,0,0,False,,/home/azureuser/yas/evomaster-config/runtime-logs/classes/rating/admin_only/EvoMaster_rating_admin_only_faults,/home/azureuser/yas/evomaster-config/runtime-logs/classes/rating/admin_only/EvoMaster_rating_admin_only_faults/compile.log,/home/azureuser/yas/evomaster-config/runtime-logs/classes/rating/admin_only/EvoMaster_rating_admin_only_faults/compile_stdout.log,/home/azureuser/yas/evomaster-config/runtime-logs/classes/rating/admin_only/EvoMaster_rating_admin_only_faults/compile_stderr.log,False,False,,,0,False,13.55,11.15,155.51,,/home/azureuser/yas/evomaster-config/runtime-logs/methods/rating/admin_only/EvoMaster_rating_admin_only_faults/test_6_postOnRatingsReturnsMismatchResponseWithSchema,/home/azureuser/yas/evomaster-config/runtime-logs/methods/rating/admin_only/EvoMaster_rating_admin_only_faults/test_6_postOnRatingsReturnsMismatchResponseWithSchema/run.log,/home/azureuser/yas/evomaster-config/runtime-logs/methods/rating/admin_only/EvoMaster_rating_admin_only_faults/test_6_postOnRatingsReturnsMismatchResponseWithSchema/run_stdout.log,/home/azureuser/yas/evomaster-config/runtime-logs/methods/rating/admin_only/EvoMaster_rating_admin_only_faults/test_6_postOnRatingsReturnsMismatchResponseWithSchema/run_stderr.log
rating,admin_only,EvoMaster_rating_admin_only_faults.java,EvoMaster_rating_admin_only_faults,test_7_postOnRatingsReturnsMismatchResponseWithSchema,False,1,403,/rating/storefront/ratings,POST,403,.statusCode(403) .assertThat(),6,".post(baseUrlOfSut + ""/rating/storefront/ratings"")",".body("" { "" + 
                    "" \""content\"": \""TSXUOc1\"", "" + 
                    "" \""star\"": 417 "" + 
                    "" } "")",".header(""Authorization"", ""Bearer eyJhbGciOiJSUzI1NiIsInR5cCIgOiAiSldUIiwia2lkIiA6ICJSclRUNWtBOHhIS3N0YWFSMmh1YTRpT0RpcFE4ek9pcjFrNGZOM3RxNFNVIn0.eyJleHAiOjE3Nzc4NTE3OTYsImlhdCI6MTc3Nzg0ODE5NiwianRpIjoiMmY5MDQ5YTEtZDc2ZS00MTJiLWExMzUtYmZkMTIyMDEzZjdkIiwiaXNzIjoiaHR0cDovL2lkZW50aXR5L3JlYWxtcy9ZYXMiLCJzdWIiOiJlY2RlODFiYy00MTgwLTQ2ZWMtOTBlZi02NmIxNDVkOWQyMmMiLCJ0eXAiOiJCZWFyZXIiLCJhenAiOiJiYWNrb2ZmaWNlLWJmZiIsInNpZCI6IjJjYzQ0ZmY3LTk2YmQtNDQyMy04Nzg5LTA3NGEwZDQ1OWI5ZCIsInJlYWxtX2FjY2VzcyI6eyJyb2xlcyI6WyJBRE1JTiJdfSwic2NvcGUiOiJlbWFpbCBwcm9maWxlIiwiZW1haWxfdmVyaWZpZWQiOmZhbHNlLCJwcmVmZXJyZWRfdXNlcm5hbWUiOiJhZG1pbl9vbmx5In0.wwO-HOsXRX4_nnuCRCJ6YYaOJDxIGPhSnT_colEPOodc5NKm4ISWEkyR68SRF2hXXDz2F9EFLhHqwupWXtzMpbltm_UGU49rJkH9sGQeS-WR7ewAdCvIOvMD2bH3MPaw6TLMXV4DEMDjSnTL_Z6iit7dgZJ0jN64C-pPafdq2EN4Pr0e3j-M6TH01bjjRKNmYEjq7zoWSzS7mgPVxTIjq-xIJB1B9OyPhUBFtzmPR4rkaqjz69OnhNl_ou_su5hcirRVVop4khZKjpTM3lizcvKXbiIDXEwD42_pH2IsKdVMohi2t3C1PZOPn8uR4ixDNIPdvvZkmH1RNs6qhF3jkw"")",faults,/home/azureuser/yas/evomaster-config/generated-tests/blackbox/rating/admin_only/EvoMaster_rating_admin_only_faults.java,21,6,True,0,,0,0,,100.0,0,0,0,0,0,0,False,,/home/azureuser/yas/evomaster-config/runtime-logs/classes/rating/admin_only/EvoMaster_rating_admin_only_faults,/home/azureuser/yas/evomaster-config/runtime-logs/classes/rating/admin_only/EvoMaster_rating_admin_only_faults/compile.log,/home/azureuser/yas/evomaster-config/runtime-logs/classes/rating/admin_only/EvoMaster_rating_admin_only_faults/compile_stdout.log,/home/azureuser/yas/evomaster-config/runtime-logs/classes/rating/admin_only/EvoMaster_rating_admin_only_faults/compile_stderr.log,False,False,,,0,False,14.04,10.97,166.08,,/home/azureuser/yas/evomaster-config/runtime-logs/methods/rating/admin_only/EvoMaster_rating_admin_only_faults/test_7_postOnRatingsReturnsMismatchResponseWithSchema,/home/azureuser/yas/evomaster-config/runtime-logs/methods/rating/admin_only/EvoMaster_rating_admin_only_faults/test_7_postOnRatingsReturnsMismatchResponseWithSchema/run.log,/home/azureuser/yas/evomaster-config/runtime-logs/methods/rating/admin_only/EvoMaster_rating_admin_only_faults/test_7_postOnRatingsReturnsMismatchResponseWithSchema/run_stdout.log,/home/azureuser/yas/evomaster-config/runtime-logs/methods/rating/admin_only/EvoMaster_rating_admin_only_faults/test_7_postOnRatingsReturnsMismatchResponseWithSchema/run_stderr.log
rating,admin_only,EvoMaster_rating_admin_only_faults.java,EvoMaster_rating_admin_only_faults,test_8_deleteOnRateReturnsMismatchResponseWithSchema,False,1,403,/rating/backoffice/ratings/{id},DELETE,403,.statusCode(403) .assertThat(),5,".delete(baseUrlOfSut + ""/rating/backoffice/ratings/952"")",,,faults,/home/azureuser/yas/evomaster-config/generated-tests/blackbox/rating/admin_only/EvoMaster_rating_admin_only_faults.java,21,6,True,0,,0,0,,100.0,0,0,0,0,0,0,False,,/home/azureuser/yas/evomaster-config/runtime-logs/classes/rating/admin_only/EvoMaster_rating_admin_only_faults,/home/azureuser/yas/evomaster-config/runtime-logs/classes/rating/admin_only/EvoMaster_rating_admin_only_faults/compile.log,/home/azureuser/yas/evomaster-config/runtime-logs/classes/rating/admin_only/EvoMaster_rating_admin_only_faults/compile_stdout.log,/home/azureuser/yas/evomaster-config/runtime-logs/classes/rating/admin_only/EvoMaster_rating_admin_only_faults/compile_stderr.log,False,False,,,0,False,14.05,11.42,155.04,,/home/azureuser/yas/evomaster-config/runtime-logs/methods/rating/admin_only/EvoMaster_rating_admin_only_faults/test_8_deleteOnRateReturnsMismatchResponseWithSchema,/home/azureuser/yas/evomaster-config/runtime-logs/methods/rating/admin_only/EvoMaster_rating_admin_only_faults/test_8_deleteOnRateReturnsMismatchResponseWithSchema/run.log,/home/azureuser/yas/evomaster-config/runtime-logs/methods/rating/admin_only/EvoMaster_rating_admin_only_faults/test_8_deleteOnRateReturnsMismatchResponseWithSchema/run_stdout.log,/home/azureuser/yas/evomaster-config/runtime-logs/methods/rating/admin_only/EvoMaster_rating_admin_only_faults/test_8_deleteOnRateReturnsMismatchResponseWithSchema/run_stderr.log
rating,admin_only,EvoMaster_rating_admin_only_faults.java,EvoMaster_rating_admin_only_faults,test_9_deleteOnRateReturnsMismatchResponseWithSchema,False,1,404,/rating/backoffice/ratings/{id},DELETE,404,.statusCode(404) .assertThat(),6,".delete(baseUrlOfSut + ""/rating/backoffice/ratings/-1064189982"")",,".header(""Authorization"", ""Bearer eyJhbGciOiJSUzI1NiIsInR5cCIgOiAiSldUIiwia2lkIiA6ICJSclRUNWtBOHhIS3N0YWFSMmh1YTRpT0RpcFE4ek9pcjFrNGZOM3RxNFNVIn0.eyJleHAiOjE3Nzc4NTE3OTYsImlhdCI6MTc3Nzg0ODE5NiwianRpIjoiMmY5MDQ5YTEtZDc2ZS00MTJiLWExMzUtYmZkMTIyMDEzZjdkIiwiaXNzIjoiaHR0cDovL2lkZW50aXR5L3JlYWxtcy9ZYXMiLCJzdWIiOiJlY2RlODFiYy00MTgwLTQ2ZWMtOTBlZi02NmIxNDVkOWQyMmMiLCJ0eXAiOiJCZWFyZXIiLCJhenAiOiJiYWNrb2ZmaWNlLWJmZiIsInNpZCI6IjJjYzQ0ZmY3LTk2YmQtNDQyMy04Nzg5LTA3NGEwZDQ1OWI5ZCIsInJlYWxtX2FjY2VzcyI6eyJyb2xlcyI6WyJBRE1JTiJdfSwic2NvcGUiOiJlbWFpbCBwcm9maWxlIiwiZW1haWxfdmVyaWZpZWQiOmZhbHNlLCJwcmVmZXJyZWRfdXNlcm5hbWUiOiJhZG1pbl9vbmx5In0.wwO-HOsXRX4_nnuCRCJ6YYaOJDxIGPhSnT_colEPOodc5NKm4ISWEkyR68SRF2hXXDz2F9EFLhHqwupWXtzMpbltm_UGU49rJkH9sGQeS-WR7ewAdCvIOvMD2bH3MPaw6TLMXV4DEMDjSnTL_Z6iit7dgZJ0jN64C-pPafdq2EN4Pr0e3j-M6TH01bjjRKNmYEjq7zoWSzS7mgPVxTIjq-xIJB1B9OyPhUBFtzmPR4rkaqjz69OnhNl_ou_su5hcirRVVop4khZKjpTM3lizcvKXbiIDXEwD42_pH2IsKdVMohi2t3C1PZOPn8uR4ixDNIPdvvZkmH1RNs6qhF3jkw"")",faults,/home/azureuser/yas/evomaster-config/generated-tests/blackbox/rating/admin_only/EvoMaster_rating_admin_only_faults.java,21,6,True,0,,0,0,,100.0,0,0,0,0,0,0,False,,/home/azureuser/yas/evomaster-config/runtime-logs/classes/rating/admin_only/EvoMaster_rating_admin_only_faults,/home/azureuser/yas/evomaster-config/runtime-logs/classes/rating/admin_only/EvoMaster_rating_admin_only_faults/compile.log,/home/azureuser/yas/evomaster-config/runtime-logs/classes/rating/admin_only/EvoMaster_rating_admin_only_faults/compile_stdout.log,/home/azureuser/yas/evomaster-config/runtime-logs/classes/rating/admin_only/EvoMaster_rating_admin_only_faults/compile_stderr.log,False,False,,,0,False,14.09,11.23,161.52,,/home/azureuser/yas/evomaster-config/runtime-logs/methods/rating/admin_only/EvoMaster_rating_admin_only_faults/test_9_deleteOnRateReturnsMismatchResponseWithSchema,/home/azureuser/yas/evomaster-config/runtime-logs/methods/rating/admin_only/EvoMaster_rating_admin_only_faults/test_9_deleteOnRateReturnsMismatchResponseWithSchema/run.log,/home/azureuser/yas/evomaster-config/runtime-logs/methods/rating/admin_only/EvoMaster_rating_admin_only_faults/test_9_deleteOnRateReturnsMismatchResponseWithSchema/run_stdout.log,/home/azureuser/yas/evomaster-config/runtime-logs/methods/rating/admin_only/EvoMaster_rating_admin_only_faults/test_9_deleteOnRateReturnsMismatchResponseWithSchema/run_stderr.log
rating,admin_only,EvoMaster_rating_admin_only_faults.java,EvoMaster_rating_admin_only_faults,test_10_getOnLatestReturnsMismatchResponseWithSchema,False,1,401,/rating/backoffice/ratings/latest/{count},GET,401,.statusCode(401) .assertThat(),2,".get(baseUrlOfSut + ""/rating/backoffice/ratings/latest/743"")",,,faults,/home/azureuser/yas/evomaster-config/generated-tests/blackbox/rating/admin_only/EvoMaster_rating_admin_only_faults.java,21,6,True,0,,0,0,,100.0,0,0,0,0,0,0,False,,/home/azureuser/yas/evomaster-config/runtime-logs/classes/rating/admin_only/EvoMaster_rating_admin_only_faults,/home/azureuser/yas/evomaster-config/runtime-logs/classes/rating/admin_only/EvoMaster_rating_admin_only_faults/compile.log,/home/azureuser/yas/evomaster-config/runtime-logs/classes/rating/admin_only/EvoMaster_rating_admin_only_faults/compile_stdout.log,/home/azureuser/yas/evomaster-config/runtime-logs/classes/rating/admin_only/EvoMaster_rating_admin_only_faults/compile_stderr.log,False,False,,,0,False,12.54,11.15,168.49,,/home/azureuser/yas/evomaster-config/runtime-logs/methods/rating/admin_only/EvoMaster_rating_admin_only_faults/test_10_getOnLatestReturnsMismatchResponseWithSchema,/home/azureuser/yas/evomaster-config/runtime-logs/methods/rating/admin_only/EvoMaster_rating_admin_only_faults/test_10_getOnLatestReturnsMismatchResponseWithSchema/run.log,/home/azureuser/yas/evomaster-config/runtime-logs/methods/rating/admin_only/EvoMaster_rating_admin_only_faults/test_10_getOnLatestReturnsMismatchResponseWithSchema/run_stdout.log,/home/azureuser/yas/evomaster-config/runtime-logs/methods/rating/admin_only/EvoMaster_rating_admin_only_faults/test_10_getOnLatestReturnsMismatchResponseWithSchema/run_stderr.log
rating,admin_only,EvoMaster_rating_admin_only_successes.java,EvoMaster_rating_admin_only_successes,test_1_getOnLatestReturnsEmptyList,False,1,200,/rating/backoffice/ratings/latest/{count},GET,200,.statusCode(200) .assertThat(),3,".get(baseUrlOfSut + ""/rating/backoffice/ratings/latest/194"")",,".header(""Authorization"", ""Bearer eyJhbGciOiJSUzI1NiIsInR5cCIgOiAiSldUIiwia2lkIiA6ICJSclRUNWtBOHhIS3N0YWFSMmh1YTRpT0RpcFE4ek9pcjFrNGZOM3RxNFNVIn0.eyJleHAiOjE3Nzc4NTE3OTYsImlhdCI6MTc3Nzg0ODE5NiwianRpIjoiMmY5MDQ5YTEtZDc2ZS00MTJiLWExMzUtYmZkMTIyMDEzZjdkIiwiaXNzIjoiaHR0cDovL2lkZW50aXR5L3JlYWxtcy9ZYXMiLCJzdWIiOiJlY2RlODFiYy00MTgwLTQ2ZWMtOTBlZi02NmIxNDVkOWQyMmMiLCJ0eXAiOiJCZWFyZXIiLCJhenAiOiJiYWNrb2ZmaWNlLWJmZiIsInNpZCI6IjJjYzQ0ZmY3LTk2YmQtNDQyMy04Nzg5LTA3NGEwZDQ1OWI5ZCIsInJlYWxtX2FjY2VzcyI6eyJyb2xlcyI6WyJBRE1JTiJdfSwic2NvcGUiOiJlbWFpbCBwcm9maWxlIiwiZW1haWxfdmVyaWZpZWQiOmZhbHNlLCJwcmVmZXJyZWRfdXNlcm5hbWUiOiJhZG1pbl9vbmx5In0.wwO-HOsXRX4_nnuCRCJ6YYaOJDxIGPhSnT_colEPOodc5NKm4ISWEkyR68SRF2hXXDz2F9EFLhHqwupWXtzMpbltm_UGU49rJkH9sGQeS-WR7ewAdCvIOvMD2bH3MPaw6TLMXV4DEMDjSnTL_Z6iit7dgZJ0jN64C-pPafdq2EN4Pr0e3j-M6TH01bjjRKNmYEjq7zoWSzS7mgPVxTIjq-xIJB1B9OyPhUBFtzmPR4rkaqjz69OnhNl_ou_su5hcirRVVop4khZKjpTM3lizcvKXbiIDXEwD42_pH2IsKdVMohi2t3C1PZOPn8uR4ixDNIPdvvZkmH1RNs6qhF3jkw"")",successes,/home/azureuser/yas/evomaster-config/generated-tests/blackbox/rating/admin_only/EvoMaster_rating_admin_only_successes.java,21,6,True,0,,0,0,,100.0,0,0,0,0,0,0,False,,/home/azureuser/yas/evomaster-config/runtime-logs/classes/rating/admin_only/EvoMaster_rating_admin_only_successes,/home/azureuser/yas/evomaster-config/runtime-logs/classes/rating/admin_only/EvoMaster_rating_admin_only_successes/compile.log,/home/azureuser/yas/evomaster-config/runtime-logs/classes/rating/admin_only/EvoMaster_rating_admin_only_successes/compile_stdout.log,/home/azureuser/yas/evomaster-config/runtime-logs/classes/rating/admin_only/EvoMaster_rating_admin_only_successes/compile_stderr.log,False,False,,,0,False,13.54,10.75,154.08,,/home/azureuser/yas/evomaster-config/runtime-logs/methods/rating/admin_only/EvoMaster_rating_admin_only_successes/test_1_getOnLatestReturnsEmptyList,/home/azureuser/yas/evomaster-config/runtime-logs/methods/rating/admin_only/EvoMaster_rating_admin_only_successes/test_1_getOnLatestReturnsEmptyList/run.log,/home/azureuser/yas/evomaster-config/runtime-logs/methods/rating/admin_only/EvoMaster_rating_admin_only_successes/test_1_getOnLatestReturnsEmptyList/run_stdout.log,/home/azureuser/yas/evomaster-config/runtime-logs/methods/rating/admin_only/EvoMaster_rating_admin_only_successes/test_1_getOnLatestReturnsEmptyList/run_stderr.log
rating,customer,EvoMaster_rating_customer_faults.java,EvoMaster_rating_customer_faults,test_0_postOnRatingsShowsFaults_100_101,False,1,500,/rating/storefront/ratings,POST,500,.statusCode(500) .assertThat(),6,".post(baseUrlOfSut + ""/rating/storefront/ratings"")",".body("" { "" + 
                    "" \""productName\"": \""4ZZgkAxNHnB9CL\"" "" + 
                    "" } "")",".header(""Authorization"", ""Bearer eyJhbGciOiJSUzI1NiIsInR5cCIgOiAiSldUIiwia2lkIiA6ICJSclRUNWtBOHhIS3N0YWFSMmh1YTRpT0RpcFE4ek9pcjFrNGZOM3RxNFNVIn0.eyJleHAiOjE3Nzc4NTE4MTAsImlhdCI6MTc3Nzg0ODIxMCwianRpIjoiNDA0NWE1MzEtYjJhOC00NzQyLTk1NmYtNjg3YWZlNTljNDVjIiwiaXNzIjoiaHR0cDovL2lkZW50aXR5L3JlYWxtcy9ZYXMiLCJzdWIiOiI0Yjg1MzdlZC1mZTg4LTQ3MGQtYmFkNS0wZjQ5Y2E2Zjg5NjAiLCJ0eXAiOiJCZWFyZXIiLCJhenAiOiJiYWNrb2ZmaWNlLWJmZiIsInNpZCI6IjZjOGViMmE1LTU0OWQtNDhlNC05YWZmLTQ1NmM4ODg5YjllYSIsInJlYWxtX2FjY2VzcyI6eyJyb2xlcyI6WyJkZWZhdWx0LXJvbGVzLXlhcyIsIm9mZmxpbmVfYWNjZXNzIiwiQ1VTVE9NRVIiLCJ1bWFfYXV0aG9yaXphdGlvbiJdfSwic2NvcGUiOiJlbWFpbCBwcm9maWxlIiwiZW1haWxfdmVyaWZpZWQiOmZhbHNlLCJwcmVmZXJyZWRfdXNlcm5hbWUiOiJ1c2VyIn0.WySURy53X7EWggVEUvfwyUgiQOop5G4Q8vr0bDGwksDpsxHnO7ANSa5-K6l_Prsd3tb8jhz2rBgmXg_Kk62iIs-clEdXH4gVMgrQ56Dv6srqPWetqSTqC8y50Fvd3jV8OTv6LlX2uECqyofTfw7WiheRrpc1Rr9dO0nq4FuzHOyYDrAMsV798zzyF2v8Oz_fZ1M_65o4crSUgy1unhpIQGea2GGqoV1OyckQLvuANE6jWBvcKF5O6fHDhPnoOd-5fLjAughY-UYb3DlqF_XYvgx_IfgnCFoh4KjVeFh3rc6srgUsafpPyw32Mv6ulJXcg_Hb7FYrPOh6EWHy_8rjyw"")",faults,/home/azureuser/yas/evomaster-config/generated-tests/blackbox/rating/customer/EvoMaster_rating_customer_faults.java,21,6,True,0,,0,0,,100.0,0,0,0,0,0,0,False,,/home/azureuser/yas/evomaster-config/runtime-logs/classes/rating/customer/EvoMaster_rating_customer_faults,/home/azureuser/yas/evomaster-config/runtime-logs/classes/rating/customer/EvoMaster_rating_customer_faults/compile.log,/home/azureuser/yas/evomaster-config/runtime-logs/classes/rating/customer/EvoMaster_rating_customer_faults/compile_stdout.log,/home/azureuser/yas/evomaster-config/runtime-logs/classes/rating/customer/EvoMaster_rating_customer_faults/compile_stderr.log,False,False,,,0,False,14.04,11.02,159.39,,/home/azureuser/yas/evomaster-config/runtime-logs/methods/rating/customer/EvoMaster_rating_customer_faults/test_0_postOnRatingsShowsFaults_100_101,/home/azureuser/yas/evomaster-config/runtime-logs/methods/rating/customer/EvoMaster_rating_customer_faults/test_0_postOnRatingsShowsFaults_100_101/run.log,/home/azureuser/yas/evomaster-config/runtime-logs/methods/rating/customer/EvoMaster_rating_customer_faults/test_0_postOnRatingsShowsFaults_100_101/run_stdout.log,/home/azureuser/yas/evomaster-config/runtime-logs/methods/rating/customer/EvoMaster_rating_customer_faults/test_0_postOnRatingsShowsFaults_100_101/run_stderr.log
rating,customer,EvoMaster_rating_customer_faults.java,EvoMaster_rating_customer_faults,test_7_postOnRatingsReturnsMismatchResponseWithSchema,False,1,403,/rating/storefront/ratings,POST,403,.statusCode(403) .assertThat(),5,".post(baseUrlOfSut + ""/rating/storefront/ratings"")",".body("" { "" + 
                    "" \""content\"": \""fESX4db5zY\"", "" + 
                    "" \""star\"": 609, "" + 
                    "" \""productId\"": -1193452357, "" + 
                    "" \""productName\"": \""ZPIHzrgdaU8e\"" "" + 
                    "" } "")",,faults,/home/azureuser/yas/evomaster-config/generated-tests/blackbox/rating/customer/EvoMaster_rating_customer_faults.java,21,6,True,0,,0,0,,100.0,0,0,0,0,0,0,False,,/home/azureuser/yas/evomaster-config/runtime-logs/classes/rating/customer/EvoMaster_rating_customer_faults,/home/azureuser/yas/evomaster-config/runtime-logs/classes/rating/customer/EvoMaster_rating_customer_faults/compile.log,/home/azureuser/yas/evomaster-config/runtime-logs/classes/rating/customer/EvoMaster_rating_customer_faults/compile_stdout.log,/home/azureuser/yas/evomaster-config/runtime-logs/classes/rating/customer/EvoMaster_rating_customer_faults/compile_stderr.log,False,False,,,0,False,14.05,11.49,158.49,,/home/azureuser/yas/evomaster-config/runtime-logs/methods/rating/customer/EvoMaster_rating_customer_faults/test_7_postOnRatingsReturnsMismatchResponseWithSchema,/home/azureuser/yas/evomaster-config/runtime-logs/methods/rating/customer/EvoMaster_rating_customer_faults/test_7_postOnRatingsReturnsMismatchResponseWithSchema/run.log,/home/azureuser/yas/evomaster-config/runtime-logs/methods/rating/customer/EvoMaster_rating_customer_faults/test_7_postOnRatingsReturnsMismatchResponseWithSchema/run_stdout.log,/home/azureuser/yas/evomaster-config/runtime-logs/methods/rating/customer/EvoMaster_rating_customer_faults/test_7_postOnRatingsReturnsMismatchResponseWithSchema/run_stderr.log
rating,customer,EvoMaster_rating_customer_faults.java,EvoMaster_rating_customer_faults,test_8_postOnRatingsReturnsMismatchResponseWithSchema,False,1,403,/rating/storefront/ratings,POST,403,.statusCode(403) .assertThat(),6,".post(baseUrlOfSut + ""/rating/storefront/ratings"")",".body("" { "" + 
                    "" \""star\"": 724, "" + 
                    "" \""productId\"": 989, "" + 
                    "" \""productName\"": \""4e3aXIy5r3\"" "" + 
                    "" } "")",".header(""Authorization"", ""Bearer eyJhbGciOiJSUzI1NiIsInR5cCIgOiAiSldUIiwia2lkIiA6ICJSclRUNWtBOHhIS3N0YWFSMmh1YTRpT0RpcFE4ek9pcjFrNGZOM3RxNFNVIn0.eyJleHAiOjE3Nzc4NTE4MTAsImlhdCI6MTc3Nzg0ODIxMCwianRpIjoiNDA0NWE1MzEtYjJhOC00NzQyLTk1NmYtNjg3YWZlNTljNDVjIiwiaXNzIjoiaHR0cDovL2lkZW50aXR5L3JlYWxtcy9ZYXMiLCJzdWIiOiI0Yjg1MzdlZC1mZTg4LTQ3MGQtYmFkNS0wZjQ5Y2E2Zjg5NjAiLCJ0eXAiOiJCZWFyZXIiLCJhenAiOiJiYWNrb2ZmaWNlLWJmZiIsInNpZCI6IjZjOGViMmE1LTU0OWQtNDhlNC05YWZmLTQ1NmM4ODg5YjllYSIsInJlYWxtX2FjY2VzcyI6eyJyb2xlcyI6WyJkZWZhdWx0LXJvbGVzLXlhcyIsIm9mZmxpbmVfYWNjZXNzIiwiQ1VTVE9NRVIiLCJ1bWFfYXV0aG9yaXphdGlvbiJdfSwic2NvcGUiOiJlbWFpbCBwcm9maWxlIiwiZW1haWxfdmVyaWZpZWQiOmZhbHNlLCJwcmVmZXJyZWRfdXNlcm5hbWUiOiJ1c2VyIn0.WySURy53X7EWggVEUvfwyUgiQOop5G4Q8vr0bDGwksDpsxHnO7ANSa5-K6l_Prsd3tb8jhz2rBgmXg_Kk62iIs-clEdXH4gVMgrQ56Dv6srqPWetqSTqC8y50Fvd3jV8OTv6LlX2uECqyofTfw7WiheRrpc1Rr9dO0nq4FuzHOyYDrAMsV798zzyF2v8Oz_fZ1M_65o4crSUgy1unhpIQGea2GGqoV1OyckQLvuANE6jWBvcKF5O6fHDhPnoOd-5fLjAughY-UYb3DlqF_XYvgx_IfgnCFoh4KjVeFh3rc6srgUsafpPyw32Mv6ulJXcg_Hb7FYrPOh6EWHy_8rjyw"")",faults,/home/azureuser/yas/evomaster-config/generated-tests/blackbox/rating/customer/EvoMaster_rating_customer_faults.java,21,6,True,0,,0,0,,100.0,0,0,0,0,0,0,False,,/home/azureuser/yas/evomaster-config/runtime-logs/classes/rating/customer/EvoMaster_rating_customer_faults,/home/azureuser/yas/evomaster-config/runtime-logs/classes/rating/customer/EvoMaster_rating_customer_faults/compile.log,/home/azureuser/yas/evomaster-config/runtime-logs/classes/rating/customer/EvoMaster_rating_customer_faults/compile_stdout.log,/home/azureuser/yas/evomaster-config/runtime-logs/classes/rating/customer/EvoMaster_rating_customer_faults/compile_stderr.log,False,False,,,0,False,15.04,11.11,150.97,,/home/azureuser/yas/evomaster-config/runtime-logs/methods/rating/customer/EvoMaster_rating_customer_faults/test_8_postOnRatingsReturnsMismatchResponseWithSchema,/home/azureuser/yas/evomaster-config/runtime-logs/methods/rating/customer/EvoMaster_rating_customer_faults/test_8_postOnRatingsReturnsMismatchResponseWithSchema/run.log,/home/azureuser/yas/evomaster-config/runtime-logs/methods/rating/customer/EvoMaster_rating_customer_faults/test_8_postOnRatingsReturnsMismatchResponseWithSchema/run_stdout.log,/home/azureuser/yas/evomaster-config/runtime-logs/methods/rating/customer/EvoMaster_rating_customer_faults/test_8_postOnRatingsReturnsMismatchResponseWithSchema/run_stderr.log
rating,customer,EvoMaster_rating_customer_faults.java,EvoMaster_rating_customer_faults,test_9_deleteOnRateReturnsMismatchResponseWithSchema,False,1,403,/rating/backoffice/ratings/{id},DELETE,403,.statusCode(403) .assertThat(),2,".delete(baseUrlOfSut + ""/rating/backoffice/ratings/848196599172700679"")",,".header(""Authorization"", ""Bearer eyJhbGciOiJSUzI1NiIsInR5cCIgOiAiSldUIiwia2lkIiA6ICJSclRUNWtBOHhIS3N0YWFSMmh1YTRpT0RpcFE4ek9pcjFrNGZOM3RxNFNVIn0.eyJleHAiOjE3Nzc4NTE4MTAsImlhdCI6MTc3Nzg0ODIxMCwianRpIjoiNDA0NWE1MzEtYjJhOC00NzQyLTk1NmYtNjg3YWZlNTljNDVjIiwiaXNzIjoiaHR0cDovL2lkZW50aXR5L3JlYWxtcy9ZYXMiLCJzdWIiOiI0Yjg1MzdlZC1mZTg4LTQ3MGQtYmFkNS0wZjQ5Y2E2Zjg5NjAiLCJ0eXAiOiJCZWFyZXIiLCJhenAiOiJiYWNrb2ZmaWNlLWJmZiIsInNpZCI6IjZjOGViMmE1LTU0OWQtNDhlNC05YWZmLTQ1NmM4ODg5YjllYSIsInJlYWxtX2FjY2VzcyI6eyJyb2xlcyI6WyJkZWZhdWx0LXJvbGVzLXlhcyIsIm9mZmxpbmVfYWNjZXNzIiwiQ1VTVE9NRVIiLCJ1bWFfYXV0aG9yaXphdGlvbiJdfSwic2NvcGUiOiJlbWFpbCBwcm9maWxlIiwiZW1haWxfdmVyaWZpZWQiOmZhbHNlLCJwcmVmZXJyZWRfdXNlcm5hbWUiOiJ1c2VyIn0.WySURy53X7EWggVEUvfwyUgiQOop5G4Q8vr0bDGwksDpsxHnO7ANSa5-K6l_Prsd3tb8jhz2rBgmXg_Kk62iIs-clEdXH4gVMgrQ56Dv6srqPWetqSTqC8y50Fvd3jV8OTv6LlX2uECqyofTfw7WiheRrpc1Rr9dO0nq4FuzHOyYDrAMsV798zzyF2v8Oz_fZ1M_65o4crSUgy1unhpIQGea2GGqoV1OyckQLvuANE6jWBvcKF5O6fHDhPnoOd-5fLjAughY-UYb3DlqF_XYvgx_IfgnCFoh4KjVeFh3rc6srgUsafpPyw32Mv6ulJXcg_Hb7FYrPOh6EWHy_8rjyw"")",faults,/home/azureuser/yas/evomaster-config/generated-tests/blackbox/rating/customer/EvoMaster_rating_customer_faults.java,21,6,True,0,,0,0,,100.0,0,0,0,0,0,0,False,,/home/azureuser/yas/evomaster-config/runtime-logs/classes/rating/customer/EvoMaster_rating_customer_faults,/home/azureuser/yas/evomaster-config/runtime-logs/classes/rating/customer/EvoMaster_rating_customer_faults/compile.log,/home/azureuser/yas/evomaster-config/runtime-logs/classes/rating/customer/EvoMaster_rating_customer_faults/compile_stdout.log,/home/azureuser/yas/evomaster-config/runtime-logs/classes/rating/customer/EvoMaster_rating_customer_faults/compile_stderr.log,False,False,,,0,False,12.54,11.47,152.71,,/home/azureuser/yas/evomaster-config/runtime-logs/methods/rating/customer/EvoMaster_rating_customer_faults/test_9_deleteOnRateReturnsMismatchResponseWithSchema,/home/azureuser/yas/evomaster-config/runtime-logs/methods/rating/customer/EvoMaster_rating_customer_faults/test_9_deleteOnRateReturnsMismatchResponseWithSchema/run.log,/home/azureuser/yas/evomaster-config/runtime-logs/methods/rating/customer/EvoMaster_rating_customer_faults/test_9_deleteOnRateReturnsMismatchResponseWithSchema/run_stdout.log,/home/azureuser/yas/evomaster-config/runtime-logs/methods/rating/customer/EvoMaster_rating_customer_faults/test_9_deleteOnRateReturnsMismatchResponseWithSchema/run_stderr.log
rating,customer,EvoMaster_rating_customer_faults.java,EvoMaster_rating_customer_faults,test_10_deleteOnRateReturnsMismatchResponseWithSchema,False,1,403,/rating/backoffice/ratings/{id},DELETE,403,.statusCode(403) .assertThat(),5,".delete(baseUrlOfSut + ""/rating/backoffice/ratings/190"")",,,faults,/home/azureuser/yas/evomaster-config/generated-tests/blackbox/rating/customer/EvoMaster_rating_customer_faults.java,21,6,True,0,,0,0,,100.0,0,0,0,0,0,0,False,,/home/azureuser/yas/evomaster-config/runtime-logs/classes/rating/customer/EvoMaster_rating_customer_faults,/home/azureuser/yas/evomaster-config/runtime-logs/classes/rating/customer/EvoMaster_rating_customer_faults/compile.log,/home/azureuser/yas/evomaster-config/runtime-logs/classes/rating/customer/EvoMaster_rating_customer_faults/compile_stdout.log,/home/azureuser/yas/evomaster-config/runtime-logs/classes/rating/customer/EvoMaster_rating_customer_faults/compile_stderr.log,False,False,,,0,False,14.04,11.26,161.18,,/home/azureuser/yas/evomaster-config/runtime-logs/methods/rating/customer/EvoMaster_rating_customer_faults/test_10_deleteOnRateReturnsMismatchResponseWithSchema,/home/azureuser/yas/evomaster-config/runtime-logs/methods/rating/customer/EvoMaster_rating_customer_faults/test_10_deleteOnRateReturnsMismatchResponseWithSchema/run.log,/home/azureuser/yas/evomaster-config/runtime-logs/methods/rating/customer/EvoMaster_rating_customer_faults/test_10_deleteOnRateReturnsMismatchResponseWithSchema/run_stdout.log,/home/azureuser/yas/evomaster-config/runtime-logs/methods/rating/customer/EvoMaster_rating_customer_faults/test_10_deleteOnRateReturnsMismatchResponseWithSchema/run_stderr.log
rating,customer,EvoMaster_rating_customer_faults.java,EvoMaster_rating_customer_faults,test_11_deleteOnRateReturnsMismatchResponseWithSchema,False,1,403,/rating/backoffice/ratings/{id},DELETE,403,.statusCode(403) .assertThat(),2,".delete(baseUrlOfSut + ""/rating/backoffice/ratings/-1846056263"")",,".header(""Authorization"", ""Bearer eyJhbGciOiJSUzI1NiIsInR5cCIgOiAiSldUIiwia2lkIiA6ICJSclRUNWtBOHhIS3N0YWFSMmh1YTRpT0RpcFE4ek9pcjFrNGZOM3RxNFNVIn0.eyJleHAiOjE3Nzc4NTE4MTAsImlhdCI6MTc3Nzg0ODIxMCwianRpIjoiNDA0NWE1MzEtYjJhOC00NzQyLTk1NmYtNjg3YWZlNTljNDVjIiwiaXNzIjoiaHR0cDovL2lkZW50aXR5L3JlYWxtcy9ZYXMiLCJzdWIiOiI0Yjg1MzdlZC1mZTg4LTQ3MGQtYmFkNS0wZjQ5Y2E2Zjg5NjAiLCJ0eXAiOiJCZWFyZXIiLCJhenAiOiJiYWNrb2ZmaWNlLWJmZiIsInNpZCI6IjZjOGViMmE1LTU0OWQtNDhlNC05YWZmLTQ1NmM4ODg5YjllYSIsInJlYWxtX2FjY2VzcyI6eyJyb2xlcyI6WyJkZWZhdWx0LXJvbGVzLXlhcyIsIm9mZmxpbmVfYWNjZXNzIiwiQ1VTVE9NRVIiLCJ1bWFfYXV0aG9yaXphdGlvbiJdfSwic2NvcGUiOiJlbWFpbCBwcm9maWxlIiwiZW1haWxfdmVyaWZpZWQiOmZhbHNlLCJwcmVmZXJyZWRfdXNlcm5hbWUiOiJ1c2VyIn0.WySURy53X7EWggVEUvfwyUgiQOop5G4Q8vr0bDGwksDpsxHnO7ANSa5-K6l_Prsd3tb8jhz2rBgmXg_Kk62iIs-clEdXH4gVMgrQ56Dv6srqPWetqSTqC8y50Fvd3jV8OTv6LlX2uECqyofTfw7WiheRrpc1Rr9dO0nq4FuzHOyYDrAMsV798zzyF2v8Oz_fZ1M_65o4crSUgy1unhpIQGea2GGqoV1OyckQLvuANE6jWBvcKF5O6fHDhPnoOd-5fLjAughY-UYb3DlqF_XYvgx_IfgnCFoh4KjVeFh3rc6srgUsafpPyw32Mv6ulJXcg_Hb7FYrPOh6EWHy_8rjyw"")",faults,/home/azureuser/yas/evomaster-config/generated-tests/blackbox/rating/customer/EvoMaster_rating_customer_faults.java,21,6,True,0,,0,0,,100.0,0,0,0,0,0,0,False,,/home/azureuser/yas/evomaster-config/runtime-logs/classes/rating/customer/EvoMaster_rating_customer_faults,/home/azureuser/yas/evomaster-config/runtime-logs/classes/rating/customer/EvoMaster_rating_customer_faults/compile.log,/home/azureuser/yas/evomaster-config/runtime-logs/classes/rating/customer/EvoMaster_rating_customer_faults/compile_stdout.log,/home/azureuser/yas/evomaster-config/runtime-logs/classes/rating/customer/EvoMaster_rating_customer_faults/compile_stderr.log,False,False,,,0,False,13.05,11.82,155.98,,/home/azureuser/yas/evomaster-config/runtime-logs/methods/rating/customer/EvoMaster_rating_customer_faults/test_11_deleteOnRateReturnsMismatchResponseWithSchema,/home/azureuser/yas/evomaster-config/runtime-logs/methods/rating/customer/EvoMaster_rating_customer_faults/test_11_deleteOnRateReturnsMismatchResponseWithSchema/run.log,/home/azureuser/yas/evomaster-config/runtime-logs/methods/rating/customer/EvoMaster_rating_customer_faults/test_11_deleteOnRateReturnsMismatchResponseWithSchema/run_stdout.log,/home/azureuser/yas/evomaster-config/runtime-logs/methods/rating/customer/EvoMaster_rating_customer_faults/test_11_deleteOnRateReturnsMismatchResponseWithSchema/run_stderr.log
rating,customer,EvoMaster_rating_customer_faults.java,EvoMaster_rating_customer_faults,test_12_getOnLatestReturnsMismatchResponseWithSchema,False,1,401,/rating/backoffice/ratings/latest/{count},GET,401,.statusCode(401) .assertThat(),2,".get(baseUrlOfSut + ""/rating/backoffice/ratings/latest/934"")",,,faults,/home/azureuser/yas/evomaster-config/generated-tests/blackbox/rating/customer/EvoMaster_rating_customer_faults.java,21,6,True,0,,0,0,,100.0,0,0,0,0,0,0,False,,/home/azureuser/yas/evomaster-config/runtime-logs/classes/rating/customer/EvoMaster_rating_customer_faults,/home/azureuser/yas/evomaster-config/runtime-logs/classes/rating/customer/EvoMaster_rating_customer_faults/compile.log,/home/azureuser/yas/evomaster-config/runtime-logs/classes/rating/customer/EvoMaster_rating_customer_faults/compile_stdout.log,/home/azureuser/yas/evomaster-config/runtime-logs/classes/rating/customer/EvoMaster_rating_customer_faults/compile_stderr.log,False,False,,,0,False,12.55,10.92,165.75,,/home/azureuser/yas/evomaster-config/runtime-logs/methods/rating/customer/EvoMaster_rating_customer_faults/test_12_getOnLatestReturnsMismatchResponseWithSchema,/home/azureuser/yas/evomaster-config/runtime-logs/methods/rating/customer/EvoMaster_rating_customer_faults/test_12_getOnLatestReturnsMismatchResponseWithSchema/run.log,/home/azureuser/yas/evomaster-config/runtime-logs/methods/rating/customer/EvoMaster_rating_customer_faults/test_12_getOnLatestReturnsMismatchResponseWithSchema/run_stdout.log,/home/azureuser/yas/evomaster-config/runtime-logs/methods/rating/customer/EvoMaster_rating_customer_faults/test_12_getOnLatestReturnsMismatchResponseWithSchema/run_stderr.log
rating,customer,EvoMaster_rating_customer_faults.java,EvoMaster_rating_customer_faults,test_13_getOnLatestReturnsMismatchResponseWithSchema,False,1,403,/rating/backoffice/ratings/latest/{count},GET,403,.statusCode(403) .assertThat(),2,".get(baseUrlOfSut + ""/rating/backoffice/ratings/latest/200"")",,".header(""Authorization"", ""Bearer eyJhbGciOiJSUzI1NiIsInR5cCIgOiAiSldUIiwia2lkIiA6ICJSclRUNWtBOHhIS3N0YWFSMmh1YTRpT0RpcFE4ek9pcjFrNGZOM3RxNFNVIn0.eyJleHAiOjE3Nzc4NTE4MTAsImlhdCI6MTc3Nzg0ODIxMCwianRpIjoiNDA0NWE1MzEtYjJhOC00NzQyLTk1NmYtNjg3YWZlNTljNDVjIiwiaXNzIjoiaHR0cDovL2lkZW50aXR5L3JlYWxtcy9ZYXMiLCJzdWIiOiI0Yjg1MzdlZC1mZTg4LTQ3MGQtYmFkNS0wZjQ5Y2E2Zjg5NjAiLCJ0eXAiOiJCZWFyZXIiLCJhenAiOiJiYWNrb2ZmaWNlLWJmZiIsInNpZCI6IjZjOGViMmE1LTU0OWQtNDhlNC05YWZmLTQ1NmM4ODg5YjllYSIsInJlYWxtX2FjY2VzcyI6eyJyb2xlcyI6WyJkZWZhdWx0LXJvbGVzLXlhcyIsIm9mZmxpbmVfYWNjZXNzIiwiQ1VTVE9NRVIiLCJ1bWFfYXV0aG9yaXphdGlvbiJdfSwic2NvcGUiOiJlbWFpbCBwcm9maWxlIiwiZW1haWxfdmVyaWZpZWQiOmZhbHNlLCJwcmVmZXJyZWRfdXNlcm5hbWUiOiJ1c2VyIn0.WySURy53X7EWggVEUvfwyUgiQOop5G4Q8vr0bDGwksDpsxHnO7ANSa5-K6l_Prsd3tb8jhz2rBgmXg_Kk62iIs-clEdXH4gVMgrQ56Dv6srqPWetqSTqC8y50Fvd3jV8OTv6LlX2uECqyofTfw7WiheRrpc1Rr9dO0nq4FuzHOyYDrAMsV798zzyF2v8Oz_fZ1M_65o4crSUgy1unhpIQGea2GGqoV1OyckQLvuANE6jWBvcKF5O6fHDhPnoOd-5fLjAughY-UYb3DlqF_XYvgx_IfgnCFoh4KjVeFh3rc6srgUsafpPyw32Mv6ulJXcg_Hb7FYrPOh6EWHy_8rjyw"")",faults,/home/azureuser/yas/evomaster-config/generated-tests/blackbox/rating/customer/EvoMaster_rating_customer_faults.java,21,6,True,0,,0,0,,100.0,0,0,0,0,0,0,False,,/home/azureuser/yas/evomaster-config/runtime-logs/classes/rating/customer/EvoMaster_rating_customer_faults,/home/azureuser/yas/evomaster-config/runtime-logs/classes/rating/customer/EvoMaster_rating_customer_faults/compile.log,/home/azureuser/yas/evomaster-config/runtime-logs/classes/rating/customer/EvoMaster_rating_customer_faults/compile_stdout.log,/home/azureuser/yas/evomaster-config/runtime-logs/classes/rating/customer/EvoMaster_rating_customer_faults/compile_stderr.log,False,False,,,0,False,12.54,11.38,156.39,,/home/azureuser/yas/evomaster-config/runtime-logs/methods/rating/customer/EvoMaster_rating_customer_faults/test_13_getOnLatestReturnsMismatchResponseWithSchema,/home/azureuser/yas/evomaster-config/runtime-logs/methods/rating/customer/EvoMaster_rating_customer_faults/test_13_getOnLatestReturnsMismatchResponseWithSchema/run.log,/home/azureuser/yas/evomaster-config/runtime-logs/methods/rating/customer/EvoMaster_rating_customer_faults/test_13_getOnLatestReturnsMismatchResponseWithSchema/run_stdout.log,/home/azureuser/yas/evomaster-config/runtime-logs/methods/rating/customer/EvoMaster_rating_customer_faults/test_13_getOnLatestReturnsMismatchResponseWithSchema/run_stderr.log
rating,none,EvoMaster_rating_none_faults.java,EvoMaster_rating_none_faults,test_6_postOnRatingsReturnsMismatchResponseWithSchema,False,1,403,/rating/storefront/ratings,POST,403,.statusCode(403) .assertThat(),5,".post(baseUrlOfSut + ""/rating/storefront/ratings"")",".body("" { "" + 
                    "" \""star\"": 190, "" + 
                    "" \""productId\"": 2 "" + 
                    "" } "")",,faults,/home/azureuser/yas/evomaster-config/generated-tests/blackbox/rating/none/EvoMaster_rating_none_faults.java,21,6,True,0,,0,0,,100.0,0,0,0,0,0,0,False,,/home/azureuser/yas/evomaster-config/runtime-logs/classes/rating/none/EvoMaster_rating_none_faults,/home/azureuser/yas/evomaster-config/runtime-logs/classes/rating/none/EvoMaster_rating_none_faults/compile.log,/home/azureuser/yas/evomaster-config/runtime-logs/classes/rating/none/EvoMaster_rating_none_faults/compile_stdout.log,/home/azureuser/yas/evomaster-config/runtime-logs/classes/rating/none/EvoMaster_rating_none_faults/compile_stderr.log,False,False,,,0,False,14.1,11.37,167.59,,/home/azureuser/yas/evomaster-config/runtime-logs/methods/rating/none/EvoMaster_rating_none_faults/test_6_postOnRatingsReturnsMismatchResponseWithSchema,/home/azureuser/yas/evomaster-config/runtime-logs/methods/rating/none/EvoMaster_rating_none_faults/test_6_postOnRatingsReturnsMismatchResponseWithSchema/run.log,/home/azureuser/yas/evomaster-config/runtime-logs/methods/rating/none/EvoMaster_rating_none_faults/test_6_postOnRatingsReturnsMismatchResponseWithSchema/run_stdout.log,/home/azureuser/yas/evomaster-config/runtime-logs/methods/rating/none/EvoMaster_rating_none_faults/test_6_postOnRatingsReturnsMismatchResponseWithSchema/run_stderr.log
rating,none,EvoMaster_rating_none_faults.java,EvoMaster_rating_none_faults,test_7_deleteOnRateReturnsMismatchResponseWithSchema,False,1,403,/rating/backoffice/ratings/{id},DELETE,403,.statusCode(403) .assertThat(),5,".delete(baseUrlOfSut + ""/rating/backoffice/ratings/3069060200239391675"")",,,faults,/home/azureuser/yas/evomaster-config/generated-tests/blackbox/rating/none/EvoMaster_rating_none_faults.java,21,6,True,0,,0,0,,100.0,0,0,0,0,0,0,False,,/home/azureuser/yas/evomaster-config/runtime-logs/classes/rating/none/EvoMaster_rating_none_faults,/home/azureuser/yas/evomaster-config/runtime-logs/classes/rating/none/EvoMaster_rating_none_faults/compile.log,/home/azureuser/yas/evomaster-config/runtime-logs/classes/rating/none/EvoMaster_rating_none_faults/compile_stdout.log,/home/azureuser/yas/evomaster-config/runtime-logs/classes/rating/none/EvoMaster_rating_none_faults/compile_stderr.log,False,False,,,0,False,14.04,11.49,152.2,,/home/azureuser/yas/evomaster-config/runtime-logs/methods/rating/none/EvoMaster_rating_none_faults/test_7_deleteOnRateReturnsMismatchResponseWithSchema,/home/azureuser/yas/evomaster-config/runtime-logs/methods/rating/none/EvoMaster_rating_none_faults/test_7_deleteOnRateReturnsMismatchResponseWithSchema/run.log,/home/azureuser/yas/evomaster-config/runtime-logs/methods/rating/none/EvoMaster_rating_none_faults/test_7_deleteOnRateReturnsMismatchResponseWithSchema/run_stdout.log,/home/azureuser/yas/evomaster-config/runtime-logs/methods/rating/none/EvoMaster_rating_none_faults/test_7_deleteOnRateReturnsMismatchResponseWithSchema/run_stderr.log
rating,none,EvoMaster_rating_none_faults.java,EvoMaster_rating_none_faults,test_8_deleteOnRateReturnsMismatchResponseWithSchema,False,1,403,/rating/backoffice/ratings/{id},DELETE,403,.statusCode(403) .assertThat(),5,".delete(baseUrlOfSut + ""/rating/backoffice/ratings/-1965659513"")",,,faults,/home/azureuser/yas/evomaster-config/generated-tests/blackbox/rating/none/EvoMaster_rating_none_faults.java,21,6,True,0,,0,0,,100.0,0,0,0,0,0,0,False,,/home/azureuser/yas/evomaster-config/runtime-logs/classes/rating/none/EvoMaster_rating_none_faults,/home/azureuser/yas/evomaster-config/runtime-logs/classes/rating/none/EvoMaster_rating_none_faults/compile.log,/home/azureuser/yas/evomaster-config/runtime-logs/classes/rating/none/EvoMaster_rating_none_faults/compile_stdout.log,/home/azureuser/yas/evomaster-config/runtime-logs/classes/rating/none/EvoMaster_rating_none_faults/compile_stderr.log,False,False,,,0,False,14.05,11.47,154.15,,/home/azureuser/yas/evomaster-config/runtime-logs/methods/rating/none/EvoMaster_rating_none_faults/test_8_deleteOnRateReturnsMismatchResponseWithSchema,/home/azureuser/yas/evomaster-config/runtime-logs/methods/rating/none/EvoMaster_rating_none_faults/test_8_deleteOnRateReturnsMismatchResponseWithSchema/run.log,/home/azureuser/yas/evomaster-config/runtime-logs/methods/rating/none/EvoMaster_rating_none_faults/test_8_deleteOnRateReturnsMismatchResponseWithSchema/run_stdout.log,/home/azureuser/yas/evomaster-config/runtime-logs/methods/rating/none/EvoMaster_rating_none_faults/test_8_deleteOnRateReturnsMismatchResponseWithSchema/run_stderr.log
rating,none,EvoMaster_rating_none_faults.java,EvoMaster_rating_none_faults,test_9_getOnLatestReturnsMismatchResponseWithSchema,False,1,401,/rating/backoffice/ratings/latest/{count},GET,401,.statusCode(401) .assertThat(),2,".get(baseUrlOfSut + ""/rating/backoffice/ratings/latest/176"")",,,faults,/home/azureuser/yas/evomaster-config/generated-tests/blackbox/rating/none/EvoMaster_rating_none_faults.java,21,6,True,0,,0,0,,100.0,0,0,0,0,0,0,False,,/home/azureuser/yas/evomaster-config/runtime-logs/classes/rating/none/EvoMaster_rating_none_faults,/home/azureuser/yas/evomaster-config/runtime-logs/classes/rating/none/EvoMaster_rating_none_faults/compile.log,/home/azureuser/yas/evomaster-config/runtime-logs/classes/rating/none/EvoMaster_rating_none_faults/compile_stdout.log,/home/azureuser/yas/evomaster-config/runtime-logs/classes/rating/none/EvoMaster_rating_none_faults/compile_stderr.log,False,False,,,0,False,12.55,11.63,153.52,,/home/azureuser/yas/evomaster-config/runtime-logs/methods/rating/none/EvoMaster_rating_none_faults/test_9_getOnLatestReturnsMismatchResponseWithSchema,/home/azureuser/yas/evomaster-config/runtime-logs/methods/rating/none/EvoMaster_rating_none_faults/test_9_getOnLatestReturnsMismatchResponseWithSchema/run.log,/home/azureuser/yas/evomaster-config/runtime-logs/methods/rating/none/EvoMaster_rating_none_faults/test_9_getOnLatestReturnsMismatchResponseWithSchema/run_stdout.log,/home/azureuser/yas/evomaster-config/runtime-logs/methods/rating/none/EvoMaster_rating_none_faults/test_9_getOnLatestReturnsMismatchResponseWithSchema/run_stderr.log
rating,super_admin,EvoMaster_rating_super_admin_faults.java,EvoMaster_rating_super_admin_faults,test_0_postOnRatingsShowsFaults_100_101,False,1,500,/rating/storefront/ratings,POST,500,.statusCode(500) .assertThat(),6,".post(baseUrlOfSut + ""/rating/storefront/ratings"")",".body("" { "" + 
                    "" \""content\"": \""\"", "" + 
                    "" \""productId\"": 628449362 "" + 
                    "" } "")",".header(""Authorization"", ""Bearer eyJhbGciOiJSUzI1NiIsInR5cCIgOiAiSldUIiwia2lkIiA6ICJSclRUNWtBOHhIS3N0YWFSMmh1YTRpT0RpcFE4ek9pcjFrNGZOM3RxNFNVIn0.eyJleHAiOjE3Nzc4NTE4MDUsImlhdCI6MTc3Nzg0ODIwNSwianRpIjoiYzIzZWNiZmItMzk0OC00ODk0LWIzZDMtMmM2NzFlMDY1NWM2IiwiaXNzIjoiaHR0cDovL2lkZW50aXR5L3JlYWxtcy9ZYXMiLCJzdWIiOiI3MDQyZWE5ZS1hNzg0LTQxZjQtYTkzNi1kOGUxNTk5ODlmZjUiLCJ0eXAiOiJCZWFyZXIiLCJhenAiOiJiYWNrb2ZmaWNlLWJmZiIsInNpZCI6ImM2OTA2ZGZkLWI1NGUtNDc3YS05ZGIwLTQ1NDFjYjc5MzlmNiIsInJlYWxtX2FjY2VzcyI6eyJyb2xlcyI6WyJTVVBFUi1BRE1JTiJdfSwic2NvcGUiOiJlbWFpbCBwcm9maWxlIiwiZW1haWxfdmVyaWZpZWQiOmZhbHNlLCJwcmVmZXJyZWRfdXNlcm5hbWUiOiJzdXBlcl9hZG1pbiJ9.BG6TynyMHLA2RL6r9N6tburqnxkwSdynjx6MjtYeSyr3TECv-6nLrcl62DIsTLI7v14vBhFtEeVP57-BGhNE8kiBCNu9qxKJnMqX_LXS_WJnLh0ewAjwOtbwlXQTEop2ro0svMc9Y0cxqejoTy2VR8ByZZGqjawneNufn4BTwYSAUJ-il0U1X4uU9QzDqMRl3mKGY6xzktqGJCa4U1mWmeow4fmgXZPKPQwrkFXVEJhUgxOrANK5x-jNL-M-fs6lPDzB_hJWpnNey9rHPe25OGrEp_Q5A7F3Czw_1pW6lQY0FskCocUNl7ECWMSWm2d917TxQfSSYFUO1iHFqrgdgQ"")",faults,/home/azureuser/yas/evomaster-config/generated-tests/blackbox/rating/super_admin/EvoMaster_rating_super_admin_faults.java,21,6,True,0,,0,0,,100.0,0,0,0,0,0,0,False,,/home/azureuser/yas/evomaster-config/runtime-logs/classes/rating/super_admin/EvoMaster_rating_super_admin_faults,/home/azureuser/yas/evomaster-config/runtime-logs/classes/rating/super_admin/EvoMaster_rating_super_admin_faults/compile.log,/home/azureuser/yas/evomaster-config/runtime-logs/classes/rating/super_admin/EvoMaster_rating_super_admin_faults/compile_stdout.log,/home/azureuser/yas/evomaster-config/runtime-logs/classes/rating/super_admin/EvoMaster_rating_super_admin_faults/compile_stderr.log,False,False,,,0,False,14.05,11.38,161.32,,/home/azureuser/yas/evomaster-config/runtime-logs/methods/rating/super_admin/EvoMaster_rating_super_admin_faults/test_0_postOnRatingsShowsFaults_100_101,/home/azureuser/yas/evomaster-config/runtime-logs/methods/rating/super_admin/EvoMaster_rating_super_admin_faults/test_0_postOnRatingsShowsFaults_100_101/run.log,/home/azureuser/yas/evomaster-config/runtime-logs/methods/rating/super_admin/EvoMaster_rating_super_admin_faults/test_0_postOnRatingsShowsFaults_100_101/run_stdout.log,/home/azureuser/yas/evomaster-config/runtime-logs/methods/rating/super_admin/EvoMaster_rating_super_admin_faults/test_0_postOnRatingsShowsFaults_100_101/run_stderr.log
rating,super_admin,EvoMaster_rating_super_admin_faults.java,EvoMaster_rating_super_admin_faults,test_7_postOnRatingsReturnsMismatchResponseWithSchema,False,1,403,/rating/storefront/ratings,POST,403,.statusCode(403) .assertThat(),6,".post(baseUrlOfSut + ""/rating/storefront/ratings"")",".body("" { "" + 
                    "" \""content\"": \""EMYr\"", "" + 
                    "" \""star\"": 373 "" + 
                    "" } "")",".header(""Authorization"", ""Bearer eyJhbGciOiJSUzI1NiIsInR5cCIgOiAiSldUIiwia2lkIiA6ICJSclRUNWtBOHhIS3N0YWFSMmh1YTRpT0RpcFE4ek9pcjFrNGZOM3RxNFNVIn0.eyJleHAiOjE3Nzc4NTE4MDUsImlhdCI6MTc3Nzg0ODIwNSwianRpIjoiYzIzZWNiZmItMzk0OC00ODk0LWIzZDMtMmM2NzFlMDY1NWM2IiwiaXNzIjoiaHR0cDovL2lkZW50aXR5L3JlYWxtcy9ZYXMiLCJzdWIiOiI3MDQyZWE5ZS1hNzg0LTQxZjQtYTkzNi1kOGUxNTk5ODlmZjUiLCJ0eXAiOiJCZWFyZXIiLCJhenAiOiJiYWNrb2ZmaWNlLWJmZiIsInNpZCI6ImM2OTA2ZGZkLWI1NGUtNDc3YS05ZGIwLTQ1NDFjYjc5MzlmNiIsInJlYWxtX2FjY2VzcyI6eyJyb2xlcyI6WyJTVVBFUi1BRE1JTiJdfSwic2NvcGUiOiJlbWFpbCBwcm9maWxlIiwiZW1haWxfdmVyaWZpZWQiOmZhbHNlLCJwcmVmZXJyZWRfdXNlcm5hbWUiOiJzdXBlcl9hZG1pbiJ9.BG6TynyMHLA2RL6r9N6tburqnxkwSdynjx6MjtYeSyr3TECv-6nLrcl62DIsTLI7v14vBhFtEeVP57-BGhNE8kiBCNu9qxKJnMqX_LXS_WJnLh0ewAjwOtbwlXQTEop2ro0svMc9Y0cxqejoTy2VR8ByZZGqjawneNufn4BTwYSAUJ-il0U1X4uU9QzDqMRl3mKGY6xzktqGJCa4U1mWmeow4fmgXZPKPQwrkFXVEJhUgxOrANK5x-jNL-M-fs6lPDzB_hJWpnNey9rHPe25OGrEp_Q5A7F3Czw_1pW6lQY0FskCocUNl7ECWMSWm2d917TxQfSSYFUO1iHFqrgdgQ"")",faults,/home/azureuser/yas/evomaster-config/generated-tests/blackbox/rating/super_admin/EvoMaster_rating_super_admin_faults.java,21,6,True,0,,0,0,,100.0,0,0,0,0,0,0,False,,/home/azureuser/yas/evomaster-config/runtime-logs/classes/rating/super_admin/EvoMaster_rating_super_admin_faults,/home/azureuser/yas/evomaster-config/runtime-logs/classes/rating/super_admin/EvoMaster_rating_super_admin_faults/compile.log,/home/azureuser/yas/evomaster-config/runtime-logs/classes/rating/super_admin/EvoMaster_rating_super_admin_faults/compile_stdout.log,/home/azureuser/yas/evomaster-config/runtime-logs/classes/rating/super_admin/EvoMaster_rating_super_admin_faults/compile_stderr.log,False,False,,,0,False,14.56,11.62,152.66,,/home/azureuser/yas/evomaster-config/runtime-logs/methods/rating/super_admin/EvoMaster_rating_super_admin_faults/test_7_postOnRatingsReturnsMismatchResponseWithSchema,/home/azureuser/yas/evomaster-config/runtime-logs/methods/rating/super_admin/EvoMaster_rating_super_admin_faults/test_7_postOnRatingsReturnsMismatchResponseWithSchema/run.log,/home/azureuser/yas/evomaster-config/runtime-logs/methods/rating/super_admin/EvoMaster_rating_super_admin_faults/test_7_postOnRatingsReturnsMismatchResponseWithSchema/run_stdout.log,/home/azureuser/yas/evomaster-config/runtime-logs/methods/rating/super_admin/EvoMaster_rating_super_admin_faults/test_7_postOnRatingsReturnsMismatchResponseWithSchema/run_stderr.log
rating,super_admin,EvoMaster_rating_super_admin_faults.java,EvoMaster_rating_super_admin_faults,test_8_postOnRatingsReturnsMismatchResponseWithSchema,False,1,403,/rating/storefront/ratings,POST,403,.statusCode(403) .assertThat(),5,".post(baseUrlOfSut + ""/rating/storefront/ratings"")",".body("" { "" + 
                    "" \""star\"": 993 "" + 
                    "" } "")",,faults,/home/azureuser/yas/evomaster-config/generated-tests/blackbox/rating/super_admin/EvoMaster_rating_super_admin_faults.java,21,6,True,0,,0,0,,100.0,0,0,0,0,0,0,False,,/home/azureuser/yas/evomaster-config/runtime-logs/classes/rating/super_admin/EvoMaster_rating_super_admin_faults,/home/azureuser/yas/evomaster-config/runtime-logs/classes/rating/super_admin/EvoMaster_rating_super_admin_faults/compile.log,/home/azureuser/yas/evomaster-config/runtime-logs/classes/rating/super_admin/EvoMaster_rating_super_admin_faults/compile_stdout.log,/home/azureuser/yas/evomaster-config/runtime-logs/classes/rating/super_admin/EvoMaster_rating_super_admin_faults/compile_stderr.log,False,False,,,0,False,13.55,10.81,156.1,,/home/azureuser/yas/evomaster-config/runtime-logs/methods/rating/super_admin/EvoMaster_rating_super_admin_faults/test_8_postOnRatingsReturnsMismatchResponseWithSchema,/home/azureuser/yas/evomaster-config/runtime-logs/methods/rating/super_admin/EvoMaster_rating_super_admin_faults/test_8_postOnRatingsReturnsMismatchResponseWithSchema/run.log,/home/azureuser/yas/evomaster-config/runtime-logs/methods/rating/super_admin/EvoMaster_rating_super_admin_faults/test_8_postOnRatingsReturnsMismatchResponseWithSchema/run_stdout.log,/home/azureuser/yas/evomaster-config/runtime-logs/methods/rating/super_admin/EvoMaster_rating_super_admin_faults/test_8_postOnRatingsReturnsMismatchResponseWithSchema/run_stderr.log
rating,super_admin,EvoMaster_rating_super_admin_faults.java,EvoMaster_rating_super_admin_faults,test_9_deleteOnRateReturnsMismatchResponseWithSchema,False,1,403,/rating/backoffice/ratings/{id},DELETE,403,.statusCode(403) .assertThat(),2,".delete(baseUrlOfSut + ""/rating/backoffice/ratings/207"")",,".header(""Authorization"", ""Bearer eyJhbGciOiJSUzI1NiIsInR5cCIgOiAiSldUIiwia2lkIiA6ICJSclRUNWtBOHhIS3N0YWFSMmh1YTRpT0RpcFE4ek9pcjFrNGZOM3RxNFNVIn0.eyJleHAiOjE3Nzc4NTE4MDUsImlhdCI6MTc3Nzg0ODIwNSwianRpIjoiYzIzZWNiZmItMzk0OC00ODk0LWIzZDMtMmM2NzFlMDY1NWM2IiwiaXNzIjoiaHR0cDovL2lkZW50aXR5L3JlYWxtcy9ZYXMiLCJzdWIiOiI3MDQyZWE5ZS1hNzg0LTQxZjQtYTkzNi1kOGUxNTk5ODlmZjUiLCJ0eXAiOiJCZWFyZXIiLCJhenAiOiJiYWNrb2ZmaWNlLWJmZiIsInNpZCI6ImM2OTA2ZGZkLWI1NGUtNDc3YS05ZGIwLTQ1NDFjYjc5MzlmNiIsInJlYWxtX2FjY2VzcyI6eyJyb2xlcyI6WyJTVVBFUi1BRE1JTiJdfSwic2NvcGUiOiJlbWFpbCBwcm9maWxlIiwiZW1haWxfdmVyaWZpZWQiOmZhbHNlLCJwcmVmZXJyZWRfdXNlcm5hbWUiOiJzdXBlcl9hZG1pbiJ9.BG6TynyMHLA2RL6r9N6tburqnxkwSdynjx6MjtYeSyr3TECv-6nLrcl62DIsTLI7v14vBhFtEeVP57-BGhNE8kiBCNu9qxKJnMqX_LXS_WJnLh0ewAjwOtbwlXQTEop2ro0svMc9Y0cxqejoTy2VR8ByZZGqjawneNufn4BTwYSAUJ-il0U1X4uU9QzDqMRl3mKGY6xzktqGJCa4U1mWmeow4fmgXZPKPQwrkFXVEJhUgxOrANK5x-jNL-M-fs6lPDzB_hJWpnNey9rHPe25OGrEp_Q5A7F3Czw_1pW6lQY0FskCocUNl7ECWMSWm2d917TxQfSSYFUO1iHFqrgdgQ"")",faults,/home/azureuser/yas/evomaster-config/generated-tests/blackbox/rating/super_admin/EvoMaster_rating_super_admin_faults.java,21,6,True,0,,0,0,,100.0,0,0,0,0,0,0,False,,/home/azureuser/yas/evomaster-config/runtime-logs/classes/rating/super_admin/EvoMaster_rating_super_admin_faults,/home/azureuser/yas/evomaster-config/runtime-logs/classes/rating/super_admin/EvoMaster_rating_super_admin_faults/compile.log,/home/azureuser/yas/evomaster-config/runtime-logs/classes/rating/super_admin/EvoMaster_rating_super_admin_faults/compile_stdout.log,/home/azureuser/yas/evomaster-config/runtime-logs/classes/rating/super_admin/EvoMaster_rating_super_admin_faults/compile_stderr.log,False,False,,,0,False,13.04,12.44,168.58,,/home/azureuser/yas/evomaster-config/runtime-logs/methods/rating/super_admin/EvoMaster_rating_super_admin_faults/test_9_deleteOnRateReturnsMismatchResponseWithSchema,/home/azureuser/yas/evomaster-config/runtime-logs/methods/rating/super_admin/EvoMaster_rating_super_admin_faults/test_9_deleteOnRateReturnsMismatchResponseWithSchema/run.log,/home/azureuser/yas/evomaster-config/runtime-logs/methods/rating/super_admin/EvoMaster_rating_super_admin_faults/test_9_deleteOnRateReturnsMismatchResponseWithSchema/run_stdout.log,/home/azureuser/yas/evomaster-config/runtime-logs/methods/rating/super_admin/EvoMaster_rating_super_admin_faults/test_9_deleteOnRateReturnsMismatchResponseWithSchema/run_stderr.log
rating,super_admin,EvoMaster_rating_super_admin_faults.java,EvoMaster_rating_super_admin_faults,test_10_deleteOnRateReturnsMismatchResponseWithSchema,False,1,403,/rating/backoffice/ratings/{id},DELETE,403,.statusCode(403) .assertThat(),5,".delete(baseUrlOfSut + ""/rating/backoffice/ratings/999"")",,,faults,/home/azureuser/yas/evomaster-config/generated-tests/blackbox/rating/super_admin/EvoMaster_rating_super_admin_faults.java,21,6,True,0,,0,0,,100.0,0,0,0,0,0,0,False,,/home/azureuser/yas/evomaster-config/runtime-logs/classes/rating/super_admin/EvoMaster_rating_super_admin_faults,/home/azureuser/yas/evomaster-config/runtime-logs/classes/rating/super_admin/EvoMaster_rating_super_admin_faults/compile.log,/home/azureuser/yas/evomaster-config/runtime-logs/classes/rating/super_admin/EvoMaster_rating_super_admin_faults/compile_stdout.log,/home/azureuser/yas/evomaster-config/runtime-logs/classes/rating/super_admin/EvoMaster_rating_super_admin_faults/compile_stderr.log,False,False,,,0,False,14.06,11.12,156.27,,/home/azureuser/yas/evomaster-config/runtime-logs/methods/rating/super_admin/EvoMaster_rating_super_admin_faults/test_10_deleteOnRateReturnsMismatchResponseWithSchema,/home/azureuser/yas/evomaster-config/runtime-logs/methods/rating/super_admin/EvoMaster_rating_super_admin_faults/test_10_deleteOnRateReturnsMismatchResponseWithSchema/run.log,/home/azureuser/yas/evomaster-config/runtime-logs/methods/rating/super_admin/EvoMaster_rating_super_admin_faults/test_10_deleteOnRateReturnsMismatchResponseWithSchema/run_stdout.log,/home/azureuser/yas/evomaster-config/runtime-logs/methods/rating/super_admin/EvoMaster_rating_super_admin_faults/test_10_deleteOnRateReturnsMismatchResponseWithSchema/run_stderr.log
rating,super_admin,EvoMaster_rating_super_admin_faults.java,EvoMaster_rating_super_admin_faults,test_11_deleteOnRateReturnsMismatchResponseWithSchema,False,1,403,/rating/backoffice/ratings/{id},DELETE,403,.statusCode(403) .assertThat(),2,".delete(baseUrlOfSut + ""/rating/backoffice/ratings/-1702525718"")",,".header(""Authorization"", ""Bearer eyJhbGciOiJSUzI1NiIsInR5cCIgOiAiSldUIiwia2lkIiA6ICJSclRUNWtBOHhIS3N0YWFSMmh1YTRpT0RpcFE4ek9pcjFrNGZOM3RxNFNVIn0.eyJleHAiOjE3Nzc4NTE4MDUsImlhdCI6MTc3Nzg0ODIwNSwianRpIjoiYzIzZWNiZmItMzk0OC00ODk0LWIzZDMtMmM2NzFlMDY1NWM2IiwiaXNzIjoiaHR0cDovL2lkZW50aXR5L3JlYWxtcy9ZYXMiLCJzdWIiOiI3MDQyZWE5ZS1hNzg0LTQxZjQtYTkzNi1kOGUxNTk5ODlmZjUiLCJ0eXAiOiJCZWFyZXIiLCJhenAiOiJiYWNrb2ZmaWNlLWJmZiIsInNpZCI6ImM2OTA2ZGZkLWI1NGUtNDc3YS05ZGIwLTQ1NDFjYjc5MzlmNiIsInJlYWxtX2FjY2VzcyI6eyJyb2xlcyI6WyJTVVBFUi1BRE1JTiJdfSwic2NvcGUiOiJlbWFpbCBwcm9maWxlIiwiZW1haWxfdmVyaWZpZWQiOmZhbHNlLCJwcmVmZXJyZWRfdXNlcm5hbWUiOiJzdXBlcl9hZG1pbiJ9.BG6TynyMHLA2RL6r9N6tburqnxkwSdynjx6MjtYeSyr3TECv-6nLrcl62DIsTLI7v14vBhFtEeVP57-BGhNE8kiBCNu9qxKJnMqX_LXS_WJnLh0ewAjwOtbwlXQTEop2ro0svMc9Y0cxqejoTy2VR8ByZZGqjawneNufn4BTwYSAUJ-il0U1X4uU9QzDqMRl3mKGY6xzktqGJCa4U1mWmeow4fmgXZPKPQwrkFXVEJhUgxOrANK5x-jNL-M-fs6lPDzB_hJWpnNey9rHPe25OGrEp_Q5A7F3Czw_1pW6lQY0FskCocUNl7ECWMSWm2d917TxQfSSYFUO1iHFqrgdgQ"")",faults,/home/azureuser/yas/evomaster-config/generated-tests/blackbox/rating/super_admin/EvoMaster_rating_super_admin_faults.java,21,6,True,0,,0,0,,100.0,0,0,0,0,0,0,False,,/home/azureuser/yas/evomaster-config/runtime-logs/classes/rating/super_admin/EvoMaster_rating_super_admin_faults,/home/azureuser/yas/evomaster-config/runtime-logs/classes/rating/super_admin/EvoMaster_rating_super_admin_faults/compile.log,/home/azureuser/yas/evomaster-config/runtime-logs/classes/rating/super_admin/EvoMaster_rating_super_admin_faults/compile_stdout.log,/home/azureuser/yas/evomaster-config/runtime-logs/classes/rating/super_admin/EvoMaster_rating_super_admin_faults/compile_stderr.log,False,False,,,0,False,13.04,11.86,156.25,,/home/azureuser/yas/evomaster-config/runtime-logs/methods/rating/super_admin/EvoMaster_rating_super_admin_faults/test_11_deleteOnRateReturnsMismatchResponseWithSchema,/home/azureuser/yas/evomaster-config/runtime-logs/methods/rating/super_admin/EvoMaster_rating_super_admin_faults/test_11_deleteOnRateReturnsMismatchResponseWithSchema/run.log,/home/azureuser/yas/evomaster-config/runtime-logs/methods/rating/super_admin/EvoMaster_rating_super_admin_faults/test_11_deleteOnRateReturnsMismatchResponseWithSchema/run_stdout.log,/home/azureuser/yas/evomaster-config/runtime-logs/methods/rating/super_admin/EvoMaster_rating_super_admin_faults/test_11_deleteOnRateReturnsMismatchResponseWithSchema/run_stderr.log
rating,super_admin,EvoMaster_rating_super_admin_faults.java,EvoMaster_rating_super_admin_faults,test_12_getOnLatestReturnsMismatchResponseWithSchema,False,1,401,/rating/backoffice/ratings/latest/{count},GET,401,.statusCode(401) .assertThat(),2,".get(baseUrlOfSut + ""/rating/backoffice/ratings/latest/591"")",,,faults,/home/azureuser/yas/evomaster-config/generated-tests/blackbox/rating/super_admin/EvoMaster_rating_super_admin_faults.java,21,6,True,0,,0,0,,100.0,0,0,0,0,0,0,False,,/home/azureuser/yas/evomaster-config/runtime-logs/classes/rating/super_admin/EvoMaster_rating_super_admin_faults,/home/azureuser/yas/evomaster-config/runtime-logs/classes/rating/super_admin/EvoMaster_rating_super_admin_faults/compile.log,/home/azureuser/yas/evomaster-config/runtime-logs/classes/rating/super_admin/EvoMaster_rating_super_admin_faults/compile_stdout.log,/home/azureuser/yas/evomaster-config/runtime-logs/classes/rating/super_admin/EvoMaster_rating_super_admin_faults/compile_stderr.log,False,False,,,0,False,12.54,11.35,150.97,,/home/azureuser/yas/evomaster-config/runtime-logs/methods/rating/super_admin/EvoMaster_rating_super_admin_faults/test_12_getOnLatestReturnsMismatchResponseWithSchema,/home/azureuser/yas/evomaster-config/runtime-logs/methods/rating/super_admin/EvoMaster_rating_super_admin_faults/test_12_getOnLatestReturnsMismatchResponseWithSchema/run.log,/home/azureuser/yas/evomaster-config/runtime-logs/methods/rating/super_admin/EvoMaster_rating_super_admin_faults/test_12_getOnLatestReturnsMismatchResponseWithSchema/run_stdout.log,/home/azureuser/yas/evomaster-config/runtime-logs/methods/rating/super_admin/EvoMaster_rating_super_admin_faults/test_12_getOnLatestReturnsMismatchResponseWithSchema/run_stderr.log
rating,super_admin,EvoMaster_rating_super_admin_faults.java,EvoMaster_rating_super_admin_faults,test_13_getOnLatestReturnsMismatchResponseWithSchema,False,1,403,/rating/backoffice/ratings/latest/{count},GET,403,.statusCode(403) .assertThat(),2,".get(baseUrlOfSut + ""/rating/backoffice/ratings/latest/448"")",,".header(""Authorization"", ""Bearer eyJhbGciOiJSUzI1NiIsInR5cCIgOiAiSldUIiwia2lkIiA6ICJSclRUNWtBOHhIS3N0YWFSMmh1YTRpT0RpcFE4ek9pcjFrNGZOM3RxNFNVIn0.eyJleHAiOjE3Nzc4NTE4MDUsImlhdCI6MTc3Nzg0ODIwNSwianRpIjoiYzIzZWNiZmItMzk0OC00ODk0LWIzZDMtMmM2NzFlMDY1NWM2IiwiaXNzIjoiaHR0cDovL2lkZW50aXR5L3JlYWxtcy9ZYXMiLCJzdWIiOiI3MDQyZWE5ZS1hNzg0LTQxZjQtYTkzNi1kOGUxNTk5ODlmZjUiLCJ0eXAiOiJCZWFyZXIiLCJhenAiOiJiYWNrb2ZmaWNlLWJmZiIsInNpZCI6ImM2OTA2ZGZkLWI1NGUtNDc3YS05ZGIwLTQ1NDFjYjc5MzlmNiIsInJlYWxtX2FjY2VzcyI6eyJyb2xlcyI6WyJTVVBFUi1BRE1JTiJdfSwic2NvcGUiOiJlbWFpbCBwcm9maWxlIiwiZW1haWxfdmVyaWZpZWQiOmZhbHNlLCJwcmVmZXJyZWRfdXNlcm5hbWUiOiJzdXBlcl9hZG1pbiJ9.BG6TynyMHLA2RL6r9N6tburqnxkwSdynjx6MjtYeSyr3TECv-6nLrcl62DIsTLI7v14vBhFtEeVP57-BGhNE8kiBCNu9qxKJnMqX_LXS_WJnLh0ewAjwOtbwlXQTEop2ro0svMc9Y0cxqejoTy2VR8ByZZGqjawneNufn4BTwYSAUJ-il0U1X4uU9QzDqMRl3mKGY6xzktqGJCa4U1mWmeow4fmgXZPKPQwrkFXVEJhUgxOrANK5x-jNL-M-fs6lPDzB_hJWpnNey9rHPe25OGrEp_Q5A7F3Czw_1pW6lQY0FskCocUNl7ECWMSWm2d917TxQfSSYFUO1iHFqrgdgQ"")",faults,/home/azureuser/yas/evomaster-config/generated-tests/blackbox/rating/super_admin/EvoMaster_rating_super_admin_faults.java,21,6,True,0,,0,0,,100.0,0,0,0,0,0,0,False,,/home/azureuser/yas/evomaster-config/runtime-logs/classes/rating/super_admin/EvoMaster_rating_super_admin_faults,/home/azureuser/yas/evomaster-config/runtime-logs/classes/rating/super_admin/EvoMaster_rating_super_admin_faults/compile.log,/home/azureuser/yas/evomaster-config/runtime-logs/classes/rating/super_admin/EvoMaster_rating_super_admin_faults/compile_stdout.log,/home/azureuser/yas/evomaster-config/runtime-logs/classes/rating/super_admin/EvoMaster_rating_super_admin_faults/compile_stderr.log,False,False,,,0,False,12.54,11.13,160.71,,/home/azureuser/yas/evomaster-config/runtime-logs/methods/rating/super_admin/EvoMaster_rating_super_admin_faults/test_13_getOnLatestReturnsMismatchResponseWithSchema,/home/azureuser/yas/evomaster-config/runtime-logs/methods/rating/super_admin/EvoMaster_rating_super_admin_faults/test_13_getOnLatestReturnsMismatchResponseWithSchema/run.log,/home/azureuser/yas/evomaster-config/runtime-logs/methods/rating/super_admin/EvoMaster_rating_super_admin_faults/test_13_getOnLatestReturnsMismatchResponseWithSchema/run_stdout.log,/home/azureuser/yas/evomaster-config/runtime-logs/methods/rating/super_admin/EvoMaster_rating_super_admin_faults/test_13_getOnLatestReturnsMismatchResponseWithSchema/run_stderr.log
rating,user,EvoMaster_rating_user_faults.java,EvoMaster_rating_user_faults,test_0_postOnRatingsShowsFaults_100_101,False,1,500,/rating/storefront/ratings,POST,500,.statusCode(500) .assertThat(),6,".post(baseUrlOfSut + ""/rating/storefront/ratings"")",".body("" { "" + 
                    "" \""productName\"": \""7EonxWd\"" "" + 
                    "" } "")",".header(""Authorization"", ""Bearer eyJhbGciOiJSUzI1NiIsInR5cCIgOiAiSldUIiwia2lkIiA6ICJSclRUNWtBOHhIS3N0YWFSMmh1YTRpT0RpcFE4ek9pcjFrNGZOM3RxNFNVIn0.eyJleHAiOjE3Nzc4NTE4MTUsImlhdCI6MTc3Nzg0ODIxNSwianRpIjoiZTM2NzM0YzAtNWI0ZS00NjEyLWI2NGItNDE1YzY0YzQwNGNlIiwiaXNzIjoiaHR0cDovL2lkZW50aXR5L3JlYWxtcy9ZYXMiLCJzdWIiOiIwMTEzZmQyNy1hMDllLTQ3MjItYjFlNS01MDA3ZjU4ZjUyODgiLCJ0eXAiOiJCZWFyZXIiLCJhenAiOiJiYWNrb2ZmaWNlLWJmZiIsInNpZCI6Ijc5Nzg2MGJjLWY5ZDItNDY1MS05MGQ3LWIxMzZkN2VmOGM0ZSIsInJlYWxtX2FjY2VzcyI6eyJyb2xlcyI6WyJVU0VSIl19LCJzY29wZSI6ImVtYWlsIHByb2ZpbGUiLCJlbWFpbF92ZXJpZmllZCI6ZmFsc2UsInByZWZlcnJlZF91c2VybmFtZSI6InVzZXJfcm9sZSJ9.MPhwctBIb64TKsK0SCXwzvrL2hB7g0Kn7iuK5aWmWJyyv2Xe6ddq6fbGJiXQmUxnNwmOPuSx-YTHj8Zw8SFCD--V7Wppy0xRsFhVK0abJa3-1QWqwCPX6CScfI5sqYnUXWaNwSnyWBV0UpGVGbsRvON47PkEHcX4EvYZQSxlyZ2VR26iLpK-6rrnl8cRiqmK5AogfmMNoU_usW9DCu8muLlGgQABm0jtSWg6kXT5vj2L6p1_3PmHhVFMdCiUrOqHgPZfAAd-L3jqHzW3PS6nwXZ9npao9hnvv1yRGWYYTr2Zgafw0z5CuxiwKv4NVtI36AA9I0R0SBnzMalcDA3L2Q"")",faults,/home/azureuser/yas/evomaster-config/generated-tests/blackbox/rating/user/EvoMaster_rating_user_faults.java,21,6,True,0,,0,0,,100.0,0,0,0,0,0,0,False,,/home/azureuser/yas/evomaster-config/runtime-logs/classes/rating/user/EvoMaster_rating_user_faults,/home/azureuser/yas/evomaster-config/runtime-logs/classes/rating/user/EvoMaster_rating_user_faults/compile.log,/home/azureuser/yas/evomaster-config/runtime-logs/classes/rating/user/EvoMaster_rating_user_faults/compile_stdout.log,/home/azureuser/yas/evomaster-config/runtime-logs/classes/rating/user/EvoMaster_rating_user_faults/compile_stderr.log,False,False,,,0,False,14.04,11.43,154.47,,/home/azureuser/yas/evomaster-config/runtime-logs/methods/rating/user/EvoMaster_rating_user_faults/test_0_postOnRatingsShowsFaults_100_101,/home/azureuser/yas/evomaster-config/runtime-logs/methods/rating/user/EvoMaster_rating_user_faults/test_0_postOnRatingsShowsFaults_100_101/run.log,/home/azureuser/yas/evomaster-config/runtime-logs/methods/rating/user/EvoMaster_rating_user_faults/test_0_postOnRatingsShowsFaults_100_101/run_stdout.log,/home/azureuser/yas/evomaster-config/runtime-logs/methods/rating/user/EvoMaster_rating_user_faults/test_0_postOnRatingsShowsFaults_100_101/run_stderr.log
rating,user,EvoMaster_rating_user_faults.java,EvoMaster_rating_user_faults,test_7_postOnRatingsReturnsMismatchResponseWithSchema,False,1,403,/rating/storefront/ratings,POST,403,.statusCode(403) .assertThat(),6,".post(baseUrlOfSut + ""/rating/storefront/ratings"")",".body("" { "" + 
                    "" \""content\"": \""nQ7G\"", "" + 
                    "" \""star\"": 714 "" + 
                    "" } "")",".header(""Authorization"", ""Bearer eyJhbGciOiJSUzI1NiIsInR5cCIgOiAiSldUIiwia2lkIiA6ICJSclRUNWtBOHhIS3N0YWFSMmh1YTRpT0RpcFE4ek9pcjFrNGZOM3RxNFNVIn0.eyJleHAiOjE3Nzc4NTE4MTUsImlhdCI6MTc3Nzg0ODIxNSwianRpIjoiZTM2NzM0YzAtNWI0ZS00NjEyLWI2NGItNDE1YzY0YzQwNGNlIiwiaXNzIjoiaHR0cDovL2lkZW50aXR5L3JlYWxtcy9ZYXMiLCJzdWIiOiIwMTEzZmQyNy1hMDllLTQ3MjItYjFlNS01MDA3ZjU4ZjUyODgiLCJ0eXAiOiJCZWFyZXIiLCJhenAiOiJiYWNrb2ZmaWNlLWJmZiIsInNpZCI6Ijc5Nzg2MGJjLWY5ZDItNDY1MS05MGQ3LWIxMzZkN2VmOGM0ZSIsInJlYWxtX2FjY2VzcyI6eyJyb2xlcyI6WyJVU0VSIl19LCJzY29wZSI6ImVtYWlsIHByb2ZpbGUiLCJlbWFpbF92ZXJpZmllZCI6ZmFsc2UsInByZWZlcnJlZF91c2VybmFtZSI6InVzZXJfcm9sZSJ9.MPhwctBIb64TKsK0SCXwzvrL2hB7g0Kn7iuK5aWmWJyyv2Xe6ddq6fbGJiXQmUxnNwmOPuSx-YTHj8Zw8SFCD--V7Wppy0xRsFhVK0abJa3-1QWqwCPX6CScfI5sqYnUXWaNwSnyWBV0UpGVGbsRvON47PkEHcX4EvYZQSxlyZ2VR26iLpK-6rrnl8cRiqmK5AogfmMNoU_usW9DCu8muLlGgQABm0jtSWg6kXT5vj2L6p1_3PmHhVFMdCiUrOqHgPZfAAd-L3jqHzW3PS6nwXZ9npao9hnvv1yRGWYYTr2Zgafw0z5CuxiwKv4NVtI36AA9I0R0SBnzMalcDA3L2Q"")",faults,/home/azureuser/yas/evomaster-config/generated-tests/blackbox/rating/user/EvoMaster_rating_user_faults.java,21,6,True,0,,0,0,,100.0,0,0,0,0,0,0,False,,/home/azureuser/yas/evomaster-config/runtime-logs/classes/rating/user/EvoMaster_rating_user_faults,/home/azureuser/yas/evomaster-config/runtime-logs/classes/rating/user/EvoMaster_rating_user_faults/compile.log,/home/azureuser/yas/evomaster-config/runtime-logs/classes/rating/user/EvoMaster_rating_user_faults/compile_stdout.log,/home/azureuser/yas/evomaster-config/runtime-logs/classes/rating/user/EvoMaster_rating_user_faults/compile_stderr.log,False,False,,,0,False,14.05,11.26,163.95,,/home/azureuser/yas/evomaster-config/runtime-logs/methods/rating/user/EvoMaster_rating_user_faults/test_7_postOnRatingsReturnsMismatchResponseWithSchema,/home/azureuser/yas/evomaster-config/runtime-logs/methods/rating/user/EvoMaster_rating_user_faults/test_7_postOnRatingsReturnsMismatchResponseWithSchema/run.log,/home/azureuser/yas/evomaster-config/runtime-logs/methods/rating/user/EvoMaster_rating_user_faults/test_7_postOnRatingsReturnsMismatchResponseWithSchema/run_stdout.log,/home/azureuser/yas/evomaster-config/runtime-logs/methods/rating/user/EvoMaster_rating_user_faults/test_7_postOnRatingsReturnsMismatchResponseWithSchema/run_stderr.log
rating,user,EvoMaster_rating_user_faults.java,EvoMaster_rating_user_faults,test_8_postOnRatingsReturnsMismatchResponseWithSchema,False,1,403,/rating/storefront/ratings,POST,403,.statusCode(403) .assertThat(),5,".post(baseUrlOfSut + ""/rating/storefront/ratings"")",".body("" { "" + 
                    "" \""content\"": \""z3htUBdC\"", "" + 
                    "" \""productName\"": \""0js\"" "" + 
                    "" } "")",,faults,/home/azureuser/yas/evomaster-config/generated-tests/blackbox/rating/user/EvoMaster_rating_user_faults.java,21,6,True,0,,0,0,,100.0,0,0,0,0,0,0,False,,/home/azureuser/yas/evomaster-config/runtime-logs/classes/rating/user/EvoMaster_rating_user_faults,/home/azureuser/yas/evomaster-config/runtime-logs/classes/rating/user/EvoMaster_rating_user_faults/compile.log,/home/azureuser/yas/evomaster-config/runtime-logs/classes/rating/user/EvoMaster_rating_user_faults/compile_stdout.log,/home/azureuser/yas/evomaster-config/runtime-logs/classes/rating/user/EvoMaster_rating_user_faults/compile_stderr.log,False,False,,,0,False,13.55,11.09,158.76,,/home/azureuser/yas/evomaster-config/runtime-logs/methods/rating/user/EvoMaster_rating_user_faults/test_8_postOnRatingsReturnsMismatchResponseWithSchema,/home/azureuser/yas/evomaster-config/runtime-logs/methods/rating/user/EvoMaster_rating_user_faults/test_8_postOnRatingsReturnsMismatchResponseWithSchema/run.log,/home/azureuser/yas/evomaster-config/runtime-logs/methods/rating/user/EvoMaster_rating_user_faults/test_8_postOnRatingsReturnsMismatchResponseWithSchema/run_stdout.log,/home/azureuser/yas/evomaster-config/runtime-logs/methods/rating/user/EvoMaster_rating_user_faults/test_8_postOnRatingsReturnsMismatchResponseWithSchema/run_stderr.log
rating,user,EvoMaster_rating_user_faults.java,EvoMaster_rating_user_faults,test_9_deleteOnRateReturnsMismatchResponseWithSchema,False,1,403,/rating/backoffice/ratings/{id},DELETE,403,.statusCode(403) .assertThat(),2,".delete(baseUrlOfSut + ""/rating/backoffice/ratings/1316755600"")",,".header(""Authorization"", ""Bearer eyJhbGciOiJSUzI1NiIsInR5cCIgOiAiSldUIiwia2lkIiA6ICJSclRUNWtBOHhIS3N0YWFSMmh1YTRpT0RpcFE4ek9pcjFrNGZOM3RxNFNVIn0.eyJleHAiOjE3Nzc4NTE4MTUsImlhdCI6MTc3Nzg0ODIxNSwianRpIjoiZTM2NzM0YzAtNWI0ZS00NjEyLWI2NGItNDE1YzY0YzQwNGNlIiwiaXNzIjoiaHR0cDovL2lkZW50aXR5L3JlYWxtcy9ZYXMiLCJzdWIiOiIwMTEzZmQyNy1hMDllLTQ3MjItYjFlNS01MDA3ZjU4ZjUyODgiLCJ0eXAiOiJCZWFyZXIiLCJhenAiOiJiYWNrb2ZmaWNlLWJmZiIsInNpZCI6Ijc5Nzg2MGJjLWY5ZDItNDY1MS05MGQ3LWIxMzZkN2VmOGM0ZSIsInJlYWxtX2FjY2VzcyI6eyJyb2xlcyI6WyJVU0VSIl19LCJzY29wZSI6ImVtYWlsIHByb2ZpbGUiLCJlbWFpbF92ZXJpZmllZCI6ZmFsc2UsInByZWZlcnJlZF91c2VybmFtZSI6InVzZXJfcm9sZSJ9.MPhwctBIb64TKsK0SCXwzvrL2hB7g0Kn7iuK5aWmWJyyv2Xe6ddq6fbGJiXQmUxnNwmOPuSx-YTHj8Zw8SFCD--V7Wppy0xRsFhVK0abJa3-1QWqwCPX6CScfI5sqYnUXWaNwSnyWBV0UpGVGbsRvON47PkEHcX4EvYZQSxlyZ2VR26iLpK-6rrnl8cRiqmK5AogfmMNoU_usW9DCu8muLlGgQABm0jtSWg6kXT5vj2L6p1_3PmHhVFMdCiUrOqHgPZfAAd-L3jqHzW3PS6nwXZ9npao9hnvv1yRGWYYTr2Zgafw0z5CuxiwKv4NVtI36AA9I0R0SBnzMalcDA3L2Q"")",faults,/home/azureuser/yas/evomaster-config/generated-tests/blackbox/rating/user/EvoMaster_rating_user_faults.java,21,6,True,0,,0,0,,100.0,0,0,0,0,0,0,False,,/home/azureuser/yas/evomaster-config/runtime-logs/classes/rating/user/EvoMaster_rating_user_faults,/home/azureuser/yas/evomaster-config/runtime-logs/classes/rating/user/EvoMaster_rating_user_faults/compile.log,/home/azureuser/yas/evomaster-config/runtime-logs/classes/rating/user/EvoMaster_rating_user_faults/compile_stdout.log,/home/azureuser/yas/evomaster-config/runtime-logs/classes/rating/user/EvoMaster_rating_user_faults/compile_stderr.log,False,False,,,0,False,13.05,12.06,170.51,,/home/azureuser/yas/evomaster-config/runtime-logs/methods/rating/user/EvoMaster_rating_user_faults/test_9_deleteOnRateReturnsMismatchResponseWithSchema,/home/azureuser/yas/evomaster-config/runtime-logs/methods/rating/user/EvoMaster_rating_user_faults/test_9_deleteOnRateReturnsMismatchResponseWithSchema/run.log,/home/azureuser/yas/evomaster-config/runtime-logs/methods/rating/user/EvoMaster_rating_user_faults/test_9_deleteOnRateReturnsMismatchResponseWithSchema/run_stdout.log,/home/azureuser/yas/evomaster-config/runtime-logs/methods/rating/user/EvoMaster_rating_user_faults/test_9_deleteOnRateReturnsMismatchResponseWithSchema/run_stderr.log
rating,user,EvoMaster_rating_user_faults.java,EvoMaster_rating_user_faults,test_10_deleteOnRateReturnsMismatchResponseWithSchema,False,1,403,/rating/backoffice/ratings/{id},DELETE,403,.statusCode(403) .assertThat(),5,".delete(baseUrlOfSut + ""/rating/backoffice/ratings/572"")",,,faults,/home/azureuser/yas/evomaster-config/generated-tests/blackbox/rating/user/EvoMaster_rating_user_faults.java,21,6,True,0,,0,0,,100.0,0,0,0,0,0,0,False,,/home/azureuser/yas/evomaster-config/runtime-logs/classes/rating/user/EvoMaster_rating_user_faults,/home/azureuser/yas/evomaster-config/runtime-logs/classes/rating/user/EvoMaster_rating_user_faults/compile.log,/home/azureuser/yas/evomaster-config/runtime-logs/classes/rating/user/EvoMaster_rating_user_faults/compile_stdout.log,/home/azureuser/yas/evomaster-config/runtime-logs/classes/rating/user/EvoMaster_rating_user_faults/compile_stderr.log,False,False,,,0,False,14.04,11.61,159.44,,/home/azureuser/yas/evomaster-config/runtime-logs/methods/rating/user/EvoMaster_rating_user_faults/test_10_deleteOnRateReturnsMismatchResponseWithSchema,/home/azureuser/yas/evomaster-config/runtime-logs/methods/rating/user/EvoMaster_rating_user_faults/test_10_deleteOnRateReturnsMismatchResponseWithSchema/run.log,/home/azureuser/yas/evomaster-config/runtime-logs/methods/rating/user/EvoMaster_rating_user_faults/test_10_deleteOnRateReturnsMismatchResponseWithSchema/run_stdout.log,/home/azureuser/yas/evomaster-config/runtime-logs/methods/rating/user/EvoMaster_rating_user_faults/test_10_deleteOnRateReturnsMismatchResponseWithSchema/run_stderr.log
rating,user,EvoMaster_rating_user_faults.java,EvoMaster_rating_user_faults,test_11_getOnLatestReturnsMismatchResponseWithSchema,False,1,401,/rating/backoffice/ratings/latest/{count},GET,401,.statusCode(401) .assertThat(),2,".get(baseUrlOfSut + ""/rating/backoffice/ratings/latest/610"")",,,faults,/home/azureuser/yas/evomaster-config/generated-tests/blackbox/rating/user/EvoMaster_rating_user_faults.java,21,6,True,0,,0,0,,100.0,0,0,0,0,0,0,False,,/home/azureuser/yas/evomaster-config/runtime-logs/classes/rating/user/EvoMaster_rating_user_faults,/home/azureuser/yas/evomaster-config/runtime-logs/classes/rating/user/EvoMaster_rating_user_faults/compile.log,/home/azureuser/yas/evomaster-config/runtime-logs/classes/rating/user/EvoMaster_rating_user_faults/compile_stdout.log,/home/azureuser/yas/evomaster-config/runtime-logs/classes/rating/user/EvoMaster_rating_user_faults/compile_stderr.log,False,False,,,0,False,12.55,11.43,157.97,,/home/azureuser/yas/evomaster-config/runtime-logs/methods/rating/user/EvoMaster_rating_user_faults/test_11_getOnLatestReturnsMismatchResponseWithSchema,/home/azureuser/yas/evomaster-config/runtime-logs/methods/rating/user/EvoMaster_rating_user_faults/test_11_getOnLatestReturnsMismatchResponseWithSchema/run.log,/home/azureuser/yas/evomaster-config/runtime-logs/methods/rating/user/EvoMaster_rating_user_faults/test_11_getOnLatestReturnsMismatchResponseWithSchema/run_stdout.log,/home/azureuser/yas/evomaster-config/runtime-logs/methods/rating/user/EvoMaster_rating_user_faults/test_11_getOnLatestReturnsMismatchResponseWithSchema/run_stderr.log
rating,user,EvoMaster_rating_user_faults.java,EvoMaster_rating_user_faults,test_12_getOnLatestReturnsMismatchResponseWithSchema,False,1,403,/rating/backoffice/ratings/latest/{count},GET,403,.statusCode(403) .assertThat(),2,".get(baseUrlOfSut + ""/rating/backoffice/ratings/latest/208"")",,".header(""Authorization"", ""Bearer eyJhbGciOiJSUzI1NiIsInR5cCIgOiAiSldUIiwia2lkIiA6ICJSclRUNWtBOHhIS3N0YWFSMmh1YTRpT0RpcFE4ek9pcjFrNGZOM3RxNFNVIn0.eyJleHAiOjE3Nzc4NTE4MTUsImlhdCI6MTc3Nzg0ODIxNSwianRpIjoiZTM2NzM0YzAtNWI0ZS00NjEyLWI2NGItNDE1YzY0YzQwNGNlIiwiaXNzIjoiaHR0cDovL2lkZW50aXR5L3JlYWxtcy9ZYXMiLCJzdWIiOiIwMTEzZmQyNy1hMDllLTQ3MjItYjFlNS01MDA3ZjU4ZjUyODgiLCJ0eXAiOiJCZWFyZXIiLCJhenAiOiJiYWNrb2ZmaWNlLWJmZiIsInNpZCI6Ijc5Nzg2MGJjLWY5ZDItNDY1MS05MGQ3LWIxMzZkN2VmOGM0ZSIsInJlYWxtX2FjY2VzcyI6eyJyb2xlcyI6WyJVU0VSIl19LCJzY29wZSI6ImVtYWlsIHByb2ZpbGUiLCJlbWFpbF92ZXJpZmllZCI6ZmFsc2UsInByZWZlcnJlZF91c2VybmFtZSI6InVzZXJfcm9sZSJ9.MPhwctBIb64TKsK0SCXwzvrL2hB7g0Kn7iuK5aWmWJyyv2Xe6ddq6fbGJiXQmUxnNwmOPuSx-YTHj8Zw8SFCD--V7Wppy0xRsFhVK0abJa3-1QWqwCPX6CScfI5sqYnUXWaNwSnyWBV0UpGVGbsRvON47PkEHcX4EvYZQSxlyZ2VR26iLpK-6rrnl8cRiqmK5AogfmMNoU_usW9DCu8muLlGgQABm0jtSWg6kXT5vj2L6p1_3PmHhVFMdCiUrOqHgPZfAAd-L3jqHzW3PS6nwXZ9npao9hnvv1yRGWYYTr2Zgafw0z5CuxiwKv4NVtI36AA9I0R0SBnzMalcDA3L2Q"")",faults,/home/azureuser/yas/evomaster-config/generated-tests/blackbox/rating/user/EvoMaster_rating_user_faults.java,21,6,True,0,,0,0,,100.0,0,0,0,0,0,0,False,,/home/azureuser/yas/evomaster-config/runtime-logs/classes/rating/user/EvoMaster_rating_user_faults,/home/azureuser/yas/evomaster-config/runtime-logs/classes/rating/user/EvoMaster_rating_user_faults/compile.log,/home/azureuser/yas/evomaster-config/runtime-logs/classes/rating/user/EvoMaster_rating_user_faults/compile_stdout.log,/home/azureuser/yas/evomaster-config/runtime-logs/classes/rating/user/EvoMaster_rating_user_faults/compile_stderr.log,False,False,,,0,False,12.56,11.28,160.69,,/home/azureuser/yas/evomaster-config/runtime-logs/methods/rating/user/EvoMaster_rating_user_faults/test_12_getOnLatestReturnsMismatchResponseWithSchema,/home/azureuser/yas/evomaster-config/runtime-logs/methods/rating/user/EvoMaster_rating_user_faults/test_12_getOnLatestReturnsMismatchResponseWithSchema/run.log,/home/azureuser/yas/evomaster-config/runtime-logs/methods/rating/user/EvoMaster_rating_user_faults/test_12_getOnLatestReturnsMismatchResponseWithSchema/run_stdout.log,/home/azureuser/yas/evomaster-config/runtime-logs/methods/rating/user/EvoMaster_rating_user_faults/test_12_getOnLatestReturnsMismatchResponseWithSchema/run_stderr.log
sampledata,admin_only,EvoMaster_sampledata_admin_only_faults.java,EvoMaster_sampledata_admin_only_faults,test_0_postOnSampledataReturnsMismatchResponseWithSchema,False,1,200,/sampledata/storefront/sampledata,POST,200,.statusCode(200) .assertThat(),3,".post(baseUrlOfSut + ""/sampledata/storefront/sampledata"")",".body("" {} "")",".header(""Authorization"", ""Bearer eyJhbGciOiJSUzI1NiIsInR5cCIgOiAiSldUIiwia2lkIiA6ICJSclRUNWtBOHhIS3N0YWFSMmh1YTRpT0RpcFE4ek9pcjFrNGZOM3RxNFNVIn0.eyJleHAiOjE3Nzc4NTE3OTYsImlhdCI6MTc3Nzg0ODE5NiwianRpIjoiMmY5MDQ5YTEtZDc2ZS00MTJiLWExMzUtYmZkMTIyMDEzZjdkIiwiaXNzIjoiaHR0cDovL2lkZW50aXR5L3JlYWxtcy9ZYXMiLCJzdWIiOiJlY2RlODFiYy00MTgwLTQ2ZWMtOTBlZi02NmIxNDVkOWQyMmMiLCJ0eXAiOiJCZWFyZXIiLCJhenAiOiJiYWNrb2ZmaWNlLWJmZiIsInNpZCI6IjJjYzQ0ZmY3LTk2YmQtNDQyMy04Nzg5LTA3NGEwZDQ1OWI5ZCIsInJlYWxtX2FjY2VzcyI6eyJyb2xlcyI6WyJBRE1JTiJdfSwic2NvcGUiOiJlbWFpbCBwcm9maWxlIiwiZW1haWxfdmVyaWZpZWQiOmZhbHNlLCJwcmVmZXJyZWRfdXNlcm5hbWUiOiJhZG1pbl9vbmx5In0.wwO-HOsXRX4_nnuCRCJ6YYaOJDxIGPhSnT_colEPOodc5NKm4ISWEkyR68SRF2hXXDz2F9EFLhHqwupWXtzMpbltm_UGU49rJkH9sGQeS-WR7ewAdCvIOvMD2bH3MPaw6TLMXV4DEMDjSnTL_Z6iit7dgZJ0jN64C-pPafdq2EN4Pr0e3j-M6TH01bjjRKNmYEjq7zoWSzS7mgPVxTIjq-xIJB1B9OyPhUBFtzmPR4rkaqjz69OnhNl_ou_su5hcirRVVop4khZKjpTM3lizcvKXbiIDXEwD42_pH2IsKdVMohi2t3C1PZOPn8uR4ixDNIPdvvZkmH1RNs6qhF3jkw"")",faults,/home/azureuser/yas/evomaster-config/generated-tests/blackbox/sampledata/admin_only/EvoMaster_sampledata_admin_only_faults.java,21,6,True,0,,0,0,,100.0,0,0,0,0,0,0,False,,/home/azureuser/yas/evomaster-config/runtime-logs/classes/sampledata/admin_only/EvoMaster_sampledata_admin_only_faults,/home/azureuser/yas/evomaster-config/runtime-logs/classes/sampledata/admin_only/EvoMaster_sampledata_admin_only_faults/compile.log,/home/azureuser/yas/evomaster-config/runtime-logs/classes/sampledata/admin_only/EvoMaster_sampledata_admin_only_faults/compile_stdout.log,/home/azureuser/yas/evomaster-config/runtime-logs/classes/sampledata/admin_only/EvoMaster_sampledata_admin_only_faults/compile_stderr.log,False,False,,,0,False,14.08,11.13,160.23,,/home/azureuser/yas/evomaster-config/runtime-logs/methods/sampledata/admin_only/EvoMaster_sampledata_admin_only_faults/test_0_postOnSampledataReturnsMismatchResponseWithSchema,/home/azureuser/yas/evomaster-config/runtime-logs/methods/sampledata/admin_only/EvoMaster_sampledata_admin_only_faults/test_0_postOnSampledataReturnsMismatchResponseWithSchema/run.log,/home/azureuser/yas/evomaster-config/runtime-logs/methods/sampledata/admin_only/EvoMaster_sampledata_admin_only_faults/test_0_postOnSampledataReturnsMismatchResponseWithSchema/run_stdout.log,/home/azureuser/yas/evomaster-config/runtime-logs/methods/sampledata/admin_only/EvoMaster_sampledata_admin_only_faults/test_0_postOnSampledataReturnsMismatchResponseWithSchema/run_stderr.log
sampledata,admin_only,EvoMaster_sampledata_admin_only_faults.java,EvoMaster_sampledata_admin_only_faults,test_1_postOnSampledataReturnsMismatchResponseWithSchema,False,1,200,/sampledata/storefront/sampledata,POST,200,.statusCode(200) .assertThat(),3,".post(baseUrlOfSut + ""/sampledata/storefront/sampledata"")",".body("" { "" + 
                    "" \""message\"": \""dXmH\"" "" + 
                    "" } "")",,faults,/home/azureuser/yas/evomaster-config/generated-tests/blackbox/sampledata/admin_only/EvoMaster_sampledata_admin_only_faults.java,21,6,True,0,,0,0,,100.0,0,0,0,0,0,0,False,,/home/azureuser/yas/evomaster-config/runtime-logs/classes/sampledata/admin_only/EvoMaster_sampledata_admin_only_faults,/home/azureuser/yas/evomaster-config/runtime-logs/classes/sampledata/admin_only/EvoMaster_sampledata_admin_only_faults/compile.log,/home/azureuser/yas/evomaster-config/runtime-logs/classes/sampledata/admin_only/EvoMaster_sampledata_admin_only_faults/compile_stdout.log,/home/azureuser/yas/evomaster-config/runtime-logs/classes/sampledata/admin_only/EvoMaster_sampledata_admin_only_faults/compile_stderr.log,False,False,,,0,False,14.05,11.55,161.14,,/home/azureuser/yas/evomaster-config/runtime-logs/methods/sampledata/admin_only/EvoMaster_sampledata_admin_only_faults/test_1_postOnSampledataReturnsMismatchResponseWithSchema,/home/azureuser/yas/evomaster-config/runtime-logs/methods/sampledata/admin_only/EvoMaster_sampledata_admin_only_faults/test_1_postOnSampledataReturnsMismatchResponseWithSchema/run.log,/home/azureuser/yas/evomaster-config/runtime-logs/methods/sampledata/admin_only/EvoMaster_sampledata_admin_only_faults/test_1_postOnSampledataReturnsMismatchResponseWithSchema/run_stdout.log,/home/azureuser/yas/evomaster-config/runtime-logs/methods/sampledata/admin_only/EvoMaster_sampledata_admin_only_faults/test_1_postOnSampledataReturnsMismatchResponseWithSchema/run_stderr.log
sampledata,customer,EvoMaster_sampledata_customer_faults.java,EvoMaster_sampledata_customer_faults,test_0_postOnSampledataReturnsMismatchResponseWithSchema,False,1,200,/sampledata/storefront/sampledata,POST,200,.statusCode(200) .assertThat(),3,".post(baseUrlOfSut + ""/sampledata/storefront/sampledata"")",".body("" {} "")",".header(""Authorization"", ""Bearer eyJhbGciOiJSUzI1NiIsInR5cCIgOiAiSldUIiwia2lkIiA6ICJSclRUNWtBOHhIS3N0YWFSMmh1YTRpT0RpcFE4ek9pcjFrNGZOM3RxNFNVIn0.eyJleHAiOjE3Nzc4NTE4MTAsImlhdCI6MTc3Nzg0ODIxMCwianRpIjoiNDA0NWE1MzEtYjJhOC00NzQyLTk1NmYtNjg3YWZlNTljNDVjIiwiaXNzIjoiaHR0cDovL2lkZW50aXR5L3JlYWxtcy9ZYXMiLCJzdWIiOiI0Yjg1MzdlZC1mZTg4LTQ3MGQtYmFkNS0wZjQ5Y2E2Zjg5NjAiLCJ0eXAiOiJCZWFyZXIiLCJhenAiOiJiYWNrb2ZmaWNlLWJmZiIsInNpZCI6IjZjOGViMmE1LTU0OWQtNDhlNC05YWZmLTQ1NmM4ODg5YjllYSIsInJlYWxtX2FjY2VzcyI6eyJyb2xlcyI6WyJkZWZhdWx0LXJvbGVzLXlhcyIsIm9mZmxpbmVfYWNjZXNzIiwiQ1VTVE9NRVIiLCJ1bWFfYXV0aG9yaXphdGlvbiJdfSwic2NvcGUiOiJlbWFpbCBwcm9maWxlIiwiZW1haWxfdmVyaWZpZWQiOmZhbHNlLCJwcmVmZXJyZWRfdXNlcm5hbWUiOiJ1c2VyIn0.WySURy53X7EWggVEUvfwyUgiQOop5G4Q8vr0bDGwksDpsxHnO7ANSa5-K6l_Prsd3tb8jhz2rBgmXg_Kk62iIs-clEdXH4gVMgrQ56Dv6srqPWetqSTqC8y50Fvd3jV8OTv6LlX2uECqyofTfw7WiheRrpc1Rr9dO0nq4FuzHOyYDrAMsV798zzyF2v8Oz_fZ1M_65o4crSUgy1unhpIQGea2GGqoV1OyckQLvuANE6jWBvcKF5O6fHDhPnoOd-5fLjAughY-UYb3DlqF_XYvgx_IfgnCFoh4KjVeFh3rc6srgUsafpPyw32Mv6ulJXcg_Hb7FYrPOh6EWHy_8rjyw"")",faults,/home/azureuser/yas/evomaster-config/generated-tests/blackbox/sampledata/customer/EvoMaster_sampledata_customer_faults.java,21,6,True,0,,0,0,,100.0,0,0,0,0,0,0,False,,/home/azureuser/yas/evomaster-config/runtime-logs/classes/sampledata/customer/EvoMaster_sampledata_customer_faults,/home/azureuser/yas/evomaster-config/runtime-logs/classes/sampledata/customer/EvoMaster_sampledata_customer_faults/compile.log,/home/azureuser/yas/evomaster-config/runtime-logs/classes/sampledata/customer/EvoMaster_sampledata_customer_faults/compile_stdout.log,/home/azureuser/yas/evomaster-config/runtime-logs/classes/sampledata/customer/EvoMaster_sampledata_customer_faults/compile_stderr.log,False,False,,,0,False,14.04,11.27,165.14,,/home/azureuser/yas/evomaster-config/runtime-logs/methods/sampledata/customer/EvoMaster_sampledata_customer_faults/test_0_postOnSampledataReturnsMismatchResponseWithSchema,/home/azureuser/yas/evomaster-config/runtime-logs/methods/sampledata/customer/EvoMaster_sampledata_customer_faults/test_0_postOnSampledataReturnsMismatchResponseWithSchema/run.log,/home/azureuser/yas/evomaster-config/runtime-logs/methods/sampledata/customer/EvoMaster_sampledata_customer_faults/test_0_postOnSampledataReturnsMismatchResponseWithSchema/run_stdout.log,/home/azureuser/yas/evomaster-config/runtime-logs/methods/sampledata/customer/EvoMaster_sampledata_customer_faults/test_0_postOnSampledataReturnsMismatchResponseWithSchema/run_stderr.log
sampledata,customer,EvoMaster_sampledata_customer_faults.java,EvoMaster_sampledata_customer_faults,test_1_postOnSampledataReturnsMismatchResponseWithSchema,False,1,200,/sampledata/storefront/sampledata,POST,200,.statusCode(200) .assertThat(),3,".post(baseUrlOfSut + ""/sampledata/storefront/sampledata"")",".body("" { "" + 
                    "" \""message\"": \""ERg6JjZ_eHGtK\"" "" + 
                    "" } "")",,faults,/home/azureuser/yas/evomaster-config/generated-tests/blackbox/sampledata/customer/EvoMaster_sampledata_customer_faults.java,21,6,True,0,,0,0,,100.0,0,0,0,0,0,0,False,,/home/azureuser/yas/evomaster-config/runtime-logs/classes/sampledata/customer/EvoMaster_sampledata_customer_faults,/home/azureuser/yas/evomaster-config/runtime-logs/classes/sampledata/customer/EvoMaster_sampledata_customer_faults/compile.log,/home/azureuser/yas/evomaster-config/runtime-logs/classes/sampledata/customer/EvoMaster_sampledata_customer_faults/compile_stdout.log,/home/azureuser/yas/evomaster-config/runtime-logs/classes/sampledata/customer/EvoMaster_sampledata_customer_faults/compile_stderr.log,False,False,,,0,False,14.55,11.36,158.77,,/home/azureuser/yas/evomaster-config/runtime-logs/methods/sampledata/customer/EvoMaster_sampledata_customer_faults/test_1_postOnSampledataReturnsMismatchResponseWithSchema,/home/azureuser/yas/evomaster-config/runtime-logs/methods/sampledata/customer/EvoMaster_sampledata_customer_faults/test_1_postOnSampledataReturnsMismatchResponseWithSchema/run.log,/home/azureuser/yas/evomaster-config/runtime-logs/methods/sampledata/customer/EvoMaster_sampledata_customer_faults/test_1_postOnSampledataReturnsMismatchResponseWithSchema/run_stdout.log,/home/azureuser/yas/evomaster-config/runtime-logs/methods/sampledata/customer/EvoMaster_sampledata_customer_faults/test_1_postOnSampledataReturnsMismatchResponseWithSchema/run_stderr.log
sampledata,none,EvoMaster_sampledata_none_faults.java,EvoMaster_sampledata_none_faults,test_0_postOnSampledataReturnsMismatchResponseWithSchema,False,1,200,/sampledata/storefront/sampledata,POST,200,.statusCode(200) .assertThat(),3,".post(baseUrlOfSut + ""/sampledata/storefront/sampledata"")",".body("" {} "")",,faults,/home/azureuser/yas/evomaster-config/generated-tests/blackbox/sampledata/none/EvoMaster_sampledata_none_faults.java,21,6,True,0,,0,0,,100.0,0,0,0,0,0,0,False,,/home/azureuser/yas/evomaster-config/runtime-logs/classes/sampledata/none/EvoMaster_sampledata_none_faults,/home/azureuser/yas/evomaster-config/runtime-logs/classes/sampledata/none/EvoMaster_sampledata_none_faults/compile.log,/home/azureuser/yas/evomaster-config/runtime-logs/classes/sampledata/none/EvoMaster_sampledata_none_faults/compile_stdout.log,/home/azureuser/yas/evomaster-config/runtime-logs/classes/sampledata/none/EvoMaster_sampledata_none_faults/compile_stderr.log,False,False,,,0,False,14.05,11.36,166.12,,/home/azureuser/yas/evomaster-config/runtime-logs/methods/sampledata/none/EvoMaster_sampledata_none_faults/test_0_postOnSampledataReturnsMismatchResponseWithSchema,/home/azureuser/yas/evomaster-config/runtime-logs/methods/sampledata/none/EvoMaster_sampledata_none_faults/test_0_postOnSampledataReturnsMismatchResponseWithSchema/run.log,/home/azureuser/yas/evomaster-config/runtime-logs/methods/sampledata/none/EvoMaster_sampledata_none_faults/test_0_postOnSampledataReturnsMismatchResponseWithSchema/run_stdout.log,/home/azureuser/yas/evomaster-config/runtime-logs/methods/sampledata/none/EvoMaster_sampledata_none_faults/test_0_postOnSampledataReturnsMismatchResponseWithSchema/run_stderr.log
sampledata,super_admin,EvoMaster_sampledata_super_admin_faults.java,EvoMaster_sampledata_super_admin_faults,test_0_postOnSampledataReturnsMismatchResponseWithSchema,False,1,200,/sampledata/storefront/sampledata,POST,200,.statusCode(200) .assertThat(),3,".post(baseUrlOfSut + ""/sampledata/storefront/sampledata"")",".body("" { "" + 
                    "" \""message\"": \""6fui32IwJFJ0C\"" "" + 
                    "" } "")",".header(""Authorization"", ""Bearer eyJhbGciOiJSUzI1NiIsInR5cCIgOiAiSldUIiwia2lkIiA6ICJSclRUNWtBOHhIS3N0YWFSMmh1YTRpT0RpcFE4ek9pcjFrNGZOM3RxNFNVIn0.eyJleHAiOjE3Nzc4NTE4MDUsImlhdCI6MTc3Nzg0ODIwNSwianRpIjoiYzIzZWNiZmItMzk0OC00ODk0LWIzZDMtMmM2NzFlMDY1NWM2IiwiaXNzIjoiaHR0cDovL2lkZW50aXR5L3JlYWxtcy9ZYXMiLCJzdWIiOiI3MDQyZWE5ZS1hNzg0LTQxZjQtYTkzNi1kOGUxNTk5ODlmZjUiLCJ0eXAiOiJCZWFyZXIiLCJhenAiOiJiYWNrb2ZmaWNlLWJmZiIsInNpZCI6ImM2OTA2ZGZkLWI1NGUtNDc3YS05ZGIwLTQ1NDFjYjc5MzlmNiIsInJlYWxtX2FjY2VzcyI6eyJyb2xlcyI6WyJTVVBFUi1BRE1JTiJdfSwic2NvcGUiOiJlbWFpbCBwcm9maWxlIiwiZW1haWxfdmVyaWZpZWQiOmZhbHNlLCJwcmVmZXJyZWRfdXNlcm5hbWUiOiJzdXBlcl9hZG1pbiJ9.BG6TynyMHLA2RL6r9N6tburqnxkwSdynjx6MjtYeSyr3TECv-6nLrcl62DIsTLI7v14vBhFtEeVP57-BGhNE8kiBCNu9qxKJnMqX_LXS_WJnLh0ewAjwOtbwlXQTEop2ro0svMc9Y0cxqejoTy2VR8ByZZGqjawneNufn4BTwYSAUJ-il0U1X4uU9QzDqMRl3mKGY6xzktqGJCa4U1mWmeow4fmgXZPKPQwrkFXVEJhUgxOrANK5x-jNL-M-fs6lPDzB_hJWpnNey9rHPe25OGrEp_Q5A7F3Czw_1pW6lQY0FskCocUNl7ECWMSWm2d917TxQfSSYFUO1iHFqrgdgQ"")",faults,/home/azureuser/yas/evomaster-config/generated-tests/blackbox/sampledata/super_admin/EvoMaster_sampledata_super_admin_faults.java,21,6,True,0,,0,0,,100.0,0,0,0,0,0,0,False,,/home/azureuser/yas/evomaster-config/runtime-logs/classes/sampledata/super_admin/EvoMaster_sampledata_super_admin_faults,/home/azureuser/yas/evomaster-config/runtime-logs/classes/sampledata/super_admin/EvoMaster_sampledata_super_admin_faults/compile.log,/home/azureuser/yas/evomaster-config/runtime-logs/classes/sampledata/super_admin/EvoMaster_sampledata_super_admin_faults/compile_stdout.log,/home/azureuser/yas/evomaster-config/runtime-logs/classes/sampledata/super_admin/EvoMaster_sampledata_super_admin_faults/compile_stderr.log,False,False,,,0,False,14.04,11.16,155.63,,/home/azureuser/yas/evomaster-config/runtime-logs/methods/sampledata/super_admin/EvoMaster_sampledata_super_admin_faults/test_0_postOnSampledataReturnsMismatchResponseWithSchema,/home/azureuser/yas/evomaster-config/runtime-logs/methods/sampledata/super_admin/EvoMaster_sampledata_super_admin_faults/test_0_postOnSampledataReturnsMismatchResponseWithSchema/run.log,/home/azureuser/yas/evomaster-config/runtime-logs/methods/sampledata/super_admin/EvoMaster_sampledata_super_admin_faults/test_0_postOnSampledataReturnsMismatchResponseWithSchema/run_stdout.log,/home/azureuser/yas/evomaster-config/runtime-logs/methods/sampledata/super_admin/EvoMaster_sampledata_super_admin_faults/test_0_postOnSampledataReturnsMismatchResponseWithSchema/run_stderr.log
sampledata,super_admin,EvoMaster_sampledata_super_admin_faults.java,EvoMaster_sampledata_super_admin_faults,test_1_postOnSampledataReturnsMismatchResponseWithSchema,False,1,200,/sampledata/storefront/sampledata,POST,200,.statusCode(200) .assertThat(),3,".post(baseUrlOfSut + ""/sampledata/storefront/sampledata"")",".body("" {} "")",,faults,/home/azureuser/yas/evomaster-config/generated-tests/blackbox/sampledata/super_admin/EvoMaster_sampledata_super_admin_faults.java,21,6,True,0,,0,0,,100.0,0,0,0,0,0,0,False,,/home/azureuser/yas/evomaster-config/runtime-logs/classes/sampledata/super_admin/EvoMaster_sampledata_super_admin_faults,/home/azureuser/yas/evomaster-config/runtime-logs/classes/sampledata/super_admin/EvoMaster_sampledata_super_admin_faults/compile.log,/home/azureuser/yas/evomaster-config/runtime-logs/classes/sampledata/super_admin/EvoMaster_sampledata_super_admin_faults/compile_stdout.log,/home/azureuser/yas/evomaster-config/runtime-logs/classes/sampledata/super_admin/EvoMaster_sampledata_super_admin_faults/compile_stderr.log,False,False,,,0,False,14.55,12.2,174.45,,/home/azureuser/yas/evomaster-config/runtime-logs/methods/sampledata/super_admin/EvoMaster_sampledata_super_admin_faults/test_1_postOnSampledataReturnsMismatchResponseWithSchema,/home/azureuser/yas/evomaster-config/runtime-logs/methods/sampledata/super_admin/EvoMaster_sampledata_super_admin_faults/test_1_postOnSampledataReturnsMismatchResponseWithSchema/run.log,/home/azureuser/yas/evomaster-config/runtime-logs/methods/sampledata/super_admin/EvoMaster_sampledata_super_admin_faults/test_1_postOnSampledataReturnsMismatchResponseWithSchema/run_stdout.log,/home/azureuser/yas/evomaster-config/runtime-logs/methods/sampledata/super_admin/EvoMaster_sampledata_super_admin_faults/test_1_postOnSampledataReturnsMismatchResponseWithSchema/run_stderr.log
sampledata,user,EvoMaster_sampledata_user_faults.java,EvoMaster_sampledata_user_faults,test_0_postOnSampledataReturnsMismatchResponseWithSchema,False,1,200,/sampledata/storefront/sampledata,POST,200,.statusCode(200) .assertThat(),3,".post(baseUrlOfSut + ""/sampledata/storefront/sampledata"")",".body("" {} "")",".header(""Authorization"", ""Bearer eyJhbGciOiJSUzI1NiIsInR5cCIgOiAiSldUIiwia2lkIiA6ICJSclRUNWtBOHhIS3N0YWFSMmh1YTRpT0RpcFE4ek9pcjFrNGZOM3RxNFNVIn0.eyJleHAiOjE3Nzc4NTE4MTUsImlhdCI6MTc3Nzg0ODIxNSwianRpIjoiZTM2NzM0YzAtNWI0ZS00NjEyLWI2NGItNDE1YzY0YzQwNGNlIiwiaXNzIjoiaHR0cDovL2lkZW50aXR5L3JlYWxtcy9ZYXMiLCJzdWIiOiIwMTEzZmQyNy1hMDllLTQ3MjItYjFlNS01MDA3ZjU4ZjUyODgiLCJ0eXAiOiJCZWFyZXIiLCJhenAiOiJiYWNrb2ZmaWNlLWJmZiIsInNpZCI6Ijc5Nzg2MGJjLWY5ZDItNDY1MS05MGQ3LWIxMzZkN2VmOGM0ZSIsInJlYWxtX2FjY2VzcyI6eyJyb2xlcyI6WyJVU0VSIl19LCJzY29wZSI6ImVtYWlsIHByb2ZpbGUiLCJlbWFpbF92ZXJpZmllZCI6ZmFsc2UsInByZWZlcnJlZF91c2VybmFtZSI6InVzZXJfcm9sZSJ9.MPhwctBIb64TKsK0SCXwzvrL2hB7g0Kn7iuK5aWmWJyyv2Xe6ddq6fbGJiXQmUxnNwmOPuSx-YTHj8Zw8SFCD--V7Wppy0xRsFhVK0abJa3-1QWqwCPX6CScfI5sqYnUXWaNwSnyWBV0UpGVGbsRvON47PkEHcX4EvYZQSxlyZ2VR26iLpK-6rrnl8cRiqmK5AogfmMNoU_usW9DCu8muLlGgQABm0jtSWg6kXT5vj2L6p1_3PmHhVFMdCiUrOqHgPZfAAd-L3jqHzW3PS6nwXZ9npao9hnvv1yRGWYYTr2Zgafw0z5CuxiwKv4NVtI36AA9I0R0SBnzMalcDA3L2Q"")",faults,/home/azureuser/yas/evomaster-config/generated-tests/blackbox/sampledata/user/EvoMaster_sampledata_user_faults.java,21,6,True,0,,0,0,,100.0,0,0,0,0,0,0,False,,/home/azureuser/yas/evomaster-config/runtime-logs/classes/sampledata/user/EvoMaster_sampledata_user_faults,/home/azureuser/yas/evomaster-config/runtime-logs/classes/sampledata/user/EvoMaster_sampledata_user_faults/compile.log,/home/azureuser/yas/evomaster-config/runtime-logs/classes/sampledata/user/EvoMaster_sampledata_user_faults/compile_stdout.log,/home/azureuser/yas/evomaster-config/runtime-logs/classes/sampledata/user/EvoMaster_sampledata_user_faults/compile_stderr.log,False,False,,,0,False,14.05,10.97,159.93,,/home/azureuser/yas/evomaster-config/runtime-logs/methods/sampledata/user/EvoMaster_sampledata_user_faults/test_0_postOnSampledataReturnsMismatchResponseWithSchema,/home/azureuser/yas/evomaster-config/runtime-logs/methods/sampledata/user/EvoMaster_sampledata_user_faults/test_0_postOnSampledataReturnsMismatchResponseWithSchema/run.log,/home/azureuser/yas/evomaster-config/runtime-logs/methods/sampledata/user/EvoMaster_sampledata_user_faults/test_0_postOnSampledataReturnsMismatchResponseWithSchema/run_stdout.log,/home/azureuser/yas/evomaster-config/runtime-logs/methods/sampledata/user/EvoMaster_sampledata_user_faults/test_0_postOnSampledataReturnsMismatchResponseWithSchema/run_stderr.log
sampledata,user,EvoMaster_sampledata_user_faults.java,EvoMaster_sampledata_user_faults,test_1_postOnSampledataReturnsMismatchResponseWithSchema,False,1,200,/sampledata/storefront/sampledata,POST,200,.statusCode(200) .assertThat(),3,".post(baseUrlOfSut + ""/sampledata/storefront/sampledata"")",".body("" {} "")",,faults,/home/azureuser/yas/evomaster-config/generated-tests/blackbox/sampledata/user/EvoMaster_sampledata_user_faults.java,21,6,True,0,,0,0,,100.0,0,0,0,0,0,0,False,,/home/azureuser/yas/evomaster-config/runtime-logs/classes/sampledata/user/EvoMaster_sampledata_user_faults,/home/azureuser/yas/evomaster-config/runtime-logs/classes/sampledata/user/EvoMaster_sampledata_user_faults/compile.log,/home/azureuser/yas/evomaster-config/runtime-logs/classes/sampledata/user/EvoMaster_sampledata_user_faults/compile_stdout.log,/home/azureuser/yas/evomaster-config/runtime-logs/classes/sampledata/user/EvoMaster_sampledata_user_faults/compile_stderr.log,False,False,,,0,False,14.55,12.03,169.06,,/home/azureuser/yas/evomaster-config/runtime-logs/methods/sampledata/user/EvoMaster_sampledata_user_faults/test_1_postOnSampledataReturnsMismatchResponseWithSchema,/home/azureuser/yas/evomaster-config/runtime-logs/methods/sampledata/user/EvoMaster_sampledata_user_faults/test_1_postOnSampledataReturnsMismatchResponseWithSchema/run.log,/home/azureuser/yas/evomaster-config/runtime-logs/methods/sampledata/user/EvoMaster_sampledata_user_faults/test_1_postOnSampledataReturnsMismatchResponseWithSchema/run_stdout.log,/home/azureuser/yas/evomaster-config/runtime-logs/methods/sampledata/user/EvoMaster_sampledata_user_faults/test_1_postOnSampledataReturnsMismatchResponseWithSchema/run_stderr.log
