service,profile,file,class,test_method,is_complex_method,call_index,call_expected_status_code,endpoint,http,asserted_code,asserts_the_expected_HTTP_status_codes?,assert_count,missing_url_parameter_values,missing_request_body,credentials_header,file_type,file_path,imports_count,wildcard_imports,compiled,compile_error_count,compile_error_types,missing_imports,incorrect_imports,unused_imports,dependency_availability_pct,syntax_errors,type_errors,undefined_variables,type_annotation_errors,generic_type_misuses,compile_exit_code,compile_timeout,compile_error_summary,class_log_dir,compile_log_path,compile_stdout_log_path,compile_stderr_log_path,runs,run_detected,runtime_error_count,runtime_error_types,run_exit_code,run_timeout,execution_seconds,cpu_seconds,peak_working_set_mb,run_error_summary,method_log_dir,run_log_path,run_stdout_log_path,run_stderr_log_path
cart,admin_only,EvoMaster_cart_admin_only_faults.java,EvoMaster_cart_admin_only_faults,test_0_getOnItemsReturnsMismatchResponseWithSchema,False,1,403,/cart/storefront/cart/items,GET,403,.statusCode(403) .assertThat(),6,".get(baseUrlOfSut + ""/cart/storefront/cart/items"")",,,faults,/home/azureuser/yas/evomaster-config/generated-tests/blackbox/cart/admin_only/EvoMaster_cart_admin_only_faults.java,23,6,True,0,,0,0,,100.0,0,0,0,0,0,0,False,,/home/azureuser/yas/evomaster-config/runtime-logs/classes/cart/admin_only/EvoMaster_cart_admin_only_faults,/home/azureuser/yas/evomaster-config/runtime-logs/classes/cart/admin_only/EvoMaster_cart_admin_only_faults/compile.log,/home/azureuser/yas/evomaster-config/runtime-logs/classes/cart/admin_only/EvoMaster_cart_admin_only_faults/compile_stdout.log,/home/azureuser/yas/evomaster-config/runtime-logs/classes/cart/admin_only/EvoMaster_cart_admin_only_faults/compile_stderr.log,True,True,0,,0,False,14.05,11.28,158.61,,/home/azureuser/yas/evomaster-config/runtime-logs/methods/cart/admin_only/EvoMaster_cart_admin_only_faults/test_0_getOnItemsReturnsMismatchResponseWithSchema,/home/azureuser/yas/evomaster-config/runtime-logs/methods/cart/admin_only/EvoMaster_cart_admin_only_faults/test_0_getOnItemsReturnsMismatchResponseWithSchema/run.log,/home/azureuser/yas/evomaster-config/runtime-logs/methods/cart/admin_only/EvoMaster_cart_admin_only_faults/test_0_getOnItemsReturnsMismatchResponseWithSchema/run_stdout.log,/home/azureuser/yas/evomaster-config/runtime-logs/methods/cart/admin_only/EvoMaster_cart_admin_only_faults/test_0_getOnItemsReturnsMismatchResponseWithSchema/run_stderr.log
cart,admin_only,EvoMaster_cart_admin_only_successes.java,EvoMaster_cart_admin_only_successes,test_0_getOnItemsReturns2Elements,False,1,200,/cart/storefront/cart/items,GET,200,.statusCode(200) .assertThat(),9,".get(baseUrlOfSut + ""/cart/storefront/cart/items"")",,".header(""Authorization"", ""Bearer eyJhbGciOiJSUzI1NiIsInR5cCIgOiAiSldUIiwia2lkIiA6ICJSclRUNWtBOHhIS3N0YWFSMmh1YTRpT0RpcFE4ek9pcjFrNGZOM3RxNFNVIn0.eyJleHAiOjE3Nzc4NjI5OTgsImlhdCI6MTc3Nzg1OTM5OCwianRpIjoiMTIwZDQ2YTctY2IwMS00YTk2LWIxNGYtZjc2YzBlZjkxZTRiIiwiaXNzIjoiaHR0cDovL2lkZW50aXR5L3JlYWxtcy9ZYXMiLCJzdWIiOiJlY2RlODFiYy00MTgwLTQ2ZWMtOTBlZi02NmIxNDVkOWQyMmMiLCJ0eXAiOiJCZWFyZXIiLCJhenAiOiJiYWNrb2ZmaWNlLWJmZiIsInNpZCI6ImFjNGEwMDIyLWY2NTktNDMxZi04ZjEzLTI0YzRiOTM3MTczOSIsInJlYWxtX2FjY2VzcyI6eyJyb2xlcyI6WyJBRE1JTiJdfSwic2NvcGUiOiJlbWFpbCBwcm9maWxlIiwiZW1haWxfdmVyaWZpZWQiOmZhbHNlLCJwcmVmZXJyZWRfdXNlcm5hbWUiOiJhZG1pbl9vbmx5In0.hCGaFqeDiVPVkjZFVAehfJHGtZRHq-sRpTwupQPMSRsBLMYA54WpWbiz5QEJ6brNwqLl4qUotRDNKLd2oahcLZISTf1eOWGspBgmc8YGDAf7CEZVISmQHPJoqRngNswvt8N7oYFWT0E5WJx0RqWD2ysLl5dSEnQSFh3OxxQDh9S0FnzqB7y_SrmwwGjqWu1j3Ev40J7yxGqNGT2ICUDu_VyxLXRgBcfkv41byhtlpykn7Dk2Upc0LFPhXqSxPTIuzao4CSmHzbkn5oZEFianFhGDs9jukpjJ6Op1_3dueQYZ_7-kaZIAbNVcazw69O_E0Z-P02UM9dlvJZ2pc8I79A"")",successes,/home/azureuser/yas/evomaster-config/generated-tests/blackbox/cart/admin_only/EvoMaster_cart_admin_only_successes.java,23,6,True,0,,0,0,,100.0,0,0,0,0,0,0,False,,/home/azureuser/yas/evomaster-config/runtime-logs/classes/cart/admin_only/EvoMaster_cart_admin_only_successes,/home/azureuser/yas/evomaster-config/runtime-logs/classes/cart/admin_only/EvoMaster_cart_admin_only_successes/compile.log,/home/azureuser/yas/evomaster-config/runtime-logs/classes/cart/admin_only/EvoMaster_cart_admin_only_successes/compile_stdout.log,/home/azureuser/yas/evomaster-config/runtime-logs/classes/cart/admin_only/EvoMaster_cart_admin_only_successes/compile_stderr.log,False,True,1,java.lang.AssertionError;test_failure,1,False,14.04,11.75,169.26,"Tests run: 1, Failures: 1, Errors: 0, Skipped: 0",/home/azureuser/yas/evomaster-config/runtime-logs/methods/cart/admin_only/EvoMaster_cart_admin_only_successes/test_0_getOnItemsReturns2Elements,/home/azureuser/yas/evomaster-config/runtime-logs/methods/cart/admin_only/EvoMaster_cart_admin_only_successes/test_0_getOnItemsReturns2Elements/run.log,/home/azureuser/yas/evomaster-config/runtime-logs/methods/cart/admin_only/EvoMaster_cart_admin_only_successes/test_0_getOnItemsReturns2Elements/run_stdout.log,/home/azureuser/yas/evomaster-config/runtime-logs/methods/cart/admin_only/EvoMaster_cart_admin_only_successes/test_0_getOnItemsReturns2Elements/run_stderr.log
cart,customer,EvoMaster_cart_customer_faults.java,EvoMaster_cart_customer_faults,test_0_getOnItemsReturnsMismatchResponseWithSchema,False,1,403,/cart/storefront/cart/items,GET,403,.statusCode(403) .assertThat(),6,".get(baseUrlOfSut + ""/cart/storefront/cart/items"")",,,faults,/home/azureuser/yas/evomaster-config/generated-tests/blackbox/cart/customer/EvoMaster_cart_customer_faults.java,23,6,True,0,,0,0,,100.0,0,0,0,0,0,0,False,,/home/azureuser/yas/evomaster-config/runtime-logs/classes/cart/customer/EvoMaster_cart_customer_faults,/home/azureuser/yas/evomaster-config/runtime-logs/classes/cart/customer/EvoMaster_cart_customer_faults/compile.log,/home/azureuser/yas/evomaster-config/runtime-logs/classes/cart/customer/EvoMaster_cart_customer_faults/compile_stdout.log,/home/azureuser/yas/evomaster-config/runtime-logs/classes/cart/customer/EvoMaster_cart_customer_faults/compile_stderr.log,True,True,0,,0,False,14.04,10.87,158.44,,/home/azureuser/yas/evomaster-config/runtime-logs/methods/cart/customer/EvoMaster_cart_customer_faults/test_0_getOnItemsReturnsMismatchResponseWithSchema,/home/azureuser/yas/evomaster-config/runtime-logs/methods/cart/customer/EvoMaster_cart_customer_faults/test_0_getOnItemsReturnsMismatchResponseWithSchema/run.log,/home/azureuser/yas/evomaster-config/runtime-logs/methods/cart/customer/EvoMaster_cart_customer_faults/test_0_getOnItemsReturnsMismatchResponseWithSchema/run_stdout.log,/home/azureuser/yas/evomaster-config/runtime-logs/methods/cart/customer/EvoMaster_cart_customer_faults/test_0_getOnItemsReturnsMismatchResponseWithSchema/run_stderr.log
cart,customer,EvoMaster_cart_customer_successes.java,EvoMaster_cart_customer_successes,test_0_getOnItemsReturns3Elements,False,1,200,/cart/storefront/cart/items,GET,200,.statusCode(200) .assertThat(),12,".get(baseUrlOfSut + ""/cart/storefront/cart/items"")",,".header(""Authorization"", ""Bearer eyJhbGciOiJSUzI1NiIsInR5cCIgOiAiSldUIiwia2lkIiA6ICJSclRUNWtBOHhIS3N0YWFSMmh1YTRpT0RpcFE4ek9pcjFrNGZOM3RxNFNVIn0.eyJleHAiOjE3Nzc4NjMwMTYsImlhdCI6MTc3Nzg1OTQxNiwianRpIjoiOWVlYTBjYjktMTY2YS00MWVhLTllMDMtNTE5YTRhYTMxMjQ5IiwiaXNzIjoiaHR0cDovL2lkZW50aXR5L3JlYWxtcy9ZYXMiLCJzdWIiOiI0Yjg1MzdlZC1mZTg4LTQ3MGQtYmFkNS0wZjQ5Y2E2Zjg5NjAiLCJ0eXAiOiJCZWFyZXIiLCJhenAiOiJiYWNrb2ZmaWNlLWJmZiIsInNpZCI6IjMwODI2YjEwLTMyNzItNDg2MS1hNjMzLWY2NWViMThmZTI3MyIsInJlYWxtX2FjY2VzcyI6eyJyb2xlcyI6WyJkZWZhdWx0LXJvbGVzLXlhcyIsIm9mZmxpbmVfYWNjZXNzIiwiQ1VTVE9NRVIiLCJ1bWFfYXV0aG9yaXphdGlvbiJdfSwic2NvcGUiOiJlbWFpbCBwcm9maWxlIiwiZW1haWxfdmVyaWZpZWQiOmZhbHNlLCJwcmVmZXJyZWRfdXNlcm5hbWUiOiJ1c2VyIn0.EBGrKxfUZ7K4CD_oZ-0N65GkfDmtRPPgskIxmBwwwLh4fW4ytzsdfQbXAIYBFNObkiX9pyUE36bZlUYvQm0YUtjOi_FC6iq1EpzOkZg6pMyKhPsao7E1AC_E_hOYLyVMhTo_y67Hex3WtXBGzjPnGWt-ABtS12pGSsqEtcQqTu2p4f7NgFb82og4uDhuNIvnawd3xiJaU048zBocT6q0fxYmSCZTCMJGHREw2KdliDuWqvaJ4qhX_LFbPhB8FYdZX0XBp13WSgTaPK1c31nBm7cQwE-UXpNfQAM1r4yrE7GT3gFkqtctdIWcgE942Z0BI_z5aKwvnFQl3nuKoY2y4w"")",successes,/home/azureuser/yas/evomaster-config/generated-tests/blackbox/cart/customer/EvoMaster_cart_customer_successes.java,23,6,True,0,,0,0,,100.0,0,0,0,0,0,0,False,,/home/azureuser/yas/evomaster-config/runtime-logs/classes/cart/customer/EvoMaster_cart_customer_successes,/home/azureuser/yas/evomaster-config/runtime-logs/classes/cart/customer/EvoMaster_cart_customer_successes/compile.log,/home/azureuser/yas/evomaster-config/runtime-logs/classes/cart/customer/EvoMaster_cart_customer_successes/compile_stdout.log,/home/azureuser/yas/evomaster-config/runtime-logs/classes/cart/customer/EvoMaster_cart_customer_successes/compile_stderr.log,False,True,1,java.lang.AssertionError;test_failure,1,False,13.54,11.11,161.45,"Tests run: 1, Failures: 1, Errors: 0, Skipped: 0",/home/azureuser/yas/evomaster-config/runtime-logs/methods/cart/customer/EvoMaster_cart_customer_successes/test_0_getOnItemsReturns3Elements,/home/azureuser/yas/evomaster-config/runtime-logs/methods/cart/customer/EvoMaster_cart_customer_successes/test_0_getOnItemsReturns3Elements/run.log,/home/azureuser/yas/evomaster-config/runtime-logs/methods/cart/customer/EvoMaster_cart_customer_successes/test_0_getOnItemsReturns3Elements/run_stdout.log,/home/azureuser/yas/evomaster-config/runtime-logs/methods/cart/customer/EvoMaster_cart_customer_successes/test_0_getOnItemsReturns3Elements/run_stderr.log
cart,none,EvoMaster_cart_none_faults.java,EvoMaster_cart_none_faults,test_0_getOnItemsReturnsMismatchResponseWithSchema,False,1,403,/cart/storefront/cart/items,GET,403,.statusCode(403) .assertThat(),6,".get(baseUrlOfSut + ""/cart/storefront/cart/items"")",,,faults,/home/azureuser/yas/evomaster-config/generated-tests/blackbox/cart/none/EvoMaster_cart_none_faults.java,23,6,True,0,,0,0,,100.0,0,0,0,0,0,0,False,,/home/azureuser/yas/evomaster-config/runtime-logs/classes/cart/none/EvoMaster_cart_none_faults,/home/azureuser/yas/evomaster-config/runtime-logs/classes/cart/none/EvoMaster_cart_none_faults/compile.log,/home/azureuser/yas/evomaster-config/runtime-logs/classes/cart/none/EvoMaster_cart_none_faults/compile_stdout.log,/home/azureuser/yas/evomaster-config/runtime-logs/classes/cart/none/EvoMaster_cart_none_faults/compile_stderr.log,True,True,0,,0,False,14.05,11.4,154.32,,/home/azureuser/yas/evomaster-config/runtime-logs/methods/cart/none/EvoMaster_cart_none_faults/test_0_getOnItemsReturnsMismatchResponseWithSchema,/home/azureuser/yas/evomaster-config/runtime-logs/methods/cart/none/EvoMaster_cart_none_faults/test_0_getOnItemsReturnsMismatchResponseWithSchema/run.log,/home/azureuser/yas/evomaster-config/runtime-logs/methods/cart/none/EvoMaster_cart_none_faults/test_0_getOnItemsReturnsMismatchResponseWithSchema/run_stdout.log,/home/azureuser/yas/evomaster-config/runtime-logs/methods/cart/none/EvoMaster_cart_none_faults/test_0_getOnItemsReturnsMismatchResponseWithSchema/run_stderr.log
cart,super_admin,EvoMaster_cart_super_admin_faults.java,EvoMaster_cart_super_admin_faults,test_1_getOnItemsReturnsMismatchResponseWithSchema,False,1,403,/cart/storefront/cart/items,GET,403,.statusCode(403) .assertThat(),6,".get(baseUrlOfSut + ""/cart/storefront/cart/items"")",,,faults,/home/azureuser/yas/evomaster-config/generated-tests/blackbox/cart/super_admin/EvoMaster_cart_super_admin_faults.java,23,6,True,0,,0,0,,100.0,0,0,0,0,0,0,False,,/home/azureuser/yas/evomaster-config/runtime-logs/classes/cart/super_admin/EvoMaster_cart_super_admin_faults,/home/azureuser/yas/evomaster-config/runtime-logs/classes/cart/super_admin/EvoMaster_cart_super_admin_faults/compile.log,/home/azureuser/yas/evomaster-config/runtime-logs/classes/cart/super_admin/EvoMaster_cart_super_admin_faults/compile_stdout.log,/home/azureuser/yas/evomaster-config/runtime-logs/classes/cart/super_admin/EvoMaster_cart_super_admin_faults/compile_stderr.log,True,True,0,,0,False,14.05,11.07,152.83,,/home/azureuser/yas/evomaster-config/runtime-logs/methods/cart/super_admin/EvoMaster_cart_super_admin_faults/test_1_getOnItemsReturnsMismatchResponseWithSchema,/home/azureuser/yas/evomaster-config/runtime-logs/methods/cart/super_admin/EvoMaster_cart_super_admin_faults/test_1_getOnItemsReturnsMismatchResponseWithSchema/run.log,/home/azureuser/yas/evomaster-config/runtime-logs/methods/cart/super_admin/EvoMaster_cart_super_admin_faults/test_1_getOnItemsReturnsMismatchResponseWithSchema/run_stdout.log,/home/azureuser/yas/evomaster-config/runtime-logs/methods/cart/super_admin/EvoMaster_cart_super_admin_faults/test_1_getOnItemsReturnsMismatchResponseWithSchema/run_stderr.log
cart,super_admin,EvoMaster_cart_super_admin_successes.java,EvoMaster_cart_super_admin_successes,test_0_getOnItemsReturns2Elements,False,1,200,/cart/storefront/cart/items,GET,200,.statusCode(200) .assertThat(),9,".get(baseUrlOfSut + ""/cart/storefront/cart/items"")",,".header(""Authorization"", ""Bearer eyJhbGciOiJSUzI1NiIsInR5cCIgOiAiSldUIiwia2lkIiA6ICJSclRUNWtBOHhIS3N0YWFSMmh1YTRpT0RpcFE4ek9pcjFrNGZOM3RxNFNVIn0.eyJleHAiOjE3Nzc4NjMwMTEsImlhdCI6MTc3Nzg1OTQxMSwianRpIjoiYzBiOTZjYTUtZDY1OS00YTMxLTk3NzItYTc3NjM1Mzc4MGNhIiwiaXNzIjoiaHR0cDovL2lkZW50aXR5L3JlYWxtcy9ZYXMiLCJzdWIiOiI3MDQyZWE5ZS1hNzg0LTQxZjQtYTkzNi1kOGUxNTk5ODlmZjUiLCJ0eXAiOiJCZWFyZXIiLCJhenAiOiJiYWNrb2ZmaWNlLWJmZiIsInNpZCI6ImRhZjFjNGQ3LTBiZTYtNDA5MS04MjUyLWJkYWQ2NzQ0Y2M5YiIsInJlYWxtX2FjY2VzcyI6eyJyb2xlcyI6WyJTVVBFUi1BRE1JTiJdfSwic2NvcGUiOiJlbWFpbCBwcm9maWxlIiwiZW1haWxfdmVyaWZpZWQiOmZhbHNlLCJwcmVmZXJyZWRfdXNlcm5hbWUiOiJzdXBlcl9hZG1pbiJ9.rMxYROzqL1o6IvpgJi0h0vxNL1c1w0hHw6MhWqT98gyg2_TYGMaRwGs0-uuWGtwa7hRIE8_t2-1VJuWHcmW4bPNUro8GZANYq9Q-N6KwEXDillcEXzbvGapJPY6hcYPSx9IINOinJP9vVFMA4pr1IatpnBm6mdxGfL71ZR8SF97ei6w9UnCEY2RjDYl6Co2e-u_JwlDX-fGc7Z97J0CkPW6iZ7AaZ8YTCMhQjq1_xSQvaTDIpRJ1rHDjo3amZsqiIQnPctXQMNRFYwO-aPL8cmgaDbCkHdk3BU0Z-DmC5pjx0XFisAIRJcZZ9W5DD4iANi_WubEPvPlJja80Y6vw-w"")",successes,/home/azureuser/yas/evomaster-config/generated-tests/blackbox/cart/super_admin/EvoMaster_cart_super_admin_successes.java,23,6,True,0,,0,0,,100.0,0,0,0,0,0,0,False,,/home/azureuser/yas/evomaster-config/runtime-logs/classes/cart/super_admin/EvoMaster_cart_super_admin_successes,/home/azureuser/yas/evomaster-config/runtime-logs/classes/cart/super_admin/EvoMaster_cart_super_admin_successes/compile.log,/home/azureuser/yas/evomaster-config/runtime-logs/classes/cart/super_admin/EvoMaster_cart_super_admin_successes/compile_stdout.log,/home/azureuser/yas/evomaster-config/runtime-logs/classes/cart/super_admin/EvoMaster_cart_super_admin_successes/compile_stderr.log,False,True,1,java.lang.AssertionError;test_failure,1,False,14.06,11.21,155.28,"Tests run: 1, Failures: 1, Errors: 0, Skipped: 0",/home/azureuser/yas/evomaster-config/runtime-logs/methods/cart/super_admin/EvoMaster_cart_super_admin_successes/test_0_getOnItemsReturns2Elements,/home/azureuser/yas/evomaster-config/runtime-logs/methods/cart/super_admin/EvoMaster_cart_super_admin_successes/test_0_getOnItemsReturns2Elements/run.log,/home/azureuser/yas/evomaster-config/runtime-logs/methods/cart/super_admin/EvoMaster_cart_super_admin_successes/test_0_getOnItemsReturns2Elements/run_stdout.log,/home/azureuser/yas/evomaster-config/runtime-logs/methods/cart/super_admin/EvoMaster_cart_super_admin_successes/test_0_getOnItemsReturns2Elements/run_stderr.log
cart,user,EvoMaster_cart_user_faults.java,EvoMaster_cart_user_faults,test_0_getOnItemsReturnsMismatchResponseWithSchema,False,1,403,/cart/storefront/cart/items,GET,403,.statusCode(403) .assertThat(),6,".get(baseUrlOfSut + ""/cart/storefront/cart/items"")",,,faults,/home/azureuser/yas/evomaster-config/generated-tests/blackbox/cart/user/EvoMaster_cart_user_faults.java,23,6,True,0,,0,0,,100.0,0,0,0,0,0,0,False,,/home/azureuser/yas/evomaster-config/runtime-logs/classes/cart/user/EvoMaster_cart_user_faults,/home/azureuser/yas/evomaster-config/runtime-logs/classes/cart/user/EvoMaster_cart_user_faults/compile.log,/home/azureuser/yas/evomaster-config/runtime-logs/classes/cart/user/EvoMaster_cart_user_faults/compile_stdout.log,/home/azureuser/yas/evomaster-config/runtime-logs/classes/cart/user/EvoMaster_cart_user_faults/compile_stderr.log,True,True,0,,0,False,14.04,11.1,152.04,,/home/azureuser/yas/evomaster-config/runtime-logs/methods/cart/user/EvoMaster_cart_user_faults/test_0_getOnItemsReturnsMismatchResponseWithSchema,/home/azureuser/yas/evomaster-config/runtime-logs/methods/cart/user/EvoMaster_cart_user_faults/test_0_getOnItemsReturnsMismatchResponseWithSchema/run.log,/home/azureuser/yas/evomaster-config/runtime-logs/methods/cart/user/EvoMaster_cart_user_faults/test_0_getOnItemsReturnsMismatchResponseWithSchema/run_stdout.log,/home/azureuser/yas/evomaster-config/runtime-logs/methods/cart/user/EvoMaster_cart_user_faults/test_0_getOnItemsReturnsMismatchResponseWithSchema/run_stderr.log
cart,user,EvoMaster_cart_user_successes.java,EvoMaster_cart_user_successes,test_0_getOnItemsReturns1Element,False,1,200,/cart/storefront/cart/items,GET,200,.statusCode(200) .assertThat(),6,".get(baseUrlOfSut + ""/cart/storefront/cart/items"")",,".header(""Authorization"", ""Bearer eyJhbGciOiJSUzI1NiIsInR5cCIgOiAiSldUIiwia2lkIiA6ICJSclRUNWtBOHhIS3N0YWFSMmh1YTRpT0RpcFE4ek9pcjFrNGZOM3RxNFNVIn0.eyJleHAiOjE3Nzc4NjMwMDMsImlhdCI6MTc3Nzg1OTQwMywianRpIjoiMGRjZTA1MjktM2ZjMC00NDhmLWIyNzItZjg2ZDA4Y2MwNjgwIiwiaXNzIjoiaHR0cDovL2lkZW50aXR5L3JlYWxtcy9ZYXMiLCJzdWIiOiIwMTEzZmQyNy1hMDllLTQ3MjItYjFlNS01MDA3ZjU4ZjUyODgiLCJ0eXAiOiJCZWFyZXIiLCJhenAiOiJiYWNrb2ZmaWNlLWJmZiIsInNpZCI6IjNiOTQxZmRmLTQ4NjktNGI0YS04MTY0LTA3ZTRmNTFlZDU2ZSIsInJlYWxtX2FjY2VzcyI6eyJyb2xlcyI6WyJVU0VSIl19LCJzY29wZSI6ImVtYWlsIHByb2ZpbGUiLCJlbWFpbF92ZXJpZmllZCI6ZmFsc2UsInByZWZlcnJlZF91c2VybmFtZSI6InVzZXJfcm9sZSJ9.SOiX39y4EOsLlN7aMZRyeEwZJN9pGE5t2LBkhoYj_o-VUahs4tHIhhizeFkSJ6mp6cgwocijpYXG7HsdHSa54p07sXrenxNUa7mSFh062yU8sREM902TicLswETJFGhESN7P6vOEzxuJ2xXxOd_WAVS6QlSflVi5vEgIf5DWcS1tR-rFLeZd7D32LSaUdw8QDRc4hvdodgj-pVXkliDjaHf8cff7lHWHJK4udcRZc6agmPoQYfD0WfgjrSAZSxGNWlDDWE-kTFha8f0DuHtM0XqOw9t4H3onh5x6u-1iTZ-8XVBoDv_v6rsVIcGZlQQYpjlIf2BRCE-VaM39tAT04A"")",successes,/home/azureuser/yas/evomaster-config/generated-tests/blackbox/cart/user/EvoMaster_cart_user_successes.java,23,6,True,0,,0,0,,100.0,0,0,0,0,0,0,False,,/home/azureuser/yas/evomaster-config/runtime-logs/classes/cart/user/EvoMaster_cart_user_successes,/home/azureuser/yas/evomaster-config/runtime-logs/classes/cart/user/EvoMaster_cart_user_successes/compile.log,/home/azureuser/yas/evomaster-config/runtime-logs/classes/cart/user/EvoMaster_cart_user_successes/compile_stdout.log,/home/azureuser/yas/evomaster-config/runtime-logs/classes/cart/user/EvoMaster_cart_user_successes/compile_stderr.log,False,True,1,java.lang.AssertionError;test_failure,1,False,14.05,11.4,160.86,"Tests run: 1, Failures: 1, Errors: 0, Skipped: 0",/home/azureuser/yas/evomaster-config/runtime-logs/methods/cart/user/EvoMaster_cart_user_successes/test_0_getOnItemsReturns1Element,/home/azureuser/yas/evomaster-config/runtime-logs/methods/cart/user/EvoMaster_cart_user_successes/test_0_getOnItemsReturns1Element/run.log,/home/azureuser/yas/evomaster-config/runtime-logs/methods/cart/user/EvoMaster_cart_user_successes/test_0_getOnItemsReturns1Element/run_stdout.log,/home/azureuser/yas/evomaster-config/runtime-logs/methods/cart/user/EvoMaster_cart_user_successes/test_0_getOnItemsReturns1Element/run_stderr.log
customer,admin_only,EvoMaster_customer_admin_only_faults.java,EvoMaster_customer_admin_only_faults,test_10_getOnProfileReturnsMismatchResponseWithSchema,False,1,401,/customer/storefront/customer/profile,GET,401,.statusCode(401) .assertThat(),2,".get(baseUrlOfSut + ""/customer/storefront/customer/profile"")",,,faults,/home/azureuser/yas/evomaster-config/generated-tests/blackbox/customer/admin_only/EvoMaster_customer_admin_only_faults.java,23,6,True,0,,0,0,,100.0,0,0,0,0,0,0,False,,/home/azureuser/yas/evomaster-config/runtime-logs/classes/customer/admin_only/EvoMaster_customer_admin_only_faults,/home/azureuser/yas/evomaster-config/runtime-logs/classes/customer/admin_only/EvoMaster_customer_admin_only_faults/compile.log,/home/azureuser/yas/evomaster-config/runtime-logs/classes/customer/admin_only/EvoMaster_customer_admin_only_faults/compile_stdout.log,/home/azureuser/yas/evomaster-config/runtime-logs/classes/customer/admin_only/EvoMaster_customer_admin_only_faults/compile_stderr.log,True,True,0,,0,False,12.54,10.94,152.16,,/home/azureuser/yas/evomaster-config/runtime-logs/methods/customer/admin_only/EvoMaster_customer_admin_only_faults/test_10_getOnProfileReturnsMismatchResponseWithSchema,/home/azureuser/yas/evomaster-config/runtime-logs/methods/customer/admin_only/EvoMaster_customer_admin_only_faults/test_10_getOnProfileReturnsMismatchResponseWithSchema/run.log,/home/azureuser/yas/evomaster-config/runtime-logs/methods/customer/admin_only/EvoMaster_customer_admin_only_faults/test_10_getOnProfileReturnsMismatchResponseWithSchema/run_stdout.log,/home/azureuser/yas/evomaster-config/runtime-logs/methods/customer/admin_only/EvoMaster_customer_admin_only_faults/test_10_getOnProfileReturnsMismatchResponseWithSchema/run_stderr.log
customer,admin_only,EvoMaster_customer_admin_only_faults.java,EvoMaster_customer_admin_only_faults,test_11_getOnProfileReturnsMismatchResponseWithSchema,False,1,403,/customer/storefront/customer/profile,GET,403,.statusCode(403) .assertThat(),2,".get(baseUrlOfSut + ""/customer/storefront/customer/profile"")",,".header(""Authorization"", ""Bearer eyJhbGciOiJSUzI1NiIsInR5cCIgOiAiSldUIiwia2lkIiA6ICJSclRUNWtBOHhIS3N0YWFSMmh1YTRpT0RpcFE4ek9pcjFrNGZOM3RxNFNVIn0.eyJleHAiOjE3Nzc4NjI5OTgsImlhdCI6MTc3Nzg1OTM5OCwianRpIjoiMTIwZDQ2YTctY2IwMS00YTk2LWIxNGYtZjc2YzBlZjkxZTRiIiwiaXNzIjoiaHR0cDovL2lkZW50aXR5L3JlYWxtcy9ZYXMiLCJzdWIiOiJlY2RlODFiYy00MTgwLTQ2ZWMtOTBlZi02NmIxNDVkOWQyMmMiLCJ0eXAiOiJCZWFyZXIiLCJhenAiOiJiYWNrb2ZmaWNlLWJmZiIsInNpZCI6ImFjNGEwMDIyLWY2NTktNDMxZi04ZjEzLTI0YzRiOTM3MTczOSIsInJlYWxtX2FjY2VzcyI6eyJyb2xlcyI6WyJBRE1JTiJdfSwic2NvcGUiOiJlbWFpbCBwcm9maWxlIiwiZW1haWxfdmVyaWZpZWQiOmZhbHNlLCJwcmVmZXJyZWRfdXNlcm5hbWUiOiJhZG1pbl9vbmx5In0.hCGaFqeDiVPVkjZFVAehfJHGtZRHq-sRpTwupQPMSRsBLMYA54WpWbiz5QEJ6brNwqLl4qUotRDNKLd2oahcLZISTf1eOWGspBgmc8YGDAf7CEZVISmQHPJoqRngNswvt8N7oYFWT0E5WJx0RqWD2ysLl5dSEnQSFh3OxxQDh9S0FnzqB7y_SrmwwGjqWu1j3Ev40J7yxGqNGT2ICUDu_VyxLXRgBcfkv41byhtlpykn7Dk2Upc0LFPhXqSxPTIuzao4CSmHzbkn5oZEFianFhGDs9jukpjJ6Op1_3dueQYZ_7-kaZIAbNVcazw69O_E0Z-P02UM9dlvJZ2pc8I79A"")",faults,/home/azureuser/yas/evomaster-config/generated-tests/blackbox/customer/admin_only/EvoMaster_customer_admin_only_faults.java,23,6,True,0,,0,0,,100.0,0,0,0,0,0,0,False,,/home/azureuser/yas/evomaster-config/runtime-logs/classes/customer/admin_only/EvoMaster_customer_admin_only_faults,/home/azureuser/yas/evomaster-config/runtime-logs/classes/customer/admin_only/EvoMaster_customer_admin_only_faults/compile.log,/home/azureuser/yas/evomaster-config/runtime-logs/classes/customer/admin_only/EvoMaster_customer_admin_only_faults/compile_stdout.log,/home/azureuser/yas/evomaster-config/runtime-logs/classes/customer/admin_only/EvoMaster_customer_admin_only_faults/compile_stderr.log,True,True,0,,0,False,12.54,12.04,172.97,,/home/azureuser/yas/evomaster-config/runtime-logs/methods/customer/admin_only/EvoMaster_customer_admin_only_faults/test_11_getOnProfileReturnsMismatchResponseWithSchema,/home/azureuser/yas/evomaster-config/runtime-logs/methods/customer/admin_only/EvoMaster_customer_admin_only_faults/test_11_getOnProfileReturnsMismatchResponseWithSchema/run.log,/home/azureuser/yas/evomaster-config/runtime-logs/methods/customer/admin_only/EvoMaster_customer_admin_only_faults/test_11_getOnProfileReturnsMismatchResponseWithSchema/run_stdout.log,/home/azureuser/yas/evomaster-config/runtime-logs/methods/customer/admin_only/EvoMaster_customer_admin_only_faults/test_11_getOnProfileReturnsMismatchResponseWithSchema/run_stderr.log
customer,customer,EvoMaster_customer_customer_faults.java,EvoMaster_customer_customer_faults,test_11_getOnProfileReturnsMismatchResponseWithSchema,False,1,401,/customer/storefront/customer/profile,GET,401,.statusCode(401) .assertThat(),2,".get(baseUrlOfSut + ""/customer/storefront/customer/profile"")",,,faults,/home/azureuser/yas/evomaster-config/generated-tests/blackbox/customer/customer/EvoMaster_customer_customer_faults.java,23,6,True,0,,0,0,,100.0,0,0,0,0,0,0,False,,/home/azureuser/yas/evomaster-config/runtime-logs/classes/customer/customer/EvoMaster_customer_customer_faults,/home/azureuser/yas/evomaster-config/runtime-logs/classes/customer/customer/EvoMaster_customer_customer_faults/compile.log,/home/azureuser/yas/evomaster-config/runtime-logs/classes/customer/customer/EvoMaster_customer_customer_faults/compile_stdout.log,/home/azureuser/yas/evomaster-config/runtime-logs/classes/customer/customer/EvoMaster_customer_customer_faults/compile_stderr.log,True,True,0,,0,False,13.04,12.04,166.36,,/home/azureuser/yas/evomaster-config/runtime-logs/methods/customer/customer/EvoMaster_customer_customer_faults/test_11_getOnProfileReturnsMismatchResponseWithSchema,/home/azureuser/yas/evomaster-config/runtime-logs/methods/customer/customer/EvoMaster_customer_customer_faults/test_11_getOnProfileReturnsMismatchResponseWithSchema/run.log,/home/azureuser/yas/evomaster-config/runtime-logs/methods/customer/customer/EvoMaster_customer_customer_faults/test_11_getOnProfileReturnsMismatchResponseWithSchema/run_stdout.log,/home/azureuser/yas/evomaster-config/runtime-logs/methods/customer/customer/EvoMaster_customer_customer_faults/test_11_getOnProfileReturnsMismatchResponseWithSchema/run_stderr.log
customer,customer,EvoMaster_customer_customer_successes.java,EvoMaster_customer_customer_successes,test_1_getOnProfileReturnsObject,False,1,200,/customer/storefront/customer/profile,GET,200,.statusCode(200) .assertThat(),6,".get(baseUrlOfSut + ""/customer/storefront/customer/profile"")",,".header(""Authorization"", ""Bearer eyJhbGciOiJSUzI1NiIsInR5cCIgOiAiSldUIiwia2lkIiA6ICJSclRUNWtBOHhIS3N0YWFSMmh1YTRpT0RpcFE4ek9pcjFrNGZOM3RxNFNVIn0.eyJleHAiOjE3Nzc4NjMwMTYsImlhdCI6MTc3Nzg1OTQxNiwianRpIjoiOWVlYTBjYjktMTY2YS00MWVhLTllMDMtNTE5YTRhYTMxMjQ5IiwiaXNzIjoiaHR0cDovL2lkZW50aXR5L3JlYWxtcy9ZYXMiLCJzdWIiOiI0Yjg1MzdlZC1mZTg4LTQ3MGQtYmFkNS0wZjQ5Y2E2Zjg5NjAiLCJ0eXAiOiJCZWFyZXIiLCJhenAiOiJiYWNrb2ZmaWNlLWJmZiIsInNpZCI6IjMwODI2YjEwLTMyNzItNDg2MS1hNjMzLWY2NWViMThmZTI3MyIsInJlYWxtX2FjY2VzcyI6eyJyb2xlcyI6WyJkZWZhdWx0LXJvbGVzLXlhcyIsIm9mZmxpbmVfYWNjZXNzIiwiQ1VTVE9NRVIiLCJ1bWFfYXV0aG9yaXphdGlvbiJdfSwic2NvcGUiOiJlbWFpbCBwcm9maWxlIiwiZW1haWxfdmVyaWZpZWQiOmZhbHNlLCJwcmVmZXJyZWRfdXNlcm5hbWUiOiJ1c2VyIn0.EBGrKxfUZ7K4CD_oZ-0N65GkfDmtRPPgskIxmBwwwLh4fW4ytzsdfQbXAIYBFNObkiX9pyUE36bZlUYvQm0YUtjOi_FC6iq1EpzOkZg6pMyKhPsao7E1AC_E_hOYLyVMhTo_y67Hex3WtXBGzjPnGWt-ABtS12pGSsqEtcQqTu2p4f7NgFb82og4uDhuNIvnawd3xiJaU048zBocT6q0fxYmSCZTCMJGHREw2KdliDuWqvaJ4qhX_LFbPhB8FYdZX0XBp13WSgTaPK1c31nBm7cQwE-UXpNfQAM1r4yrE7GT3gFkqtctdIWcgE942Z0BI_z5aKwvnFQl3nuKoY2y4w"")",successes,/home/azureuser/yas/evomaster-config/generated-tests/blackbox/customer/customer/EvoMaster_customer_customer_successes.java,23,6,True,0,,0,0,,100.0,0,0,0,0,0,0,False,,/home/azureuser/yas/evomaster-config/runtime-logs/classes/customer/customer/EvoMaster_customer_customer_successes,/home/azureuser/yas/evomaster-config/runtime-logs/classes/customer/customer/EvoMaster_customer_customer_successes/compile.log,/home/azureuser/yas/evomaster-config/runtime-logs/classes/customer/customer/EvoMaster_customer_customer_successes/compile_stdout.log,/home/azureuser/yas/evomaster-config/runtime-logs/classes/customer/customer/EvoMaster_customer_customer_successes/compile_stderr.log,True,True,0,,0,False,14.06,11.2,158.39,,/home/azureuser/yas/evomaster-config/runtime-logs/methods/customer/customer/EvoMaster_customer_customer_successes/test_1_getOnProfileReturnsObject,/home/azureuser/yas/evomaster-config/runtime-logs/methods/customer/customer/EvoMaster_customer_customer_successes/test_1_getOnProfileReturnsObject/run.log,/home/azureuser/yas/evomaster-config/runtime-logs/methods/customer/customer/EvoMaster_customer_customer_successes/test_1_getOnProfileReturnsObject/run_stdout.log,/home/azureuser/yas/evomaster-config/runtime-logs/methods/customer/customer/EvoMaster_customer_customer_successes/test_1_getOnProfileReturnsObject/run_stderr.log
customer,none,EvoMaster_customer_none_faults.java,EvoMaster_customer_none_faults,test_5_getOnProfileReturnsMismatchResponseWithSchema,False,1,401,/customer/storefront/customer/profile,GET,401,.statusCode(401) .assertThat(),2,".get(baseUrlOfSut + ""/customer/storefront/customer/profile"")",,,faults,/home/azureuser/yas/evomaster-config/generated-tests/blackbox/customer/none/EvoMaster_customer_none_faults.java,23,6,True,0,,0,0,,100.0,0,0,0,0,0,0,False,,/home/azureuser/yas/evomaster-config/runtime-logs/classes/customer/none/EvoMaster_customer_none_faults,/home/azureuser/yas/evomaster-config/runtime-logs/classes/customer/none/EvoMaster_customer_none_faults/compile.log,/home/azureuser/yas/evomaster-config/runtime-logs/classes/customer/none/EvoMaster_customer_none_faults/compile_stdout.log,/home/azureuser/yas/evomaster-config/runtime-logs/classes/customer/none/EvoMaster_customer_none_faults/compile_stderr.log,True,True,0,,0,False,12.54,11.03,160.56,,/home/azureuser/yas/evomaster-config/runtime-logs/methods/customer/none/EvoMaster_customer_none_faults/test_5_getOnProfileReturnsMismatchResponseWithSchema,/home/azureuser/yas/evomaster-config/runtime-logs/methods/customer/none/EvoMaster_customer_none_faults/test_5_getOnProfileReturnsMismatchResponseWithSchema/run.log,/home/azureuser/yas/evomaster-config/runtime-logs/methods/customer/none/EvoMaster_customer_none_faults/test_5_getOnProfileReturnsMismatchResponseWithSchema/run_stdout.log,/home/azureuser/yas/evomaster-config/runtime-logs/methods/customer/none/EvoMaster_customer_none_faults/test_5_getOnProfileReturnsMismatchResponseWithSchema/run_stderr.log
customer,super_admin,EvoMaster_customer_super_admin_faults.java,EvoMaster_customer_super_admin_faults,test_10_getOnProfileReturnsMismatchResponseWithSchema,False,1,401,/customer/storefront/customer/profile,GET,401,.statusCode(401) .assertThat(),2,".get(baseUrlOfSut + ""/customer/storefront/customer/profile"")",,,faults,/home/azureuser/yas/evomaster-config/generated-tests/blackbox/customer/super_admin/EvoMaster_customer_super_admin_faults.java,23,6,True,0,,0,0,,100.0,0,0,0,0,0,0,False,,/home/azureuser/yas/evomaster-config/runtime-logs/classes/customer/super_admin/EvoMaster_customer_super_admin_faults,/home/azureuser/yas/evomaster-config/runtime-logs/classes/customer/super_admin/EvoMaster_customer_super_admin_faults/compile.log,/home/azureuser/yas/evomaster-config/runtime-logs/classes/customer/super_admin/EvoMaster_customer_super_admin_faults/compile_stdout.log,/home/azureuser/yas/evomaster-config/runtime-logs/classes/customer/super_admin/EvoMaster_customer_super_admin_faults/compile_stderr.log,True,True,0,,0,False,13.04,11.97,161.5,,/home/azureuser/yas/evomaster-config/runtime-logs/methods/customer/super_admin/EvoMaster_customer_super_admin_faults/test_10_getOnProfileReturnsMismatchResponseWithSchema,/home/azureuser/yas/evomaster-config/runtime-logs/methods/customer/super_admin/EvoMaster_customer_super_admin_faults/test_10_getOnProfileReturnsMismatchResponseWithSchema/run.log,/home/azureuser/yas/evomaster-config/runtime-logs/methods/customer/super_admin/EvoMaster_customer_super_admin_faults/test_10_getOnProfileReturnsMismatchResponseWithSchema/run_stdout.log,/home/azureuser/yas/evomaster-config/runtime-logs/methods/customer/super_admin/EvoMaster_customer_super_admin_faults/test_10_getOnProfileReturnsMismatchResponseWithSchema/run_stderr.log
customer,super_admin,EvoMaster_customer_super_admin_faults.java,EvoMaster_customer_super_admin_faults,test_12_getOnProfileReturnsMismatchResponseWithSchema,False,1,403,/customer/storefront/customer/profile,GET,403,.statusCode(403) .assertThat(),2,".get(baseUrlOfSut + ""/customer/storefront/customer/profile"")",,".header(""Authorization"", ""Bearer eyJhbGciOiJSUzI1NiIsInR5cCIgOiAiSldUIiwia2lkIiA6ICJSclRUNWtBOHhIS3N0YWFSMmh1YTRpT0RpcFE4ek9pcjFrNGZOM3RxNFNVIn0.eyJleHAiOjE3Nzc4NjMwMTEsImlhdCI6MTc3Nzg1OTQxMSwianRpIjoiYzBiOTZjYTUtZDY1OS00YTMxLTk3NzItYTc3NjM1Mzc4MGNhIiwiaXNzIjoiaHR0cDovL2lkZW50aXR5L3JlYWxtcy9ZYXMiLCJzdWIiOiI3MDQyZWE5ZS1hNzg0LTQxZjQtYTkzNi1kOGUxNTk5ODlmZjUiLCJ0eXAiOiJCZWFyZXIiLCJhenAiOiJiYWNrb2ZmaWNlLWJmZiIsInNpZCI6ImRhZjFjNGQ3LTBiZTYtNDA5MS04MjUyLWJkYWQ2NzQ0Y2M5YiIsInJlYWxtX2FjY2VzcyI6eyJyb2xlcyI6WyJTVVBFUi1BRE1JTiJdfSwic2NvcGUiOiJlbWFpbCBwcm9maWxlIiwiZW1haWxfdmVyaWZpZWQiOmZhbHNlLCJwcmVmZXJyZWRfdXNlcm5hbWUiOiJzdXBlcl9hZG1pbiJ9.rMxYROzqL1o6IvpgJi0h0vxNL1c1w0hHw6MhWqT98gyg2_TYGMaRwGs0-uuWGtwa7hRIE8_t2-1VJuWHcmW4bPNUro8GZANYq9Q-N6KwEXDillcEXzbvGapJPY6hcYPSx9IINOinJP9vVFMA4pr1IatpnBm6mdxGfL71ZR8SF97ei6w9UnCEY2RjDYl6Co2e-u_JwlDX-fGc7Z97J0CkPW6iZ7AaZ8YTCMhQjq1_xSQvaTDIpRJ1rHDjo3amZsqiIQnPctXQMNRFYwO-aPL8cmgaDbCkHdk3BU0Z-DmC5pjx0XFisAIRJcZZ9W5DD4iANi_WubEPvPlJja80Y6vw-w"")",faults,/home/azureuser/yas/evomaster-config/generated-tests/blackbox/customer/super_admin/EvoMaster_customer_super_admin_faults.java,23,6,True,0,,0,0,,100.0,0,0,0,0,0,0,False,,/home/azureuser/yas/evomaster-config/runtime-logs/classes/customer/super_admin/EvoMaster_customer_super_admin_faults,/home/azureuser/yas/evomaster-config/runtime-logs/classes/customer/super_admin/EvoMaster_customer_super_admin_faults/compile.log,/home/azureuser/yas/evomaster-config/runtime-logs/classes/customer/super_admin/EvoMaster_customer_super_admin_faults/compile_stdout.log,/home/azureuser/yas/evomaster-config/runtime-logs/classes/customer/super_admin/EvoMaster_customer_super_admin_faults/compile_stderr.log,True,True,0,,0,False,12.54,11.2,154.83,,/home/azureuser/yas/evomaster-config/runtime-logs/methods/customer/super_admin/EvoMaster_customer_super_admin_faults/test_12_getOnProfileReturnsMismatchResponseWithSchema,/home/azureuser/yas/evomaster-config/runtime-logs/methods/customer/super_admin/EvoMaster_customer_super_admin_faults/test_12_getOnProfileReturnsMismatchResponseWithSchema/run.log,/home/azureuser/yas/evomaster-config/runtime-logs/methods/customer/super_admin/EvoMaster_customer_super_admin_faults/test_12_getOnProfileReturnsMismatchResponseWithSchema/run_stdout.log,/home/azureuser/yas/evomaster-config/runtime-logs/methods/customer/super_admin/EvoMaster_customer_super_admin_faults/test_12_getOnProfileReturnsMismatchResponseWithSchema/run_stderr.log
customer,user,EvoMaster_customer_user_faults.java,EvoMaster_customer_user_faults,test_10_getOnProfileReturnsMismatchResponseWithSchema,False,1,401,/customer/storefront/customer/profile,GET,401,.statusCode(401) .assertThat(),2,".get(baseUrlOfSut + ""/customer/storefront/customer/profile"")",,,faults,/home/azureuser/yas/evomaster-config/generated-tests/blackbox/customer/user/EvoMaster_customer_user_faults.java,23,6,True,0,,0,0,,100.0,0,0,0,0,0,0,False,,/home/azureuser/yas/evomaster-config/runtime-logs/classes/customer/user/EvoMaster_customer_user_faults,/home/azureuser/yas/evomaster-config/runtime-logs/classes/customer/user/EvoMaster_customer_user_faults/compile.log,/home/azureuser/yas/evomaster-config/runtime-logs/classes/customer/user/EvoMaster_customer_user_faults/compile_stdout.log,/home/azureuser/yas/evomaster-config/runtime-logs/classes/customer/user/EvoMaster_customer_user_faults/compile_stderr.log,True,True,0,,0,False,12.55,10.97,154.2,,/home/azureuser/yas/evomaster-config/runtime-logs/methods/customer/user/EvoMaster_customer_user_faults/test_10_getOnProfileReturnsMismatchResponseWithSchema,/home/azureuser/yas/evomaster-config/runtime-logs/methods/customer/user/EvoMaster_customer_user_faults/test_10_getOnProfileReturnsMismatchResponseWithSchema/run.log,/home/azureuser/yas/evomaster-config/runtime-logs/methods/customer/user/EvoMaster_customer_user_faults/test_10_getOnProfileReturnsMismatchResponseWithSchema/run_stdout.log,/home/azureuser/yas/evomaster-config/runtime-logs/methods/customer/user/EvoMaster_customer_user_faults/test_10_getOnProfileReturnsMismatchResponseWithSchema/run_stderr.log
customer,user,EvoMaster_customer_user_faults.java,EvoMaster_customer_user_faults,test_12_getOnProfileReturnsMismatchResponseWithSchema,False,1,403,/customer/storefront/customer/profile,GET,403,.statusCode(403) .assertThat(),2,".get(baseUrlOfSut + ""/customer/storefront/customer/profile"")",,".header(""Authorization"", ""Bearer eyJhbGciOiJSUzI1NiIsInR5cCIgOiAiSldUIiwia2lkIiA6ICJSclRUNWtBOHhIS3N0YWFSMmh1YTRpT0RpcFE4ek9pcjFrNGZOM3RxNFNVIn0.eyJleHAiOjE3Nzc4NjMwMDMsImlhdCI6MTc3Nzg1OTQwMywianRpIjoiMGRjZTA1MjktM2ZjMC00NDhmLWIyNzItZjg2ZDA4Y2MwNjgwIiwiaXNzIjoiaHR0cDovL2lkZW50aXR5L3JlYWxtcy9ZYXMiLCJzdWIiOiIwMTEzZmQyNy1hMDllLTQ3MjItYjFlNS01MDA3ZjU4ZjUyODgiLCJ0eXAiOiJCZWFyZXIiLCJhenAiOiJiYWNrb2ZmaWNlLWJmZiIsInNpZCI6IjNiOTQxZmRmLTQ4NjktNGI0YS04MTY0LTA3ZTRmNTFlZDU2ZSIsInJlYWxtX2FjY2VzcyI6eyJyb2xlcyI6WyJVU0VSIl19LCJzY29wZSI6ImVtYWlsIHByb2ZpbGUiLCJlbWFpbF92ZXJpZmllZCI6ZmFsc2UsInByZWZlcnJlZF91c2VybmFtZSI6InVzZXJfcm9sZSJ9.SOiX39y4EOsLlN7aMZRyeEwZJN9pGE5t2LBkhoYj_o-VUahs4tHIhhizeFkSJ6mp6cgwocijpYXG7HsdHSa54p07sXrenxNUa7mSFh062yU8sREM902TicLswETJFGhESN7P6vOEzxuJ2xXxOd_WAVS6QlSflVi5vEgIf5DWcS1tR-rFLeZd7D32LSaUdw8QDRc4hvdodgj-pVXkliDjaHf8cff7lHWHJK4udcRZc6agmPoQYfD0WfgjrSAZSxGNWlDDWE-kTFha8f0DuHtM0XqOw9t4H3onh5x6u-1iTZ-8XVBoDv_v6rsVIcGZlQQYpjlIf2BRCE-VaM39tAT04A"")",faults,/home/azureuser/yas/evomaster-config/generated-tests/blackbox/customer/user/EvoMaster_customer_user_faults.java,23,6,True,0,,0,0,,100.0,0,0,0,0,0,0,False,,/home/azureuser/yas/evomaster-config/runtime-logs/classes/customer/user/EvoMaster_customer_user_faults,/home/azureuser/yas/evomaster-config/runtime-logs/classes/customer/user/EvoMaster_customer_user_faults/compile.log,/home/azureuser/yas/evomaster-config/runtime-logs/classes/customer/user/EvoMaster_customer_user_faults/compile_stdout.log,/home/azureuser/yas/evomaster-config/runtime-logs/classes/customer/user/EvoMaster_customer_user_faults/compile_stderr.log,True,True,0,,0,False,12.55,11.02,161.44,,/home/azureuser/yas/evomaster-config/runtime-logs/methods/customer/user/EvoMaster_customer_user_faults/test_12_getOnProfileReturnsMismatchResponseWithSchema,/home/azureuser/yas/evomaster-config/runtime-logs/methods/customer/user/EvoMaster_customer_user_faults/test_12_getOnProfileReturnsMismatchResponseWithSchema/run.log,/home/azureuser/yas/evomaster-config/runtime-logs/methods/customer/user/EvoMaster_customer_user_faults/test_12_getOnProfileReturnsMismatchResponseWithSchema/run_stdout.log,/home/azureuser/yas/evomaster-config/runtime-logs/methods/customer/user/EvoMaster_customer_user_faults/test_12_getOnProfileReturnsMismatchResponseWithSchema/run_stderr.log
inventory,admin_only,EvoMaster_inventory_admin_only_faults.java,EvoMaster_inventory_admin_only_faults,test_15_deleteOnWarehousReturnsMismatchResponseWithSchema,False,1,403,/inventory/backoffice/warehouses/{id},DELETE,403,.statusCode(403) .assertThat(),5,".delete(baseUrlOfSut + ""/inventory/backoffice/warehouses/253"")",,,faults,/home/azureuser/yas/evomaster-config/generated-tests/blackbox/inventory/admin_only/EvoMaster_inventory_admin_only_faults.java,23,6,True,0,,0,0,,100.0,0,0,0,0,0,0,False,,/home/azureuser/yas/evomaster-config/runtime-logs/classes/inventory/admin_only/EvoMaster_inventory_admin_only_faults,/home/azureuser/yas/evomaster-config/runtime-logs/classes/inventory/admin_only/EvoMaster_inventory_admin_only_faults/compile.log,/home/azureuser/yas/evomaster-config/runtime-logs/classes/inventory/admin_only/EvoMaster_inventory_admin_only_faults/compile_stdout.log,/home/azureuser/yas/evomaster-config/runtime-logs/classes/inventory/admin_only/EvoMaster_inventory_admin_only_faults/compile_stderr.log,True,True,0,,0,False,14.04,11.29,158.98,,/home/azureuser/yas/evomaster-config/runtime-logs/methods/inventory/admin_only/EvoMaster_inventory_admin_only_faults/test_15_deleteOnWarehousReturnsMismatchResponseWithSchema,/home/azureuser/yas/evomaster-config/runtime-logs/methods/inventory/admin_only/EvoMaster_inventory_admin_only_faults/test_15_deleteOnWarehousReturnsMismatchResponseWithSchema/run.log,/home/azureuser/yas/evomaster-config/runtime-logs/methods/inventory/admin_only/EvoMaster_inventory_admin_only_faults/test_15_deleteOnWarehousReturnsMismatchResponseWithSchema/run_stdout.log,/home/azureuser/yas/evomaster-config/runtime-logs/methods/inventory/admin_only/EvoMaster_inventory_admin_only_faults/test_15_deleteOnWarehousReturnsMismatchResponseWithSchema/run_stderr.log
inventory,admin_only,EvoMaster_inventory_admin_only_others.java,EvoMaster_inventory_admin_only_others,test_5_deleteOnWarehousReturns404,False,1,404,/inventory/backoffice/warehouses/{id},DELETE,404,.statusCode(404) .assertThat(),6,".delete(baseUrlOfSut + ""/inventory/backoffice/warehouses/172"")",,".header(""Authorization"", ""Bearer eyJhbGciOiJSUzI1NiIsInR5cCIgOiAiSldUIiwia2lkIiA6ICJSclRUNWtBOHhIS3N0YWFSMmh1YTRpT0RpcFE4ek9pcjFrNGZOM3RxNFNVIn0.eyJleHAiOjE3Nzc4NjI5OTgsImlhdCI6MTc3Nzg1OTM5OCwianRpIjoiMTIwZDQ2YTctY2IwMS00YTk2LWIxNGYtZjc2YzBlZjkxZTRiIiwiaXNzIjoiaHR0cDovL2lkZW50aXR5L3JlYWxtcy9ZYXMiLCJzdWIiOiJlY2RlODFiYy00MTgwLTQ2ZWMtOTBlZi02NmIxNDVkOWQyMmMiLCJ0eXAiOiJCZWFyZXIiLCJhenAiOiJiYWNrb2ZmaWNlLWJmZiIsInNpZCI6ImFjNGEwMDIyLWY2NTktNDMxZi04ZjEzLTI0YzRiOTM3MTczOSIsInJlYWxtX2FjY2VzcyI6eyJyb2xlcyI6WyJBRE1JTiJdfSwic2NvcGUiOiJlbWFpbCBwcm9maWxlIiwiZW1haWxfdmVyaWZpZWQiOmZhbHNlLCJwcmVmZXJyZWRfdXNlcm5hbWUiOiJhZG1pbl9vbmx5In0.hCGaFqeDiVPVkjZFVAehfJHGtZRHq-sRpTwupQPMSRsBLMYA54WpWbiz5QEJ6brNwqLl4qUotRDNKLd2oahcLZISTf1eOWGspBgmc8YGDAf7CEZVISmQHPJoqRngNswvt8N7oYFWT0E5WJx0RqWD2ysLl5dSEnQSFh3OxxQDh9S0FnzqB7y_SrmwwGjqWu1j3Ev40J7yxGqNGT2ICUDu_VyxLXRgBcfkv41byhtlpykn7Dk2Upc0LFPhXqSxPTIuzao4CSmHzbkn5oZEFianFhGDs9jukpjJ6Op1_3dueQYZ_7-kaZIAbNVcazw69O_E0Z-P02UM9dlvJZ2pc8I79A"")",others,/home/azureuser/yas/evomaster-config/generated-tests/blackbox/inventory/admin_only/EvoMaster_inventory_admin_only_others.java,23,6,True,0,,0,0,,100.0,0,0,0,0,0,0,False,,/home/azureuser/yas/evomaster-config/runtime-logs/classes/inventory/admin_only/EvoMaster_inventory_admin_only_others,/home/azureuser/yas/evomaster-config/runtime-logs/classes/inventory/admin_only/EvoMaster_inventory_admin_only_others/compile.log,/home/azureuser/yas/evomaster-config/runtime-logs/classes/inventory/admin_only/EvoMaster_inventory_admin_only_others/compile_stdout.log,/home/azureuser/yas/evomaster-config/runtime-logs/classes/inventory/admin_only/EvoMaster_inventory_admin_only_others/compile_stderr.log,True,True,0,,0,False,14.55,11.28,156.51,,/home/azureuser/yas/evomaster-config/runtime-logs/methods/inventory/admin_only/EvoMaster_inventory_admin_only_others/test_5_deleteOnWarehousReturns404,/home/azureuser/yas/evomaster-config/runtime-logs/methods/inventory/admin_only/EvoMaster_inventory_admin_only_others/test_5_deleteOnWarehousReturns404/run.log,/home/azureuser/yas/evomaster-config/runtime-logs/methods/inventory/admin_only/EvoMaster_inventory_admin_only_others/test_5_deleteOnWarehousReturns404/run_stdout.log,/home/azureuser/yas/evomaster-config/runtime-logs/methods/inventory/admin_only/EvoMaster_inventory_admin_only_others/test_5_deleteOnWarehousReturns404/run_stderr.log
inventory,customer,EvoMaster_inventory_customer_faults.java,EvoMaster_inventory_customer_faults,test_19_deleteOnWarehousReturnsMismatchResponseWithSchema,False,1,403,/inventory/backoffice/warehouses/{id},DELETE,403,.statusCode(403) .assertThat(),2,".delete(baseUrlOfSut + ""/inventory/backoffice/warehouses/65"")",,".header(""Authorization"", ""Bearer eyJhbGciOiJSUzI1NiIsInR5cCIgOiAiSldUIiwia2lkIiA6ICJSclRUNWtBOHhIS3N0YWFSMmh1YTRpT0RpcFE4ek9pcjFrNGZOM3RxNFNVIn0.eyJleHAiOjE3Nzc4NjMwMTYsImlhdCI6MTc3Nzg1OTQxNiwianRpIjoiOWVlYTBjYjktMTY2YS00MWVhLTllMDMtNTE5YTRhYTMxMjQ5IiwiaXNzIjoiaHR0cDovL2lkZW50aXR5L3JlYWxtcy9ZYXMiLCJzdWIiOiI0Yjg1MzdlZC1mZTg4LTQ3MGQtYmFkNS0wZjQ5Y2E2Zjg5NjAiLCJ0eXAiOiJCZWFyZXIiLCJhenAiOiJiYWNrb2ZmaWNlLWJmZiIsInNpZCI6IjMwODI2YjEwLTMyNzItNDg2MS1hNjMzLWY2NWViMThmZTI3MyIsInJlYWxtX2FjY2VzcyI6eyJyb2xlcyI6WyJkZWZhdWx0LXJvbGVzLXlhcyIsIm9mZmxpbmVfYWNjZXNzIiwiQ1VTVE9NRVIiLCJ1bWFfYXV0aG9yaXphdGlvbiJdfSwic2NvcGUiOiJlbWFpbCBwcm9maWxlIiwiZW1haWxfdmVyaWZpZWQiOmZhbHNlLCJwcmVmZXJyZWRfdXNlcm5hbWUiOiJ1c2VyIn0.EBGrKxfUZ7K4CD_oZ-0N65GkfDmtRPPgskIxmBwwwLh4fW4ytzsdfQbXAIYBFNObkiX9pyUE36bZlUYvQm0YUtjOi_FC6iq1EpzOkZg6pMyKhPsao7E1AC_E_hOYLyVMhTo_y67Hex3WtXBGzjPnGWt-ABtS12pGSsqEtcQqTu2p4f7NgFb82og4uDhuNIvnawd3xiJaU048zBocT6q0fxYmSCZTCMJGHREw2KdliDuWqvaJ4qhX_LFbPhB8FYdZX0XBp13WSgTaPK1c31nBm7cQwE-UXpNfQAM1r4yrE7GT3gFkqtctdIWcgE942Z0BI_z5aKwvnFQl3nuKoY2y4w"")",faults,/home/azureuser/yas/evomaster-config/generated-tests/blackbox/inventory/customer/EvoMaster_inventory_customer_faults.java,23,6,True,0,,0,0,,100.0,0,0,0,0,0,0,False,,/home/azureuser/yas/evomaster-config/runtime-logs/classes/inventory/customer/EvoMaster_inventory_customer_faults,/home/azureuser/yas/evomaster-config/runtime-logs/classes/inventory/customer/EvoMaster_inventory_customer_faults/compile.log,/home/azureuser/yas/evomaster-config/runtime-logs/classes/inventory/customer/EvoMaster_inventory_customer_faults/compile_stdout.log,/home/azureuser/yas/evomaster-config/runtime-logs/classes/inventory/customer/EvoMaster_inventory_customer_faults/compile_stderr.log,True,True,0,,0,False,12.54,11.27,155.43,,/home/azureuser/yas/evomaster-config/runtime-logs/methods/inventory/customer/EvoMaster_inventory_customer_faults/test_19_deleteOnWarehousReturnsMismatchResponseWithSchema,/home/azureuser/yas/evomaster-config/runtime-logs/methods/inventory/customer/EvoMaster_inventory_customer_faults/test_19_deleteOnWarehousReturnsMismatchResponseWithSchema/run.log,/home/azureuser/yas/evomaster-config/runtime-logs/methods/inventory/customer/EvoMaster_inventory_customer_faults/test_19_deleteOnWarehousReturnsMismatchResponseWithSchema/run_stdout.log,/home/azureuser/yas/evomaster-config/runtime-logs/methods/inventory/customer/EvoMaster_inventory_customer_faults/test_19_deleteOnWarehousReturnsMismatchResponseWithSchema/run_stderr.log
inventory,customer,EvoMaster_inventory_customer_faults.java,EvoMaster_inventory_customer_faults,test_20_deleteOnWarehousReturnsMismatchResponseWithSchema,False,1,403,/inventory/backoffice/warehouses/{id},DELETE,403,.statusCode(403) .assertThat(),5,".delete(baseUrlOfSut + ""/inventory/backoffice/warehouses/638"")",,,faults,/home/azureuser/yas/evomaster-config/generated-tests/blackbox/inventory/customer/EvoMaster_inventory_customer_faults.java,23,6,True,0,,0,0,,100.0,0,0,0,0,0,0,False,,/home/azureuser/yas/evomaster-config/runtime-logs/classes/inventory/customer/EvoMaster_inventory_customer_faults,/home/azureuser/yas/evomaster-config/runtime-logs/classes/inventory/customer/EvoMaster_inventory_customer_faults/compile.log,/home/azureuser/yas/evomaster-config/runtime-logs/classes/inventory/customer/EvoMaster_inventory_customer_faults/compile_stdout.log,/home/azureuser/yas/evomaster-config/runtime-logs/classes/inventory/customer/EvoMaster_inventory_customer_faults/compile_stderr.log,True,True,0,,0,False,14.55,12.2,166.26,,/home/azureuser/yas/evomaster-config/runtime-logs/methods/inventory/customer/EvoMaster_inventory_customer_faults/test_20_deleteOnWarehousReturnsMismatchResponseWithSchema,/home/azureuser/yas/evomaster-config/runtime-logs/methods/inventory/customer/EvoMaster_inventory_customer_faults/test_20_deleteOnWarehousReturnsMismatchResponseWithSchema/run.log,/home/azureuser/yas/evomaster-config/runtime-logs/methods/inventory/customer/EvoMaster_inventory_customer_faults/test_20_deleteOnWarehousReturnsMismatchResponseWithSchema/run_stdout.log,/home/azureuser/yas/evomaster-config/runtime-logs/methods/inventory/customer/EvoMaster_inventory_customer_faults/test_20_deleteOnWarehousReturnsMismatchResponseWithSchema/run_stderr.log
inventory,none,EvoMaster_inventory_none_faults.java,EvoMaster_inventory_none_faults,test_10_deleteOnWarehousReturnsMismatchResponseWithSchema,False,1,403,/inventory/backoffice/warehouses/{id},DELETE,403,.statusCode(403) .assertThat(),5,".delete(baseUrlOfSut + ""/inventory/backoffice/warehouses/312"")",,,faults,/home/azureuser/yas/evomaster-config/generated-tests/blackbox/inventory/none/EvoMaster_inventory_none_faults.java,23,6,True,0,,0,0,,100.0,0,0,0,0,0,0,False,,/home/azureuser/yas/evomaster-config/runtime-logs/classes/inventory/none/EvoMaster_inventory_none_faults,/home/azureuser/yas/evomaster-config/runtime-logs/classes/inventory/none/EvoMaster_inventory_none_faults/compile.log,/home/azureuser/yas/evomaster-config/runtime-logs/classes/inventory/none/EvoMaster_inventory_none_faults/compile_stdout.log,/home/azureuser/yas/evomaster-config/runtime-logs/classes/inventory/none/EvoMaster_inventory_none_faults/compile_stderr.log,True,True,0,,0,False,14.05,11.4,154.46,,/home/azureuser/yas/evomaster-config/runtime-logs/methods/inventory/none/EvoMaster_inventory_none_faults/test_10_deleteOnWarehousReturnsMismatchResponseWithSchema,/home/azureuser/yas/evomaster-config/runtime-logs/methods/inventory/none/EvoMaster_inventory_none_faults/test_10_deleteOnWarehousReturnsMismatchResponseWithSchema/run.log,/home/azureuser/yas/evomaster-config/runtime-logs/methods/inventory/none/EvoMaster_inventory_none_faults/test_10_deleteOnWarehousReturnsMismatchResponseWithSchema/run_stdout.log,/home/azureuser/yas/evomaster-config/runtime-logs/methods/inventory/none/EvoMaster_inventory_none_faults/test_10_deleteOnWarehousReturnsMismatchResponseWithSchema/run_stderr.log
inventory,super_admin,EvoMaster_inventory_super_admin_faults.java,EvoMaster_inventory_super_admin_faults,test_21_deleteOnWarehousReturnsMismatchResponseWithSchema,False,1,403,/inventory/backoffice/warehouses/{id},DELETE,403,.statusCode(403) .assertThat(),2,".delete(baseUrlOfSut + ""/inventory/backoffice/warehouses/839"")",,".header(""Authorization"", ""Bearer eyJhbGciOiJSUzI1NiIsInR5cCIgOiAiSldUIiwia2lkIiA6ICJSclRUNWtBOHhIS3N0YWFSMmh1YTRpT0RpcFE4ek9pcjFrNGZOM3RxNFNVIn0.eyJleHAiOjE3Nzc4NjMwMTEsImlhdCI6MTc3Nzg1OTQxMSwianRpIjoiYzBiOTZjYTUtZDY1OS00YTMxLTk3NzItYTc3NjM1Mzc4MGNhIiwiaXNzIjoiaHR0cDovL2lkZW50aXR5L3JlYWxtcy9ZYXMiLCJzdWIiOiI3MDQyZWE5ZS1hNzg0LTQxZjQtYTkzNi1kOGUxNTk5ODlmZjUiLCJ0eXAiOiJCZWFyZXIiLCJhenAiOiJiYWNrb2ZmaWNlLWJmZiIsInNpZCI6ImRhZjFjNGQ3LTBiZTYtNDA5MS04MjUyLWJkYWQ2NzQ0Y2M5YiIsInJlYWxtX2FjY2VzcyI6eyJyb2xlcyI6WyJTVVBFUi1BRE1JTiJdfSwic2NvcGUiOiJlbWFpbCBwcm9maWxlIiwiZW1haWxfdmVyaWZpZWQiOmZhbHNlLCJwcmVmZXJyZWRfdXNlcm5hbWUiOiJzdXBlcl9hZG1pbiJ9.rMxYROzqL1o6IvpgJi0h0vxNL1c1w0hHw6MhWqT98gyg2_TYGMaRwGs0-uuWGtwa7hRIE8_t2-1VJuWHcmW4bPNUro8GZANYq9Q-N6KwEXDillcEXzbvGapJPY6hcYPSx9IINOinJP9vVFMA4pr1IatpnBm6mdxGfL71ZR8SF97ei6w9UnCEY2RjDYl6Co2e-u_JwlDX-fGc7Z97J0CkPW6iZ7AaZ8YTCMhQjq1_xSQvaTDIpRJ1rHDjo3amZsqiIQnPctXQMNRFYwO-aPL8cmgaDbCkHdk3BU0Z-DmC5pjx0XFisAIRJcZZ9W5DD4iANi_WubEPvPlJja80Y6vw-w"")",faults,/home/azureuser/yas/evomaster-config/generated-tests/blackbox/inventory/super_admin/EvoMaster_inventory_super_admin_faults.java,23,6,True,0,,0,0,,100.0,0,0,0,0,0,0,False,,/home/azureuser/yas/evomaster-config/runtime-logs/classes/inventory/super_admin/EvoMaster_inventory_super_admin_faults,/home/azureuser/yas/evomaster-config/runtime-logs/classes/inventory/super_admin/EvoMaster_inventory_super_admin_faults/compile.log,/home/azureuser/yas/evomaster-config/runtime-logs/classes/inventory/super_admin/EvoMaster_inventory_super_admin_faults/compile_stdout.log,/home/azureuser/yas/evomaster-config/runtime-logs/classes/inventory/super_admin/EvoMaster_inventory_super_admin_faults/compile_stderr.log,True,True,0,,0,False,12.04,10.99,166.57,,/home/azureuser/yas/evomaster-config/runtime-logs/methods/inventory/super_admin/EvoMaster_inventory_super_admin_faults/test_21_deleteOnWarehousReturnsMismatchResponseWithSchema,/home/azureuser/yas/evomaster-config/runtime-logs/methods/inventory/super_admin/EvoMaster_inventory_super_admin_faults/test_21_deleteOnWarehousReturnsMismatchResponseWithSchema/run.log,/home/azureuser/yas/evomaster-config/runtime-logs/methods/inventory/super_admin/EvoMaster_inventory_super_admin_faults/test_21_deleteOnWarehousReturnsMismatchResponseWithSchema/run_stdout.log,/home/azureuser/yas/evomaster-config/runtime-logs/methods/inventory/super_admin/EvoMaster_inventory_super_admin_faults/test_21_deleteOnWarehousReturnsMismatchResponseWithSchema/run_stderr.log
inventory,super_admin,EvoMaster_inventory_super_admin_faults.java,EvoMaster_inventory_super_admin_faults,test_22_deleteOnWarehousReturnsMismatchResponseWithSchema,False,1,403,/inventory/backoffice/warehouses/{id},DELETE,403,.statusCode(403) .assertThat(),5,".delete(baseUrlOfSut + ""/inventory/backoffice/warehouses/474"")",,,faults,/home/azureuser/yas/evomaster-config/generated-tests/blackbox/inventory/super_admin/EvoMaster_inventory_super_admin_faults.java,23,6,True,0,,0,0,,100.0,0,0,0,0,0,0,False,,/home/azureuser/yas/evomaster-config/runtime-logs/classes/inventory/super_admin/EvoMaster_inventory_super_admin_faults,/home/azureuser/yas/evomaster-config/runtime-logs/classes/inventory/super_admin/EvoMaster_inventory_super_admin_faults/compile.log,/home/azureuser/yas/evomaster-config/runtime-logs/classes/inventory/super_admin/EvoMaster_inventory_super_admin_faults/compile_stdout.log,/home/azureuser/yas/evomaster-config/runtime-logs/classes/inventory/super_admin/EvoMaster_inventory_super_admin_faults/compile_stderr.log,True,True,0,,0,False,14.04,11.62,161.17,,/home/azureuser/yas/evomaster-config/runtime-logs/methods/inventory/super_admin/EvoMaster_inventory_super_admin_faults/test_22_deleteOnWarehousReturnsMismatchResponseWithSchema,/home/azureuser/yas/evomaster-config/runtime-logs/methods/inventory/super_admin/EvoMaster_inventory_super_admin_faults/test_22_deleteOnWarehousReturnsMismatchResponseWithSchema/run.log,/home/azureuser/yas/evomaster-config/runtime-logs/methods/inventory/super_admin/EvoMaster_inventory_super_admin_faults/test_22_deleteOnWarehousReturnsMismatchResponseWithSchema/run_stdout.log,/home/azureuser/yas/evomaster-config/runtime-logs/methods/inventory/super_admin/EvoMaster_inventory_super_admin_faults/test_22_deleteOnWarehousReturnsMismatchResponseWithSchema/run_stderr.log
inventory,user,EvoMaster_inventory_user_faults.java,EvoMaster_inventory_user_faults,test_21_deleteOnWarehousReturnsMismatchResponseWithSchema,False,1,403,/inventory/backoffice/warehouses/{id},DELETE,403,.statusCode(403) .assertThat(),2,".delete(baseUrlOfSut + ""/inventory/backoffice/warehouses/435"")",,".header(""Authorization"", ""Bearer eyJhbGciOiJSUzI1NiIsInR5cCIgOiAiSldUIiwia2lkIiA6ICJSclRUNWtBOHhIS3N0YWFSMmh1YTRpT0RpcFE4ek9pcjFrNGZOM3RxNFNVIn0.eyJleHAiOjE3Nzc4NjMwMDMsImlhdCI6MTc3Nzg1OTQwMywianRpIjoiMGRjZTA1MjktM2ZjMC00NDhmLWIyNzItZjg2ZDA4Y2MwNjgwIiwiaXNzIjoiaHR0cDovL2lkZW50aXR5L3JlYWxtcy9ZYXMiLCJzdWIiOiIwMTEzZmQyNy1hMDllLTQ3MjItYjFlNS01MDA3ZjU4ZjUyODgiLCJ0eXAiOiJCZWFyZXIiLCJhenAiOiJiYWNrb2ZmaWNlLWJmZiIsInNpZCI6IjNiOTQxZmRmLTQ4NjktNGI0YS04MTY0LTA3ZTRmNTFlZDU2ZSIsInJlYWxtX2FjY2VzcyI6eyJyb2xlcyI6WyJVU0VSIl19LCJzY29wZSI6ImVtYWlsIHByb2ZpbGUiLCJlbWFpbF92ZXJpZmllZCI6ZmFsc2UsInByZWZlcnJlZF91c2VybmFtZSI6InVzZXJfcm9sZSJ9.SOiX39y4EOsLlN7aMZRyeEwZJN9pGE5t2LBkhoYj_o-VUahs4tHIhhizeFkSJ6mp6cgwocijpYXG7HsdHSa54p07sXrenxNUa7mSFh062yU8sREM902TicLswETJFGhESN7P6vOEzxuJ2xXxOd_WAVS6QlSflVi5vEgIf5DWcS1tR-rFLeZd7D32LSaUdw8QDRc4hvdodgj-pVXkliDjaHf8cff7lHWHJK4udcRZc6agmPoQYfD0WfgjrSAZSxGNWlDDWE-kTFha8f0DuHtM0XqOw9t4H3onh5x6u-1iTZ-8XVBoDv_v6rsVIcGZlQQYpjlIf2BRCE-VaM39tAT04A"")",faults,/home/azureuser/yas/evomaster-config/generated-tests/blackbox/inventory/user/EvoMaster_inventory_user_faults.java,23,6,True,0,,0,0,,100.0,0,0,0,0,0,0,False,,/home/azureuser/yas/evomaster-config/runtime-logs/classes/inventory/user/EvoMaster_inventory_user_faults,/home/azureuser/yas/evomaster-config/runtime-logs/classes/inventory/user/EvoMaster_inventory_user_faults/compile.log,/home/azureuser/yas/evomaster-config/runtime-logs/classes/inventory/user/EvoMaster_inventory_user_faults/compile_stdout.log,/home/azureuser/yas/evomaster-config/runtime-logs/classes/inventory/user/EvoMaster_inventory_user_faults/compile_stderr.log,True,True,0,,0,False,12.54,11.25,152.04,,/home/azureuser/yas/evomaster-config/runtime-logs/methods/inventory/user/EvoMaster_inventory_user_faults/test_21_deleteOnWarehousReturnsMismatchResponseWithSchema,/home/azureuser/yas/evomaster-config/runtime-logs/methods/inventory/user/EvoMaster_inventory_user_faults/test_21_deleteOnWarehousReturnsMismatchResponseWithSchema/run.log,/home/azureuser/yas/evomaster-config/runtime-logs/methods/inventory/user/EvoMaster_inventory_user_faults/test_21_deleteOnWarehousReturnsMismatchResponseWithSchema/run_stdout.log,/home/azureuser/yas/evomaster-config/runtime-logs/methods/inventory/user/EvoMaster_inventory_user_faults/test_21_deleteOnWarehousReturnsMismatchResponseWithSchema/run_stderr.log
inventory,user,EvoMaster_inventory_user_faults.java,EvoMaster_inventory_user_faults,test_22_deleteOnWarehousReturnsMismatchResponseWithSchema,False,1,403,/inventory/backoffice/warehouses/{id},DELETE,403,.statusCode(403) .assertThat(),5,".delete(baseUrlOfSut + ""/inventory/backoffice/warehouses/390"")",,,faults,/home/azureuser/yas/evomaster-config/generated-tests/blackbox/inventory/user/EvoMaster_inventory_user_faults.java,23,6,True,0,,0,0,,100.0,0,0,0,0,0,0,False,,/home/azureuser/yas/evomaster-config/runtime-logs/classes/inventory/user/EvoMaster_inventory_user_faults,/home/azureuser/yas/evomaster-config/runtime-logs/classes/inventory/user/EvoMaster_inventory_user_faults/compile.log,/home/azureuser/yas/evomaster-config/runtime-logs/classes/inventory/user/EvoMaster_inventory_user_faults/compile_stdout.log,/home/azureuser/yas/evomaster-config/runtime-logs/classes/inventory/user/EvoMaster_inventory_user_faults/compile_stderr.log,True,True,0,,0,False,14.06,11.18,151.98,,/home/azureuser/yas/evomaster-config/runtime-logs/methods/inventory/user/EvoMaster_inventory_user_faults/test_22_deleteOnWarehousReturnsMismatchResponseWithSchema,/home/azureuser/yas/evomaster-config/runtime-logs/methods/inventory/user/EvoMaster_inventory_user_faults/test_22_deleteOnWarehousReturnsMismatchResponseWithSchema/run.log,/home/azureuser/yas/evomaster-config/runtime-logs/methods/inventory/user/EvoMaster_inventory_user_faults/test_22_deleteOnWarehousReturnsMismatchResponseWithSchema/run_stdout.log,/home/azureuser/yas/evomaster-config/runtime-logs/methods/inventory/user/EvoMaster_inventory_user_faults/test_22_deleteOnWarehousReturnsMismatchResponseWithSchema/run_stderr.log
location,admin_only,EvoMaster_location_admin_only_faults.java,EvoMaster_location_admin_only_faults,test_15_putOnState_or_provincReturnsMismatchResponseWithSchema,False,1,403,/location/backoffice/state-or-provinces/{id},PUT,403,.statusCode(403) .assertThat(),5,".put(baseUrlOfSut + ""/location/backoffice/state-or-provinces/350"")",".body("" { } "")",,faults,/home/azureuser/yas/evomaster-config/generated-tests/blackbox/location/admin_only/EvoMaster_location_admin_only_faults.java,23,6,True,0,,0,0,,100.0,0,0,0,0,0,0,False,,/home/azureuser/yas/evomaster-config/runtime-logs/classes/location/admin_only/EvoMaster_location_admin_only_faults,/home/azureuser/yas/evomaster-config/runtime-logs/classes/location/admin_only/EvoMaster_location_admin_only_faults/compile.log,/home/azureuser/yas/evomaster-config/runtime-logs/classes/location/admin_only/EvoMaster_location_admin_only_faults/compile_stdout.log,/home/azureuser/yas/evomaster-config/runtime-logs/classes/location/admin_only/EvoMaster_location_admin_only_faults/compile_stderr.log,True,True,0,,0,False,14.05,11.16,155.61,,/home/azureuser/yas/evomaster-config/runtime-logs/methods/location/admin_only/EvoMaster_location_admin_only_faults/test_15_putOnState_or_provincReturnsMismatchResponseWithSchema,/home/azureuser/yas/evomaster-config/runtime-logs/methods/location/admin_only/EvoMaster_location_admin_only_faults/test_15_putOnState_or_provincReturnsMismatchResponseWithSchema/run.log,/home/azureuser/yas/evomaster-config/runtime-logs/methods/location/admin_only/EvoMaster_location_admin_only_faults/test_15_putOnState_or_provincReturnsMismatchResponseWithSchema/run_stdout.log,/home/azureuser/yas/evomaster-config/runtime-logs/methods/location/admin_only/EvoMaster_location_admin_only_faults/test_15_putOnState_or_provincReturnsMismatchResponseWithSchema/run_stderr.log
location,admin_only,EvoMaster_location_admin_only_others.java,EvoMaster_location_admin_only_others,test_6_putOnState_or_provincReturns404,False,1,404,/location/backoffice/state-or-provinces/{id},PUT,404,.statusCode(404) .assertThat(),6,".put(baseUrlOfSut + ""/location/backoffice/state-or-provinces/912"")",".body("" { "" + 
                    "" \""type\"" : \""_JAhU\"" "" + 
                    "" } "")",".header(""Authorization"", ""Bearer eyJhbGciOiJSUzI1NiIsInR5cCIgOiAiSldUIiwia2lkIiA6ICJSclRUNWtBOHhIS3N0YWFSMmh1YTRpT0RpcFE4ek9pcjFrNGZOM3RxNFNVIn0.eyJleHAiOjE3Nzc4NjI5OTgsImlhdCI6MTc3Nzg1OTM5OCwianRpIjoiMTIwZDQ2YTctY2IwMS00YTk2LWIxNGYtZjc2YzBlZjkxZTRiIiwiaXNzIjoiaHR0cDovL2lkZW50aXR5L3JlYWxtcy9ZYXMiLCJzdWIiOiJlY2RlODFiYy00MTgwLTQ2ZWMtOTBlZi02NmIxNDVkOWQyMmMiLCJ0eXAiOiJCZWFyZXIiLCJhenAiOiJiYWNrb2ZmaWNlLWJmZiIsInNpZCI6ImFjNGEwMDIyLWY2NTktNDMxZi04ZjEzLTI0YzRiOTM3MTczOSIsInJlYWxtX2FjY2VzcyI6eyJyb2xlcyI6WyJBRE1JTiJdfSwic2NvcGUiOiJlbWFpbCBwcm9maWxlIiwiZW1haWxfdmVyaWZpZWQiOmZhbHNlLCJwcmVmZXJyZWRfdXNlcm5hbWUiOiJhZG1pbl9vbmx5In0.hCGaFqeDiVPVkjZFVAehfJHGtZRHq-sRpTwupQPMSRsBLMYA54WpWbiz5QEJ6brNwqLl4qUotRDNKLd2oahcLZISTf1eOWGspBgmc8YGDAf7CEZVISmQHPJoqRngNswvt8N7oYFWT0E5WJx0RqWD2ysLl5dSEnQSFh3OxxQDh9S0FnzqB7y_SrmwwGjqWu1j3Ev40J7yxGqNGT2ICUDu_VyxLXRgBcfkv41byhtlpykn7Dk2Upc0LFPhXqSxPTIuzao4CSmHzbkn5oZEFianFhGDs9jukpjJ6Op1_3dueQYZ_7-kaZIAbNVcazw69O_E0Z-P02UM9dlvJZ2pc8I79A"")",others,/home/azureuser/yas/evomaster-config/generated-tests/blackbox/location/admin_only/EvoMaster_location_admin_only_others.java,23,6,True,0,,0,0,,100.0,0,0,0,0,0,0,False,,/home/azureuser/yas/evomaster-config/runtime-logs/classes/location/admin_only/EvoMaster_location_admin_only_others,/home/azureuser/yas/evomaster-config/runtime-logs/classes/location/admin_only/EvoMaster_location_admin_only_others/compile.log,/home/azureuser/yas/evomaster-config/runtime-logs/classes/location/admin_only/EvoMaster_location_admin_only_others/compile_stdout.log,/home/azureuser/yas/evomaster-config/runtime-logs/classes/location/admin_only/EvoMaster_location_admin_only_others/compile_stderr.log,True,True,0,,0,False,14.05,11.34,159.53,,/home/azureuser/yas/evomaster-config/runtime-logs/methods/location/admin_only/EvoMaster_location_admin_only_others/test_6_putOnState_or_provincReturns404,/home/azureuser/yas/evomaster-config/runtime-logs/methods/location/admin_only/EvoMaster_location_admin_only_others/test_6_putOnState_or_provincReturns404/run.log,/home/azureuser/yas/evomaster-config/runtime-logs/methods/location/admin_only/EvoMaster_location_admin_only_others/test_6_putOnState_or_provincReturns404/run_stdout.log,/home/azureuser/yas/evomaster-config/runtime-logs/methods/location/admin_only/EvoMaster_location_admin_only_others/test_6_putOnState_or_provincReturns404/run_stderr.log
location,customer,EvoMaster_location_customer_faults.java,EvoMaster_location_customer_faults,test_25_putOnState_or_provincReturnsMismatchResponseWithSchema,False,1,403,/location/backoffice/state-or-provinces/{id},PUT,403,.statusCode(403) .assertThat(),2,".put(baseUrlOfSut + ""/location/backoffice/state-or-provinces/584"")",".body("" { "" + 
                    "" \""name\"" : \""rZ3oJZQETOWq\"", "" + 
                    "" \""code\"" : \""Bw0\"", "" + 
                    "" \""type\"" : \""Kz5VUdsP9QVfugq\"", "" + 
                    "" \""countryId\"" : 475 "" + 
                    "" } "")",".header(""Authorization"", ""Bearer eyJhbGciOiJSUzI1NiIsInR5cCIgOiAiSldUIiwia2lkIiA6ICJSclRUNWtBOHhIS3N0YWFSMmh1YTRpT0RpcFE4ek9pcjFrNGZOM3RxNFNVIn0.eyJleHAiOjE3Nzc4NjMwMTYsImlhdCI6MTc3Nzg1OTQxNiwianRpIjoiOWVlYTBjYjktMTY2YS00MWVhLTllMDMtNTE5YTRhYTMxMjQ5IiwiaXNzIjoiaHR0cDovL2lkZW50aXR5L3JlYWxtcy9ZYXMiLCJzdWIiOiI0Yjg1MzdlZC1mZTg4LTQ3MGQtYmFkNS0wZjQ5Y2E2Zjg5NjAiLCJ0eXAiOiJCZWFyZXIiLCJhenAiOiJiYWNrb2ZmaWNlLWJmZiIsInNpZCI6IjMwODI2YjEwLTMyNzItNDg2MS1hNjMzLWY2NWViMThmZTI3MyIsInJlYWxtX2FjY2VzcyI6eyJyb2xlcyI6WyJkZWZhdWx0LXJvbGVzLXlhcyIsIm9mZmxpbmVfYWNjZXNzIiwiQ1VTVE9NRVIiLCJ1bWFfYXV0aG9yaXphdGlvbiJdfSwic2NvcGUiOiJlbWFpbCBwcm9maWxlIiwiZW1haWxfdmVyaWZpZWQiOmZhbHNlLCJwcmVmZXJyZWRfdXNlcm5hbWUiOiJ1c2VyIn0.EBGrKxfUZ7K4CD_oZ-0N65GkfDmtRPPgskIxmBwwwLh4fW4ytzsdfQbXAIYBFNObkiX9pyUE36bZlUYvQm0YUtjOi_FC6iq1EpzOkZg6pMyKhPsao7E1AC_E_hOYLyVMhTo_y67Hex3WtXBGzjPnGWt-ABtS12pGSsqEtcQqTu2p4f7NgFb82og4uDhuNIvnawd3xiJaU048zBocT6q0fxYmSCZTCMJGHREw2KdliDuWqvaJ4qhX_LFbPhB8FYdZX0XBp13WSgTaPK1c31nBm7cQwE-UXpNfQAM1r4yrE7GT3gFkqtctdIWcgE942Z0BI_z5aKwvnFQl3nuKoY2y4w"")",faults,/home/azureuser/yas/evomaster-config/generated-tests/blackbox/location/customer/EvoMaster_location_customer_faults.java,23,6,True,0,,0,0,,100.0,0,0,0,0,0,0,False,,/home/azureuser/yas/evomaster-config/runtime-logs/classes/location/customer/EvoMaster_location_customer_faults,/home/azureuser/yas/evomaster-config/runtime-logs/classes/location/customer/EvoMaster_location_customer_faults/compile.log,/home/azureuser/yas/evomaster-config/runtime-logs/classes/location/customer/EvoMaster_location_customer_faults/compile_stdout.log,/home/azureuser/yas/evomaster-config/runtime-logs/classes/location/customer/EvoMaster_location_customer_faults/compile_stderr.log,True,True,0,,0,False,12.54,10.98,160.5,,/home/azureuser/yas/evomaster-config/runtime-logs/methods/location/customer/EvoMaster_location_customer_faults/test_25_putOnState_or_provincReturnsMismatchResponseWithSchema,/home/azureuser/yas/evomaster-config/runtime-logs/methods/location/customer/EvoMaster_location_customer_faults/test_25_putOnState_or_provincReturnsMismatchResponseWithSchema/run.log,/home/azureuser/yas/evomaster-config/runtime-logs/methods/location/customer/EvoMaster_location_customer_faults/test_25_putOnState_or_provincReturnsMismatchResponseWithSchema/run_stdout.log,/home/azureuser/yas/evomaster-config/runtime-logs/methods/location/customer/EvoMaster_location_customer_faults/test_25_putOnState_or_provincReturnsMismatchResponseWithSchema/run_stderr.log
location,customer,EvoMaster_location_customer_faults.java,EvoMaster_location_customer_faults,test_28_putOnState_or_provincReturnsMismatchResponseWithSchema,False,1,403,/location/backoffice/state-or-provinces/{id},PUT,403,.statusCode(403) .assertThat(),5,".put(baseUrlOfSut + ""/location/backoffice/state-or-provinces/-7517237331781948371"")",".body("" { } "")",,faults,/home/azureuser/yas/evomaster-config/generated-tests/blackbox/location/customer/EvoMaster_location_customer_faults.java,23,6,True,0,,0,0,,100.0,0,0,0,0,0,0,False,,/home/azureuser/yas/evomaster-config/runtime-logs/classes/location/customer/EvoMaster_location_customer_faults,/home/azureuser/yas/evomaster-config/runtime-logs/classes/location/customer/EvoMaster_location_customer_faults/compile.log,/home/azureuser/yas/evomaster-config/runtime-logs/classes/location/customer/EvoMaster_location_customer_faults/compile_stdout.log,/home/azureuser/yas/evomaster-config/runtime-logs/classes/location/customer/EvoMaster_location_customer_faults/compile_stderr.log,True,True,0,,0,False,14.05,11.24,160.0,,/home/azureuser/yas/evomaster-config/runtime-logs/methods/location/customer/EvoMaster_location_customer_faults/test_28_putOnState_or_provincReturnsMismatchResponseWithSchema,/home/azureuser/yas/evomaster-config/runtime-logs/methods/location/customer/EvoMaster_location_customer_faults/test_28_putOnState_or_provincReturnsMismatchResponseWithSchema/run.log,/home/azureuser/yas/evomaster-config/runtime-logs/methods/location/customer/EvoMaster_location_customer_faults/test_28_putOnState_or_provincReturnsMismatchResponseWithSchema/run_stdout.log,/home/azureuser/yas/evomaster-config/runtime-logs/methods/location/customer/EvoMaster_location_customer_faults/test_28_putOnState_or_provincReturnsMismatchResponseWithSchema/run_stderr.log
location,none,EvoMaster_location_none_faults.java,EvoMaster_location_none_faults,test_14_putOnState_or_provincReturnsMismatchResponseWithSchema,False,1,403,/location/backoffice/state-or-provinces/{id},PUT,403,.statusCode(403) .assertThat(),5,".put(baseUrlOfSut + ""/location/backoffice/state-or-provinces/857"")",".body("" { "" + 
                    "" \""type\"" : \""mUGaint\"", "" + 
                    "" \""countryId\"" : 433 "" + 
                    "" } "")",,faults,/home/azureuser/yas/evomaster-config/generated-tests/blackbox/location/none/EvoMaster_location_none_faults.java,23,6,True,0,,0,0,,100.0,0,0,0,0,0,0,False,,/home/azureuser/yas/evomaster-config/runtime-logs/classes/location/none/EvoMaster_location_none_faults,/home/azureuser/yas/evomaster-config/runtime-logs/classes/location/none/EvoMaster_location_none_faults/compile.log,/home/azureuser/yas/evomaster-config/runtime-logs/classes/location/none/EvoMaster_location_none_faults/compile_stdout.log,/home/azureuser/yas/evomaster-config/runtime-logs/classes/location/none/EvoMaster_location_none_faults/compile_stderr.log,True,True,0,,0,False,14.55,11.54,160.17,,/home/azureuser/yas/evomaster-config/runtime-logs/methods/location/none/EvoMaster_location_none_faults/test_14_putOnState_or_provincReturnsMismatchResponseWithSchema,/home/azureuser/yas/evomaster-config/runtime-logs/methods/location/none/EvoMaster_location_none_faults/test_14_putOnState_or_provincReturnsMismatchResponseWithSchema/run.log,/home/azureuser/yas/evomaster-config/runtime-logs/methods/location/none/EvoMaster_location_none_faults/test_14_putOnState_or_provincReturnsMismatchResponseWithSchema/run_stdout.log,/home/azureuser/yas/evomaster-config/runtime-logs/methods/location/none/EvoMaster_location_none_faults/test_14_putOnState_or_provincReturnsMismatchResponseWithSchema/run_stderr.log
location,super_admin,EvoMaster_location_super_admin_faults.java,EvoMaster_location_super_admin_faults,test_23_putOnState_or_provincReturnsMismatchResponseWithSchema,False,1,403,/location/backoffice/state-or-provinces/{id},PUT,403,.statusCode(403) .assertThat(),2,".put(baseUrlOfSut + ""/location/backoffice/state-or-provinces/572"")",".body("" { "" + 
                    "" \""name\"" : \""OaQVrTlS\"" "" + 
                    "" } "")",".header(""Authorization"", ""Bearer eyJhbGciOiJSUzI1NiIsInR5cCIgOiAiSldUIiwia2lkIiA6ICJSclRUNWtBOHhIS3N0YWFSMmh1YTRpT0RpcFE4ek9pcjFrNGZOM3RxNFNVIn0.eyJleHAiOjE3Nzc4NjMwMTEsImlhdCI6MTc3Nzg1OTQxMSwianRpIjoiYzBiOTZjYTUtZDY1OS00YTMxLTk3NzItYTc3NjM1Mzc4MGNhIiwiaXNzIjoiaHR0cDovL2lkZW50aXR5L3JlYWxtcy9ZYXMiLCJzdWIiOiI3MDQyZWE5ZS1hNzg0LTQxZjQtYTkzNi1kOGUxNTk5ODlmZjUiLCJ0eXAiOiJCZWFyZXIiLCJhenAiOiJiYWNrb2ZmaWNlLWJmZiIsInNpZCI6ImRhZjFjNGQ3LTBiZTYtNDA5MS04MjUyLWJkYWQ2NzQ0Y2M5YiIsInJlYWxtX2FjY2VzcyI6eyJyb2xlcyI6WyJTVVBFUi1BRE1JTiJdfSwic2NvcGUiOiJlbWFpbCBwcm9maWxlIiwiZW1haWxfdmVyaWZpZWQiOmZhbHNlLCJwcmVmZXJyZWRfdXNlcm5hbWUiOiJzdXBlcl9hZG1pbiJ9.rMxYROzqL1o6IvpgJi0h0vxNL1c1w0hHw6MhWqT98gyg2_TYGMaRwGs0-uuWGtwa7hRIE8_t2-1VJuWHcmW4bPNUro8GZANYq9Q-N6KwEXDillcEXzbvGapJPY6hcYPSx9IINOinJP9vVFMA4pr1IatpnBm6mdxGfL71ZR8SF97ei6w9UnCEY2RjDYl6Co2e-u_JwlDX-fGc7Z97J0CkPW6iZ7AaZ8YTCMhQjq1_xSQvaTDIpRJ1rHDjo3amZsqiIQnPctXQMNRFYwO-aPL8cmgaDbCkHdk3BU0Z-DmC5pjx0XFisAIRJcZZ9W5DD4iANi_WubEPvPlJja80Y6vw-w"")",faults,/home/azureuser/yas/evomaster-config/generated-tests/blackbox/location/super_admin/EvoMaster_location_super_admin_faults.java,23,6,True,0,,0,0,,100.0,0,0,0,0,0,0,False,,/home/azureuser/yas/evomaster-config/runtime-logs/classes/location/super_admin/EvoMaster_location_super_admin_faults,/home/azureuser/yas/evomaster-config/runtime-logs/classes/location/super_admin/EvoMaster_location_super_admin_faults/compile.log,/home/azureuser/yas/evomaster-config/runtime-logs/classes/location/super_admin/EvoMaster_location_super_admin_faults/compile_stdout.log,/home/azureuser/yas/evomaster-config/runtime-logs/classes/location/super_admin/EvoMaster_location_super_admin_faults/compile_stderr.log,True,True,0,,0,False,12.54,11.53,155.47,,/home/azureuser/yas/evomaster-config/runtime-logs/methods/location/super_admin/EvoMaster_location_super_admin_faults/test_23_putOnState_or_provincReturnsMismatchResponseWithSchema,/home/azureuser/yas/evomaster-config/runtime-logs/methods/location/super_admin/EvoMaster_location_super_admin_faults/test_23_putOnState_or_provincReturnsMismatchResponseWithSchema/run.log,/home/azureuser/yas/evomaster-config/runtime-logs/methods/location/super_admin/EvoMaster_location_super_admin_faults/test_23_putOnState_or_provincReturnsMismatchResponseWithSchema/run_stdout.log,/home/azureuser/yas/evomaster-config/runtime-logs/methods/location/super_admin/EvoMaster_location_super_admin_faults/test_23_putOnState_or_provincReturnsMismatchResponseWithSchema/run_stderr.log
location,super_admin,EvoMaster_location_super_admin_faults.java,EvoMaster_location_super_admin_faults,test_26_putOnState_or_provincReturnsMismatchResponseWithSchema,False,1,403,/location/backoffice/state-or-provinces/{id},PUT,403,.statusCode(403) .assertThat(),5,".put(baseUrlOfSut + ""/location/backoffice/state-or-provinces/431"")",".body("" { "" + 
                    "" \""name\"" : \""xa8q32NuW7WnNxZP\"", "" + 
                    "" \""countryId\"" : 897 "" + 
                    "" } "")",,faults,/home/azureuser/yas/evomaster-config/generated-tests/blackbox/location/super_admin/EvoMaster_location_super_admin_faults.java,23,6,True,0,,0,0,,100.0,0,0,0,0,0,0,False,,/home/azureuser/yas/evomaster-config/runtime-logs/classes/location/super_admin/EvoMaster_location_super_admin_faults,/home/azureuser/yas/evomaster-config/runtime-logs/classes/location/super_admin/EvoMaster_location_super_admin_faults/compile.log,/home/azureuser/yas/evomaster-config/runtime-logs/classes/location/super_admin/EvoMaster_location_super_admin_faults/compile_stdout.log,/home/azureuser/yas/evomaster-config/runtime-logs/classes/location/super_admin/EvoMaster_location_super_admin_faults/compile_stderr.log,True,True,0,,0,False,14.04,11.15,165.3,,/home/azureuser/yas/evomaster-config/runtime-logs/methods/location/super_admin/EvoMaster_location_super_admin_faults/test_26_putOnState_or_provincReturnsMismatchResponseWithSchema,/home/azureuser/yas/evomaster-config/runtime-logs/methods/location/super_admin/EvoMaster_location_super_admin_faults/test_26_putOnState_or_provincReturnsMismatchResponseWithSchema/run.log,/home/azureuser/yas/evomaster-config/runtime-logs/methods/location/super_admin/EvoMaster_location_super_admin_faults/test_26_putOnState_or_provincReturnsMismatchResponseWithSchema/run_stdout.log,/home/azureuser/yas/evomaster-config/runtime-logs/methods/location/super_admin/EvoMaster_location_super_admin_faults/test_26_putOnState_or_provincReturnsMismatchResponseWithSchema/run_stderr.log
location,user,EvoMaster_location_user_faults.java,EvoMaster_location_user_faults,test_23_putOnState_or_provincReturnsMismatchResponseWithSchema,False,1,403,/location/backoffice/state-or-provinces/{id},PUT,403,.statusCode(403) .assertThat(),2,".put(baseUrlOfSut + ""/location/backoffice/state-or-provinces/605"")",".body("" { "" + 
                    "" \""name\"" : \""CgWJ6PyHu\"", "" + 
                    "" \""type\"" : \""7IUlE0y\"" "" + 
                    "" } "")",".header(""Authorization"", ""Bearer eyJhbGciOiJSUzI1NiIsInR5cCIgOiAiSldUIiwia2lkIiA6ICJSclRUNWtBOHhIS3N0YWFSMmh1YTRpT0RpcFE4ek9pcjFrNGZOM3RxNFNVIn0.eyJleHAiOjE3Nzc4NjMwMDMsImlhdCI6MTc3Nzg1OTQwMywianRpIjoiMGRjZTA1MjktM2ZjMC00NDhmLWIyNzItZjg2ZDA4Y2MwNjgwIiwiaXNzIjoiaHR0cDovL2lkZW50aXR5L3JlYWxtcy9ZYXMiLCJzdWIiOiIwMTEzZmQyNy1hMDllLTQ3MjItYjFlNS01MDA3ZjU4ZjUyODgiLCJ0eXAiOiJCZWFyZXIiLCJhenAiOiJiYWNrb2ZmaWNlLWJmZiIsInNpZCI6IjNiOTQxZmRmLTQ4NjktNGI0YS04MTY0LTA3ZTRmNTFlZDU2ZSIsInJlYWxtX2FjY2VzcyI6eyJyb2xlcyI6WyJVU0VSIl19LCJzY29wZSI6ImVtYWlsIHByb2ZpbGUiLCJlbWFpbF92ZXJpZmllZCI6ZmFsc2UsInByZWZlcnJlZF91c2VybmFtZSI6InVzZXJfcm9sZSJ9.SOiX39y4EOsLlN7aMZRyeEwZJN9pGE5t2LBkhoYj_o-VUahs4tHIhhizeFkSJ6mp6cgwocijpYXG7HsdHSa54p07sXrenxNUa7mSFh062yU8sREM902TicLswETJFGhESN7P6vOEzxuJ2xXxOd_WAVS6QlSflVi5vEgIf5DWcS1tR-rFLeZd7D32LSaUdw8QDRc4hvdodgj-pVXkliDjaHf8cff7lHWHJK4udcRZc6agmPoQYfD0WfgjrSAZSxGNWlDDWE-kTFha8f0DuHtM0XqOw9t4H3onh5x6u-1iTZ-8XVBoDv_v6rsVIcGZlQQYpjlIf2BRCE-VaM39tAT04A"")",faults,/home/azureuser/yas/evomaster-config/generated-tests/blackbox/location/user/EvoMaster_location_user_faults.java,23,6,True,0,,0,0,,100.0,0,0,0,0,0,0,False,,/home/azureuser/yas/evomaster-config/runtime-logs/classes/location/user/EvoMaster_location_user_faults,/home/azureuser/yas/evomaster-config/runtime-logs/classes/location/user/EvoMaster_location_user_faults/compile.log,/home/azureuser/yas/evomaster-config/runtime-logs/classes/location/user/EvoMaster_location_user_faults/compile_stdout.log,/home/azureuser/yas/evomaster-config/runtime-logs/classes/location/user/EvoMaster_location_user_faults/compile_stderr.log,True,True,0,,0,False,12.54,11.41,162.32,,/home/azureuser/yas/evomaster-config/runtime-logs/methods/location/user/EvoMaster_location_user_faults/test_23_putOnState_or_provincReturnsMismatchResponseWithSchema,/home/azureuser/yas/evomaster-config/runtime-logs/methods/location/user/EvoMaster_location_user_faults/test_23_putOnState_or_provincReturnsMismatchResponseWithSchema/run.log,/home/azureuser/yas/evomaster-config/runtime-logs/methods/location/user/EvoMaster_location_user_faults/test_23_putOnState_or_provincReturnsMismatchResponseWithSchema/run_stdout.log,/home/azureuser/yas/evomaster-config/runtime-logs/methods/location/user/EvoMaster_location_user_faults/test_23_putOnState_or_provincReturnsMismatchResponseWithSchema/run_stderr.log
location,user,EvoMaster_location_user_faults.java,EvoMaster_location_user_faults,test_26_putOnState_or_provincReturnsMismatchResponseWithSchema,False,1,403,/location/backoffice/state-or-provinces/{id},PUT,403,.statusCode(403) .assertThat(),5,".put(baseUrlOfSut + ""/location/backoffice/state-or-provinces/89"")",".body("" { "" + 
                    "" \""countryId\"" : 155 "" + 
                    "" } "")",,faults,/home/azureuser/yas/evomaster-config/generated-tests/blackbox/location/user/EvoMaster_location_user_faults.java,23,6,True,0,,0,0,,100.0,0,0,0,0,0,0,False,,/home/azureuser/yas/evomaster-config/runtime-logs/classes/location/user/EvoMaster_location_user_faults,/home/azureuser/yas/evomaster-config/runtime-logs/classes/location/user/EvoMaster_location_user_faults/compile.log,/home/azureuser/yas/evomaster-config/runtime-logs/classes/location/user/EvoMaster_location_user_faults/compile_stdout.log,/home/azureuser/yas/evomaster-config/runtime-logs/classes/location/user/EvoMaster_location_user_faults/compile_stderr.log,True,True,0,,0,False,14.54,11.16,161.95,,/home/azureuser/yas/evomaster-config/runtime-logs/methods/location/user/EvoMaster_location_user_faults/test_26_putOnState_or_provincReturnsMismatchResponseWithSchema,/home/azureuser/yas/evomaster-config/runtime-logs/methods/location/user/EvoMaster_location_user_faults/test_26_putOnState_or_provincReturnsMismatchResponseWithSchema/run.log,/home/azureuser/yas/evomaster-config/runtime-logs/methods/location/user/EvoMaster_location_user_faults/test_26_putOnState_or_provincReturnsMismatchResponseWithSchema/run_stdout.log,/home/azureuser/yas/evomaster-config/runtime-logs/methods/location/user/EvoMaster_location_user_faults/test_26_putOnState_or_provincReturnsMismatchResponseWithSchema/run_stderr.log
product,admin_only,EvoMaster_product_admin_only_others.java,EvoMaster_product_admin_only_others,test_6_postOnProductsReturns400,False,1,400,/product/backoffice/products,POST,400,.statusCode(400) .assertThat(),7,".post(baseUrlOfSut + ""/product/backoffice/products"")",".body("" { "" + 
                    "" \""name\"" : \""BRwC\"", "" + 
                    "" \""slug\"" : \""5GHc\"", "" + 
                    "" \""description\"" : \""0XCHDjtyo\"", "" + 
                    "" \""specification\"" : \""Jp3xYgK_4Wyexr\"", "" + 
                    "" \""gtin\"" : \""ocyk6bP480Mn3M\"", "" + 
                    "" \""weight\"" : -7.489827154684519E8, "" + 
                    "" \""price\"" : -3.8099687822209466E8, "" + 
                    "" \""isAllowedToOrder\"" : true, "" + 
                    "" \""isPublished\"" : false, "" + 
                    "" \""isFeatured\"" : false, "" + 
                    "" \""stockTrackingEnabled\"" : false, "" + 
                    "" \""metaDescription\"" : \""\"", "" + 
                    "" \""productImageIds\"" : [ 252, 14, 960 ], "" + 
                    "" \""taxClassId\"" : 451 "" + 
                    "" } "")",".header(""Authorization"", ""Bearer eyJhbGciOiJSUzI1NiIsInR5cCIgOiAiSldUIiwia2lkIiA6ICJSclRUNWtBOHhIS3N0YWFSMmh1YTRpT0RpcFE4ek9pcjFrNGZOM3RxNFNVIn0.eyJleHAiOjE3Nzc4NjI5OTgsImlhdCI6MTc3Nzg1OTM5OCwianRpIjoiMTIwZDQ2YTctY2IwMS00YTk2LWIxNGYtZjc2YzBlZjkxZTRiIiwiaXNzIjoiaHR0cDovL2lkZW50aXR5L3JlYWxtcy9ZYXMiLCJzdWIiOiJlY2RlODFiYy00MTgwLTQ2ZWMtOTBlZi02NmIxNDVkOWQyMmMiLCJ0eXAiOiJCZWFyZXIiLCJhenAiOiJiYWNrb2ZmaWNlLWJmZiIsInNpZCI6ImFjNGEwMDIyLWY2NTktNDMxZi04ZjEzLTI0YzRiOTM3MTczOSIsInJlYWxtX2FjY2VzcyI6eyJyb2xlcyI6WyJBRE1JTiJdfSwic2NvcGUiOiJlbWFpbCBwcm9maWxlIiwiZW1haWxfdmVyaWZpZWQiOmZhbHNlLCJwcmVmZXJyZWRfdXNlcm5hbWUiOiJhZG1pbl9vbmx5In0.hCGaFqeDiVPVkjZFVAehfJHGtZRHq-sRpTwupQPMSRsBLMYA54WpWbiz5QEJ6brNwqLl4qUotRDNKLd2oahcLZISTf1eOWGspBgmc8YGDAf7CEZVISmQHPJoqRngNswvt8N7oYFWT0E5WJx0RqWD2ysLl5dSEnQSFh3OxxQDh9S0FnzqB7y_SrmwwGjqWu1j3Ev40J7yxGqNGT2ICUDu_VyxLXRgBcfkv41byhtlpykn7Dk2Upc0LFPhXqSxPTIuzao4CSmHzbkn5oZEFianFhGDs9jukpjJ6Op1_3dueQYZ_7-kaZIAbNVcazw69O_E0Z-P02UM9dlvJZ2pc8I79A"")",others,/home/azureuser/yas/evomaster-config/generated-tests/blackbox/product/admin_only/EvoMaster_product_admin_only_others.java,23,6,True,0,,0,0,,100.0,0,0,0,0,0,0,False,,/home/azureuser/yas/evomaster-config/runtime-logs/classes/product/admin_only/EvoMaster_product_admin_only_others,/home/azureuser/yas/evomaster-config/runtime-logs/classes/product/admin_only/EvoMaster_product_admin_only_others/compile.log,/home/azureuser/yas/evomaster-config/runtime-logs/classes/product/admin_only/EvoMaster_product_admin_only_others/compile_stdout.log,/home/azureuser/yas/evomaster-config/runtime-logs/classes/product/admin_only/EvoMaster_product_admin_only_others/compile_stderr.log,True,True,0,,0,False,15.05,12.04,154.56,,/home/azureuser/yas/evomaster-config/runtime-logs/methods/product/admin_only/EvoMaster_product_admin_only_others/test_6_postOnProductsReturns400,/home/azureuser/yas/evomaster-config/runtime-logs/methods/product/admin_only/EvoMaster_product_admin_only_others/test_6_postOnProductsReturns400/run.log,/home/azureuser/yas/evomaster-config/runtime-logs/methods/product/admin_only/EvoMaster_product_admin_only_others/test_6_postOnProductsReturns400/run_stdout.log,/home/azureuser/yas/evomaster-config/runtime-logs/methods/product/admin_only/EvoMaster_product_admin_only_others/test_6_postOnProductsReturns400/run_stderr.log
product,customer,EvoMaster_product_customer_faults.java,EvoMaster_product_customer_faults,test_15_postOnProductsReturnsMismatchResponseWithSchema,False,1,403,/product/backoffice/products,POST,403,.statusCode(403) .assertThat(),2,".post(baseUrlOfSut + ""/product/backoffice/products"")",".body("" { "" + 
                    "" \""name\"" : \""taI_r\"", "" + 
                    "" \""slug\"" : \""vj7ZARsX_\"", "" + 
                    "" \""brandId\"" : 993, "" + 
                    "" \""shortDescription\"" : \""T63TNpSQ5egRI\"", "" + 
                    "" \""length\"" : -1.2890623660716777E8, "" + 
                    "" \""height\"" : 1.1103868551049907E7, "" + 
                    "" \""price\"" : 9.269227338674871E8, "" + 
                    "" \""isPublished\"" : false, "" + 
                    "" \""isFeatured\"" : true, "" + 
                    "" \""stockTrackingEnabled\"" : false, "" + 
                    "" \""metaKeyword\"" : \""t8ffo\"", "" + 
                    "" \""variations\"" : [ ], "" + 
                    "" \""productOptionValues\"" : [ { "" + 
                    "" \""productOptionId\"" : 863, "" + 
                    "" \""displayOrder\"" : 187, "" + 
                    "" \""value\"" : [ \""K5DI2vfKRL3IhkRs\"", \""2FIz_0Q\"" ] "" + 
                    "" } ] "" + 
                    "" } "")",".header(""Authorization"", ""Bearer eyJhbGciOiJSUzI1NiIsInR5cCIgOiAiSldUIiwia2lkIiA6ICJSclRUNWtBOHhIS3N0YWFSMmh1YTRpT0RpcFE4ek9pcjFrNGZOM3RxNFNVIn0.eyJleHAiOjE3Nzc4NjMwMTYsImlhdCI6MTc3Nzg1OTQxNiwianRpIjoiOWVlYTBjYjktMTY2YS00MWVhLTllMDMtNTE5YTRhYTMxMjQ5IiwiaXNzIjoiaHR0cDovL2lkZW50aXR5L3JlYWxtcy9ZYXMiLCJzdWIiOiI0Yjg1MzdlZC1mZTg4LTQ3MGQtYmFkNS0wZjQ5Y2E2Zjg5NjAiLCJ0eXAiOiJCZWFyZXIiLCJhenAiOiJiYWNrb2ZmaWNlLWJmZiIsInNpZCI6IjMwODI2YjEwLTMyNzItNDg2MS1hNjMzLWY2NWViMThmZTI3MyIsInJlYWxtX2FjY2VzcyI6eyJyb2xlcyI6WyJkZWZhdWx0LXJvbGVzLXlhcyIsIm9mZmxpbmVfYWNjZXNzIiwiQ1VTVE9NRVIiLCJ1bWFfYXV0aG9yaXphdGlvbiJdfSwic2NvcGUiOiJlbWFpbCBwcm9maWxlIiwiZW1haWxfdmVyaWZpZWQiOmZhbHNlLCJwcmVmZXJyZWRfdXNlcm5hbWUiOiJ1c2VyIn0.EBGrKxfUZ7K4CD_oZ-0N65GkfDmtRPPgskIxmBwwwLh4fW4ytzsdfQbXAIYBFNObkiX9pyUE36bZlUYvQm0YUtjOi_FC6iq1EpzOkZg6pMyKhPsao7E1AC_E_hOYLyVMhTo_y67Hex3WtXBGzjPnGWt-ABtS12pGSsqEtcQqTu2p4f7NgFb82og4uDhuNIvnawd3xiJaU048zBocT6q0fxYmSCZTCMJGHREw2KdliDuWqvaJ4qhX_LFbPhB8FYdZX0XBp13WSgTaPK1c31nBm7cQwE-UXpNfQAM1r4yrE7GT3gFkqtctdIWcgE942Z0BI_z5aKwvnFQl3nuKoY2y4w"")",faults,/home/azureuser/yas/evomaster-config/generated-tests/blackbox/product/customer/EvoMaster_product_customer_faults.java,23,6,True,0,,0,0,,100.0,0,0,0,0,0,0,False,,/home/azureuser/yas/evomaster-config/runtime-logs/classes/product/customer/EvoMaster_product_customer_faults,/home/azureuser/yas/evomaster-config/runtime-logs/classes/product/customer/EvoMaster_product_customer_faults/compile.log,/home/azureuser/yas/evomaster-config/runtime-logs/classes/product/customer/EvoMaster_product_customer_faults/compile_stdout.log,/home/azureuser/yas/evomaster-config/runtime-logs/classes/product/customer/EvoMaster_product_customer_faults/compile_stderr.log,True,True,0,,0,False,12.54,11.6,160.62,,/home/azureuser/yas/evomaster-config/runtime-logs/methods/product/customer/EvoMaster_product_customer_faults/test_15_postOnProductsReturnsMismatchResponseWithSchema,/home/azureuser/yas/evomaster-config/runtime-logs/methods/product/customer/EvoMaster_product_customer_faults/test_15_postOnProductsReturnsMismatchResponseWithSchema/run.log,/home/azureuser/yas/evomaster-config/runtime-logs/methods/product/customer/EvoMaster_product_customer_faults/test_15_postOnProductsReturnsMismatchResponseWithSchema/run_stdout.log,/home/azureuser/yas/evomaster-config/runtime-logs/methods/product/customer/EvoMaster_product_customer_faults/test_15_postOnProductsReturnsMismatchResponseWithSchema/run_stderr.log
product,none,EvoMaster_product_none_faults.java,EvoMaster_product_none_faults,test_16_postOnProductsReturnsMismatchResponseWithSchema,False,1,403,/product/backoffice/products,POST,403,.statusCode(403) .assertThat(),5,".post(baseUrlOfSut + ""/product/backoffice/products"")",".body("" { "" + 
                    "" \""name\"" : \""QzmfNQHbBOV\"", "" + 
                    "" \""slug\"" : \""PgHsTt_E6Taaenn\"", "" + 
                    "" \""brandId\"" : 950, "" + 
                    "" \""categoryIds\"" : [ ], "" + 
                    "" \""shortDescription\"" : \""dpvIpR0N1wVS\"", "" + 
                    "" \""description\"" : \""zn\"", "" + 
                    "" \""sku\"" : \""VB5yC5Sqk54ASHm\"", "" + 
                    "" \""gtin\"" : \""S4wIuSb\"", "" + 
                    "" \""length\"" : -1.0666565860215238E8, "" + 
                    "" \""width\"" : -6.673922891203477E8, "" + 
                    "" \""isPublished\"" : true, "" + 
                    "" \""metaTitle\"" : \""kHhDRN\"", "" + 
                    "" \""metaKeyword\"" : \""rv5lP\"", "" + 
                    "" \""metaDescription\"" : \""Icl5TUT0wU7GWp\"", "" + 
                    "" \""productOptionValueDisplays\"" : [ { "" + 
                    "" \""displayOrder\"" : 327, "" + 
                    "" \""value\"" : \""aztryL77tuP\"" "" + 
                    "" }, { "" + 
                    "" \""displayType\"" : \""cMoeU\"" "" + 
                    "" } ], "" + 
                    "" \""relatedProductIds\"" : [ 170, -448634889785943161, 178, 944, 770 ] "" + 
                    "" } "")",,faults,/home/azureuser/yas/evomaster-config/generated-tests/blackbox/product/none/EvoMaster_product_none_faults.java,23,6,True,0,,0,0,,100.0,0,0,0,0,0,0,False,,/home/azureuser/yas/evomaster-config/runtime-logs/classes/product/none/EvoMaster_product_none_faults,/home/azureuser/yas/evomaster-config/runtime-logs/classes/product/none/EvoMaster_product_none_faults/compile.log,/home/azureuser/yas/evomaster-config/runtime-logs/classes/product/none/EvoMaster_product_none_faults/compile_stdout.log,/home/azureuser/yas/evomaster-config/runtime-logs/classes/product/none/EvoMaster_product_none_faults/compile_stderr.log,True,True,0,,0,False,14.05,11.19,155.27,,/home/azureuser/yas/evomaster-config/runtime-logs/methods/product/none/EvoMaster_product_none_faults/test_16_postOnProductsReturnsMismatchResponseWithSchema,/home/azureuser/yas/evomaster-config/runtime-logs/methods/product/none/EvoMaster_product_none_faults/test_16_postOnProductsReturnsMismatchResponseWithSchema/run.log,/home/azureuser/yas/evomaster-config/runtime-logs/methods/product/none/EvoMaster_product_none_faults/test_16_postOnProductsReturnsMismatchResponseWithSchema/run_stdout.log,/home/azureuser/yas/evomaster-config/runtime-logs/methods/product/none/EvoMaster_product_none_faults/test_16_postOnProductsReturnsMismatchResponseWithSchema/run_stderr.log
product,super_admin,EvoMaster_product_super_admin_faults.java,EvoMaster_product_super_admin_faults,test_15_postOnProductsReturnsMismatchResponseWithSchema,False,1,403,/product/backoffice/products,POST,403,.statusCode(403) .assertThat(),2,".post(baseUrlOfSut + ""/product/backoffice/products"")",".body("" { "" + 
                    "" \""name\"" : \""C\"", "" + 
                    "" \""slug\"" : \""WuN4p7Vtb\"", "" + 
                    "" \""shortDescription\"" : \""EKDlT\"", "" + 
                    "" \""price\"" : -1.16765450991443E9, "" + 
                    "" \""isAllowedToOrder\"" : false, "" + 
                    "" \""isFeatured\"" : true, "" + 
                    "" \""isVisibleIndividually\"" : true, "" + 
                    "" \""metaKeyword\"" : \""rK7DlLB7yvS2w_\"", "" + 
                    "" \""metaDescription\"" : \""2CaQC3pBwnR\"", "" + 
                    "" \""productOptionValues\"" : [ { "" + 
                    "" \""productOptionId\"" : 970, "" + 
                    "" \""displayOrder\"" : 733 "" + 
                    "" } ], "" + 
                    "" \""productOptionValueDisplays\"" : [ { "" + 
                    "" \""value\"" : \""mX\"" "" + 
                    "" }, { "" + 
                    "" \""productOptionId\"" : 739, "" + 
                    "" \""displayType\"" : \""O\"", "" + 
                    "" \""displayOrder\"" : -1529425810, "" + 
                    "" \""value\"" : \""cjDhqrMr\"" "" + 
                    "" }, { "" + 
                    "" \""displayType\"" : \""SEKK3qFN\"", "" + 
                    "" \""displayOrder\"" : 395 "" + 
                    "" } ], "" + 
                    "" \""taxClassId\"" : 40 "" + 
                    "" } "")",".header(""Authorization"", ""Bearer eyJhbGciOiJSUzI1NiIsInR5cCIgOiAiSldUIiwia2lkIiA6ICJSclRUNWtBOHhIS3N0YWFSMmh1YTRpT0RpcFE4ek9pcjFrNGZOM3RxNFNVIn0.eyJleHAiOjE3Nzc4NjMwMTEsImlhdCI6MTc3Nzg1OTQxMSwianRpIjoiYzBiOTZjYTUtZDY1OS00YTMxLTk3NzItYTc3NjM1Mzc4MGNhIiwiaXNzIjoiaHR0cDovL2lkZW50aXR5L3JlYWxtcy9ZYXMiLCJzdWIiOiI3MDQyZWE5ZS1hNzg0LTQxZjQtYTkzNi1kOGUxNTk5ODlmZjUiLCJ0eXAiOiJCZWFyZXIiLCJhenAiOiJiYWNrb2ZmaWNlLWJmZiIsInNpZCI6ImRhZjFjNGQ3LTBiZTYtNDA5MS04MjUyLWJkYWQ2NzQ0Y2M5YiIsInJlYWxtX2FjY2VzcyI6eyJyb2xlcyI6WyJTVVBFUi1BRE1JTiJdfSwic2NvcGUiOiJlbWFpbCBwcm9maWxlIiwiZW1haWxfdmVyaWZpZWQiOmZhbHNlLCJwcmVmZXJyZWRfdXNlcm5hbWUiOiJzdXBlcl9hZG1pbiJ9.rMxYROzqL1o6IvpgJi0h0vxNL1c1w0hHw6MhWqT98gyg2_TYGMaRwGs0-uuWGtwa7hRIE8_t2-1VJuWHcmW4bPNUro8GZANYq9Q-N6KwEXDillcEXzbvGapJPY6hcYPSx9IINOinJP9vVFMA4pr1IatpnBm6mdxGfL71ZR8SF97ei6w9UnCEY2RjDYl6Co2e-u_JwlDX-fGc7Z97J0CkPW6iZ7AaZ8YTCMhQjq1_xSQvaTDIpRJ1rHDjo3amZsqiIQnPctXQMNRFYwO-aPL8cmgaDbCkHdk3BU0Z-DmC5pjx0XFisAIRJcZZ9W5DD4iANi_WubEPvPlJja80Y6vw-w"")",faults,/home/azureuser/yas/evomaster-config/generated-tests/blackbox/product/super_admin/EvoMaster_product_super_admin_faults.java,23,6,True,0,,0,0,,100.0,0,0,0,0,0,0,False,,/home/azureuser/yas/evomaster-config/runtime-logs/classes/product/super_admin/EvoMaster_product_super_admin_faults,/home/azureuser/yas/evomaster-config/runtime-logs/classes/product/super_admin/EvoMaster_product_super_admin_faults/compile.log,/home/azureuser/yas/evomaster-config/runtime-logs/classes/product/super_admin/EvoMaster_product_super_admin_faults/compile_stdout.log,/home/azureuser/yas/evomaster-config/runtime-logs/classes/product/super_admin/EvoMaster_product_super_admin_faults/compile_stderr.log,True,True,0,,0,False,13.04,11.09,161.4,,/home/azureuser/yas/evomaster-config/runtime-logs/methods/product/super_admin/EvoMaster_product_super_admin_faults/test_15_postOnProductsReturnsMismatchResponseWithSchema,/home/azureuser/yas/evomaster-config/runtime-logs/methods/product/super_admin/EvoMaster_product_super_admin_faults/test_15_postOnProductsReturnsMismatchResponseWithSchema/run.log,/home/azureuser/yas/evomaster-config/runtime-logs/methods/product/super_admin/EvoMaster_product_super_admin_faults/test_15_postOnProductsReturnsMismatchResponseWithSchema/run_stdout.log,/home/azureuser/yas/evomaster-config/runtime-logs/methods/product/super_admin/EvoMaster_product_super_admin_faults/test_15_postOnProductsReturnsMismatchResponseWithSchema/run_stderr.log
product,user,EvoMaster_product_user_faults.java,EvoMaster_product_user_faults,test_16_postOnProductsReturnsMismatchResponseWithSchema,False,1,403,/product/backoffice/products,POST,403,.statusCode(403) .assertThat(),2,".post(baseUrlOfSut + ""/product/backoffice/products"")",".body("" { "" + 
                    "" \""name\"" : \""1yi\"", "" + 
                    "" \""slug\"" : \""WG9Z_vwX7ri93V0\"", "" + 
                    "" \""brandId\"" : 541, "" + 
                    "" \""specification\"" : \""\"", "" + 
                    "" \""sku\"" : \""MNRX\"", "" + 
                    "" \""weight\"" : -2.032059549567263E8, "" + 
                    "" \""dimensionUnit\"" : \""INCH\"", "" + 
                    "" \""height\"" : 5.2939054879952174E8, "" + 
                    "" \""isAllowedToOrder\"" : false, "" + 
                    "" \""isFeatured\"" : false, "" + 
                    "" \""isVisibleIndividually\"" : false, "" + 
                    "" \""stockTrackingEnabled\"" : false, "" + 
                    "" \""metaTitle\"" : \""9ZL\"", "" + 
                    "" \""productImageIds\"" : [ 712, -4108398704719806528, 507, 897, 3637276499319627222 ] "" + 
                    "" } "")",".header(""Authorization"", ""Bearer eyJhbGciOiJSUzI1NiIsInR5cCIgOiAiSldUIiwia2lkIiA6ICJSclRUNWtBOHhIS3N0YWFSMmh1YTRpT0RpcFE4ek9pcjFrNGZOM3RxNFNVIn0.eyJleHAiOjE3Nzc4NjMwMDMsImlhdCI6MTc3Nzg1OTQwMywianRpIjoiMGRjZTA1MjktM2ZjMC00NDhmLWIyNzItZjg2ZDA4Y2MwNjgwIiwiaXNzIjoiaHR0cDovL2lkZW50aXR5L3JlYWxtcy9ZYXMiLCJzdWIiOiIwMTEzZmQyNy1hMDllLTQ3MjItYjFlNS01MDA3ZjU4ZjUyODgiLCJ0eXAiOiJCZWFyZXIiLCJhenAiOiJiYWNrb2ZmaWNlLWJmZiIsInNpZCI6IjNiOTQxZmRmLTQ4NjktNGI0YS04MTY0LTA3ZTRmNTFlZDU2ZSIsInJlYWxtX2FjY2VzcyI6eyJyb2xlcyI6WyJVU0VSIl19LCJzY29wZSI6ImVtYWlsIHByb2ZpbGUiLCJlbWFpbF92ZXJpZmllZCI6ZmFsc2UsInByZWZlcnJlZF91c2VybmFtZSI6InVzZXJfcm9sZSJ9.SOiX39y4EOsLlN7aMZRyeEwZJN9pGE5t2LBkhoYj_o-VUahs4tHIhhizeFkSJ6mp6cgwocijpYXG7HsdHSa54p07sXrenxNUa7mSFh062yU8sREM902TicLswETJFGhESN7P6vOEzxuJ2xXxOd_WAVS6QlSflVi5vEgIf5DWcS1tR-rFLeZd7D32LSaUdw8QDRc4hvdodgj-pVXkliDjaHf8cff7lHWHJK4udcRZc6agmPoQYfD0WfgjrSAZSxGNWlDDWE-kTFha8f0DuHtM0XqOw9t4H3onh5x6u-1iTZ-8XVBoDv_v6rsVIcGZlQQYpjlIf2BRCE-VaM39tAT04A"")",faults,/home/azureuser/yas/evomaster-config/generated-tests/blackbox/product/user/EvoMaster_product_user_faults.java,23,6,True,0,,0,0,,100.0,0,0,0,0,0,0,False,,/home/azureuser/yas/evomaster-config/runtime-logs/classes/product/user/EvoMaster_product_user_faults,/home/azureuser/yas/evomaster-config/runtime-logs/classes/product/user/EvoMaster_product_user_faults/compile.log,/home/azureuser/yas/evomaster-config/runtime-logs/classes/product/user/EvoMaster_product_user_faults/compile_stdout.log,/home/azureuser/yas/evomaster-config/runtime-logs/classes/product/user/EvoMaster_product_user_faults/compile_stderr.log,True,True,0,,0,False,12.54,10.91,152.65,,/home/azureuser/yas/evomaster-config/runtime-logs/methods/product/user/EvoMaster_product_user_faults/test_16_postOnProductsReturnsMismatchResponseWithSchema,/home/azureuser/yas/evomaster-config/runtime-logs/methods/product/user/EvoMaster_product_user_faults/test_16_postOnProductsReturnsMismatchResponseWithSchema/run.log,/home/azureuser/yas/evomaster-config/runtime-logs/methods/product/user/EvoMaster_product_user_faults/test_16_postOnProductsReturnsMismatchResponseWithSchema/run_stdout.log,/home/azureuser/yas/evomaster-config/runtime-logs/methods/product/user/EvoMaster_product_user_faults/test_16_postOnProductsReturnsMismatchResponseWithSchema/run_stderr.log
rating,admin_only,EvoMaster_rating_admin_only_faults.java,EvoMaster_rating_admin_only_faults,test_1_postOnRatingsShowsFaults_100_101,False,1,500,/rating/storefront/ratings,POST,500,.statusCode(500) .assertThat(),6,".post(baseUrlOfSut + ""/rating/storefront/ratings"")",".body("" { "" + 
                    "" \""content\"" : \""6N\"", "" + 
                    "" \""productName\"" : \""LEp_lD\"" "" + 
                    "" } "")",".header(""Authorization"", ""Bearer eyJhbGciOiJSUzI1NiIsInR5cCIgOiAiSldUIiwia2lkIiA6ICJSclRUNWtBOHhIS3N0YWFSMmh1YTRpT0RpcFE4ek9pcjFrNGZOM3RxNFNVIn0.eyJleHAiOjE3Nzc4NjI5OTgsImlhdCI6MTc3Nzg1OTM5OCwianRpIjoiMTIwZDQ2YTctY2IwMS00YTk2LWIxNGYtZjc2YzBlZjkxZTRiIiwiaXNzIjoiaHR0cDovL2lkZW50aXR5L3JlYWxtcy9ZYXMiLCJzdWIiOiJlY2RlODFiYy00MTgwLTQ2ZWMtOTBlZi02NmIxNDVkOWQyMmMiLCJ0eXAiOiJCZWFyZXIiLCJhenAiOiJiYWNrb2ZmaWNlLWJmZiIsInNpZCI6ImFjNGEwMDIyLWY2NTktNDMxZi04ZjEzLTI0YzRiOTM3MTczOSIsInJlYWxtX2FjY2VzcyI6eyJyb2xlcyI6WyJBRE1JTiJdfSwic2NvcGUiOiJlbWFpbCBwcm9maWxlIiwiZW1haWxfdmVyaWZpZWQiOmZhbHNlLCJwcmVmZXJyZWRfdXNlcm5hbWUiOiJhZG1pbl9vbmx5In0.hCGaFqeDiVPVkjZFVAehfJHGtZRHq-sRpTwupQPMSRsBLMYA54WpWbiz5QEJ6brNwqLl4qUotRDNKLd2oahcLZISTf1eOWGspBgmc8YGDAf7CEZVISmQHPJoqRngNswvt8N7oYFWT0E5WJx0RqWD2ysLl5dSEnQSFh3OxxQDh9S0FnzqB7y_SrmwwGjqWu1j3Ev40J7yxGqNGT2ICUDu_VyxLXRgBcfkv41byhtlpykn7Dk2Upc0LFPhXqSxPTIuzao4CSmHzbkn5oZEFianFhGDs9jukpjJ6Op1_3dueQYZ_7-kaZIAbNVcazw69O_E0Z-P02UM9dlvJZ2pc8I79A"")",faults,/home/azureuser/yas/evomaster-config/generated-tests/blackbox/rating/admin_only/EvoMaster_rating_admin_only_faults.java,23,6,True,0,,0,0,,100.0,0,0,0,0,0,0,False,,/home/azureuser/yas/evomaster-config/runtime-logs/classes/rating/admin_only/EvoMaster_rating_admin_only_faults,/home/azureuser/yas/evomaster-config/runtime-logs/classes/rating/admin_only/EvoMaster_rating_admin_only_faults/compile.log,/home/azureuser/yas/evomaster-config/runtime-logs/classes/rating/admin_only/EvoMaster_rating_admin_only_faults/compile_stdout.log,/home/azureuser/yas/evomaster-config/runtime-logs/classes/rating/admin_only/EvoMaster_rating_admin_only_faults/compile_stderr.log,True,True,0,,0,False,14.05,11.01,153.7,,/home/azureuser/yas/evomaster-config/runtime-logs/methods/rating/admin_only/EvoMaster_rating_admin_only_faults/test_1_postOnRatingsShowsFaults_100_101,/home/azureuser/yas/evomaster-config/runtime-logs/methods/rating/admin_only/EvoMaster_rating_admin_only_faults/test_1_postOnRatingsShowsFaults_100_101/run.log,/home/azureuser/yas/evomaster-config/runtime-logs/methods/rating/admin_only/EvoMaster_rating_admin_only_faults/test_1_postOnRatingsShowsFaults_100_101/run_stdout.log,/home/azureuser/yas/evomaster-config/runtime-logs/methods/rating/admin_only/EvoMaster_rating_admin_only_faults/test_1_postOnRatingsShowsFaults_100_101/run_stderr.log
rating,admin_only,EvoMaster_rating_admin_only_faults.java,EvoMaster_rating_admin_only_faults,test_3_postOnRatingsReturnsMismatchResponseWithSchema,False,1,403,/rating/storefront/ratings,POST,403,.statusCode(403) .assertThat(),5,".post(baseUrlOfSut + ""/rating/storefront/ratings"")",".body("" { "" + 
                    "" \""content\"" : \""vN6CgHhzQmrhe\"", "" + 
                    "" \""star\"" : 985, "" + 
                    "" \""productId\"" : 687 "" + 
                    "" } "")",,faults,/home/azureuser/yas/evomaster-config/generated-tests/blackbox/rating/admin_only/EvoMaster_rating_admin_only_faults.java,23,6,True,0,,0,0,,100.0,0,0,0,0,0,0,False,,/home/azureuser/yas/evomaster-config/runtime-logs/classes/rating/admin_only/EvoMaster_rating_admin_only_faults,/home/azureuser/yas/evomaster-config/runtime-logs/classes/rating/admin_only/EvoMaster_rating_admin_only_faults/compile.log,/home/azureuser/yas/evomaster-config/runtime-logs/classes/rating/admin_only/EvoMaster_rating_admin_only_faults/compile_stdout.log,/home/azureuser/yas/evomaster-config/runtime-logs/classes/rating/admin_only/EvoMaster_rating_admin_only_faults/compile_stderr.log,True,True,0,,0,False,14.06,11.69,158.8,,/home/azureuser/yas/evomaster-config/runtime-logs/methods/rating/admin_only/EvoMaster_rating_admin_only_faults/test_3_postOnRatingsReturnsMismatchResponseWithSchema,/home/azureuser/yas/evomaster-config/runtime-logs/methods/rating/admin_only/EvoMaster_rating_admin_only_faults/test_3_postOnRatingsReturnsMismatchResponseWithSchema/run.log,/home/azureuser/yas/evomaster-config/runtime-logs/methods/rating/admin_only/EvoMaster_rating_admin_only_faults/test_3_postOnRatingsReturnsMismatchResponseWithSchema/run_stdout.log,/home/azureuser/yas/evomaster-config/runtime-logs/methods/rating/admin_only/EvoMaster_rating_admin_only_faults/test_3_postOnRatingsReturnsMismatchResponseWithSchema/run_stderr.log
rating,admin_only,EvoMaster_rating_admin_only_faults.java,EvoMaster_rating_admin_only_faults,test_4_postOnRatingsReturnsMismatchResponseWithSchema,False,1,403,/rating/storefront/ratings,POST,403,.statusCode(403) .assertThat(),6,".post(baseUrlOfSut + ""/rating/storefront/ratings"")",".body("" { "" + 
                    "" \""content\"" : \""H8fMb1\"", "" + 
                    "" \""star\"" : 986 "" + 
                    "" } "")",".header(""Authorization"", ""Bearer eyJhbGciOiJSUzI1NiIsInR5cCIgOiAiSldUIiwia2lkIiA6ICJSclRUNWtBOHhIS3N0YWFSMmh1YTRpT0RpcFE4ek9pcjFrNGZOM3RxNFNVIn0.eyJleHAiOjE3Nzc4NjI5OTgsImlhdCI6MTc3Nzg1OTM5OCwianRpIjoiMTIwZDQ2YTctY2IwMS00YTk2LWIxNGYtZjc2YzBlZjkxZTRiIiwiaXNzIjoiaHR0cDovL2lkZW50aXR5L3JlYWxtcy9ZYXMiLCJzdWIiOiJlY2RlODFiYy00MTgwLTQ2ZWMtOTBlZi02NmIxNDVkOWQyMmMiLCJ0eXAiOiJCZWFyZXIiLCJhenAiOiJiYWNrb2ZmaWNlLWJmZiIsInNpZCI6ImFjNGEwMDIyLWY2NTktNDMxZi04ZjEzLTI0YzRiOTM3MTczOSIsInJlYWxtX2FjY2VzcyI6eyJyb2xlcyI6WyJBRE1JTiJdfSwic2NvcGUiOiJlbWFpbCBwcm9maWxlIiwiZW1haWxfdmVyaWZpZWQiOmZhbHNlLCJwcmVmZXJyZWRfdXNlcm5hbWUiOiJhZG1pbl9vbmx5In0.hCGaFqeDiVPVkjZFVAehfJHGtZRHq-sRpTwupQPMSRsBLMYA54WpWbiz5QEJ6brNwqLl4qUotRDNKLd2oahcLZISTf1eOWGspBgmc8YGDAf7CEZVISmQHPJoqRngNswvt8N7oYFWT0E5WJx0RqWD2ysLl5dSEnQSFh3OxxQDh9S0FnzqB7y_SrmwwGjqWu1j3Ev40J7yxGqNGT2ICUDu_VyxLXRgBcfkv41byhtlpykn7Dk2Upc0LFPhXqSxPTIuzao4CSmHzbkn5oZEFianFhGDs9jukpjJ6Op1_3dueQYZ_7-kaZIAbNVcazw69O_E0Z-P02UM9dlvJZ2pc8I79A"")",faults,/home/azureuser/yas/evomaster-config/generated-tests/blackbox/rating/admin_only/EvoMaster_rating_admin_only_faults.java,23,6,True,0,,0,0,,100.0,0,0,0,0,0,0,False,,/home/azureuser/yas/evomaster-config/runtime-logs/classes/rating/admin_only/EvoMaster_rating_admin_only_faults,/home/azureuser/yas/evomaster-config/runtime-logs/classes/rating/admin_only/EvoMaster_rating_admin_only_faults/compile.log,/home/azureuser/yas/evomaster-config/runtime-logs/classes/rating/admin_only/EvoMaster_rating_admin_only_faults/compile_stdout.log,/home/azureuser/yas/evomaster-config/runtime-logs/classes/rating/admin_only/EvoMaster_rating_admin_only_faults/compile_stderr.log,True,True,0,,0,False,14.05,11.12,151.21,,/home/azureuser/yas/evomaster-config/runtime-logs/methods/rating/admin_only/EvoMaster_rating_admin_only_faults/test_4_postOnRatingsReturnsMismatchResponseWithSchema,/home/azureuser/yas/evomaster-config/runtime-logs/methods/rating/admin_only/EvoMaster_rating_admin_only_faults/test_4_postOnRatingsReturnsMismatchResponseWithSchema/run.log,/home/azureuser/yas/evomaster-config/runtime-logs/methods/rating/admin_only/EvoMaster_rating_admin_only_faults/test_4_postOnRatingsReturnsMismatchResponseWithSchema/run_stdout.log,/home/azureuser/yas/evomaster-config/runtime-logs/methods/rating/admin_only/EvoMaster_rating_admin_only_faults/test_4_postOnRatingsReturnsMismatchResponseWithSchema/run_stderr.log
rating,admin_only,EvoMaster_rating_admin_only_faults.java,EvoMaster_rating_admin_only_faults,test_5_deleteOnRateReturnsMismatchResponseWithSchema,False,1,403,/rating/backoffice/ratings/{id},DELETE,403,.statusCode(403) .assertThat(),5,".delete(baseUrlOfSut + ""/rating/backoffice/ratings/731"")",,,faults,/home/azureuser/yas/evomaster-config/generated-tests/blackbox/rating/admin_only/EvoMaster_rating_admin_only_faults.java,23,6,True,0,,0,0,,100.0,0,0,0,0,0,0,False,,/home/azureuser/yas/evomaster-config/runtime-logs/classes/rating/admin_only/EvoMaster_rating_admin_only_faults,/home/azureuser/yas/evomaster-config/runtime-logs/classes/rating/admin_only/EvoMaster_rating_admin_only_faults/compile.log,/home/azureuser/yas/evomaster-config/runtime-logs/classes/rating/admin_only/EvoMaster_rating_admin_only_faults/compile_stdout.log,/home/azureuser/yas/evomaster-config/runtime-logs/classes/rating/admin_only/EvoMaster_rating_admin_only_faults/compile_stderr.log,True,True,0,,0,False,14.06,11.38,160.0,,/home/azureuser/yas/evomaster-config/runtime-logs/methods/rating/admin_only/EvoMaster_rating_admin_only_faults/test_5_deleteOnRateReturnsMismatchResponseWithSchema,/home/azureuser/yas/evomaster-config/runtime-logs/methods/rating/admin_only/EvoMaster_rating_admin_only_faults/test_5_deleteOnRateReturnsMismatchResponseWithSchema/run.log,/home/azureuser/yas/evomaster-config/runtime-logs/methods/rating/admin_only/EvoMaster_rating_admin_only_faults/test_5_deleteOnRateReturnsMismatchResponseWithSchema/run_stdout.log,/home/azureuser/yas/evomaster-config/runtime-logs/methods/rating/admin_only/EvoMaster_rating_admin_only_faults/test_5_deleteOnRateReturnsMismatchResponseWithSchema/run_stderr.log
rating,admin_only,EvoMaster_rating_admin_only_faults.java,EvoMaster_rating_admin_only_faults,test_6_deleteOnRateReturnsMismatchResponseWithSchema,False,1,404,/rating/backoffice/ratings/{id},DELETE,404,.statusCode(404) .assertThat(),6,".delete(baseUrlOfSut + ""/rating/backoffice/ratings/52"")",,".header(""Authorization"", ""Bearer eyJhbGciOiJSUzI1NiIsInR5cCIgOiAiSldUIiwia2lkIiA6ICJSclRUNWtBOHhIS3N0YWFSMmh1YTRpT0RpcFE4ek9pcjFrNGZOM3RxNFNVIn0.eyJleHAiOjE3Nzc4NjI5OTgsImlhdCI6MTc3Nzg1OTM5OCwianRpIjoiMTIwZDQ2YTctY2IwMS00YTk2LWIxNGYtZjc2YzBlZjkxZTRiIiwiaXNzIjoiaHR0cDovL2lkZW50aXR5L3JlYWxtcy9ZYXMiLCJzdWIiOiJlY2RlODFiYy00MTgwLTQ2ZWMtOTBlZi02NmIxNDVkOWQyMmMiLCJ0eXAiOiJCZWFyZXIiLCJhenAiOiJiYWNrb2ZmaWNlLWJmZiIsInNpZCI6ImFjNGEwMDIyLWY2NTktNDMxZi04ZjEzLTI0YzRiOTM3MTczOSIsInJlYWxtX2FjY2VzcyI6eyJyb2xlcyI6WyJBRE1JTiJdfSwic2NvcGUiOiJlbWFpbCBwcm9maWxlIiwiZW1haWxfdmVyaWZpZWQiOmZhbHNlLCJwcmVmZXJyZWRfdXNlcm5hbWUiOiJhZG1pbl9vbmx5In0.hCGaFqeDiVPVkjZFVAehfJHGtZRHq-sRpTwupQPMSRsBLMYA54WpWbiz5QEJ6brNwqLl4qUotRDNKLd2oahcLZISTf1eOWGspBgmc8YGDAf7CEZVISmQHPJoqRngNswvt8N7oYFWT0E5WJx0RqWD2ysLl5dSEnQSFh3OxxQDh9S0FnzqB7y_SrmwwGjqWu1j3Ev40J7yxGqNGT2ICUDu_VyxLXRgBcfkv41byhtlpykn7Dk2Upc0LFPhXqSxPTIuzao4CSmHzbkn5oZEFianFhGDs9jukpjJ6Op1_3dueQYZ_7-kaZIAbNVcazw69O_E0Z-P02UM9dlvJZ2pc8I79A"")",faults,/home/azureuser/yas/evomaster-config/generated-tests/blackbox/rating/admin_only/EvoMaster_rating_admin_only_faults.java,23,6,True,0,,0,0,,100.0,0,0,0,0,0,0,False,,/home/azureuser/yas/evomaster-config/runtime-logs/classes/rating/admin_only/EvoMaster_rating_admin_only_faults,/home/azureuser/yas/evomaster-config/runtime-logs/classes/rating/admin_only/EvoMaster_rating_admin_only_faults/compile.log,/home/azureuser/yas/evomaster-config/runtime-logs/classes/rating/admin_only/EvoMaster_rating_admin_only_faults/compile_stdout.log,/home/azureuser/yas/evomaster-config/runtime-logs/classes/rating/admin_only/EvoMaster_rating_admin_only_faults/compile_stderr.log,True,True,0,,0,False,14.05,11.36,157.11,,/home/azureuser/yas/evomaster-config/runtime-logs/methods/rating/admin_only/EvoMaster_rating_admin_only_faults/test_6_deleteOnRateReturnsMismatchResponseWithSchema,/home/azureuser/yas/evomaster-config/runtime-logs/methods/rating/admin_only/EvoMaster_rating_admin_only_faults/test_6_deleteOnRateReturnsMismatchResponseWithSchema/run.log,/home/azureuser/yas/evomaster-config/runtime-logs/methods/rating/admin_only/EvoMaster_rating_admin_only_faults/test_6_deleteOnRateReturnsMismatchResponseWithSchema/run_stdout.log,/home/azureuser/yas/evomaster-config/runtime-logs/methods/rating/admin_only/EvoMaster_rating_admin_only_faults/test_6_deleteOnRateReturnsMismatchResponseWithSchema/run_stderr.log
rating,admin_only,EvoMaster_rating_admin_only_faults.java,EvoMaster_rating_admin_only_faults,test_7_deleteOnRateReturnsMismatchResponseWithSchema,False,1,404,/rating/backoffice/ratings/{id},DELETE,404,.statusCode(404) .assertThat(),6,".delete(baseUrlOfSut + ""/rating/backoffice/ratings/-2007600168179985384"")",,".header(""Authorization"", ""Bearer eyJhbGciOiJSUzI1NiIsInR5cCIgOiAiSldUIiwia2lkIiA6ICJSclRUNWtBOHhIS3N0YWFSMmh1YTRpT0RpcFE4ek9pcjFrNGZOM3RxNFNVIn0.eyJleHAiOjE3Nzc4NjI5OTgsImlhdCI6MTc3Nzg1OTM5OCwianRpIjoiMTIwZDQ2YTctY2IwMS00YTk2LWIxNGYtZjc2YzBlZjkxZTRiIiwiaXNzIjoiaHR0cDovL2lkZW50aXR5L3JlYWxtcy9ZYXMiLCJzdWIiOiJlY2RlODFiYy00MTgwLTQ2ZWMtOTBlZi02NmIxNDVkOWQyMmMiLCJ0eXAiOiJCZWFyZXIiLCJhenAiOiJiYWNrb2ZmaWNlLWJmZiIsInNpZCI6ImFjNGEwMDIyLWY2NTktNDMxZi04ZjEzLTI0YzRiOTM3MTczOSIsInJlYWxtX2FjY2VzcyI6eyJyb2xlcyI6WyJBRE1JTiJdfSwic2NvcGUiOiJlbWFpbCBwcm9maWxlIiwiZW1haWxfdmVyaWZpZWQiOmZhbHNlLCJwcmVmZXJyZWRfdXNlcm5hbWUiOiJhZG1pbl9vbmx5In0.hCGaFqeDiVPVkjZFVAehfJHGtZRHq-sRpTwupQPMSRsBLMYA54WpWbiz5QEJ6brNwqLl4qUotRDNKLd2oahcLZISTf1eOWGspBgmc8YGDAf7CEZVISmQHPJoqRngNswvt8N7oYFWT0E5WJx0RqWD2ysLl5dSEnQSFh3OxxQDh9S0FnzqB7y_SrmwwGjqWu1j3Ev40J7yxGqNGT2ICUDu_VyxLXRgBcfkv41byhtlpykn7Dk2Upc0LFPhXqSxPTIuzao4CSmHzbkn5oZEFianFhGDs9jukpjJ6Op1_3dueQYZ_7-kaZIAbNVcazw69O_E0Z-P02UM9dlvJZ2pc8I79A"")",faults,/home/azureuser/yas/evomaster-config/generated-tests/blackbox/rating/admin_only/EvoMaster_rating_admin_only_faults.java,23,6,True,0,,0,0,,100.0,0,0,0,0,0,0,False,,/home/azureuser/yas/evomaster-config/runtime-logs/classes/rating/admin_only/EvoMaster_rating_admin_only_faults,/home/azureuser/yas/evomaster-config/runtime-logs/classes/rating/admin_only/EvoMaster_rating_admin_only_faults/compile.log,/home/azureuser/yas/evomaster-config/runtime-logs/classes/rating/admin_only/EvoMaster_rating_admin_only_faults/compile_stdout.log,/home/azureuser/yas/evomaster-config/runtime-logs/classes/rating/admin_only/EvoMaster_rating_admin_only_faults/compile_stderr.log,True,True,0,,0,False,14.04,11.34,163.32,,/home/azureuser/yas/evomaster-config/runtime-logs/methods/rating/admin_only/EvoMaster_rating_admin_only_faults/test_7_deleteOnRateReturnsMismatchResponseWithSchema,/home/azureuser/yas/evomaster-config/runtime-logs/methods/rating/admin_only/EvoMaster_rating_admin_only_faults/test_7_deleteOnRateReturnsMismatchResponseWithSchema/run.log,/home/azureuser/yas/evomaster-config/runtime-logs/methods/rating/admin_only/EvoMaster_rating_admin_only_faults/test_7_deleteOnRateReturnsMismatchResponseWithSchema/run_stdout.log,/home/azureuser/yas/evomaster-config/runtime-logs/methods/rating/admin_only/EvoMaster_rating_admin_only_faults/test_7_deleteOnRateReturnsMismatchResponseWithSchema/run_stderr.log
rating,admin_only,EvoMaster_rating_admin_only_faults.java,EvoMaster_rating_admin_only_faults,test_8_getOnLatestReturnsMismatchResponseWithSchema,False,1,401,/rating/backoffice/ratings/latest/{count},GET,401,.statusCode(401) .assertThat(),2,".get(baseUrlOfSut + ""/rating/backoffice/ratings/latest/483"")",,,faults,/home/azureuser/yas/evomaster-config/generated-tests/blackbox/rating/admin_only/EvoMaster_rating_admin_only_faults.java,23,6,True,0,,0,0,,100.0,0,0,0,0,0,0,False,,/home/azureuser/yas/evomaster-config/runtime-logs/classes/rating/admin_only/EvoMaster_rating_admin_only_faults,/home/azureuser/yas/evomaster-config/runtime-logs/classes/rating/admin_only/EvoMaster_rating_admin_only_faults/compile.log,/home/azureuser/yas/evomaster-config/runtime-logs/classes/rating/admin_only/EvoMaster_rating_admin_only_faults/compile_stdout.log,/home/azureuser/yas/evomaster-config/runtime-logs/classes/rating/admin_only/EvoMaster_rating_admin_only_faults/compile_stderr.log,True,True,0,,0,False,12.55,11.13,157.45,,/home/azureuser/yas/evomaster-config/runtime-logs/methods/rating/admin_only/EvoMaster_rating_admin_only_faults/test_8_getOnLatestReturnsMismatchResponseWithSchema,/home/azureuser/yas/evomaster-config/runtime-logs/methods/rating/admin_only/EvoMaster_rating_admin_only_faults/test_8_getOnLatestReturnsMismatchResponseWithSchema/run.log,/home/azureuser/yas/evomaster-config/runtime-logs/methods/rating/admin_only/EvoMaster_rating_admin_only_faults/test_8_getOnLatestReturnsMismatchResponseWithSchema/run_stdout.log,/home/azureuser/yas/evomaster-config/runtime-logs/methods/rating/admin_only/EvoMaster_rating_admin_only_faults/test_8_getOnLatestReturnsMismatchResponseWithSchema/run_stderr.log
rating,admin_only,EvoMaster_rating_admin_only_successes.java,EvoMaster_rating_admin_only_successes,test_5_getOnLatestReturnsEmptyList,False,1,200,/rating/backoffice/ratings/latest/{count},GET,200,.statusCode(200) .assertThat(),3,".get(baseUrlOfSut + ""/rating/backoffice/ratings/latest/38"")",,".header(""Authorization"", ""Bearer eyJhbGciOiJSUzI1NiIsInR5cCIgOiAiSldUIiwia2lkIiA6ICJSclRUNWtBOHhIS3N0YWFSMmh1YTRpT0RpcFE4ek9pcjFrNGZOM3RxNFNVIn0.eyJleHAiOjE3Nzc4NjI5OTgsImlhdCI6MTc3Nzg1OTM5OCwianRpIjoiMTIwZDQ2YTctY2IwMS00YTk2LWIxNGYtZjc2YzBlZjkxZTRiIiwiaXNzIjoiaHR0cDovL2lkZW50aXR5L3JlYWxtcy9ZYXMiLCJzdWIiOiJlY2RlODFiYy00MTgwLTQ2ZWMtOTBlZi02NmIxNDVkOWQyMmMiLCJ0eXAiOiJCZWFyZXIiLCJhenAiOiJiYWNrb2ZmaWNlLWJmZiIsInNpZCI6ImFjNGEwMDIyLWY2NTktNDMxZi04ZjEzLTI0YzRiOTM3MTczOSIsInJlYWxtX2FjY2VzcyI6eyJyb2xlcyI6WyJBRE1JTiJdfSwic2NvcGUiOiJlbWFpbCBwcm9maWxlIiwiZW1haWxfdmVyaWZpZWQiOmZhbHNlLCJwcmVmZXJyZWRfdXNlcm5hbWUiOiJhZG1pbl9vbmx5In0.hCGaFqeDiVPVkjZFVAehfJHGtZRHq-sRpTwupQPMSRsBLMYA54WpWbiz5QEJ6brNwqLl4qUotRDNKLd2oahcLZISTf1eOWGspBgmc8YGDAf7CEZVISmQHPJoqRngNswvt8N7oYFWT0E5WJx0RqWD2ysLl5dSEnQSFh3OxxQDh9S0FnzqB7y_SrmwwGjqWu1j3Ev40J7yxGqNGT2ICUDu_VyxLXRgBcfkv41byhtlpykn7Dk2Upc0LFPhXqSxPTIuzao4CSmHzbkn5oZEFianFhGDs9jukpjJ6Op1_3dueQYZ_7-kaZIAbNVcazw69O_E0Z-P02UM9dlvJZ2pc8I79A"")",successes,/home/azureuser/yas/evomaster-config/generated-tests/blackbox/rating/admin_only/EvoMaster_rating_admin_only_successes.java,23,6,True,0,,0,0,,100.0,0,0,0,0,0,0,False,,/home/azureuser/yas/evomaster-config/runtime-logs/classes/rating/admin_only/EvoMaster_rating_admin_only_successes,/home/azureuser/yas/evomaster-config/runtime-logs/classes/rating/admin_only/EvoMaster_rating_admin_only_successes/compile.log,/home/azureuser/yas/evomaster-config/runtime-logs/classes/rating/admin_only/EvoMaster_rating_admin_only_successes/compile_stdout.log,/home/azureuser/yas/evomaster-config/runtime-logs/classes/rating/admin_only/EvoMaster_rating_admin_only_successes/compile_stderr.log,True,True,0,,0,False,14.05,11.35,159.15,,/home/azureuser/yas/evomaster-config/runtime-logs/methods/rating/admin_only/EvoMaster_rating_admin_only_successes/test_5_getOnLatestReturnsEmptyList,/home/azureuser/yas/evomaster-config/runtime-logs/methods/rating/admin_only/EvoMaster_rating_admin_only_successes/test_5_getOnLatestReturnsEmptyList/run.log,/home/azureuser/yas/evomaster-config/runtime-logs/methods/rating/admin_only/EvoMaster_rating_admin_only_successes/test_5_getOnLatestReturnsEmptyList/run_stdout.log,/home/azureuser/yas/evomaster-config/runtime-logs/methods/rating/admin_only/EvoMaster_rating_admin_only_successes/test_5_getOnLatestReturnsEmptyList/run_stderr.log
rating,customer,EvoMaster_rating_customer_faults.java,EvoMaster_rating_customer_faults,test_0_postOnRatingsShowsFaults_100_101,False,1,500,/rating/storefront/ratings,POST,500,.statusCode(500) .assertThat(),6,".post(baseUrlOfSut + ""/rating/storefront/ratings"")",".body("" { } "")",".header(""Authorization"", ""Bearer eyJhbGciOiJSUzI1NiIsInR5cCIgOiAiSldUIiwia2lkIiA6ICJSclRUNWtBOHhIS3N0YWFSMmh1YTRpT0RpcFE4ek9pcjFrNGZOM3RxNFNVIn0.eyJleHAiOjE3Nzc4NjMwMTYsImlhdCI6MTc3Nzg1OTQxNiwianRpIjoiOWVlYTBjYjktMTY2YS00MWVhLTllMDMtNTE5YTRhYTMxMjQ5IiwiaXNzIjoiaHR0cDovL2lkZW50aXR5L3JlYWxtcy9ZYXMiLCJzdWIiOiI0Yjg1MzdlZC1mZTg4LTQ3MGQtYmFkNS0wZjQ5Y2E2Zjg5NjAiLCJ0eXAiOiJCZWFyZXIiLCJhenAiOiJiYWNrb2ZmaWNlLWJmZiIsInNpZCI6IjMwODI2YjEwLTMyNzItNDg2MS1hNjMzLWY2NWViMThmZTI3MyIsInJlYWxtX2FjY2VzcyI6eyJyb2xlcyI6WyJkZWZhdWx0LXJvbGVzLXlhcyIsIm9mZmxpbmVfYWNjZXNzIiwiQ1VTVE9NRVIiLCJ1bWFfYXV0aG9yaXphdGlvbiJdfSwic2NvcGUiOiJlbWFpbCBwcm9maWxlIiwiZW1haWxfdmVyaWZpZWQiOmZhbHNlLCJwcmVmZXJyZWRfdXNlcm5hbWUiOiJ1c2VyIn0.EBGrKxfUZ7K4CD_oZ-0N65GkfDmtRPPgskIxmBwwwLh4fW4ytzsdfQbXAIYBFNObkiX9pyUE36bZlUYvQm0YUtjOi_FC6iq1EpzOkZg6pMyKhPsao7E1AC_E_hOYLyVMhTo_y67Hex3WtXBGzjPnGWt-ABtS12pGSsqEtcQqTu2p4f7NgFb82og4uDhuNIvnawd3xiJaU048zBocT6q0fxYmSCZTCMJGHREw2KdliDuWqvaJ4qhX_LFbPhB8FYdZX0XBp13WSgTaPK1c31nBm7cQwE-UXpNfQAM1r4yrE7GT3gFkqtctdIWcgE942Z0BI_z5aKwvnFQl3nuKoY2y4w"")",faults,/home/azureuser/yas/evomaster-config/generated-tests/blackbox/rating/customer/EvoMaster_rating_customer_faults.java,23,6,True,0,,0,0,,100.0,0,0,0,0,0,0,False,,/home/azureuser/yas/evomaster-config/runtime-logs/classes/rating/customer/EvoMaster_rating_customer_faults,/home/azureuser/yas/evomaster-config/runtime-logs/classes/rating/customer/EvoMaster_rating_customer_faults/compile.log,/home/azureuser/yas/evomaster-config/runtime-logs/classes/rating/customer/EvoMaster_rating_customer_faults/compile_stdout.log,/home/azureuser/yas/evomaster-config/runtime-logs/classes/rating/customer/EvoMaster_rating_customer_faults/compile_stderr.log,True,True,0,,0,False,14.04,11.25,149.89,,/home/azureuser/yas/evomaster-config/runtime-logs/methods/rating/customer/EvoMaster_rating_customer_faults/test_0_postOnRatingsShowsFaults_100_101,/home/azureuser/yas/evomaster-config/runtime-logs/methods/rating/customer/EvoMaster_rating_customer_faults/test_0_postOnRatingsShowsFaults_100_101/run.log,/home/azureuser/yas/evomaster-config/runtime-logs/methods/rating/customer/EvoMaster_rating_customer_faults/test_0_postOnRatingsShowsFaults_100_101/run_stdout.log,/home/azureuser/yas/evomaster-config/runtime-logs/methods/rating/customer/EvoMaster_rating_customer_faults/test_0_postOnRatingsShowsFaults_100_101/run_stderr.log
rating,customer,EvoMaster_rating_customer_faults.java,EvoMaster_rating_customer_faults,test_9_postOnRatingsReturnsMismatchResponseWithSchema,False,1,403,/rating/storefront/ratings,POST,403,.statusCode(403) .assertThat(),6,".post(baseUrlOfSut + ""/rating/storefront/ratings"")",".body("" { "" + 
                    "" \""star\"" : 770, "" + 
                    "" \""productName\"" : \""f5\"" "" + 
                    "" } "")",".header(""Authorization"", ""Bearer eyJhbGciOiJSUzI1NiIsInR5cCIgOiAiSldUIiwia2lkIiA6ICJSclRUNWtBOHhIS3N0YWFSMmh1YTRpT0RpcFE4ek9pcjFrNGZOM3RxNFNVIn0.eyJleHAiOjE3Nzc4NjMwMTYsImlhdCI6MTc3Nzg1OTQxNiwianRpIjoiOWVlYTBjYjktMTY2YS00MWVhLTllMDMtNTE5YTRhYTMxMjQ5IiwiaXNzIjoiaHR0cDovL2lkZW50aXR5L3JlYWxtcy9ZYXMiLCJzdWIiOiI0Yjg1MzdlZC1mZTg4LTQ3MGQtYmFkNS0wZjQ5Y2E2Zjg5NjAiLCJ0eXAiOiJCZWFyZXIiLCJhenAiOiJiYWNrb2ZmaWNlLWJmZiIsInNpZCI6IjMwODI2YjEwLTMyNzItNDg2MS1hNjMzLWY2NWViMThmZTI3MyIsInJlYWxtX2FjY2VzcyI6eyJyb2xlcyI6WyJkZWZhdWx0LXJvbGVzLXlhcyIsIm9mZmxpbmVfYWNjZXNzIiwiQ1VTVE9NRVIiLCJ1bWFfYXV0aG9yaXphdGlvbiJdfSwic2NvcGUiOiJlbWFpbCBwcm9maWxlIiwiZW1haWxfdmVyaWZpZWQiOmZhbHNlLCJwcmVmZXJyZWRfdXNlcm5hbWUiOiJ1c2VyIn0.EBGrKxfUZ7K4CD_oZ-0N65GkfDmtRPPgskIxmBwwwLh4fW4ytzsdfQbXAIYBFNObkiX9pyUE36bZlUYvQm0YUtjOi_FC6iq1EpzOkZg6pMyKhPsao7E1AC_E_hOYLyVMhTo_y67Hex3WtXBGzjPnGWt-ABtS12pGSsqEtcQqTu2p4f7NgFb82og4uDhuNIvnawd3xiJaU048zBocT6q0fxYmSCZTCMJGHREw2KdliDuWqvaJ4qhX_LFbPhB8FYdZX0XBp13WSgTaPK1c31nBm7cQwE-UXpNfQAM1r4yrE7GT3gFkqtctdIWcgE942Z0BI_z5aKwvnFQl3nuKoY2y4w"")",faults,/home/azureuser/yas/evomaster-config/generated-tests/blackbox/rating/customer/EvoMaster_rating_customer_faults.java,23,6,True,0,,0,0,,100.0,0,0,0,0,0,0,False,,/home/azureuser/yas/evomaster-config/runtime-logs/classes/rating/customer/EvoMaster_rating_customer_faults,/home/azureuser/yas/evomaster-config/runtime-logs/classes/rating/customer/EvoMaster_rating_customer_faults/compile.log,/home/azureuser/yas/evomaster-config/runtime-logs/classes/rating/customer/EvoMaster_rating_customer_faults/compile_stdout.log,/home/azureuser/yas/evomaster-config/runtime-logs/classes/rating/customer/EvoMaster_rating_customer_faults/compile_stderr.log,True,True,0,,0,False,14.05,11.98,168.25,,/home/azureuser/yas/evomaster-config/runtime-logs/methods/rating/customer/EvoMaster_rating_customer_faults/test_9_postOnRatingsReturnsMismatchResponseWithSchema,/home/azureuser/yas/evomaster-config/runtime-logs/methods/rating/customer/EvoMaster_rating_customer_faults/test_9_postOnRatingsReturnsMismatchResponseWithSchema/run.log,/home/azureuser/yas/evomaster-config/runtime-logs/methods/rating/customer/EvoMaster_rating_customer_faults/test_9_postOnRatingsReturnsMismatchResponseWithSchema/run_stdout.log,/home/azureuser/yas/evomaster-config/runtime-logs/methods/rating/customer/EvoMaster_rating_customer_faults/test_9_postOnRatingsReturnsMismatchResponseWithSchema/run_stderr.log
rating,customer,EvoMaster_rating_customer_faults.java,EvoMaster_rating_customer_faults,test_10_postOnRatingsReturnsMismatchResponseWithSchema,False,1,403,/rating/storefront/ratings,POST,403,.statusCode(403) .assertThat(),5,".post(baseUrlOfSut + ""/rating/storefront/ratings"")",".body("" { "" + 
                    "" \""star\"" : 782, "" + 
                    "" \""productName\"" : \""zoyE9qVIS\"" "" + 
                    "" } "")",,faults,/home/azureuser/yas/evomaster-config/generated-tests/blackbox/rating/customer/EvoMaster_rating_customer_faults.java,23,6,True,0,,0,0,,100.0,0,0,0,0,0,0,False,,/home/azureuser/yas/evomaster-config/runtime-logs/classes/rating/customer/EvoMaster_rating_customer_faults,/home/azureuser/yas/evomaster-config/runtime-logs/classes/rating/customer/EvoMaster_rating_customer_faults/compile.log,/home/azureuser/yas/evomaster-config/runtime-logs/classes/rating/customer/EvoMaster_rating_customer_faults/compile_stdout.log,/home/azureuser/yas/evomaster-config/runtime-logs/classes/rating/customer/EvoMaster_rating_customer_faults/compile_stderr.log,True,True,0,,0,False,14.56,12.35,170.42,,/home/azureuser/yas/evomaster-config/runtime-logs/methods/rating/customer/EvoMaster_rating_customer_faults/test_10_postOnRatingsReturnsMismatchResponseWithSchema,/home/azureuser/yas/evomaster-config/runtime-logs/methods/rating/customer/EvoMaster_rating_customer_faults/test_10_postOnRatingsReturnsMismatchResponseWithSchema/run.log,/home/azureuser/yas/evomaster-config/runtime-logs/methods/rating/customer/EvoMaster_rating_customer_faults/test_10_postOnRatingsReturnsMismatchResponseWithSchema/run_stdout.log,/home/azureuser/yas/evomaster-config/runtime-logs/methods/rating/customer/EvoMaster_rating_customer_faults/test_10_postOnRatingsReturnsMismatchResponseWithSchema/run_stderr.log
rating,customer,EvoMaster_rating_customer_faults.java,EvoMaster_rating_customer_faults,test_11_deleteOnRateReturnsMismatchResponseWithSchema,False,1,403,/rating/backoffice/ratings/{id},DELETE,403,.statusCode(403) .assertThat(),2,".delete(baseUrlOfSut + ""/rating/backoffice/ratings/515"")",,".header(""Authorization"", ""Bearer eyJhbGciOiJSUzI1NiIsInR5cCIgOiAiSldUIiwia2lkIiA6ICJSclRUNWtBOHhIS3N0YWFSMmh1YTRpT0RpcFE4ek9pcjFrNGZOM3RxNFNVIn0.eyJleHAiOjE3Nzc4NjMwMTYsImlhdCI6MTc3Nzg1OTQxNiwianRpIjoiOWVlYTBjYjktMTY2YS00MWVhLTllMDMtNTE5YTRhYTMxMjQ5IiwiaXNzIjoiaHR0cDovL2lkZW50aXR5L3JlYWxtcy9ZYXMiLCJzdWIiOiI0Yjg1MzdlZC1mZTg4LTQ3MGQtYmFkNS0wZjQ5Y2E2Zjg5NjAiLCJ0eXAiOiJCZWFyZXIiLCJhenAiOiJiYWNrb2ZmaWNlLWJmZiIsInNpZCI6IjMwODI2YjEwLTMyNzItNDg2MS1hNjMzLWY2NWViMThmZTI3MyIsInJlYWxtX2FjY2VzcyI6eyJyb2xlcyI6WyJkZWZhdWx0LXJvbGVzLXlhcyIsIm9mZmxpbmVfYWNjZXNzIiwiQ1VTVE9NRVIiLCJ1bWFfYXV0aG9yaXphdGlvbiJdfSwic2NvcGUiOiJlbWFpbCBwcm9maWxlIiwiZW1haWxfdmVyaWZpZWQiOmZhbHNlLCJwcmVmZXJyZWRfdXNlcm5hbWUiOiJ1c2VyIn0.EBGrKxfUZ7K4CD_oZ-0N65GkfDmtRPPgskIxmBwwwLh4fW4ytzsdfQbXAIYBFNObkiX9pyUE36bZlUYvQm0YUtjOi_FC6iq1EpzOkZg6pMyKhPsao7E1AC_E_hOYLyVMhTo_y67Hex3WtXBGzjPnGWt-ABtS12pGSsqEtcQqTu2p4f7NgFb82og4uDhuNIvnawd3xiJaU048zBocT6q0fxYmSCZTCMJGHREw2KdliDuWqvaJ4qhX_LFbPhB8FYdZX0XBp13WSgTaPK1c31nBm7cQwE-UXpNfQAM1r4yrE7GT3gFkqtctdIWcgE942Z0BI_z5aKwvnFQl3nuKoY2y4w"")",faults,/home/azureuser/yas/evomaster-config/generated-tests/blackbox/rating/customer/EvoMaster_rating_customer_faults.java,23,6,True,0,,0,0,,100.0,0,0,0,0,0,0,False,,/home/azureuser/yas/evomaster-config/runtime-logs/classes/rating/customer/EvoMaster_rating_customer_faults,/home/azureuser/yas/evomaster-config/runtime-logs/classes/rating/customer/EvoMaster_rating_customer_faults/compile.log,/home/azureuser/yas/evomaster-config/runtime-logs/classes/rating/customer/EvoMaster_rating_customer_faults/compile_stdout.log,/home/azureuser/yas/evomaster-config/runtime-logs/classes/rating/customer/EvoMaster_rating_customer_faults/compile_stderr.log,True,True,0,,0,False,12.55,11.17,153.4,,/home/azureuser/yas/evomaster-config/runtime-logs/methods/rating/customer/EvoMaster_rating_customer_faults/test_11_deleteOnRateReturnsMismatchResponseWithSchema,/home/azureuser/yas/evomaster-config/runtime-logs/methods/rating/customer/EvoMaster_rating_customer_faults/test_11_deleteOnRateReturnsMismatchResponseWithSchema/run.log,/home/azureuser/yas/evomaster-config/runtime-logs/methods/rating/customer/EvoMaster_rating_customer_faults/test_11_deleteOnRateReturnsMismatchResponseWithSchema/run_stdout.log,/home/azureuser/yas/evomaster-config/runtime-logs/methods/rating/customer/EvoMaster_rating_customer_faults/test_11_deleteOnRateReturnsMismatchResponseWithSchema/run_stderr.log
rating,customer,EvoMaster_rating_customer_faults.java,EvoMaster_rating_customer_faults,test_12_deleteOnRateReturnsMismatchResponseWithSchema,False,1,403,/rating/backoffice/ratings/{id},DELETE,403,.statusCode(403) .assertThat(),5,".delete(baseUrlOfSut + ""/rating/backoffice/ratings/441"")",,,faults,/home/azureuser/yas/evomaster-config/generated-tests/blackbox/rating/customer/EvoMaster_rating_customer_faults.java,23,6,True,0,,0,0,,100.0,0,0,0,0,0,0,False,,/home/azureuser/yas/evomaster-config/runtime-logs/classes/rating/customer/EvoMaster_rating_customer_faults,/home/azureuser/yas/evomaster-config/runtime-logs/classes/rating/customer/EvoMaster_rating_customer_faults/compile.log,/home/azureuser/yas/evomaster-config/runtime-logs/classes/rating/customer/EvoMaster_rating_customer_faults/compile_stdout.log,/home/azureuser/yas/evomaster-config/runtime-logs/classes/rating/customer/EvoMaster_rating_customer_faults/compile_stderr.log,True,True,0,,0,False,14.04,11.33,157.0,,/home/azureuser/yas/evomaster-config/runtime-logs/methods/rating/customer/EvoMaster_rating_customer_faults/test_12_deleteOnRateReturnsMismatchResponseWithSchema,/home/azureuser/yas/evomaster-config/runtime-logs/methods/rating/customer/EvoMaster_rating_customer_faults/test_12_deleteOnRateReturnsMismatchResponseWithSchema/run.log,/home/azureuser/yas/evomaster-config/runtime-logs/methods/rating/customer/EvoMaster_rating_customer_faults/test_12_deleteOnRateReturnsMismatchResponseWithSchema/run_stdout.log,/home/azureuser/yas/evomaster-config/runtime-logs/methods/rating/customer/EvoMaster_rating_customer_faults/test_12_deleteOnRateReturnsMismatchResponseWithSchema/run_stderr.log
rating,customer,EvoMaster_rating_customer_faults.java,EvoMaster_rating_customer_faults,test_13_deleteOnRateReturnsMismatchResponseWithSchema,False,1,403,/rating/backoffice/ratings/{id},DELETE,403,.statusCode(403) .assertThat(),2,".delete(baseUrlOfSut + ""/rating/backoffice/ratings/-9195148047644350027"")",,".header(""Authorization"", ""Bearer eyJhbGciOiJSUzI1NiIsInR5cCIgOiAiSldUIiwia2lkIiA6ICJSclRUNWtBOHhIS3N0YWFSMmh1YTRpT0RpcFE4ek9pcjFrNGZOM3RxNFNVIn0.eyJleHAiOjE3Nzc4NjMwMTYsImlhdCI6MTc3Nzg1OTQxNiwianRpIjoiOWVlYTBjYjktMTY2YS00MWVhLTllMDMtNTE5YTRhYTMxMjQ5IiwiaXNzIjoiaHR0cDovL2lkZW50aXR5L3JlYWxtcy9ZYXMiLCJzdWIiOiI0Yjg1MzdlZC1mZTg4LTQ3MGQtYmFkNS0wZjQ5Y2E2Zjg5NjAiLCJ0eXAiOiJCZWFyZXIiLCJhenAiOiJiYWNrb2ZmaWNlLWJmZiIsInNpZCI6IjMwODI2YjEwLTMyNzItNDg2MS1hNjMzLWY2NWViMThmZTI3MyIsInJlYWxtX2FjY2VzcyI6eyJyb2xlcyI6WyJkZWZhdWx0LXJvbGVzLXlhcyIsIm9mZmxpbmVfYWNjZXNzIiwiQ1VTVE9NRVIiLCJ1bWFfYXV0aG9yaXphdGlvbiJdfSwic2NvcGUiOiJlbWFpbCBwcm9maWxlIiwiZW1haWxfdmVyaWZpZWQiOmZhbHNlLCJwcmVmZXJyZWRfdXNlcm5hbWUiOiJ1c2VyIn0.EBGrKxfUZ7K4CD_oZ-0N65GkfDmtRPPgskIxmBwwwLh4fW4ytzsdfQbXAIYBFNObkiX9pyUE36bZlUYvQm0YUtjOi_FC6iq1EpzOkZg6pMyKhPsao7E1AC_E_hOYLyVMhTo_y67Hex3WtXBGzjPnGWt-ABtS12pGSsqEtcQqTu2p4f7NgFb82og4uDhuNIvnawd3xiJaU048zBocT6q0fxYmSCZTCMJGHREw2KdliDuWqvaJ4qhX_LFbPhB8FYdZX0XBp13WSgTaPK1c31nBm7cQwE-UXpNfQAM1r4yrE7GT3gFkqtctdIWcgE942Z0BI_z5aKwvnFQl3nuKoY2y4w"")",faults,/home/azureuser/yas/evomaster-config/generated-tests/blackbox/rating/customer/EvoMaster_rating_customer_faults.java,23,6,True,0,,0,0,,100.0,0,0,0,0,0,0,False,,/home/azureuser/yas/evomaster-config/runtime-logs/classes/rating/customer/EvoMaster_rating_customer_faults,/home/azureuser/yas/evomaster-config/runtime-logs/classes/rating/customer/EvoMaster_rating_customer_faults/compile.log,/home/azureuser/yas/evomaster-config/runtime-logs/classes/rating/customer/EvoMaster_rating_customer_faults/compile_stdout.log,/home/azureuser/yas/evomaster-config/runtime-logs/classes/rating/customer/EvoMaster_rating_customer_faults/compile_stderr.log,True,True,0,,0,False,12.54,11.29,154.04,,/home/azureuser/yas/evomaster-config/runtime-logs/methods/rating/customer/EvoMaster_rating_customer_faults/test_13_deleteOnRateReturnsMismatchResponseWithSchema,/home/azureuser/yas/evomaster-config/runtime-logs/methods/rating/customer/EvoMaster_rating_customer_faults/test_13_deleteOnRateReturnsMismatchResponseWithSchema/run.log,/home/azureuser/yas/evomaster-config/runtime-logs/methods/rating/customer/EvoMaster_rating_customer_faults/test_13_deleteOnRateReturnsMismatchResponseWithSchema/run_stdout.log,/home/azureuser/yas/evomaster-config/runtime-logs/methods/rating/customer/EvoMaster_rating_customer_faults/test_13_deleteOnRateReturnsMismatchResponseWithSchema/run_stderr.log
rating,customer,EvoMaster_rating_customer_faults.java,EvoMaster_rating_customer_faults,test_14_getOnLatestReturnsMismatchResponseWithSchema,False,1,401,/rating/backoffice/ratings/latest/{count},GET,401,.statusCode(401) .assertThat(),2,".get(baseUrlOfSut + ""/rating/backoffice/ratings/latest/534"")",,,faults,/home/azureuser/yas/evomaster-config/generated-tests/blackbox/rating/customer/EvoMaster_rating_customer_faults.java,23,6,True,0,,0,0,,100.0,0,0,0,0,0,0,False,,/home/azureuser/yas/evomaster-config/runtime-logs/classes/rating/customer/EvoMaster_rating_customer_faults,/home/azureuser/yas/evomaster-config/runtime-logs/classes/rating/customer/EvoMaster_rating_customer_faults/compile.log,/home/azureuser/yas/evomaster-config/runtime-logs/classes/rating/customer/EvoMaster_rating_customer_faults/compile_stdout.log,/home/azureuser/yas/evomaster-config/runtime-logs/classes/rating/customer/EvoMaster_rating_customer_faults/compile_stderr.log,True,True,0,,0,False,12.53,11.53,160.19,,/home/azureuser/yas/evomaster-config/runtime-logs/methods/rating/customer/EvoMaster_rating_customer_faults/test_14_getOnLatestReturnsMismatchResponseWithSchema,/home/azureuser/yas/evomaster-config/runtime-logs/methods/rating/customer/EvoMaster_rating_customer_faults/test_14_getOnLatestReturnsMismatchResponseWithSchema/run.log,/home/azureuser/yas/evomaster-config/runtime-logs/methods/rating/customer/EvoMaster_rating_customer_faults/test_14_getOnLatestReturnsMismatchResponseWithSchema/run_stdout.log,/home/azureuser/yas/evomaster-config/runtime-logs/methods/rating/customer/EvoMaster_rating_customer_faults/test_14_getOnLatestReturnsMismatchResponseWithSchema/run_stderr.log
rating,customer,EvoMaster_rating_customer_faults.java,EvoMaster_rating_customer_faults,test_15_getOnLatestReturnsMismatchResponseWithSchema,False,1,403,/rating/backoffice/ratings/latest/{count},GET,403,.statusCode(403) .assertThat(),2,".get(baseUrlOfSut + ""/rating/backoffice/ratings/latest/494"")",,".header(""Authorization"", ""Bearer eyJhbGciOiJSUzI1NiIsInR5cCIgOiAiSldUIiwia2lkIiA6ICJSclRUNWtBOHhIS3N0YWFSMmh1YTRpT0RpcFE4ek9pcjFrNGZOM3RxNFNVIn0.eyJleHAiOjE3Nzc4NjMwMTYsImlhdCI6MTc3Nzg1OTQxNiwianRpIjoiOWVlYTBjYjktMTY2YS00MWVhLTllMDMtNTE5YTRhYTMxMjQ5IiwiaXNzIjoiaHR0cDovL2lkZW50aXR5L3JlYWxtcy9ZYXMiLCJzdWIiOiI0Yjg1MzdlZC1mZTg4LTQ3MGQtYmFkNS0wZjQ5Y2E2Zjg5NjAiLCJ0eXAiOiJCZWFyZXIiLCJhenAiOiJiYWNrb2ZmaWNlLWJmZiIsInNpZCI6IjMwODI2YjEwLTMyNzItNDg2MS1hNjMzLWY2NWViMThmZTI3MyIsInJlYWxtX2FjY2VzcyI6eyJyb2xlcyI6WyJkZWZhdWx0LXJvbGVzLXlhcyIsIm9mZmxpbmVfYWNjZXNzIiwiQ1VTVE9NRVIiLCJ1bWFfYXV0aG9yaXphdGlvbiJdfSwic2NvcGUiOiJlbWFpbCBwcm9maWxlIiwiZW1haWxfdmVyaWZpZWQiOmZhbHNlLCJwcmVmZXJyZWRfdXNlcm5hbWUiOiJ1c2VyIn0.EBGrKxfUZ7K4CD_oZ-0N65GkfDmtRPPgskIxmBwwwLh4fW4ytzsdfQbXAIYBFNObkiX9pyUE36bZlUYvQm0YUtjOi_FC6iq1EpzOkZg6pMyKhPsao7E1AC_E_hOYLyVMhTo_y67Hex3WtXBGzjPnGWt-ABtS12pGSsqEtcQqTu2p4f7NgFb82og4uDhuNIvnawd3xiJaU048zBocT6q0fxYmSCZTCMJGHREw2KdliDuWqvaJ4qhX_LFbPhB8FYdZX0XBp13WSgTaPK1c31nBm7cQwE-UXpNfQAM1r4yrE7GT3gFkqtctdIWcgE942Z0BI_z5aKwvnFQl3nuKoY2y4w"")",faults,/home/azureuser/yas/evomaster-config/generated-tests/blackbox/rating/customer/EvoMaster_rating_customer_faults.java,23,6,True,0,,0,0,,100.0,0,0,0,0,0,0,False,,/home/azureuser/yas/evomaster-config/runtime-logs/classes/rating/customer/EvoMaster_rating_customer_faults,/home/azureuser/yas/evomaster-config/runtime-logs/classes/rating/customer/EvoMaster_rating_customer_faults/compile.log,/home/azureuser/yas/evomaster-config/runtime-logs/classes/rating/customer/EvoMaster_rating_customer_faults/compile_stdout.log,/home/azureuser/yas/evomaster-config/runtime-logs/classes/rating/customer/EvoMaster_rating_customer_faults/compile_stderr.log,True,True,0,,0,False,12.03,11.14,153.48,,/home/azureuser/yas/evomaster-config/runtime-logs/methods/rating/customer/EvoMaster_rating_customer_faults/test_15_getOnLatestReturnsMismatchResponseWithSchema,/home/azureuser/yas/evomaster-config/runtime-logs/methods/rating/customer/EvoMaster_rating_customer_faults/test_15_getOnLatestReturnsMismatchResponseWithSchema/run.log,/home/azureuser/yas/evomaster-config/runtime-logs/methods/rating/customer/EvoMaster_rating_customer_faults/test_15_getOnLatestReturnsMismatchResponseWithSchema/run_stdout.log,/home/azureuser/yas/evomaster-config/runtime-logs/methods/rating/customer/EvoMaster_rating_customer_faults/test_15_getOnLatestReturnsMismatchResponseWithSchema/run_stderr.log
rating,none,EvoMaster_rating_none_faults.java,EvoMaster_rating_none_faults,test_5_postOnRatingsReturnsMismatchResponseWithSchema,False,1,403,/rating/storefront/ratings,POST,403,.statusCode(403) .assertThat(),5,".post(baseUrlOfSut + ""/rating/storefront/ratings"")",".body("" { "" + 
                    "" \""productName\"" : \""w5Jic63QWVy\"" "" + 
                    "" } "")",,faults,/home/azureuser/yas/evomaster-config/generated-tests/blackbox/rating/none/EvoMaster_rating_none_faults.java,23,6,True,0,,0,0,,100.0,0,0,0,0,0,0,False,,/home/azureuser/yas/evomaster-config/runtime-logs/classes/rating/none/EvoMaster_rating_none_faults,/home/azureuser/yas/evomaster-config/runtime-logs/classes/rating/none/EvoMaster_rating_none_faults/compile.log,/home/azureuser/yas/evomaster-config/runtime-logs/classes/rating/none/EvoMaster_rating_none_faults/compile_stdout.log,/home/azureuser/yas/evomaster-config/runtime-logs/classes/rating/none/EvoMaster_rating_none_faults/compile_stderr.log,True,True,0,,0,False,14.04,11.43,151.1,,/home/azureuser/yas/evomaster-config/runtime-logs/methods/rating/none/EvoMaster_rating_none_faults/test_5_postOnRatingsReturnsMismatchResponseWithSchema,/home/azureuser/yas/evomaster-config/runtime-logs/methods/rating/none/EvoMaster_rating_none_faults/test_5_postOnRatingsReturnsMismatchResponseWithSchema/run.log,/home/azureuser/yas/evomaster-config/runtime-logs/methods/rating/none/EvoMaster_rating_none_faults/test_5_postOnRatingsReturnsMismatchResponseWithSchema/run_stdout.log,/home/azureuser/yas/evomaster-config/runtime-logs/methods/rating/none/EvoMaster_rating_none_faults/test_5_postOnRatingsReturnsMismatchResponseWithSchema/run_stderr.log
rating,none,EvoMaster_rating_none_faults.java,EvoMaster_rating_none_faults,test_6_deleteOnRateReturnsMismatchResponseWithSchema,False,1,403,/rating/backoffice/ratings/{id},DELETE,403,.statusCode(403) .assertThat(),5,".delete(baseUrlOfSut + ""/rating/backoffice/ratings/172"")",,,faults,/home/azureuser/yas/evomaster-config/generated-tests/blackbox/rating/none/EvoMaster_rating_none_faults.java,23,6,True,0,,0,0,,100.0,0,0,0,0,0,0,False,,/home/azureuser/yas/evomaster-config/runtime-logs/classes/rating/none/EvoMaster_rating_none_faults,/home/azureuser/yas/evomaster-config/runtime-logs/classes/rating/none/EvoMaster_rating_none_faults/compile.log,/home/azureuser/yas/evomaster-config/runtime-logs/classes/rating/none/EvoMaster_rating_none_faults/compile_stdout.log,/home/azureuser/yas/evomaster-config/runtime-logs/classes/rating/none/EvoMaster_rating_none_faults/compile_stderr.log,True,True,0,,0,False,13.54,10.98,153.28,,/home/azureuser/yas/evomaster-config/runtime-logs/methods/rating/none/EvoMaster_rating_none_faults/test_6_deleteOnRateReturnsMismatchResponseWithSchema,/home/azureuser/yas/evomaster-config/runtime-logs/methods/rating/none/EvoMaster_rating_none_faults/test_6_deleteOnRateReturnsMismatchResponseWithSchema/run.log,/home/azureuser/yas/evomaster-config/runtime-logs/methods/rating/none/EvoMaster_rating_none_faults/test_6_deleteOnRateReturnsMismatchResponseWithSchema/run_stdout.log,/home/azureuser/yas/evomaster-config/runtime-logs/methods/rating/none/EvoMaster_rating_none_faults/test_6_deleteOnRateReturnsMismatchResponseWithSchema/run_stderr.log
rating,none,EvoMaster_rating_none_faults.java,EvoMaster_rating_none_faults,test_7_getOnLatestReturnsMismatchResponseWithSchema,False,1,401,/rating/backoffice/ratings/latest/{count},GET,401,.statusCode(401) .assertThat(),2,".get(baseUrlOfSut + ""/rating/backoffice/ratings/latest/980"")",,,faults,/home/azureuser/yas/evomaster-config/generated-tests/blackbox/rating/none/EvoMaster_rating_none_faults.java,23,6,True,0,,0,0,,100.0,0,0,0,0,0,0,False,,/home/azureuser/yas/evomaster-config/runtime-logs/classes/rating/none/EvoMaster_rating_none_faults,/home/azureuser/yas/evomaster-config/runtime-logs/classes/rating/none/EvoMaster_rating_none_faults/compile.log,/home/azureuser/yas/evomaster-config/runtime-logs/classes/rating/none/EvoMaster_rating_none_faults/compile_stdout.log,/home/azureuser/yas/evomaster-config/runtime-logs/classes/rating/none/EvoMaster_rating_none_faults/compile_stderr.log,True,True,0,,0,False,12.55,11.07,159.55,,/home/azureuser/yas/evomaster-config/runtime-logs/methods/rating/none/EvoMaster_rating_none_faults/test_7_getOnLatestReturnsMismatchResponseWithSchema,/home/azureuser/yas/evomaster-config/runtime-logs/methods/rating/none/EvoMaster_rating_none_faults/test_7_getOnLatestReturnsMismatchResponseWithSchema/run.log,/home/azureuser/yas/evomaster-config/runtime-logs/methods/rating/none/EvoMaster_rating_none_faults/test_7_getOnLatestReturnsMismatchResponseWithSchema/run_stdout.log,/home/azureuser/yas/evomaster-config/runtime-logs/methods/rating/none/EvoMaster_rating_none_faults/test_7_getOnLatestReturnsMismatchResponseWithSchema/run_stderr.log
rating,super_admin,EvoMaster_rating_super_admin_faults.java,EvoMaster_rating_super_admin_faults,test_0_postOnRatingsShowsFaults_100_101,False,1,500,/rating/storefront/ratings,POST,500,.statusCode(500) .assertThat(),6,".post(baseUrlOfSut + ""/rating/storefront/ratings"")",".body("" { "" + 
                    "" \""content\"" : \""BKX3A44sV5PAY\"", "" + 
                    "" \""productName\"" : \""R6ZmRkjZ\"" "" + 
                    "" } "")",".header(""Authorization"", ""Bearer eyJhbGciOiJSUzI1NiIsInR5cCIgOiAiSldUIiwia2lkIiA6ICJSclRUNWtBOHhIS3N0YWFSMmh1YTRpT0RpcFE4ek9pcjFrNGZOM3RxNFNVIn0.eyJleHAiOjE3Nzc4NjMwMTEsImlhdCI6MTc3Nzg1OTQxMSwianRpIjoiYzBiOTZjYTUtZDY1OS00YTMxLTk3NzItYTc3NjM1Mzc4MGNhIiwiaXNzIjoiaHR0cDovL2lkZW50aXR5L3JlYWxtcy9ZYXMiLCJzdWIiOiI3MDQyZWE5ZS1hNzg0LTQxZjQtYTkzNi1kOGUxNTk5ODlmZjUiLCJ0eXAiOiJCZWFyZXIiLCJhenAiOiJiYWNrb2ZmaWNlLWJmZiIsInNpZCI6ImRhZjFjNGQ3LTBiZTYtNDA5MS04MjUyLWJkYWQ2NzQ0Y2M5YiIsInJlYWxtX2FjY2VzcyI6eyJyb2xlcyI6WyJTVVBFUi1BRE1JTiJdfSwic2NvcGUiOiJlbWFpbCBwcm9maWxlIiwiZW1haWxfdmVyaWZpZWQiOmZhbHNlLCJwcmVmZXJyZWRfdXNlcm5hbWUiOiJzdXBlcl9hZG1pbiJ9.rMxYROzqL1o6IvpgJi0h0vxNL1c1w0hHw6MhWqT98gyg2_TYGMaRwGs0-uuWGtwa7hRIE8_t2-1VJuWHcmW4bPNUro8GZANYq9Q-N6KwEXDillcEXzbvGapJPY6hcYPSx9IINOinJP9vVFMA4pr1IatpnBm6mdxGfL71ZR8SF97ei6w9UnCEY2RjDYl6Co2e-u_JwlDX-fGc7Z97J0CkPW6iZ7AaZ8YTCMhQjq1_xSQvaTDIpRJ1rHDjo3amZsqiIQnPctXQMNRFYwO-aPL8cmgaDbCkHdk3BU0Z-DmC5pjx0XFisAIRJcZZ9W5DD4iANi_WubEPvPlJja80Y6vw-w"")",faults,/home/azureuser/yas/evomaster-config/generated-tests/blackbox/rating/super_admin/EvoMaster_rating_super_admin_faults.java,23,6,True,0,,0,0,,100.0,0,0,0,0,0,0,False,,/home/azureuser/yas/evomaster-config/runtime-logs/classes/rating/super_admin/EvoMaster_rating_super_admin_faults,/home/azureuser/yas/evomaster-config/runtime-logs/classes/rating/super_admin/EvoMaster_rating_super_admin_faults/compile.log,/home/azureuser/yas/evomaster-config/runtime-logs/classes/rating/super_admin/EvoMaster_rating_super_admin_faults/compile_stdout.log,/home/azureuser/yas/evomaster-config/runtime-logs/classes/rating/super_admin/EvoMaster_rating_super_admin_faults/compile_stderr.log,True,True,0,,0,False,14.04,11.51,160.53,,/home/azureuser/yas/evomaster-config/runtime-logs/methods/rating/super_admin/EvoMaster_rating_super_admin_faults/test_0_postOnRatingsShowsFaults_100_101,/home/azureuser/yas/evomaster-config/runtime-logs/methods/rating/super_admin/EvoMaster_rating_super_admin_faults/test_0_postOnRatingsShowsFaults_100_101/run.log,/home/azureuser/yas/evomaster-config/runtime-logs/methods/rating/super_admin/EvoMaster_rating_super_admin_faults/test_0_postOnRatingsShowsFaults_100_101/run_stdout.log,/home/azureuser/yas/evomaster-config/runtime-logs/methods/rating/super_admin/EvoMaster_rating_super_admin_faults/test_0_postOnRatingsShowsFaults_100_101/run_stderr.log
rating,super_admin,EvoMaster_rating_super_admin_faults.java,EvoMaster_rating_super_admin_faults,test_10_postOnRatingsReturnsMismatchResponseWithSchema,False,1,403,/rating/storefront/ratings,POST,403,.statusCode(403) .assertThat(),5,".post(baseUrlOfSut + ""/rating/storefront/ratings"")",".body("" { "" + 
                    "" \""star\"" : 652, "" + 
                    "" \""productId\"" : 187, "" + 
                    "" \""productName\"" : \""\"" "" + 
                    "" } "")",,faults,/home/azureuser/yas/evomaster-config/generated-tests/blackbox/rating/super_admin/EvoMaster_rating_super_admin_faults.java,23,6,True,0,,0,0,,100.0,0,0,0,0,0,0,False,,/home/azureuser/yas/evomaster-config/runtime-logs/classes/rating/super_admin/EvoMaster_rating_super_admin_faults,/home/azureuser/yas/evomaster-config/runtime-logs/classes/rating/super_admin/EvoMaster_rating_super_admin_faults/compile.log,/home/azureuser/yas/evomaster-config/runtime-logs/classes/rating/super_admin/EvoMaster_rating_super_admin_faults/compile_stdout.log,/home/azureuser/yas/evomaster-config/runtime-logs/classes/rating/super_admin/EvoMaster_rating_super_admin_faults/compile_stderr.log,True,True,0,,0,False,14.06,11.37,155.59,,/home/azureuser/yas/evomaster-config/runtime-logs/methods/rating/super_admin/EvoMaster_rating_super_admin_faults/test_10_postOnRatingsReturnsMismatchResponseWithSchema,/home/azureuser/yas/evomaster-config/runtime-logs/methods/rating/super_admin/EvoMaster_rating_super_admin_faults/test_10_postOnRatingsReturnsMismatchResponseWithSchema/run.log,/home/azureuser/yas/evomaster-config/runtime-logs/methods/rating/super_admin/EvoMaster_rating_super_admin_faults/test_10_postOnRatingsReturnsMismatchResponseWithSchema/run_stdout.log,/home/azureuser/yas/evomaster-config/runtime-logs/methods/rating/super_admin/EvoMaster_rating_super_admin_faults/test_10_postOnRatingsReturnsMismatchResponseWithSchema/run_stderr.log
rating,super_admin,EvoMaster_rating_super_admin_faults.java,EvoMaster_rating_super_admin_faults,test_11_postOnRatingsReturnsMismatchResponseWithSchema,False,1,403,/rating/storefront/ratings,POST,403,.statusCode(403) .assertThat(),6,".post(baseUrlOfSut + ""/rating/storefront/ratings"")",".body("" { "" + 
                    "" \""content\"" : \""KvcJenXaZ\"", "" + 
                    "" \""star\"" : 598, "" + 
                    "" \""productId\"" : 957, "" + 
                    "" \""productName\"" : \""VsnTHii9WjFcZRn\"" "" + 
                    "" } "")",".header(""Authorization"", ""Bearer eyJhbGciOiJSUzI1NiIsInR5cCIgOiAiSldUIiwia2lkIiA6ICJSclRUNWtBOHhIS3N0YWFSMmh1YTRpT0RpcFE4ek9pcjFrNGZOM3RxNFNVIn0.eyJleHAiOjE3Nzc4NjMwMTEsImlhdCI6MTc3Nzg1OTQxMSwianRpIjoiYzBiOTZjYTUtZDY1OS00YTMxLTk3NzItYTc3NjM1Mzc4MGNhIiwiaXNzIjoiaHR0cDovL2lkZW50aXR5L3JlYWxtcy9ZYXMiLCJzdWIiOiI3MDQyZWE5ZS1hNzg0LTQxZjQtYTkzNi1kOGUxNTk5ODlmZjUiLCJ0eXAiOiJCZWFyZXIiLCJhenAiOiJiYWNrb2ZmaWNlLWJmZiIsInNpZCI6ImRhZjFjNGQ3LTBiZTYtNDA5MS04MjUyLWJkYWQ2NzQ0Y2M5YiIsInJlYWxtX2FjY2VzcyI6eyJyb2xlcyI6WyJTVVBFUi1BRE1JTiJdfSwic2NvcGUiOiJlbWFpbCBwcm9maWxlIiwiZW1haWxfdmVyaWZpZWQiOmZhbHNlLCJwcmVmZXJyZWRfdXNlcm5hbWUiOiJzdXBlcl9hZG1pbiJ9.rMxYROzqL1o6IvpgJi0h0vxNL1c1w0hHw6MhWqT98gyg2_TYGMaRwGs0-uuWGtwa7hRIE8_t2-1VJuWHcmW4bPNUro8GZANYq9Q-N6KwEXDillcEXzbvGapJPY6hcYPSx9IINOinJP9vVFMA4pr1IatpnBm6mdxGfL71ZR8SF97ei6w9UnCEY2RjDYl6Co2e-u_JwlDX-fGc7Z97J0CkPW6iZ7AaZ8YTCMhQjq1_xSQvaTDIpRJ1rHDjo3amZsqiIQnPctXQMNRFYwO-aPL8cmgaDbCkHdk3BU0Z-DmC5pjx0XFisAIRJcZZ9W5DD4iANi_WubEPvPlJja80Y6vw-w"")",faults,/home/azureuser/yas/evomaster-config/generated-tests/blackbox/rating/super_admin/EvoMaster_rating_super_admin_faults.java,23,6,True,0,,0,0,,100.0,0,0,0,0,0,0,False,,/home/azureuser/yas/evomaster-config/runtime-logs/classes/rating/super_admin/EvoMaster_rating_super_admin_faults,/home/azureuser/yas/evomaster-config/runtime-logs/classes/rating/super_admin/EvoMaster_rating_super_admin_faults/compile.log,/home/azureuser/yas/evomaster-config/runtime-logs/classes/rating/super_admin/EvoMaster_rating_super_admin_faults/compile_stdout.log,/home/azureuser/yas/evomaster-config/runtime-logs/classes/rating/super_admin/EvoMaster_rating_super_admin_faults/compile_stderr.log,True,True,0,,0,False,15.04,11.22,153.74,,/home/azureuser/yas/evomaster-config/runtime-logs/methods/rating/super_admin/EvoMaster_rating_super_admin_faults/test_11_postOnRatingsReturnsMismatchResponseWithSchema,/home/azureuser/yas/evomaster-config/runtime-logs/methods/rating/super_admin/EvoMaster_rating_super_admin_faults/test_11_postOnRatingsReturnsMismatchResponseWithSchema/run.log,/home/azureuser/yas/evomaster-config/runtime-logs/methods/rating/super_admin/EvoMaster_rating_super_admin_faults/test_11_postOnRatingsReturnsMismatchResponseWithSchema/run_stdout.log,/home/azureuser/yas/evomaster-config/runtime-logs/methods/rating/super_admin/EvoMaster_rating_super_admin_faults/test_11_postOnRatingsReturnsMismatchResponseWithSchema/run_stderr.log
rating,super_admin,EvoMaster_rating_super_admin_faults.java,EvoMaster_rating_super_admin_faults,test_12_deleteOnRateReturnsMismatchResponseWithSchema,False,1,403,/rating/backoffice/ratings/{id},DELETE,403,.statusCode(403) .assertThat(),2,".delete(baseUrlOfSut + ""/rating/backoffice/ratings/80"")",,".header(""Authorization"", ""Bearer eyJhbGciOiJSUzI1NiIsInR5cCIgOiAiSldUIiwia2lkIiA6ICJSclRUNWtBOHhIS3N0YWFSMmh1YTRpT0RpcFE4ek9pcjFrNGZOM3RxNFNVIn0.eyJleHAiOjE3Nzc4NjMwMTEsImlhdCI6MTc3Nzg1OTQxMSwianRpIjoiYzBiOTZjYTUtZDY1OS00YTMxLTk3NzItYTc3NjM1Mzc4MGNhIiwiaXNzIjoiaHR0cDovL2lkZW50aXR5L3JlYWxtcy9ZYXMiLCJzdWIiOiI3MDQyZWE5ZS1hNzg0LTQxZjQtYTkzNi1kOGUxNTk5ODlmZjUiLCJ0eXAiOiJCZWFyZXIiLCJhenAiOiJiYWNrb2ZmaWNlLWJmZiIsInNpZCI6ImRhZjFjNGQ3LTBiZTYtNDA5MS04MjUyLWJkYWQ2NzQ0Y2M5YiIsInJlYWxtX2FjY2VzcyI6eyJyb2xlcyI6WyJTVVBFUi1BRE1JTiJdfSwic2NvcGUiOiJlbWFpbCBwcm9maWxlIiwiZW1haWxfdmVyaWZpZWQiOmZhbHNlLCJwcmVmZXJyZWRfdXNlcm5hbWUiOiJzdXBlcl9hZG1pbiJ9.rMxYROzqL1o6IvpgJi0h0vxNL1c1w0hHw6MhWqT98gyg2_TYGMaRwGs0-uuWGtwa7hRIE8_t2-1VJuWHcmW4bPNUro8GZANYq9Q-N6KwEXDillcEXzbvGapJPY6hcYPSx9IINOinJP9vVFMA4pr1IatpnBm6mdxGfL71ZR8SF97ei6w9UnCEY2RjDYl6Co2e-u_JwlDX-fGc7Z97J0CkPW6iZ7AaZ8YTCMhQjq1_xSQvaTDIpRJ1rHDjo3amZsqiIQnPctXQMNRFYwO-aPL8cmgaDbCkHdk3BU0Z-DmC5pjx0XFisAIRJcZZ9W5DD4iANi_WubEPvPlJja80Y6vw-w"")",faults,/home/azureuser/yas/evomaster-config/generated-tests/blackbox/rating/super_admin/EvoMaster_rating_super_admin_faults.java,23,6,True,0,,0,0,,100.0,0,0,0,0,0,0,False,,/home/azureuser/yas/evomaster-config/runtime-logs/classes/rating/super_admin/EvoMaster_rating_super_admin_faults,/home/azureuser/yas/evomaster-config/runtime-logs/classes/rating/super_admin/EvoMaster_rating_super_admin_faults/compile.log,/home/azureuser/yas/evomaster-config/runtime-logs/classes/rating/super_admin/EvoMaster_rating_super_admin_faults/compile_stdout.log,/home/azureuser/yas/evomaster-config/runtime-logs/classes/rating/super_admin/EvoMaster_rating_super_admin_faults/compile_stderr.log,True,True,0,,0,False,13.04,12.03,175.04,,/home/azureuser/yas/evomaster-config/runtime-logs/methods/rating/super_admin/EvoMaster_rating_super_admin_faults/test_12_deleteOnRateReturnsMismatchResponseWithSchema,/home/azureuser/yas/evomaster-config/runtime-logs/methods/rating/super_admin/EvoMaster_rating_super_admin_faults/test_12_deleteOnRateReturnsMismatchResponseWithSchema/run.log,/home/azureuser/yas/evomaster-config/runtime-logs/methods/rating/super_admin/EvoMaster_rating_super_admin_faults/test_12_deleteOnRateReturnsMismatchResponseWithSchema/run_stdout.log,/home/azureuser/yas/evomaster-config/runtime-logs/methods/rating/super_admin/EvoMaster_rating_super_admin_faults/test_12_deleteOnRateReturnsMismatchResponseWithSchema/run_stderr.log
rating,super_admin,EvoMaster_rating_super_admin_faults.java,EvoMaster_rating_super_admin_faults,test_13_deleteOnRateReturnsMismatchResponseWithSchema,False,1,403,/rating/backoffice/ratings/{id},DELETE,403,.statusCode(403) .assertThat(),5,".delete(baseUrlOfSut + ""/rating/backoffice/ratings/870589756"")",,,faults,/home/azureuser/yas/evomaster-config/generated-tests/blackbox/rating/super_admin/EvoMaster_rating_super_admin_faults.java,23,6,True,0,,0,0,,100.0,0,0,0,0,0,0,False,,/home/azureuser/yas/evomaster-config/runtime-logs/classes/rating/super_admin/EvoMaster_rating_super_admin_faults,/home/azureuser/yas/evomaster-config/runtime-logs/classes/rating/super_admin/EvoMaster_rating_super_admin_faults/compile.log,/home/azureuser/yas/evomaster-config/runtime-logs/classes/rating/super_admin/EvoMaster_rating_super_admin_faults/compile_stdout.log,/home/azureuser/yas/evomaster-config/runtime-logs/classes/rating/super_admin/EvoMaster_rating_super_admin_faults/compile_stderr.log,True,True,0,,0,False,13.54,11.34,157.33,,/home/azureuser/yas/evomaster-config/runtime-logs/methods/rating/super_admin/EvoMaster_rating_super_admin_faults/test_13_deleteOnRateReturnsMismatchResponseWithSchema,/home/azureuser/yas/evomaster-config/runtime-logs/methods/rating/super_admin/EvoMaster_rating_super_admin_faults/test_13_deleteOnRateReturnsMismatchResponseWithSchema/run.log,/home/azureuser/yas/evomaster-config/runtime-logs/methods/rating/super_admin/EvoMaster_rating_super_admin_faults/test_13_deleteOnRateReturnsMismatchResponseWithSchema/run_stdout.log,/home/azureuser/yas/evomaster-config/runtime-logs/methods/rating/super_admin/EvoMaster_rating_super_admin_faults/test_13_deleteOnRateReturnsMismatchResponseWithSchema/run_stderr.log
rating,super_admin,EvoMaster_rating_super_admin_faults.java,EvoMaster_rating_super_admin_faults,test_16_getOnLatestReturnsMismatchResponseWithSchema,False,1,401,/rating/backoffice/ratings/latest/{count},GET,401,.statusCode(401) .assertThat(),2,".get(baseUrlOfSut + ""/rating/backoffice/ratings/latest/171"")",,,faults,/home/azureuser/yas/evomaster-config/generated-tests/blackbox/rating/super_admin/EvoMaster_rating_super_admin_faults.java,23,6,True,0,,0,0,,100.0,0,0,0,0,0,0,False,,/home/azureuser/yas/evomaster-config/runtime-logs/classes/rating/super_admin/EvoMaster_rating_super_admin_faults,/home/azureuser/yas/evomaster-config/runtime-logs/classes/rating/super_admin/EvoMaster_rating_super_admin_faults/compile.log,/home/azureuser/yas/evomaster-config/runtime-logs/classes/rating/super_admin/EvoMaster_rating_super_admin_faults/compile_stdout.log,/home/azureuser/yas/evomaster-config/runtime-logs/classes/rating/super_admin/EvoMaster_rating_super_admin_faults/compile_stderr.log,True,True,0,,0,False,12.54,10.97,160.33,,/home/azureuser/yas/evomaster-config/runtime-logs/methods/rating/super_admin/EvoMaster_rating_super_admin_faults/test_16_getOnLatestReturnsMismatchResponseWithSchema,/home/azureuser/yas/evomaster-config/runtime-logs/methods/rating/super_admin/EvoMaster_rating_super_admin_faults/test_16_getOnLatestReturnsMismatchResponseWithSchema/run.log,/home/azureuser/yas/evomaster-config/runtime-logs/methods/rating/super_admin/EvoMaster_rating_super_admin_faults/test_16_getOnLatestReturnsMismatchResponseWithSchema/run_stdout.log,/home/azureuser/yas/evomaster-config/runtime-logs/methods/rating/super_admin/EvoMaster_rating_super_admin_faults/test_16_getOnLatestReturnsMismatchResponseWithSchema/run_stderr.log
rating,super_admin,EvoMaster_rating_super_admin_faults.java,EvoMaster_rating_super_admin_faults,test_17_getOnLatestReturnsMismatchResponseWithSchema,False,1,403,/rating/backoffice/ratings/latest/{count},GET,403,.statusCode(403) .assertThat(),2,".get(baseUrlOfSut + ""/rating/backoffice/ratings/latest/871"")",,".header(""Authorization"", ""Bearer eyJhbGciOiJSUzI1NiIsInR5cCIgOiAiSldUIiwia2lkIiA6ICJSclRUNWtBOHhIS3N0YWFSMmh1YTRpT0RpcFE4ek9pcjFrNGZOM3RxNFNVIn0.eyJleHAiOjE3Nzc4NjMwMTEsImlhdCI6MTc3Nzg1OTQxMSwianRpIjoiYzBiOTZjYTUtZDY1OS00YTMxLTk3NzItYTc3NjM1Mzc4MGNhIiwiaXNzIjoiaHR0cDovL2lkZW50aXR5L3JlYWxtcy9ZYXMiLCJzdWIiOiI3MDQyZWE5ZS1hNzg0LTQxZjQtYTkzNi1kOGUxNTk5ODlmZjUiLCJ0eXAiOiJCZWFyZXIiLCJhenAiOiJiYWNrb2ZmaWNlLWJmZiIsInNpZCI6ImRhZjFjNGQ3LTBiZTYtNDA5MS04MjUyLWJkYWQ2NzQ0Y2M5YiIsInJlYWxtX2FjY2VzcyI6eyJyb2xlcyI6WyJTVVBFUi1BRE1JTiJdfSwic2NvcGUiOiJlbWFpbCBwcm9maWxlIiwiZW1haWxfdmVyaWZpZWQiOmZhbHNlLCJwcmVmZXJyZWRfdXNlcm5hbWUiOiJzdXBlcl9hZG1pbiJ9.rMxYROzqL1o6IvpgJi0h0vxNL1c1w0hHw6MhWqT98gyg2_TYGMaRwGs0-uuWGtwa7hRIE8_t2-1VJuWHcmW4bPNUro8GZANYq9Q-N6KwEXDillcEXzbvGapJPY6hcYPSx9IINOinJP9vVFMA4pr1IatpnBm6mdxGfL71ZR8SF97ei6w9UnCEY2RjDYl6Co2e-u_JwlDX-fGc7Z97J0CkPW6iZ7AaZ8YTCMhQjq1_xSQvaTDIpRJ1rHDjo3amZsqiIQnPctXQMNRFYwO-aPL8cmgaDbCkHdk3BU0Z-DmC5pjx0XFisAIRJcZZ9W5DD4iANi_WubEPvPlJja80Y6vw-w"")",faults,/home/azureuser/yas/evomaster-config/generated-tests/blackbox/rating/super_admin/EvoMaster_rating_super_admin_faults.java,23,6,True,0,,0,0,,100.0,0,0,0,0,0,0,False,,/home/azureuser/yas/evomaster-config/runtime-logs/classes/rating/super_admin/EvoMaster_rating_super_admin_faults,/home/azureuser/yas/evomaster-config/runtime-logs/classes/rating/super_admin/EvoMaster_rating_super_admin_faults/compile.log,/home/azureuser/yas/evomaster-config/runtime-logs/classes/rating/super_admin/EvoMaster_rating_super_admin_faults/compile_stdout.log,/home/azureuser/yas/evomaster-config/runtime-logs/classes/rating/super_admin/EvoMaster_rating_super_admin_faults/compile_stderr.log,True,True,0,,0,False,12.55,11.29,161.9,,/home/azureuser/yas/evomaster-config/runtime-logs/methods/rating/super_admin/EvoMaster_rating_super_admin_faults/test_17_getOnLatestReturnsMismatchResponseWithSchema,/home/azureuser/yas/evomaster-config/runtime-logs/methods/rating/super_admin/EvoMaster_rating_super_admin_faults/test_17_getOnLatestReturnsMismatchResponseWithSchema/run.log,/home/azureuser/yas/evomaster-config/runtime-logs/methods/rating/super_admin/EvoMaster_rating_super_admin_faults/test_17_getOnLatestReturnsMismatchResponseWithSchema/run_stdout.log,/home/azureuser/yas/evomaster-config/runtime-logs/methods/rating/super_admin/EvoMaster_rating_super_admin_faults/test_17_getOnLatestReturnsMismatchResponseWithSchema/run_stderr.log
rating,super_admin,EvoMaster_rating_super_admin_faults.java,EvoMaster_rating_super_admin_faults,test_18_getOnLatestReturnsMismatchResponseWithSchema,False,1,403,/rating/backoffice/ratings/latest/{count},GET,403,.statusCode(403) .assertThat(),2,".get(baseUrlOfSut + ""/rating/backoffice/ratings/latest/-1871248086"")",,".header(""Authorization"", ""Bearer eyJhbGciOiJSUzI1NiIsInR5cCIgOiAiSldUIiwia2lkIiA6ICJSclRUNWtBOHhIS3N0YWFSMmh1YTRpT0RpcFE4ek9pcjFrNGZOM3RxNFNVIn0.eyJleHAiOjE3Nzc4NjMwMTEsImlhdCI6MTc3Nzg1OTQxMSwianRpIjoiYzBiOTZjYTUtZDY1OS00YTMxLTk3NzItYTc3NjM1Mzc4MGNhIiwiaXNzIjoiaHR0cDovL2lkZW50aXR5L3JlYWxtcy9ZYXMiLCJzdWIiOiI3MDQyZWE5ZS1hNzg0LTQxZjQtYTkzNi1kOGUxNTk5ODlmZjUiLCJ0eXAiOiJCZWFyZXIiLCJhenAiOiJiYWNrb2ZmaWNlLWJmZiIsInNpZCI6ImRhZjFjNGQ3LTBiZTYtNDA5MS04MjUyLWJkYWQ2NzQ0Y2M5YiIsInJlYWxtX2FjY2VzcyI6eyJyb2xlcyI6WyJTVVBFUi1BRE1JTiJdfSwic2NvcGUiOiJlbWFpbCBwcm9maWxlIiwiZW1haWxfdmVyaWZpZWQiOmZhbHNlLCJwcmVmZXJyZWRfdXNlcm5hbWUiOiJzdXBlcl9hZG1pbiJ9.rMxYROzqL1o6IvpgJi0h0vxNL1c1w0hHw6MhWqT98gyg2_TYGMaRwGs0-uuWGtwa7hRIE8_t2-1VJuWHcmW4bPNUro8GZANYq9Q-N6KwEXDillcEXzbvGapJPY6hcYPSx9IINOinJP9vVFMA4pr1IatpnBm6mdxGfL71ZR8SF97ei6w9UnCEY2RjDYl6Co2e-u_JwlDX-fGc7Z97J0CkPW6iZ7AaZ8YTCMhQjq1_xSQvaTDIpRJ1rHDjo3amZsqiIQnPctXQMNRFYwO-aPL8cmgaDbCkHdk3BU0Z-DmC5pjx0XFisAIRJcZZ9W5DD4iANi_WubEPvPlJja80Y6vw-w"")",faults,/home/azureuser/yas/evomaster-config/generated-tests/blackbox/rating/super_admin/EvoMaster_rating_super_admin_faults.java,23,6,True,0,,0,0,,100.0,0,0,0,0,0,0,False,,/home/azureuser/yas/evomaster-config/runtime-logs/classes/rating/super_admin/EvoMaster_rating_super_admin_faults,/home/azureuser/yas/evomaster-config/runtime-logs/classes/rating/super_admin/EvoMaster_rating_super_admin_faults/compile.log,/home/azureuser/yas/evomaster-config/runtime-logs/classes/rating/super_admin/EvoMaster_rating_super_admin_faults/compile_stdout.log,/home/azureuser/yas/evomaster-config/runtime-logs/classes/rating/super_admin/EvoMaster_rating_super_admin_faults/compile_stderr.log,True,True,0,,0,False,12.54,11.25,153.79,,/home/azureuser/yas/evomaster-config/runtime-logs/methods/rating/super_admin/EvoMaster_rating_super_admin_faults/test_18_getOnLatestReturnsMismatchResponseWithSchema,/home/azureuser/yas/evomaster-config/runtime-logs/methods/rating/super_admin/EvoMaster_rating_super_admin_faults/test_18_getOnLatestReturnsMismatchResponseWithSchema/run.log,/home/azureuser/yas/evomaster-config/runtime-logs/methods/rating/super_admin/EvoMaster_rating_super_admin_faults/test_18_getOnLatestReturnsMismatchResponseWithSchema/run_stdout.log,/home/azureuser/yas/evomaster-config/runtime-logs/methods/rating/super_admin/EvoMaster_rating_super_admin_faults/test_18_getOnLatestReturnsMismatchResponseWithSchema/run_stderr.log
rating,user,EvoMaster_rating_user_faults.java,EvoMaster_rating_user_faults,test_0_postOnRatingsShowsFaults_100_101,False,1,500,/rating/storefront/ratings,POST,500,.statusCode(500) .assertThat(),6,".post(baseUrlOfSut + ""/rating/storefront/ratings"")",".body("" { } "")",".header(""Authorization"", ""Bearer eyJhbGciOiJSUzI1NiIsInR5cCIgOiAiSldUIiwia2lkIiA6ICJSclRUNWtBOHhIS3N0YWFSMmh1YTRpT0RpcFE4ek9pcjFrNGZOM3RxNFNVIn0.eyJleHAiOjE3Nzc4NjMwMDMsImlhdCI6MTc3Nzg1OTQwMywianRpIjoiMGRjZTA1MjktM2ZjMC00NDhmLWIyNzItZjg2ZDA4Y2MwNjgwIiwiaXNzIjoiaHR0cDovL2lkZW50aXR5L3JlYWxtcy9ZYXMiLCJzdWIiOiIwMTEzZmQyNy1hMDllLTQ3MjItYjFlNS01MDA3ZjU4ZjUyODgiLCJ0eXAiOiJCZWFyZXIiLCJhenAiOiJiYWNrb2ZmaWNlLWJmZiIsInNpZCI6IjNiOTQxZmRmLTQ4NjktNGI0YS04MTY0LTA3ZTRmNTFlZDU2ZSIsInJlYWxtX2FjY2VzcyI6eyJyb2xlcyI6WyJVU0VSIl19LCJzY29wZSI6ImVtYWlsIHByb2ZpbGUiLCJlbWFpbF92ZXJpZmllZCI6ZmFsc2UsInByZWZlcnJlZF91c2VybmFtZSI6InVzZXJfcm9sZSJ9.SOiX39y4EOsLlN7aMZRyeEwZJN9pGE5t2LBkhoYj_o-VUahs4tHIhhizeFkSJ6mp6cgwocijpYXG7HsdHSa54p07sXrenxNUa7mSFh062yU8sREM902TicLswETJFGhESN7P6vOEzxuJ2xXxOd_WAVS6QlSflVi5vEgIf5DWcS1tR-rFLeZd7D32LSaUdw8QDRc4hvdodgj-pVXkliDjaHf8cff7lHWHJK4udcRZc6agmPoQYfD0WfgjrSAZSxGNWlDDWE-kTFha8f0DuHtM0XqOw9t4H3onh5x6u-1iTZ-8XVBoDv_v6rsVIcGZlQQYpjlIf2BRCE-VaM39tAT04A"")",faults,/home/azureuser/yas/evomaster-config/generated-tests/blackbox/rating/user/EvoMaster_rating_user_faults.java,23,6,True,0,,0,0,,100.0,0,0,0,0,0,0,False,,/home/azureuser/yas/evomaster-config/runtime-logs/classes/rating/user/EvoMaster_rating_user_faults,/home/azureuser/yas/evomaster-config/runtime-logs/classes/rating/user/EvoMaster_rating_user_faults/compile.log,/home/azureuser/yas/evomaster-config/runtime-logs/classes/rating/user/EvoMaster_rating_user_faults/compile_stdout.log,/home/azureuser/yas/evomaster-config/runtime-logs/classes/rating/user/EvoMaster_rating_user_faults/compile_stderr.log,True,True,0,,0,False,14.55,11.16,153.8,,/home/azureuser/yas/evomaster-config/runtime-logs/methods/rating/user/EvoMaster_rating_user_faults/test_0_postOnRatingsShowsFaults_100_101,/home/azureuser/yas/evomaster-config/runtime-logs/methods/rating/user/EvoMaster_rating_user_faults/test_0_postOnRatingsShowsFaults_100_101/run.log,/home/azureuser/yas/evomaster-config/runtime-logs/methods/rating/user/EvoMaster_rating_user_faults/test_0_postOnRatingsShowsFaults_100_101/run_stdout.log,/home/azureuser/yas/evomaster-config/runtime-logs/methods/rating/user/EvoMaster_rating_user_faults/test_0_postOnRatingsShowsFaults_100_101/run_stderr.log
rating,user,EvoMaster_rating_user_faults.java,EvoMaster_rating_user_faults,test_7_postOnRatingsReturnsMismatchResponseWithSchema,False,1,403,/rating/storefront/ratings,POST,403,.statusCode(403) .assertThat(),5,".post(baseUrlOfSut + ""/rating/storefront/ratings"")",".body("" { "" + 
                    "" \""content\"" : \""QHgtE\"", "" + 
                    "" \""star\"" : 966, "" + 
                    "" \""productId\"" : 356 "" + 
                    "" } "")",,faults,/home/azureuser/yas/evomaster-config/generated-tests/blackbox/rating/user/EvoMaster_rating_user_faults.java,23,6,True,0,,0,0,,100.0,0,0,0,0,0,0,False,,/home/azureuser/yas/evomaster-config/runtime-logs/classes/rating/user/EvoMaster_rating_user_faults,/home/azureuser/yas/evomaster-config/runtime-logs/classes/rating/user/EvoMaster_rating_user_faults/compile.log,/home/azureuser/yas/evomaster-config/runtime-logs/classes/rating/user/EvoMaster_rating_user_faults/compile_stdout.log,/home/azureuser/yas/evomaster-config/runtime-logs/classes/rating/user/EvoMaster_rating_user_faults/compile_stderr.log,True,True,0,,0,False,14.04,11.24,169.97,,/home/azureuser/yas/evomaster-config/runtime-logs/methods/rating/user/EvoMaster_rating_user_faults/test_7_postOnRatingsReturnsMismatchResponseWithSchema,/home/azureuser/yas/evomaster-config/runtime-logs/methods/rating/user/EvoMaster_rating_user_faults/test_7_postOnRatingsReturnsMismatchResponseWithSchema/run.log,/home/azureuser/yas/evomaster-config/runtime-logs/methods/rating/user/EvoMaster_rating_user_faults/test_7_postOnRatingsReturnsMismatchResponseWithSchema/run_stdout.log,/home/azureuser/yas/evomaster-config/runtime-logs/methods/rating/user/EvoMaster_rating_user_faults/test_7_postOnRatingsReturnsMismatchResponseWithSchema/run_stderr.log
rating,user,EvoMaster_rating_user_faults.java,EvoMaster_rating_user_faults,test_8_postOnRatingsReturnsMismatchResponseWithSchema,False,1,403,/rating/storefront/ratings,POST,403,.statusCode(403) .assertThat(),6,".post(baseUrlOfSut + ""/rating/storefront/ratings"")",".body("" { "" + 
                    "" \""content\"" : \""\"", "" + 
                    "" \""star\"" : 145291426, "" + 
                    "" \""productId\"" : 950 "" + 
                    "" } "")",".header(""Authorization"", ""Bearer eyJhbGciOiJSUzI1NiIsInR5cCIgOiAiSldUIiwia2lkIiA6ICJSclRUNWtBOHhIS3N0YWFSMmh1YTRpT0RpcFE4ek9pcjFrNGZOM3RxNFNVIn0.eyJleHAiOjE3Nzc4NjMwMDMsImlhdCI6MTc3Nzg1OTQwMywianRpIjoiMGRjZTA1MjktM2ZjMC00NDhmLWIyNzItZjg2ZDA4Y2MwNjgwIiwiaXNzIjoiaHR0cDovL2lkZW50aXR5L3JlYWxtcy9ZYXMiLCJzdWIiOiIwMTEzZmQyNy1hMDllLTQ3MjItYjFlNS01MDA3ZjU4ZjUyODgiLCJ0eXAiOiJCZWFyZXIiLCJhenAiOiJiYWNrb2ZmaWNlLWJmZiIsInNpZCI6IjNiOTQxZmRmLTQ4NjktNGI0YS04MTY0LTA3ZTRmNTFlZDU2ZSIsInJlYWxtX2FjY2VzcyI6eyJyb2xlcyI6WyJVU0VSIl19LCJzY29wZSI6ImVtYWlsIHByb2ZpbGUiLCJlbWFpbF92ZXJpZmllZCI6ZmFsc2UsInByZWZlcnJlZF91c2VybmFtZSI6InVzZXJfcm9sZSJ9.SOiX39y4EOsLlN7aMZRyeEwZJN9pGE5t2LBkhoYj_o-VUahs4tHIhhizeFkSJ6mp6cgwocijpYXG7HsdHSa54p07sXrenxNUa7mSFh062yU8sREM902TicLswETJFGhESN7P6vOEzxuJ2xXxOd_WAVS6QlSflVi5vEgIf5DWcS1tR-rFLeZd7D32LSaUdw8QDRc4hvdodgj-pVXkliDjaHf8cff7lHWHJK4udcRZc6agmPoQYfD0WfgjrSAZSxGNWlDDWE-kTFha8f0DuHtM0XqOw9t4H3onh5x6u-1iTZ-8XVBoDv_v6rsVIcGZlQQYpjlIf2BRCE-VaM39tAT04A"")",faults,/home/azureuser/yas/evomaster-config/generated-tests/blackbox/rating/user/EvoMaster_rating_user_faults.java,23,6,True,0,,0,0,,100.0,0,0,0,0,0,0,False,,/home/azureuser/yas/evomaster-config/runtime-logs/classes/rating/user/EvoMaster_rating_user_faults,/home/azureuser/yas/evomaster-config/runtime-logs/classes/rating/user/EvoMaster_rating_user_faults/compile.log,/home/azureuser/yas/evomaster-config/runtime-logs/classes/rating/user/EvoMaster_rating_user_faults/compile_stdout.log,/home/azureuser/yas/evomaster-config/runtime-logs/classes/rating/user/EvoMaster_rating_user_faults/compile_stderr.log,True,True,0,,0,False,15.07,11.22,162.62,,/home/azureuser/yas/evomaster-config/runtime-logs/methods/rating/user/EvoMaster_rating_user_faults/test_8_postOnRatingsReturnsMismatchResponseWithSchema,/home/azureuser/yas/evomaster-config/runtime-logs/methods/rating/user/EvoMaster_rating_user_faults/test_8_postOnRatingsReturnsMismatchResponseWithSchema/run.log,/home/azureuser/yas/evomaster-config/runtime-logs/methods/rating/user/EvoMaster_rating_user_faults/test_8_postOnRatingsReturnsMismatchResponseWithSchema/run_stdout.log,/home/azureuser/yas/evomaster-config/runtime-logs/methods/rating/user/EvoMaster_rating_user_faults/test_8_postOnRatingsReturnsMismatchResponseWithSchema/run_stderr.log
rating,user,EvoMaster_rating_user_faults.java,EvoMaster_rating_user_faults,test_9_deleteOnRateReturnsMismatchResponseWithSchema,False,1,403,/rating/backoffice/ratings/{id},DELETE,403,.statusCode(403) .assertThat(),2,".delete(baseUrlOfSut + ""/rating/backoffice/ratings/482"")",,".header(""Authorization"", ""Bearer eyJhbGciOiJSUzI1NiIsInR5cCIgOiAiSldUIiwia2lkIiA6ICJSclRUNWtBOHhIS3N0YWFSMmh1YTRpT0RpcFE4ek9pcjFrNGZOM3RxNFNVIn0.eyJleHAiOjE3Nzc4NjMwMDMsImlhdCI6MTc3Nzg1OTQwMywianRpIjoiMGRjZTA1MjktM2ZjMC00NDhmLWIyNzItZjg2ZDA4Y2MwNjgwIiwiaXNzIjoiaHR0cDovL2lkZW50aXR5L3JlYWxtcy9ZYXMiLCJzdWIiOiIwMTEzZmQyNy1hMDllLTQ3MjItYjFlNS01MDA3ZjU4ZjUyODgiLCJ0eXAiOiJCZWFyZXIiLCJhenAiOiJiYWNrb2ZmaWNlLWJmZiIsInNpZCI6IjNiOTQxZmRmLTQ4NjktNGI0YS04MTY0LTA3ZTRmNTFlZDU2ZSIsInJlYWxtX2FjY2VzcyI6eyJyb2xlcyI6WyJVU0VSIl19LCJzY29wZSI6ImVtYWlsIHByb2ZpbGUiLCJlbWFpbF92ZXJpZmllZCI6ZmFsc2UsInByZWZlcnJlZF91c2VybmFtZSI6InVzZXJfcm9sZSJ9.SOiX39y4EOsLlN7aMZRyeEwZJN9pGE5t2LBkhoYj_o-VUahs4tHIhhizeFkSJ6mp6cgwocijpYXG7HsdHSa54p07sXrenxNUa7mSFh062yU8sREM902TicLswETJFGhESN7P6vOEzxuJ2xXxOd_WAVS6QlSflVi5vEgIf5DWcS1tR-rFLeZd7D32LSaUdw8QDRc4hvdodgj-pVXkliDjaHf8cff7lHWHJK4udcRZc6agmPoQYfD0WfgjrSAZSxGNWlDDWE-kTFha8f0DuHtM0XqOw9t4H3onh5x6u-1iTZ-8XVBoDv_v6rsVIcGZlQQYpjlIf2BRCE-VaM39tAT04A"")",faults,/home/azureuser/yas/evomaster-config/generated-tests/blackbox/rating/user/EvoMaster_rating_user_faults.java,23,6,True,0,,0,0,,100.0,0,0,0,0,0,0,False,,/home/azureuser/yas/evomaster-config/runtime-logs/classes/rating/user/EvoMaster_rating_user_faults,/home/azureuser/yas/evomaster-config/runtime-logs/classes/rating/user/EvoMaster_rating_user_faults/compile.log,/home/azureuser/yas/evomaster-config/runtime-logs/classes/rating/user/EvoMaster_rating_user_faults/compile_stdout.log,/home/azureuser/yas/evomaster-config/runtime-logs/classes/rating/user/EvoMaster_rating_user_faults/compile_stderr.log,True,True,0,,0,False,12.54,11.13,160.74,,/home/azureuser/yas/evomaster-config/runtime-logs/methods/rating/user/EvoMaster_rating_user_faults/test_9_deleteOnRateReturnsMismatchResponseWithSchema,/home/azureuser/yas/evomaster-config/runtime-logs/methods/rating/user/EvoMaster_rating_user_faults/test_9_deleteOnRateReturnsMismatchResponseWithSchema/run.log,/home/azureuser/yas/evomaster-config/runtime-logs/methods/rating/user/EvoMaster_rating_user_faults/test_9_deleteOnRateReturnsMismatchResponseWithSchema/run_stdout.log,/home/azureuser/yas/evomaster-config/runtime-logs/methods/rating/user/EvoMaster_rating_user_faults/test_9_deleteOnRateReturnsMismatchResponseWithSchema/run_stderr.log
rating,user,EvoMaster_rating_user_faults.java,EvoMaster_rating_user_faults,test_10_deleteOnRateReturnsMismatchResponseWithSchema,False,1,403,/rating/backoffice/ratings/{id},DELETE,403,.statusCode(403) .assertThat(),5,".delete(baseUrlOfSut + ""/rating/backoffice/ratings/184"")",,,faults,/home/azureuser/yas/evomaster-config/generated-tests/blackbox/rating/user/EvoMaster_rating_user_faults.java,23,6,True,0,,0,0,,100.0,0,0,0,0,0,0,False,,/home/azureuser/yas/evomaster-config/runtime-logs/classes/rating/user/EvoMaster_rating_user_faults,/home/azureuser/yas/evomaster-config/runtime-logs/classes/rating/user/EvoMaster_rating_user_faults/compile.log,/home/azureuser/yas/evomaster-config/runtime-logs/classes/rating/user/EvoMaster_rating_user_faults/compile_stdout.log,/home/azureuser/yas/evomaster-config/runtime-logs/classes/rating/user/EvoMaster_rating_user_faults/compile_stderr.log,True,True,0,,0,False,14.55,12.27,166.5,,/home/azureuser/yas/evomaster-config/runtime-logs/methods/rating/user/EvoMaster_rating_user_faults/test_10_deleteOnRateReturnsMismatchResponseWithSchema,/home/azureuser/yas/evomaster-config/runtime-logs/methods/rating/user/EvoMaster_rating_user_faults/test_10_deleteOnRateReturnsMismatchResponseWithSchema/run.log,/home/azureuser/yas/evomaster-config/runtime-logs/methods/rating/user/EvoMaster_rating_user_faults/test_10_deleteOnRateReturnsMismatchResponseWithSchema/run_stdout.log,/home/azureuser/yas/evomaster-config/runtime-logs/methods/rating/user/EvoMaster_rating_user_faults/test_10_deleteOnRateReturnsMismatchResponseWithSchema/run_stderr.log
rating,user,EvoMaster_rating_user_faults.java,EvoMaster_rating_user_faults,test_11_deleteOnRateReturnsMismatchResponseWithSchema,False,1,403,/rating/backoffice/ratings/{id},DELETE,403,.statusCode(403) .assertThat(),2,".delete(baseUrlOfSut + ""/rating/backoffice/ratings/-7603915733091321865"")",,".header(""Authorization"", ""Bearer eyJhbGciOiJSUzI1NiIsInR5cCIgOiAiSldUIiwia2lkIiA6ICJSclRUNWtBOHhIS3N0YWFSMmh1YTRpT0RpcFE4ek9pcjFrNGZOM3RxNFNVIn0.eyJleHAiOjE3Nzc4NjMwMDMsImlhdCI6MTc3Nzg1OTQwMywianRpIjoiMGRjZTA1MjktM2ZjMC00NDhmLWIyNzItZjg2ZDA4Y2MwNjgwIiwiaXNzIjoiaHR0cDovL2lkZW50aXR5L3JlYWxtcy9ZYXMiLCJzdWIiOiIwMTEzZmQyNy1hMDllLTQ3MjItYjFlNS01MDA3ZjU4ZjUyODgiLCJ0eXAiOiJCZWFyZXIiLCJhenAiOiJiYWNrb2ZmaWNlLWJmZiIsInNpZCI6IjNiOTQxZmRmLTQ4NjktNGI0YS04MTY0LTA3ZTRmNTFlZDU2ZSIsInJlYWxtX2FjY2VzcyI6eyJyb2xlcyI6WyJVU0VSIl19LCJzY29wZSI6ImVtYWlsIHByb2ZpbGUiLCJlbWFpbF92ZXJpZmllZCI6ZmFsc2UsInByZWZlcnJlZF91c2VybmFtZSI6InVzZXJfcm9sZSJ9.SOiX39y4EOsLlN7aMZRyeEwZJN9pGE5t2LBkhoYj_o-VUahs4tHIhhizeFkSJ6mp6cgwocijpYXG7HsdHSa54p07sXrenxNUa7mSFh062yU8sREM902TicLswETJFGhESN7P6vOEzxuJ2xXxOd_WAVS6QlSflVi5vEgIf5DWcS1tR-rFLeZd7D32LSaUdw8QDRc4hvdodgj-pVXkliDjaHf8cff7lHWHJK4udcRZc6agmPoQYfD0WfgjrSAZSxGNWlDDWE-kTFha8f0DuHtM0XqOw9t4H3onh5x6u-1iTZ-8XVBoDv_v6rsVIcGZlQQYpjlIf2BRCE-VaM39tAT04A"")",faults,/home/azureuser/yas/evomaster-config/generated-tests/blackbox/rating/user/EvoMaster_rating_user_faults.java,23,6,True,0,,0,0,,100.0,0,0,0,0,0,0,False,,/home/azureuser/yas/evomaster-config/runtime-logs/classes/rating/user/EvoMaster_rating_user_faults,/home/azureuser/yas/evomaster-config/runtime-logs/classes/rating/user/EvoMaster_rating_user_faults/compile.log,/home/azureuser/yas/evomaster-config/runtime-logs/classes/rating/user/EvoMaster_rating_user_faults/compile_stdout.log,/home/azureuser/yas/evomaster-config/runtime-logs/classes/rating/user/EvoMaster_rating_user_faults/compile_stderr.log,True,True,0,,0,False,12.04,10.78,159.79,,/home/azureuser/yas/evomaster-config/runtime-logs/methods/rating/user/EvoMaster_rating_user_faults/test_11_deleteOnRateReturnsMismatchResponseWithSchema,/home/azureuser/yas/evomaster-config/runtime-logs/methods/rating/user/EvoMaster_rating_user_faults/test_11_deleteOnRateReturnsMismatchResponseWithSchema/run.log,/home/azureuser/yas/evomaster-config/runtime-logs/methods/rating/user/EvoMaster_rating_user_faults/test_11_deleteOnRateReturnsMismatchResponseWithSchema/run_stdout.log,/home/azureuser/yas/evomaster-config/runtime-logs/methods/rating/user/EvoMaster_rating_user_faults/test_11_deleteOnRateReturnsMismatchResponseWithSchema/run_stderr.log
rating,user,EvoMaster_rating_user_faults.java,EvoMaster_rating_user_faults,test_12_getOnLatestReturnsMismatchResponseWithSchema,False,1,401,/rating/backoffice/ratings/latest/{count},GET,401,.statusCode(401) .assertThat(),2,".get(baseUrlOfSut + ""/rating/backoffice/ratings/latest/575"")",,,faults,/home/azureuser/yas/evomaster-config/generated-tests/blackbox/rating/user/EvoMaster_rating_user_faults.java,23,6,True,0,,0,0,,100.0,0,0,0,0,0,0,False,,/home/azureuser/yas/evomaster-config/runtime-logs/classes/rating/user/EvoMaster_rating_user_faults,/home/azureuser/yas/evomaster-config/runtime-logs/classes/rating/user/EvoMaster_rating_user_faults/compile.log,/home/azureuser/yas/evomaster-config/runtime-logs/classes/rating/user/EvoMaster_rating_user_faults/compile_stdout.log,/home/azureuser/yas/evomaster-config/runtime-logs/classes/rating/user/EvoMaster_rating_user_faults/compile_stderr.log,True,True,0,,0,False,13.05,11.44,159.26,,/home/azureuser/yas/evomaster-config/runtime-logs/methods/rating/user/EvoMaster_rating_user_faults/test_12_getOnLatestReturnsMismatchResponseWithSchema,/home/azureuser/yas/evomaster-config/runtime-logs/methods/rating/user/EvoMaster_rating_user_faults/test_12_getOnLatestReturnsMismatchResponseWithSchema/run.log,/home/azureuser/yas/evomaster-config/runtime-logs/methods/rating/user/EvoMaster_rating_user_faults/test_12_getOnLatestReturnsMismatchResponseWithSchema/run_stdout.log,/home/azureuser/yas/evomaster-config/runtime-logs/methods/rating/user/EvoMaster_rating_user_faults/test_12_getOnLatestReturnsMismatchResponseWithSchema/run_stderr.log
rating,user,EvoMaster_rating_user_faults.java,EvoMaster_rating_user_faults,test_13_getOnLatestReturnsMismatchResponseWithSchema,False,1,403,/rating/backoffice/ratings/latest/{count},GET,403,.statusCode(403) .assertThat(),2,".get(baseUrlOfSut + ""/rating/backoffice/ratings/latest/944"")",,".header(""Authorization"", ""Bearer eyJhbGciOiJSUzI1NiIsInR5cCIgOiAiSldUIiwia2lkIiA6ICJSclRUNWtBOHhIS3N0YWFSMmh1YTRpT0RpcFE4ek9pcjFrNGZOM3RxNFNVIn0.eyJleHAiOjE3Nzc4NjMwMDMsImlhdCI6MTc3Nzg1OTQwMywianRpIjoiMGRjZTA1MjktM2ZjMC00NDhmLWIyNzItZjg2ZDA4Y2MwNjgwIiwiaXNzIjoiaHR0cDovL2lkZW50aXR5L3JlYWxtcy9ZYXMiLCJzdWIiOiIwMTEzZmQyNy1hMDllLTQ3MjItYjFlNS01MDA3ZjU4ZjUyODgiLCJ0eXAiOiJCZWFyZXIiLCJhenAiOiJiYWNrb2ZmaWNlLWJmZiIsInNpZCI6IjNiOTQxZmRmLTQ4NjktNGI0YS04MTY0LTA3ZTRmNTFlZDU2ZSIsInJlYWxtX2FjY2VzcyI6eyJyb2xlcyI6WyJVU0VSIl19LCJzY29wZSI6ImVtYWlsIHByb2ZpbGUiLCJlbWFpbF92ZXJpZmllZCI6ZmFsc2UsInByZWZlcnJlZF91c2VybmFtZSI6InVzZXJfcm9sZSJ9.SOiX39y4EOsLlN7aMZRyeEwZJN9pGE5t2LBkhoYj_o-VUahs4tHIhhizeFkSJ6mp6cgwocijpYXG7HsdHSa54p07sXrenxNUa7mSFh062yU8sREM902TicLswETJFGhESN7P6vOEzxuJ2xXxOd_WAVS6QlSflVi5vEgIf5DWcS1tR-rFLeZd7D32LSaUdw8QDRc4hvdodgj-pVXkliDjaHf8cff7lHWHJK4udcRZc6agmPoQYfD0WfgjrSAZSxGNWlDDWE-kTFha8f0DuHtM0XqOw9t4H3onh5x6u-1iTZ-8XVBoDv_v6rsVIcGZlQQYpjlIf2BRCE-VaM39tAT04A"")",faults,/home/azureuser/yas/evomaster-config/generated-tests/blackbox/rating/user/EvoMaster_rating_user_faults.java,23,6,True,0,,0,0,,100.0,0,0,0,0,0,0,False,,/home/azureuser/yas/evomaster-config/runtime-logs/classes/rating/user/EvoMaster_rating_user_faults,/home/azureuser/yas/evomaster-config/runtime-logs/classes/rating/user/EvoMaster_rating_user_faults/compile.log,/home/azureuser/yas/evomaster-config/runtime-logs/classes/rating/user/EvoMaster_rating_user_faults/compile_stdout.log,/home/azureuser/yas/evomaster-config/runtime-logs/classes/rating/user/EvoMaster_rating_user_faults/compile_stderr.log,True,True,0,,0,False,12.54,11.15,161.02,,/home/azureuser/yas/evomaster-config/runtime-logs/methods/rating/user/EvoMaster_rating_user_faults/test_13_getOnLatestReturnsMismatchResponseWithSchema,/home/azureuser/yas/evomaster-config/runtime-logs/methods/rating/user/EvoMaster_rating_user_faults/test_13_getOnLatestReturnsMismatchResponseWithSchema/run.log,/home/azureuser/yas/evomaster-config/runtime-logs/methods/rating/user/EvoMaster_rating_user_faults/test_13_getOnLatestReturnsMismatchResponseWithSchema/run_stdout.log,/home/azureuser/yas/evomaster-config/runtime-logs/methods/rating/user/EvoMaster_rating_user_faults/test_13_getOnLatestReturnsMismatchResponseWithSchema/run_stderr.log
sampledata,admin_only,EvoMaster_sampledata_admin_only_faults.java,EvoMaster_sampledata_admin_only_faults,test_0_postOnSampledataReturnsMismatchResponseWithSchema,False,1,200,/sampledata/storefront/sampledata,POST,200,.statusCode(200) .assertThat(),3,".post(baseUrlOfSut + ""/sampledata/storefront/sampledata"")",".body("" { "" + 
                    "" \""message\"" : \""0f\"" "" + 
                    "" } "")",".header(""Authorization"", ""Bearer eyJhbGciOiJSUzI1NiIsInR5cCIgOiAiSldUIiwia2lkIiA6ICJSclRUNWtBOHhIS3N0YWFSMmh1YTRpT0RpcFE4ek9pcjFrNGZOM3RxNFNVIn0.eyJleHAiOjE3Nzc4NjI5OTgsImlhdCI6MTc3Nzg1OTM5OCwianRpIjoiMTIwZDQ2YTctY2IwMS00YTk2LWIxNGYtZjc2YzBlZjkxZTRiIiwiaXNzIjoiaHR0cDovL2lkZW50aXR5L3JlYWxtcy9ZYXMiLCJzdWIiOiJlY2RlODFiYy00MTgwLTQ2ZWMtOTBlZi02NmIxNDVkOWQyMmMiLCJ0eXAiOiJCZWFyZXIiLCJhenAiOiJiYWNrb2ZmaWNlLWJmZiIsInNpZCI6ImFjNGEwMDIyLWY2NTktNDMxZi04ZjEzLTI0YzRiOTM3MTczOSIsInJlYWxtX2FjY2VzcyI6eyJyb2xlcyI6WyJBRE1JTiJdfSwic2NvcGUiOiJlbWFpbCBwcm9maWxlIiwiZW1haWxfdmVyaWZpZWQiOmZhbHNlLCJwcmVmZXJyZWRfdXNlcm5hbWUiOiJhZG1pbl9vbmx5In0.hCGaFqeDiVPVkjZFVAehfJHGtZRHq-sRpTwupQPMSRsBLMYA54WpWbiz5QEJ6brNwqLl4qUotRDNKLd2oahcLZISTf1eOWGspBgmc8YGDAf7CEZVISmQHPJoqRngNswvt8N7oYFWT0E5WJx0RqWD2ysLl5dSEnQSFh3OxxQDh9S0FnzqB7y_SrmwwGjqWu1j3Ev40J7yxGqNGT2ICUDu_VyxLXRgBcfkv41byhtlpykn7Dk2Upc0LFPhXqSxPTIuzao4CSmHzbkn5oZEFianFhGDs9jukpjJ6Op1_3dueQYZ_7-kaZIAbNVcazw69O_E0Z-P02UM9dlvJZ2pc8I79A"")",faults,/home/azureuser/yas/evomaster-config/generated-tests/blackbox/sampledata/admin_only/EvoMaster_sampledata_admin_only_faults.java,23,6,True,0,,0,0,,100.0,0,0,0,0,0,0,False,,/home/azureuser/yas/evomaster-config/runtime-logs/classes/sampledata/admin_only/EvoMaster_sampledata_admin_only_faults,/home/azureuser/yas/evomaster-config/runtime-logs/classes/sampledata/admin_only/EvoMaster_sampledata_admin_only_faults/compile.log,/home/azureuser/yas/evomaster-config/runtime-logs/classes/sampledata/admin_only/EvoMaster_sampledata_admin_only_faults/compile_stdout.log,/home/azureuser/yas/evomaster-config/runtime-logs/classes/sampledata/admin_only/EvoMaster_sampledata_admin_only_faults/compile_stderr.log,True,True,0,,0,False,14.05,11.13,157.16,,/home/azureuser/yas/evomaster-config/runtime-logs/methods/sampledata/admin_only/EvoMaster_sampledata_admin_only_faults/test_0_postOnSampledataReturnsMismatchResponseWithSchema,/home/azureuser/yas/evomaster-config/runtime-logs/methods/sampledata/admin_only/EvoMaster_sampledata_admin_only_faults/test_0_postOnSampledataReturnsMismatchResponseWithSchema/run.log,/home/azureuser/yas/evomaster-config/runtime-logs/methods/sampledata/admin_only/EvoMaster_sampledata_admin_only_faults/test_0_postOnSampledataReturnsMismatchResponseWithSchema/run_stdout.log,/home/azureuser/yas/evomaster-config/runtime-logs/methods/sampledata/admin_only/EvoMaster_sampledata_admin_only_faults/test_0_postOnSampledataReturnsMismatchResponseWithSchema/run_stderr.log
sampledata,admin_only,EvoMaster_sampledata_admin_only_faults.java,EvoMaster_sampledata_admin_only_faults,test_1_postOnSampledataReturnsMismatchResponseWithSchema,False,1,200,/sampledata/storefront/sampledata,POST,200,.statusCode(200) .assertThat(),3,".post(baseUrlOfSut + ""/sampledata/storefront/sampledata"")",".body("" { } "")",,faults,/home/azureuser/yas/evomaster-config/generated-tests/blackbox/sampledata/admin_only/EvoMaster_sampledata_admin_only_faults.java,23,6,True,0,,0,0,,100.0,0,0,0,0,0,0,False,,/home/azureuser/yas/evomaster-config/runtime-logs/classes/sampledata/admin_only/EvoMaster_sampledata_admin_only_faults,/home/azureuser/yas/evomaster-config/runtime-logs/classes/sampledata/admin_only/EvoMaster_sampledata_admin_only_faults/compile.log,/home/azureuser/yas/evomaster-config/runtime-logs/classes/sampledata/admin_only/EvoMaster_sampledata_admin_only_faults/compile_stdout.log,/home/azureuser/yas/evomaster-config/runtime-logs/classes/sampledata/admin_only/EvoMaster_sampledata_admin_only_faults/compile_stderr.log,True,True,0,,0,False,14.04,10.83,161.18,,/home/azureuser/yas/evomaster-config/runtime-logs/methods/sampledata/admin_only/EvoMaster_sampledata_admin_only_faults/test_1_postOnSampledataReturnsMismatchResponseWithSchema,/home/azureuser/yas/evomaster-config/runtime-logs/methods/sampledata/admin_only/EvoMaster_sampledata_admin_only_faults/test_1_postOnSampledataReturnsMismatchResponseWithSchema/run.log,/home/azureuser/yas/evomaster-config/runtime-logs/methods/sampledata/admin_only/EvoMaster_sampledata_admin_only_faults/test_1_postOnSampledataReturnsMismatchResponseWithSchema/run_stdout.log,/home/azureuser/yas/evomaster-config/runtime-logs/methods/sampledata/admin_only/EvoMaster_sampledata_admin_only_faults/test_1_postOnSampledataReturnsMismatchResponseWithSchema/run_stderr.log
sampledata,customer,EvoMaster_sampledata_customer_faults.java,EvoMaster_sampledata_customer_faults,test_0_postOnSampledataReturnsMismatchResponseWithSchema,False,1,200,/sampledata/storefront/sampledata,POST,200,.statusCode(200) .assertThat(),3,".post(baseUrlOfSut + ""/sampledata/storefront/sampledata"")",".body("" { "" + 
                    "" \""message\"" : \""eai\"" "" + 
                    "" } "")",".header(""Authorization"", ""Bearer eyJhbGciOiJSUzI1NiIsInR5cCIgOiAiSldUIiwia2lkIiA6ICJSclRUNWtBOHhIS3N0YWFSMmh1YTRpT0RpcFE4ek9pcjFrNGZOM3RxNFNVIn0.eyJleHAiOjE3Nzc4NjMwMTYsImlhdCI6MTc3Nzg1OTQxNiwianRpIjoiOWVlYTBjYjktMTY2YS00MWVhLTllMDMtNTE5YTRhYTMxMjQ5IiwiaXNzIjoiaHR0cDovL2lkZW50aXR5L3JlYWxtcy9ZYXMiLCJzdWIiOiI0Yjg1MzdlZC1mZTg4LTQ3MGQtYmFkNS0wZjQ5Y2E2Zjg5NjAiLCJ0eXAiOiJCZWFyZXIiLCJhenAiOiJiYWNrb2ZmaWNlLWJmZiIsInNpZCI6IjMwODI2YjEwLTMyNzItNDg2MS1hNjMzLWY2NWViMThmZTI3MyIsInJlYWxtX2FjY2VzcyI6eyJyb2xlcyI6WyJkZWZhdWx0LXJvbGVzLXlhcyIsIm9mZmxpbmVfYWNjZXNzIiwiQ1VTVE9NRVIiLCJ1bWFfYXV0aG9yaXphdGlvbiJdfSwic2NvcGUiOiJlbWFpbCBwcm9maWxlIiwiZW1haWxfdmVyaWZpZWQiOmZhbHNlLCJwcmVmZXJyZWRfdXNlcm5hbWUiOiJ1c2VyIn0.EBGrKxfUZ7K4CD_oZ-0N65GkfDmtRPPgskIxmBwwwLh4fW4ytzsdfQbXAIYBFNObkiX9pyUE36bZlUYvQm0YUtjOi_FC6iq1EpzOkZg6pMyKhPsao7E1AC_E_hOYLyVMhTo_y67Hex3WtXBGzjPnGWt-ABtS12pGSsqEtcQqTu2p4f7NgFb82og4uDhuNIvnawd3xiJaU048zBocT6q0fxYmSCZTCMJGHREw2KdliDuWqvaJ4qhX_LFbPhB8FYdZX0XBp13WSgTaPK1c31nBm7cQwE-UXpNfQAM1r4yrE7GT3gFkqtctdIWcgE942Z0BI_z5aKwvnFQl3nuKoY2y4w"")",faults,/home/azureuser/yas/evomaster-config/generated-tests/blackbox/sampledata/customer/EvoMaster_sampledata_customer_faults.java,23,6,True,0,,0,0,,100.0,0,0,0,0,0,0,False,,/home/azureuser/yas/evomaster-config/runtime-logs/classes/sampledata/customer/EvoMaster_sampledata_customer_faults,/home/azureuser/yas/evomaster-config/runtime-logs/classes/sampledata/customer/EvoMaster_sampledata_customer_faults/compile.log,/home/azureuser/yas/evomaster-config/runtime-logs/classes/sampledata/customer/EvoMaster_sampledata_customer_faults/compile_stdout.log,/home/azureuser/yas/evomaster-config/runtime-logs/classes/sampledata/customer/EvoMaster_sampledata_customer_faults/compile_stderr.log,True,True,0,,0,False,14.55,11.58,160.25,,/home/azureuser/yas/evomaster-config/runtime-logs/methods/sampledata/customer/EvoMaster_sampledata_customer_faults/test_0_postOnSampledataReturnsMismatchResponseWithSchema,/home/azureuser/yas/evomaster-config/runtime-logs/methods/sampledata/customer/EvoMaster_sampledata_customer_faults/test_0_postOnSampledataReturnsMismatchResponseWithSchema/run.log,/home/azureuser/yas/evomaster-config/runtime-logs/methods/sampledata/customer/EvoMaster_sampledata_customer_faults/test_0_postOnSampledataReturnsMismatchResponseWithSchema/run_stdout.log,/home/azureuser/yas/evomaster-config/runtime-logs/methods/sampledata/customer/EvoMaster_sampledata_customer_faults/test_0_postOnSampledataReturnsMismatchResponseWithSchema/run_stderr.log
sampledata,customer,EvoMaster_sampledata_customer_faults.java,EvoMaster_sampledata_customer_faults,test_1_postOnSampledataReturnsMismatchResponseWithSchema,False,1,200,/sampledata/storefront/sampledata,POST,200,.statusCode(200) .assertThat(),3,".post(baseUrlOfSut + ""/sampledata/storefront/sampledata"")",".body("" { } "")",,faults,/home/azureuser/yas/evomaster-config/generated-tests/blackbox/sampledata/customer/EvoMaster_sampledata_customer_faults.java,23,6,True,0,,0,0,,100.0,0,0,0,0,0,0,False,,/home/azureuser/yas/evomaster-config/runtime-logs/classes/sampledata/customer/EvoMaster_sampledata_customer_faults,/home/azureuser/yas/evomaster-config/runtime-logs/classes/sampledata/customer/EvoMaster_sampledata_customer_faults/compile.log,/home/azureuser/yas/evomaster-config/runtime-logs/classes/sampledata/customer/EvoMaster_sampledata_customer_faults/compile_stdout.log,/home/azureuser/yas/evomaster-config/runtime-logs/classes/sampledata/customer/EvoMaster_sampledata_customer_faults/compile_stderr.log,True,True,0,,0,False,14.05,11.14,161.57,,/home/azureuser/yas/evomaster-config/runtime-logs/methods/sampledata/customer/EvoMaster_sampledata_customer_faults/test_1_postOnSampledataReturnsMismatchResponseWithSchema,/home/azureuser/yas/evomaster-config/runtime-logs/methods/sampledata/customer/EvoMaster_sampledata_customer_faults/test_1_postOnSampledataReturnsMismatchResponseWithSchema/run.log,/home/azureuser/yas/evomaster-config/runtime-logs/methods/sampledata/customer/EvoMaster_sampledata_customer_faults/test_1_postOnSampledataReturnsMismatchResponseWithSchema/run_stdout.log,/home/azureuser/yas/evomaster-config/runtime-logs/methods/sampledata/customer/EvoMaster_sampledata_customer_faults/test_1_postOnSampledataReturnsMismatchResponseWithSchema/run_stderr.log
sampledata,none,EvoMaster_sampledata_none_faults.java,EvoMaster_sampledata_none_faults,test_0_postOnSampledataReturnsMismatchResponseWithSchema,False,1,200,/sampledata/storefront/sampledata,POST,200,.statusCode(200) .assertThat(),3,".post(baseUrlOfSut + ""/sampledata/storefront/sampledata"")",".body("" { } "")",,faults,/home/azureuser/yas/evomaster-config/generated-tests/blackbox/sampledata/none/EvoMaster_sampledata_none_faults.java,23,6,True,0,,0,0,,100.0,0,0,0,0,0,0,False,,/home/azureuser/yas/evomaster-config/runtime-logs/classes/sampledata/none/EvoMaster_sampledata_none_faults,/home/azureuser/yas/evomaster-config/runtime-logs/classes/sampledata/none/EvoMaster_sampledata_none_faults/compile.log,/home/azureuser/yas/evomaster-config/runtime-logs/classes/sampledata/none/EvoMaster_sampledata_none_faults/compile_stdout.log,/home/azureuser/yas/evomaster-config/runtime-logs/classes/sampledata/none/EvoMaster_sampledata_none_faults/compile_stderr.log,True,True,0,,0,False,14.05,11.35,163.33,,/home/azureuser/yas/evomaster-config/runtime-logs/methods/sampledata/none/EvoMaster_sampledata_none_faults/test_0_postOnSampledataReturnsMismatchResponseWithSchema,/home/azureuser/yas/evomaster-config/runtime-logs/methods/sampledata/none/EvoMaster_sampledata_none_faults/test_0_postOnSampledataReturnsMismatchResponseWithSchema/run.log,/home/azureuser/yas/evomaster-config/runtime-logs/methods/sampledata/none/EvoMaster_sampledata_none_faults/test_0_postOnSampledataReturnsMismatchResponseWithSchema/run_stdout.log,/home/azureuser/yas/evomaster-config/runtime-logs/methods/sampledata/none/EvoMaster_sampledata_none_faults/test_0_postOnSampledataReturnsMismatchResponseWithSchema/run_stderr.log
sampledata,super_admin,EvoMaster_sampledata_super_admin_faults.java,EvoMaster_sampledata_super_admin_faults,test_0_postOnSampledataReturnsMismatchResponseWithSchema,False,1,200,/sampledata/storefront/sampledata,POST,200,.statusCode(200) .assertThat(),3,".post(baseUrlOfSut + ""/sampledata/storefront/sampledata"")",".body("" { "" + 
                    "" \""message\"" : \""3HjFL85V\"" "" + 
                    "" } "")",".header(""Authorization"", ""Bearer eyJhbGciOiJSUzI1NiIsInR5cCIgOiAiSldUIiwia2lkIiA6ICJSclRUNWtBOHhIS3N0YWFSMmh1YTRpT0RpcFE4ek9pcjFrNGZOM3RxNFNVIn0.eyJleHAiOjE3Nzc4NjMwMTEsImlhdCI6MTc3Nzg1OTQxMSwianRpIjoiYzBiOTZjYTUtZDY1OS00YTMxLTk3NzItYTc3NjM1Mzc4MGNhIiwiaXNzIjoiaHR0cDovL2lkZW50aXR5L3JlYWxtcy9ZYXMiLCJzdWIiOiI3MDQyZWE5ZS1hNzg0LTQxZjQtYTkzNi1kOGUxNTk5ODlmZjUiLCJ0eXAiOiJCZWFyZXIiLCJhenAiOiJiYWNrb2ZmaWNlLWJmZiIsInNpZCI6ImRhZjFjNGQ3LTBiZTYtNDA5MS04MjUyLWJkYWQ2NzQ0Y2M5YiIsInJlYWxtX2FjY2VzcyI6eyJyb2xlcyI6WyJTVVBFUi1BRE1JTiJdfSwic2NvcGUiOiJlbWFpbCBwcm9maWxlIiwiZW1haWxfdmVyaWZpZWQiOmZhbHNlLCJwcmVmZXJyZWRfdXNlcm5hbWUiOiJzdXBlcl9hZG1pbiJ9.rMxYROzqL1o6IvpgJi0h0vxNL1c1w0hHw6MhWqT98gyg2_TYGMaRwGs0-uuWGtwa7hRIE8_t2-1VJuWHcmW4bPNUro8GZANYq9Q-N6KwEXDillcEXzbvGapJPY6hcYPSx9IINOinJP9vVFMA4pr1IatpnBm6mdxGfL71ZR8SF97ei6w9UnCEY2RjDYl6Co2e-u_JwlDX-fGc7Z97J0CkPW6iZ7AaZ8YTCMhQjq1_xSQvaTDIpRJ1rHDjo3amZsqiIQnPctXQMNRFYwO-aPL8cmgaDbCkHdk3BU0Z-DmC5pjx0XFisAIRJcZZ9W5DD4iANi_WubEPvPlJja80Y6vw-w"")",faults,/home/azureuser/yas/evomaster-config/generated-tests/blackbox/sampledata/super_admin/EvoMaster_sampledata_super_admin_faults.java,23,6,True,0,,0,0,,100.0,0,0,0,0,0,0,False,,/home/azureuser/yas/evomaster-config/runtime-logs/classes/sampledata/super_admin/EvoMaster_sampledata_super_admin_faults,/home/azureuser/yas/evomaster-config/runtime-logs/classes/sampledata/super_admin/EvoMaster_sampledata_super_admin_faults/compile.log,/home/azureuser/yas/evomaster-config/runtime-logs/classes/sampledata/super_admin/EvoMaster_sampledata_super_admin_faults/compile_stdout.log,/home/azureuser/yas/evomaster-config/runtime-logs/classes/sampledata/super_admin/EvoMaster_sampledata_super_admin_faults/compile_stderr.log,True,True,0,,0,False,14.56,11.61,156.0,,/home/azureuser/yas/evomaster-config/runtime-logs/methods/sampledata/super_admin/EvoMaster_sampledata_super_admin_faults/test_0_postOnSampledataReturnsMismatchResponseWithSchema,/home/azureuser/yas/evomaster-config/runtime-logs/methods/sampledata/super_admin/EvoMaster_sampledata_super_admin_faults/test_0_postOnSampledataReturnsMismatchResponseWithSchema/run.log,/home/azureuser/yas/evomaster-config/runtime-logs/methods/sampledata/super_admin/EvoMaster_sampledata_super_admin_faults/test_0_postOnSampledataReturnsMismatchResponseWithSchema/run_stdout.log,/home/azureuser/yas/evomaster-config/runtime-logs/methods/sampledata/super_admin/EvoMaster_sampledata_super_admin_faults/test_0_postOnSampledataReturnsMismatchResponseWithSchema/run_stderr.log
sampledata,super_admin,EvoMaster_sampledata_super_admin_faults.java,EvoMaster_sampledata_super_admin_faults,test_1_postOnSampledataReturnsMismatchResponseWithSchema,False,1,200,/sampledata/storefront/sampledata,POST,200,.statusCode(200) .assertThat(),3,".post(baseUrlOfSut + ""/sampledata/storefront/sampledata"")",".body("" { "" + 
                    "" \""message\"" : \""pAnq\"" "" + 
                    "" } "")",,faults,/home/azureuser/yas/evomaster-config/generated-tests/blackbox/sampledata/super_admin/EvoMaster_sampledata_super_admin_faults.java,23,6,True,0,,0,0,,100.0,0,0,0,0,0,0,False,,/home/azureuser/yas/evomaster-config/runtime-logs/classes/sampledata/super_admin/EvoMaster_sampledata_super_admin_faults,/home/azureuser/yas/evomaster-config/runtime-logs/classes/sampledata/super_admin/EvoMaster_sampledata_super_admin_faults/compile.log,/home/azureuser/yas/evomaster-config/runtime-logs/classes/sampledata/super_admin/EvoMaster_sampledata_super_admin_faults/compile_stdout.log,/home/azureuser/yas/evomaster-config/runtime-logs/classes/sampledata/super_admin/EvoMaster_sampledata_super_admin_faults/compile_stderr.log,True,True,0,,0,False,14.57,11.32,162.03,,/home/azureuser/yas/evomaster-config/runtime-logs/methods/sampledata/super_admin/EvoMaster_sampledata_super_admin_faults/test_1_postOnSampledataReturnsMismatchResponseWithSchema,/home/azureuser/yas/evomaster-config/runtime-logs/methods/sampledata/super_admin/EvoMaster_sampledata_super_admin_faults/test_1_postOnSampledataReturnsMismatchResponseWithSchema/run.log,/home/azureuser/yas/evomaster-config/runtime-logs/methods/sampledata/super_admin/EvoMaster_sampledata_super_admin_faults/test_1_postOnSampledataReturnsMismatchResponseWithSchema/run_stdout.log,/home/azureuser/yas/evomaster-config/runtime-logs/methods/sampledata/super_admin/EvoMaster_sampledata_super_admin_faults/test_1_postOnSampledataReturnsMismatchResponseWithSchema/run_stderr.log
sampledata,user,EvoMaster_sampledata_user_faults.java,EvoMaster_sampledata_user_faults,test_0_postOnSampledataReturnsMismatchResponseWithSchema,False,1,200,/sampledata/storefront/sampledata,POST,200,.statusCode(200) .assertThat(),3,".post(baseUrlOfSut + ""/sampledata/storefront/sampledata"")",".body("" { "" + 
                    "" \""message\"" : \""q0BZ_2Psp\"" "" + 
                    "" } "")",".header(""Authorization"", ""Bearer eyJhbGciOiJSUzI1NiIsInR5cCIgOiAiSldUIiwia2lkIiA6ICJSclRUNWtBOHhIS3N0YWFSMmh1YTRpT0RpcFE4ek9pcjFrNGZOM3RxNFNVIn0.eyJleHAiOjE3Nzc4NjMwMDMsImlhdCI6MTc3Nzg1OTQwMywianRpIjoiMGRjZTA1MjktM2ZjMC00NDhmLWIyNzItZjg2ZDA4Y2MwNjgwIiwiaXNzIjoiaHR0cDovL2lkZW50aXR5L3JlYWxtcy9ZYXMiLCJzdWIiOiIwMTEzZmQyNy1hMDllLTQ3MjItYjFlNS01MDA3ZjU4ZjUyODgiLCJ0eXAiOiJCZWFyZXIiLCJhenAiOiJiYWNrb2ZmaWNlLWJmZiIsInNpZCI6IjNiOTQxZmRmLTQ4NjktNGI0YS04MTY0LTA3ZTRmNTFlZDU2ZSIsInJlYWxtX2FjY2VzcyI6eyJyb2xlcyI6WyJVU0VSIl19LCJzY29wZSI6ImVtYWlsIHByb2ZpbGUiLCJlbWFpbF92ZXJpZmllZCI6ZmFsc2UsInByZWZlcnJlZF91c2VybmFtZSI6InVzZXJfcm9sZSJ9.SOiX39y4EOsLlN7aMZRyeEwZJN9pGE5t2LBkhoYj_o-VUahs4tHIhhizeFkSJ6mp6cgwocijpYXG7HsdHSa54p07sXrenxNUa7mSFh062yU8sREM902TicLswETJFGhESN7P6vOEzxuJ2xXxOd_WAVS6QlSflVi5vEgIf5DWcS1tR-rFLeZd7D32LSaUdw8QDRc4hvdodgj-pVXkliDjaHf8cff7lHWHJK4udcRZc6agmPoQYfD0WfgjrSAZSxGNWlDDWE-kTFha8f0DuHtM0XqOw9t4H3onh5x6u-1iTZ-8XVBoDv_v6rsVIcGZlQQYpjlIf2BRCE-VaM39tAT04A"")",faults,/home/azureuser/yas/evomaster-config/generated-tests/blackbox/sampledata/user/EvoMaster_sampledata_user_faults.java,23,6,True,0,,0,0,,100.0,0,0,0,0,0,0,False,,/home/azureuser/yas/evomaster-config/runtime-logs/classes/sampledata/user/EvoMaster_sampledata_user_faults,/home/azureuser/yas/evomaster-config/runtime-logs/classes/sampledata/user/EvoMaster_sampledata_user_faults/compile.log,/home/azureuser/yas/evomaster-config/runtime-logs/classes/sampledata/user/EvoMaster_sampledata_user_faults/compile_stdout.log,/home/azureuser/yas/evomaster-config/runtime-logs/classes/sampledata/user/EvoMaster_sampledata_user_faults/compile_stderr.log,True,True,0,,0,False,14.55,11.33,158.77,,/home/azureuser/yas/evomaster-config/runtime-logs/methods/sampledata/user/EvoMaster_sampledata_user_faults/test_0_postOnSampledataReturnsMismatchResponseWithSchema,/home/azureuser/yas/evomaster-config/runtime-logs/methods/sampledata/user/EvoMaster_sampledata_user_faults/test_0_postOnSampledataReturnsMismatchResponseWithSchema/run.log,/home/azureuser/yas/evomaster-config/runtime-logs/methods/sampledata/user/EvoMaster_sampledata_user_faults/test_0_postOnSampledataReturnsMismatchResponseWithSchema/run_stdout.log,/home/azureuser/yas/evomaster-config/runtime-logs/methods/sampledata/user/EvoMaster_sampledata_user_faults/test_0_postOnSampledataReturnsMismatchResponseWithSchema/run_stderr.log
sampledata,user,EvoMaster_sampledata_user_faults.java,EvoMaster_sampledata_user_faults,test_1_postOnSampledataReturnsMismatchResponseWithSchema,False,1,200,/sampledata/storefront/sampledata,POST,200,.statusCode(200) .assertThat(),3,".post(baseUrlOfSut + ""/sampledata/storefront/sampledata"")",".body("" { } "")",,faults,/home/azureuser/yas/evomaster-config/generated-tests/blackbox/sampledata/user/EvoMaster_sampledata_user_faults.java,23,6,True,0,,0,0,,100.0,0,0,0,0,0,0,False,,/home/azureuser/yas/evomaster-config/runtime-logs/classes/sampledata/user/EvoMaster_sampledata_user_faults,/home/azureuser/yas/evomaster-config/runtime-logs/classes/sampledata/user/EvoMaster_sampledata_user_faults/compile.log,/home/azureuser/yas/evomaster-config/runtime-logs/classes/sampledata/user/EvoMaster_sampledata_user_faults/compile_stdout.log,/home/azureuser/yas/evomaster-config/runtime-logs/classes/sampledata/user/EvoMaster_sampledata_user_faults/compile_stderr.log,True,True,0,,0,False,14.05,11.27,163.62,,/home/azureuser/yas/evomaster-config/runtime-logs/methods/sampledata/user/EvoMaster_sampledata_user_faults/test_1_postOnSampledataReturnsMismatchResponseWithSchema,/home/azureuser/yas/evomaster-config/runtime-logs/methods/sampledata/user/EvoMaster_sampledata_user_faults/test_1_postOnSampledataReturnsMismatchResponseWithSchema/run.log,/home/azureuser/yas/evomaster-config/runtime-logs/methods/sampledata/user/EvoMaster_sampledata_user_faults/test_1_postOnSampledataReturnsMismatchResponseWithSchema/run_stdout.log,/home/azureuser/yas/evomaster-config/runtime-logs/methods/sampledata/user/EvoMaster_sampledata_user_faults/test_1_postOnSampledataReturnsMismatchResponseWithSchema/run_stderr.log
