service,profile,file,class,test_method,is_complex_method,call_index,call_expected_status_code,endpoint,http,asserted_code,asserts_the_expected_HTTP_status_codes?,assert_count,missing_url_parameter_values,missing_request_body,credentials_header,file_type,file_path,imports_count,wildcard_imports,compiled,compile_error_count,compile_error_types,missing_imports,incorrect_imports,unused_imports,dependency_availability_pct,syntax_errors,type_errors,undefined_variables,type_annotation_errors,generic_type_misuses,compile_exit_code,compile_timeout,compile_error_summary,class_log_dir,compile_log_path,compile_stdout_log_path,compile_stderr_log_path,runs,run_detected,runtime_error_count,runtime_error_types,run_exit_code,run_timeout,execution_seconds,cpu_seconds,peak_working_set_mb,run_error_summary,method_log_dir,run_log_path,run_stdout_log_path,run_stderr_log_path
cart,admin_only,EvoMaster_cart_admin_only_faults.java,EvoMaster_cart_admin_only_faults,test_0_getOnItemsReturnsMismatchResponseWithSchema,False,1,403,/cart/storefront/cart/items,GET,403,.statusCode(403) .assertThat(),6,".get(baseUrlOfSut + ""/cart/storefront/cart/items"")",,,faults,/home/azureuser/yas/evomaster-config/generated-tests/blackbox/cart/admin_only/EvoMaster_cart_admin_only_faults.java,23,6,True,0,,0,0,,100.0,0,0,0,0,0,0,False,,/home/azureuser/yas/evomaster-config/runtime-logs/classes/cart/admin_only/EvoMaster_cart_admin_only_faults,/home/azureuser/yas/evomaster-config/runtime-logs/classes/cart/admin_only/EvoMaster_cart_admin_only_faults/compile.log,/home/azureuser/yas/evomaster-config/runtime-logs/classes/cart/admin_only/EvoMaster_cart_admin_only_faults/compile_stdout.log,/home/azureuser/yas/evomaster-config/runtime-logs/classes/cart/admin_only/EvoMaster_cart_admin_only_faults/compile_stderr.log,True,True,0,,0,False,14.55,12.25,172.27,,/home/azureuser/yas/evomaster-config/runtime-logs/methods/cart/admin_only/EvoMaster_cart_admin_only_faults/test_0_getOnItemsReturnsMismatchResponseWithSchema,/home/azureuser/yas/evomaster-config/runtime-logs/methods/cart/admin_only/EvoMaster_cart_admin_only_faults/test_0_getOnItemsReturnsMismatchResponseWithSchema/run.log,/home/azureuser/yas/evomaster-config/runtime-logs/methods/cart/admin_only/EvoMaster_cart_admin_only_faults/test_0_getOnItemsReturnsMismatchResponseWithSchema/run_stdout.log,/home/azureuser/yas/evomaster-config/runtime-logs/methods/cart/admin_only/EvoMaster_cart_admin_only_faults/test_0_getOnItemsReturnsMismatchResponseWithSchema/run_stderr.log
cart,admin_only,EvoMaster_cart_admin_only_successes.java,EvoMaster_cart_admin_only_successes,test_0_getOnItemsReturns3Elements,False,1,200,/cart/storefront/cart/items,GET,200,.statusCode(200) .assertThat(),12,".get(baseUrlOfSut + ""/cart/storefront/cart/items"")",,".header(""Authorization"", ""Bearer eyJhbGciOiJSUzI1NiIsInR5cCIgOiAiSldUIiwia2lkIiA6ICJSclRUNWtBOHhIS3N0YWFSMmh1YTRpT0RpcFE4ek9pcjFrNGZOM3RxNFNVIn0.eyJleHAiOjE3Nzc4NjU4MzMsImlhdCI6MTc3Nzg2MjIzMywianRpIjoiMDZjMTE0ZGMtNmMxZS00YmIxLTg0YTYtNTJhNjVkYzk2OGVkIiwiaXNzIjoiaHR0cDovL2lkZW50aXR5L3JlYWxtcy9ZYXMiLCJzdWIiOiJlY2RlODFiYy00MTgwLTQ2ZWMtOTBlZi02NmIxNDVkOWQyMmMiLCJ0eXAiOiJCZWFyZXIiLCJhenAiOiJiYWNrb2ZmaWNlLWJmZiIsInNpZCI6IjJjZWVmNTRmLWRkMTUtNDI3OS1iOTc3LTZjOWYzM2MyN2I5MyIsInJlYWxtX2FjY2VzcyI6eyJyb2xlcyI6WyJBRE1JTiJdfSwic2NvcGUiOiJlbWFpbCBwcm9maWxlIiwiZW1haWxfdmVyaWZpZWQiOmZhbHNlLCJwcmVmZXJyZWRfdXNlcm5hbWUiOiJhZG1pbl9vbmx5In0.iX2nNIj4JhUnHQZr_yCZy8nOXHQ5MwmUaYyvc2ArxUv7yzYc0eWvtX-lWesxw6BlIrZpLy_FRGXbrSBJcruSdcZ6f5IOBtRErD7eT6lEHbH5O5oAOdn5kXH51JhaYngQF_XBRydoPswQwPTMLRAW8BdWK6UpOPNazz8qZkFC_tLxEek78ENHlYsFRf4Bre_JU6zHc0x6LdkBf2mu3XePvnSyp8PAQwPhfsKq3zwXDs6JGP4XJEMrBPYa6C1ekIFE93nDI3dhfb-7vOwwYlwwRw83PwoY36hzNNaVrLV25ldTl493sX3QE9e_TkNKlYEdUw-uB0KNUulDvVG3uwkc2Q"")",successes,/home/azureuser/yas/evomaster-config/generated-tests/blackbox/cart/admin_only/EvoMaster_cart_admin_only_successes.java,23,6,True,0,,0,0,,100.0,0,0,0,0,0,0,False,,/home/azureuser/yas/evomaster-config/runtime-logs/classes/cart/admin_only/EvoMaster_cart_admin_only_successes,/home/azureuser/yas/evomaster-config/runtime-logs/classes/cart/admin_only/EvoMaster_cart_admin_only_successes/compile.log,/home/azureuser/yas/evomaster-config/runtime-logs/classes/cart/admin_only/EvoMaster_cart_admin_only_successes/compile_stdout.log,/home/azureuser/yas/evomaster-config/runtime-logs/classes/cart/admin_only/EvoMaster_cart_admin_only_successes/compile_stderr.log,False,True,1,java.lang.AssertionError;test_failure,1,False,14.54,11.77,163.5,"Tests run: 1, Failures: 1, Errors: 0, Skipped: 0",/home/azureuser/yas/evomaster-config/runtime-logs/methods/cart/admin_only/EvoMaster_cart_admin_only_successes/test_0_getOnItemsReturns3Elements,/home/azureuser/yas/evomaster-config/runtime-logs/methods/cart/admin_only/EvoMaster_cart_admin_only_successes/test_0_getOnItemsReturns3Elements/run.log,/home/azureuser/yas/evomaster-config/runtime-logs/methods/cart/admin_only/EvoMaster_cart_admin_only_successes/test_0_getOnItemsReturns3Elements/run_stdout.log,/home/azureuser/yas/evomaster-config/runtime-logs/methods/cart/admin_only/EvoMaster_cart_admin_only_successes/test_0_getOnItemsReturns3Elements/run_stderr.log
cart,customer,EvoMaster_cart_customer_faults.java,EvoMaster_cart_customer_faults,test_0_getOnItemsReturnsMismatchResponseWithSchema,False,1,403,/cart/storefront/cart/items,GET,403,.statusCode(403) .assertThat(),6,".get(baseUrlOfSut + ""/cart/storefront/cart/items"")",,,faults,/home/azureuser/yas/evomaster-config/generated-tests/blackbox/cart/customer/EvoMaster_cart_customer_faults.java,23,6,True,0,,0,0,,100.0,0,0,0,0,0,0,False,,/home/azureuser/yas/evomaster-config/runtime-logs/classes/cart/customer/EvoMaster_cart_customer_faults,/home/azureuser/yas/evomaster-config/runtime-logs/classes/cart/customer/EvoMaster_cart_customer_faults/compile.log,/home/azureuser/yas/evomaster-config/runtime-logs/classes/cart/customer/EvoMaster_cart_customer_faults/compile_stdout.log,/home/azureuser/yas/evomaster-config/runtime-logs/classes/cart/customer/EvoMaster_cart_customer_faults/compile_stderr.log,True,True,0,,0,False,13.54,10.97,158.93,,/home/azureuser/yas/evomaster-config/runtime-logs/methods/cart/customer/EvoMaster_cart_customer_faults/test_0_getOnItemsReturnsMismatchResponseWithSchema,/home/azureuser/yas/evomaster-config/runtime-logs/methods/cart/customer/EvoMaster_cart_customer_faults/test_0_getOnItemsReturnsMismatchResponseWithSchema/run.log,/home/azureuser/yas/evomaster-config/runtime-logs/methods/cart/customer/EvoMaster_cart_customer_faults/test_0_getOnItemsReturnsMismatchResponseWithSchema/run_stdout.log,/home/azureuser/yas/evomaster-config/runtime-logs/methods/cart/customer/EvoMaster_cart_customer_faults/test_0_getOnItemsReturnsMismatchResponseWithSchema/run_stderr.log
cart,customer,EvoMaster_cart_customer_successes.java,EvoMaster_cart_customer_successes,test_0_getOnItemsReturns2Elements,False,1,200,/cart/storefront/cart/items,GET,200,.statusCode(200) .assertThat(),9,".get(baseUrlOfSut + ""/cart/storefront/cart/items"")",,".header(""Authorization"", ""Bearer eyJhbGciOiJSUzI1NiIsInR5cCIgOiAiSldUIiwia2lkIiA6ICJSclRUNWtBOHhIS3N0YWFSMmh1YTRpT0RpcFE4ek9pcjFrNGZOM3RxNFNVIn0.eyJleHAiOjE3Nzc4NjU4MzgsImlhdCI6MTc3Nzg2MjIzOCwianRpIjoiN2ZhMGIyYmMtY2YxOS00MTllLWI1OTEtZjI1M2U5MTBkZjUwIiwiaXNzIjoiaHR0cDovL2lkZW50aXR5L3JlYWxtcy9ZYXMiLCJzdWIiOiI0Yjg1MzdlZC1mZTg4LTQ3MGQtYmFkNS0wZjQ5Y2E2Zjg5NjAiLCJ0eXAiOiJCZWFyZXIiLCJhenAiOiJiYWNrb2ZmaWNlLWJmZiIsInNpZCI6ImY1YTY3OGY2LTBjNWUtNGIzYy04NzFmLTlkMzNiYzEzY2ZiMiIsInJlYWxtX2FjY2VzcyI6eyJyb2xlcyI6WyJkZWZhdWx0LXJvbGVzLXlhcyIsIm9mZmxpbmVfYWNjZXNzIiwiQ1VTVE9NRVIiLCJ1bWFfYXV0aG9yaXphdGlvbiJdfSwic2NvcGUiOiJlbWFpbCBwcm9maWxlIiwiZW1haWxfdmVyaWZpZWQiOmZhbHNlLCJwcmVmZXJyZWRfdXNlcm5hbWUiOiJ1c2VyIn0.j8pUYKb6ribB9yGTDMPvEinqt1rAoKakbPOD2NZOyldMEEoa6UiAQpbLfy1nnorRH5IuuUHvKl2FUtsqkLlcERdLDSE49ezbxbOU0sFYYLrpM7gM9rJg4TPwoDaSTGE1fTEx_Jsu5S9vs9yeuSJ0KaRLcGjaCPr3vPSahD8dgUl9biajkWjMBnfGLwijR_CedKfQIZhLQNn38rwgN9IddHnzk68AvrbZ1DZHbAAm-ztzCfg9-qoTVNg0CZ39xqzP1677LOG6hLXI8Mb2LLG7Wagjd48aXJdaDuURlmWiZxCXy0sgnteI7Eaq4W1Z9JuoKb1Ponuve9ubCoSjCrd24Q"")",successes,/home/azureuser/yas/evomaster-config/generated-tests/blackbox/cart/customer/EvoMaster_cart_customer_successes.java,23,6,True,0,,0,0,,100.0,0,0,0,0,0,0,False,,/home/azureuser/yas/evomaster-config/runtime-logs/classes/cart/customer/EvoMaster_cart_customer_successes,/home/azureuser/yas/evomaster-config/runtime-logs/classes/cart/customer/EvoMaster_cart_customer_successes/compile.log,/home/azureuser/yas/evomaster-config/runtime-logs/classes/cart/customer/EvoMaster_cart_customer_successes/compile_stdout.log,/home/azureuser/yas/evomaster-config/runtime-logs/classes/cart/customer/EvoMaster_cart_customer_successes/compile_stderr.log,False,True,1,java.lang.AssertionError;test_failure,1,False,14.04,11.19,158.22,"Tests run: 1, Failures: 1, Errors: 0, Skipped: 0",/home/azureuser/yas/evomaster-config/runtime-logs/methods/cart/customer/EvoMaster_cart_customer_successes/test_0_getOnItemsReturns2Elements,/home/azureuser/yas/evomaster-config/runtime-logs/methods/cart/customer/EvoMaster_cart_customer_successes/test_0_getOnItemsReturns2Elements/run.log,/home/azureuser/yas/evomaster-config/runtime-logs/methods/cart/customer/EvoMaster_cart_customer_successes/test_0_getOnItemsReturns2Elements/run_stdout.log,/home/azureuser/yas/evomaster-config/runtime-logs/methods/cart/customer/EvoMaster_cart_customer_successes/test_0_getOnItemsReturns2Elements/run_stderr.log
cart,none,EvoMaster_cart_none_faults.java,EvoMaster_cart_none_faults,test_0_getOnItemsReturnsMismatchResponseWithSchema,False,1,403,/cart/storefront/cart/items,GET,403,.statusCode(403) .assertThat(),6,".get(baseUrlOfSut + ""/cart/storefront/cart/items"")",,,faults,/home/azureuser/yas/evomaster-config/generated-tests/blackbox/cart/none/EvoMaster_cart_none_faults.java,23,6,True,0,,0,0,,100.0,0,0,0,0,0,0,False,,/home/azureuser/yas/evomaster-config/runtime-logs/classes/cart/none/EvoMaster_cart_none_faults,/home/azureuser/yas/evomaster-config/runtime-logs/classes/cart/none/EvoMaster_cart_none_faults/compile.log,/home/azureuser/yas/evomaster-config/runtime-logs/classes/cart/none/EvoMaster_cart_none_faults/compile_stdout.log,/home/azureuser/yas/evomaster-config/runtime-logs/classes/cart/none/EvoMaster_cart_none_faults/compile_stderr.log,True,True,0,,0,False,14.05,11.32,154.81,,/home/azureuser/yas/evomaster-config/runtime-logs/methods/cart/none/EvoMaster_cart_none_faults/test_0_getOnItemsReturnsMismatchResponseWithSchema,/home/azureuser/yas/evomaster-config/runtime-logs/methods/cart/none/EvoMaster_cart_none_faults/test_0_getOnItemsReturnsMismatchResponseWithSchema/run.log,/home/azureuser/yas/evomaster-config/runtime-logs/methods/cart/none/EvoMaster_cart_none_faults/test_0_getOnItemsReturnsMismatchResponseWithSchema/run_stdout.log,/home/azureuser/yas/evomaster-config/runtime-logs/methods/cart/none/EvoMaster_cart_none_faults/test_0_getOnItemsReturnsMismatchResponseWithSchema/run_stderr.log
cart,super_admin,EvoMaster_cart_super_admin_faults.java,EvoMaster_cart_super_admin_faults,test_0_getOnItemsReturnsMismatchResponseWithSchema,False,1,403,/cart/storefront/cart/items,GET,403,.statusCode(403) .assertThat(),6,".get(baseUrlOfSut + ""/cart/storefront/cart/items"")",,,faults,/home/azureuser/yas/evomaster-config/generated-tests/blackbox/cart/super_admin/EvoMaster_cart_super_admin_faults.java,23,6,True,0,,0,0,,100.0,0,0,0,0,0,0,False,,/home/azureuser/yas/evomaster-config/runtime-logs/classes/cart/super_admin/EvoMaster_cart_super_admin_faults,/home/azureuser/yas/evomaster-config/runtime-logs/classes/cart/super_admin/EvoMaster_cart_super_admin_faults/compile.log,/home/azureuser/yas/evomaster-config/runtime-logs/classes/cart/super_admin/EvoMaster_cart_super_admin_faults/compile_stdout.log,/home/azureuser/yas/evomaster-config/runtime-logs/classes/cart/super_admin/EvoMaster_cart_super_admin_faults/compile_stderr.log,True,True,0,,0,False,14.05,11.65,169.17,,/home/azureuser/yas/evomaster-config/runtime-logs/methods/cart/super_admin/EvoMaster_cart_super_admin_faults/test_0_getOnItemsReturnsMismatchResponseWithSchema,/home/azureuser/yas/evomaster-config/runtime-logs/methods/cart/super_admin/EvoMaster_cart_super_admin_faults/test_0_getOnItemsReturnsMismatchResponseWithSchema/run.log,/home/azureuser/yas/evomaster-config/runtime-logs/methods/cart/super_admin/EvoMaster_cart_super_admin_faults/test_0_getOnItemsReturnsMismatchResponseWithSchema/run_stdout.log,/home/azureuser/yas/evomaster-config/runtime-logs/methods/cart/super_admin/EvoMaster_cart_super_admin_faults/test_0_getOnItemsReturnsMismatchResponseWithSchema/run_stderr.log
cart,super_admin,EvoMaster_cart_super_admin_successes.java,EvoMaster_cart_super_admin_successes,test_0_getOnItemsReturns2Elements,False,1,200,/cart/storefront/cart/items,GET,200,.statusCode(200) .assertThat(),9,".get(baseUrlOfSut + ""/cart/storefront/cart/items"")",,".header(""Authorization"", ""Bearer eyJhbGciOiJSUzI1NiIsInR5cCIgOiAiSldUIiwia2lkIiA6ICJSclRUNWtBOHhIS3N0YWFSMmh1YTRpT0RpcFE4ek9pcjFrNGZOM3RxNFNVIn0.eyJleHAiOjE3Nzc4NjU4MjYsImlhdCI6MTc3Nzg2MjIyNiwianRpIjoiNTQwMDljM2ItZDlhNy00M2NjLTliNGItMTJkY2IxMzI4Y2U1IiwiaXNzIjoiaHR0cDovL2lkZW50aXR5L3JlYWxtcy9ZYXMiLCJzdWIiOiI3MDQyZWE5ZS1hNzg0LTQxZjQtYTkzNi1kOGUxNTk5ODlmZjUiLCJ0eXAiOiJCZWFyZXIiLCJhenAiOiJiYWNrb2ZmaWNlLWJmZiIsInNpZCI6ImRlYzQ1OWI0LWVkYzAtNDNkZi05Y2Y5LWNlYmZkOGIxZmE0MiIsInJlYWxtX2FjY2VzcyI6eyJyb2xlcyI6WyJTVVBFUi1BRE1JTiJdfSwic2NvcGUiOiJlbWFpbCBwcm9maWxlIiwiZW1haWxfdmVyaWZpZWQiOmZhbHNlLCJwcmVmZXJyZWRfdXNlcm5hbWUiOiJzdXBlcl9hZG1pbiJ9.cMqBeXc7gpHgRDzGow5wlUOCetIvbTGQwCUNgnEhWUE0C7OYsspPC9uWV89xq3wK980fU8NgGU9dP6KniCVJTllPk5SzyE2M_BqI4KY65vcKsfGCRsnbo4rVLDsajue2DS29TsEsnIYfnVnXOXQCj5R8_Lq91o9vkeh-BtO3S08lB86VhSL1xYmG0GwaeV7LBGer-L8sLzslYKuM8rgCT9uNiczyn07I92nMxVAXE_BWmoTZDQbQXJZfjvgyeYE3S7c263qC1iLXSR4rBKAcAfmPKE029nzKSvKNq0eLKP6QUqB0bI0p7b0YUYtH2zyUTmwoqFqLnfLkEF_xImgEuw"")",successes,/home/azureuser/yas/evomaster-config/generated-tests/blackbox/cart/super_admin/EvoMaster_cart_super_admin_successes.java,23,6,True,0,,0,0,,100.0,0,0,0,0,0,0,False,,/home/azureuser/yas/evomaster-config/runtime-logs/classes/cart/super_admin/EvoMaster_cart_super_admin_successes,/home/azureuser/yas/evomaster-config/runtime-logs/classes/cart/super_admin/EvoMaster_cart_super_admin_successes/compile.log,/home/azureuser/yas/evomaster-config/runtime-logs/classes/cart/super_admin/EvoMaster_cart_super_admin_successes/compile_stdout.log,/home/azureuser/yas/evomaster-config/runtime-logs/classes/cart/super_admin/EvoMaster_cart_super_admin_successes/compile_stderr.log,False,True,1,java.lang.AssertionError;test_failure,1,False,14.05,11.34,158.84,"Tests run: 1, Failures: 1, Errors: 0, Skipped: 0",/home/azureuser/yas/evomaster-config/runtime-logs/methods/cart/super_admin/EvoMaster_cart_super_admin_successes/test_0_getOnItemsReturns2Elements,/home/azureuser/yas/evomaster-config/runtime-logs/methods/cart/super_admin/EvoMaster_cart_super_admin_successes/test_0_getOnItemsReturns2Elements/run.log,/home/azureuser/yas/evomaster-config/runtime-logs/methods/cart/super_admin/EvoMaster_cart_super_admin_successes/test_0_getOnItemsReturns2Elements/run_stdout.log,/home/azureuser/yas/evomaster-config/runtime-logs/methods/cart/super_admin/EvoMaster_cart_super_admin_successes/test_0_getOnItemsReturns2Elements/run_stderr.log
cart,user,EvoMaster_cart_user_faults.java,EvoMaster_cart_user_faults,test_1_getOnItemsReturnsMismatchResponseWithSchema,False,1,403,/cart/storefront/cart/items,GET,403,.statusCode(403) .assertThat(),6,".get(baseUrlOfSut + ""/cart/storefront/cart/items"")",,,faults,/home/azureuser/yas/evomaster-config/generated-tests/blackbox/cart/user/EvoMaster_cart_user_faults.java,23,6,True,0,,0,0,,100.0,0,0,0,0,0,0,False,,/home/azureuser/yas/evomaster-config/runtime-logs/classes/cart/user/EvoMaster_cart_user_faults,/home/azureuser/yas/evomaster-config/runtime-logs/classes/cart/user/EvoMaster_cart_user_faults/compile.log,/home/azureuser/yas/evomaster-config/runtime-logs/classes/cart/user/EvoMaster_cart_user_faults/compile_stdout.log,/home/azureuser/yas/evomaster-config/runtime-logs/classes/cart/user/EvoMaster_cart_user_faults/compile_stderr.log,True,True,0,,0,False,14.04,11.52,161.03,,/home/azureuser/yas/evomaster-config/runtime-logs/methods/cart/user/EvoMaster_cart_user_faults/test_1_getOnItemsReturnsMismatchResponseWithSchema,/home/azureuser/yas/evomaster-config/runtime-logs/methods/cart/user/EvoMaster_cart_user_faults/test_1_getOnItemsReturnsMismatchResponseWithSchema/run.log,/home/azureuser/yas/evomaster-config/runtime-logs/methods/cart/user/EvoMaster_cart_user_faults/test_1_getOnItemsReturnsMismatchResponseWithSchema/run_stdout.log,/home/azureuser/yas/evomaster-config/runtime-logs/methods/cart/user/EvoMaster_cart_user_faults/test_1_getOnItemsReturnsMismatchResponseWithSchema/run_stderr.log
cart,user,EvoMaster_cart_user_successes.java,EvoMaster_cart_user_successes,test_0_getOnItemsReturns2Elements,False,1,200,/cart/storefront/cart/items,GET,200,.statusCode(200) .assertThat(),9,".get(baseUrlOfSut + ""/cart/storefront/cart/items"")",,".header(""Authorization"", ""Bearer eyJhbGciOiJSUzI1NiIsInR5cCIgOiAiSldUIiwia2lkIiA6ICJSclRUNWtBOHhIS3N0YWFSMmh1YTRpT0RpcFE4ek9pcjFrNGZOM3RxNFNVIn0.eyJleHAiOjE3Nzc4NjU4NDMsImlhdCI6MTc3Nzg2MjI0MywianRpIjoiMjU4OGMwNjUtYjhkOS00NzU4LWFlYzUtMDIxYTQ4NzZmZjJmIiwiaXNzIjoiaHR0cDovL2lkZW50aXR5L3JlYWxtcy9ZYXMiLCJzdWIiOiIwMTEzZmQyNy1hMDllLTQ3MjItYjFlNS01MDA3ZjU4ZjUyODgiLCJ0eXAiOiJCZWFyZXIiLCJhenAiOiJiYWNrb2ZmaWNlLWJmZiIsInNpZCI6IjVlNTM5YTgwLTI4OWEtNGE4OS05OGZlLTdmYzhmODhlMDRiZSIsInJlYWxtX2FjY2VzcyI6eyJyb2xlcyI6WyJVU0VSIl19LCJzY29wZSI6ImVtYWlsIHByb2ZpbGUiLCJlbWFpbF92ZXJpZmllZCI6ZmFsc2UsInByZWZlcnJlZF91c2VybmFtZSI6InVzZXJfcm9sZSJ9.n5ajrWXfYP4MwGwDb2geG64HykKHDhJojocXS2N37gtUgeAN4vUIreGQTG5jfRGLqwvbPOIUvfjIRZrCXp2ICPTzC0enT5sAsUE8_zd12sMyeCtuXEbyaHEW5L8d4YAKfx-tyoGaFy0K6P5X1F433aqAT7CLTPhs0fyqSIoPGIrPR7P5b3B6Fgpz2sdNiXFJwbHx2AbCrJwUJ8KTR43CxWejn1-1B7heNDeLERdLA7U_IvMB4x5d57lWHbkQKF0WgensPKgp3x3SgW7w-qRIw0dKEvgzvYaq4OE7GE0K_8kkHHcx-p6Tg7QhAeHBBbfDGwQJfbLBoute0XtKe51QwQ"")",successes,/home/azureuser/yas/evomaster-config/generated-tests/blackbox/cart/user/EvoMaster_cart_user_successes.java,23,6,True,0,,0,0,,100.0,0,0,0,0,0,0,False,,/home/azureuser/yas/evomaster-config/runtime-logs/classes/cart/user/EvoMaster_cart_user_successes,/home/azureuser/yas/evomaster-config/runtime-logs/classes/cart/user/EvoMaster_cart_user_successes/compile.log,/home/azureuser/yas/evomaster-config/runtime-logs/classes/cart/user/EvoMaster_cart_user_successes/compile_stdout.log,/home/azureuser/yas/evomaster-config/runtime-logs/classes/cart/user/EvoMaster_cart_user_successes/compile_stderr.log,False,True,1,java.lang.AssertionError;test_failure,1,False,14.05,11.32,155.04,"Tests run: 1, Failures: 1, Errors: 0, Skipped: 0",/home/azureuser/yas/evomaster-config/runtime-logs/methods/cart/user/EvoMaster_cart_user_successes/test_0_getOnItemsReturns2Elements,/home/azureuser/yas/evomaster-config/runtime-logs/methods/cart/user/EvoMaster_cart_user_successes/test_0_getOnItemsReturns2Elements/run.log,/home/azureuser/yas/evomaster-config/runtime-logs/methods/cart/user/EvoMaster_cart_user_successes/test_0_getOnItemsReturns2Elements/run_stdout.log,/home/azureuser/yas/evomaster-config/runtime-logs/methods/cart/user/EvoMaster_cart_user_successes/test_0_getOnItemsReturns2Elements/run_stderr.log
customer,admin_only,EvoMaster_customer_admin_only_faults.java,EvoMaster_customer_admin_only_faults,test_8_getOnProfileReturnsMismatchResponseWithSchema,False,1,401,/customer/storefront/customer/profile,GET,401,.statusCode(401) .assertThat(),2,".get(baseUrlOfSut + ""/customer/storefront/customer/profile"")",,,faults,/home/azureuser/yas/evomaster-config/generated-tests/blackbox/customer/admin_only/EvoMaster_customer_admin_only_faults.java,23,6,True,0,,0,0,,100.0,0,0,0,0,0,0,False,,/home/azureuser/yas/evomaster-config/runtime-logs/classes/customer/admin_only/EvoMaster_customer_admin_only_faults,/home/azureuser/yas/evomaster-config/runtime-logs/classes/customer/admin_only/EvoMaster_customer_admin_only_faults/compile.log,/home/azureuser/yas/evomaster-config/runtime-logs/classes/customer/admin_only/EvoMaster_customer_admin_only_faults/compile_stdout.log,/home/azureuser/yas/evomaster-config/runtime-logs/classes/customer/admin_only/EvoMaster_customer_admin_only_faults/compile_stderr.log,True,True,0,,0,False,13.05,11.43,155.26,,/home/azureuser/yas/evomaster-config/runtime-logs/methods/customer/admin_only/EvoMaster_customer_admin_only_faults/test_8_getOnProfileReturnsMismatchResponseWithSchema,/home/azureuser/yas/evomaster-config/runtime-logs/methods/customer/admin_only/EvoMaster_customer_admin_only_faults/test_8_getOnProfileReturnsMismatchResponseWithSchema/run.log,/home/azureuser/yas/evomaster-config/runtime-logs/methods/customer/admin_only/EvoMaster_customer_admin_only_faults/test_8_getOnProfileReturnsMismatchResponseWithSchema/run_stdout.log,/home/azureuser/yas/evomaster-config/runtime-logs/methods/customer/admin_only/EvoMaster_customer_admin_only_faults/test_8_getOnProfileReturnsMismatchResponseWithSchema/run_stderr.log
customer,admin_only,EvoMaster_customer_admin_only_faults.java,EvoMaster_customer_admin_only_faults,test_9_getOnProfileReturnsMismatchResponseWithSchema,False,1,403,/customer/storefront/customer/profile,GET,403,.statusCode(403) .assertThat(),2,".get(baseUrlOfSut + ""/customer/storefront/customer/profile"")",,".header(""Authorization"", ""Bearer eyJhbGciOiJSUzI1NiIsInR5cCIgOiAiSldUIiwia2lkIiA6ICJSclRUNWtBOHhIS3N0YWFSMmh1YTRpT0RpcFE4ek9pcjFrNGZOM3RxNFNVIn0.eyJleHAiOjE3Nzc4NjU4MzMsImlhdCI6MTc3Nzg2MjIzMywianRpIjoiMDZjMTE0ZGMtNmMxZS00YmIxLTg0YTYtNTJhNjVkYzk2OGVkIiwiaXNzIjoiaHR0cDovL2lkZW50aXR5L3JlYWxtcy9ZYXMiLCJzdWIiOiJlY2RlODFiYy00MTgwLTQ2ZWMtOTBlZi02NmIxNDVkOWQyMmMiLCJ0eXAiOiJCZWFyZXIiLCJhenAiOiJiYWNrb2ZmaWNlLWJmZiIsInNpZCI6IjJjZWVmNTRmLWRkMTUtNDI3OS1iOTc3LTZjOWYzM2MyN2I5MyIsInJlYWxtX2FjY2VzcyI6eyJyb2xlcyI6WyJBRE1JTiJdfSwic2NvcGUiOiJlbWFpbCBwcm9maWxlIiwiZW1haWxfdmVyaWZpZWQiOmZhbHNlLCJwcmVmZXJyZWRfdXNlcm5hbWUiOiJhZG1pbl9vbmx5In0.iX2nNIj4JhUnHQZr_yCZy8nOXHQ5MwmUaYyvc2ArxUv7yzYc0eWvtX-lWesxw6BlIrZpLy_FRGXbrSBJcruSdcZ6f5IOBtRErD7eT6lEHbH5O5oAOdn5kXH51JhaYngQF_XBRydoPswQwPTMLRAW8BdWK6UpOPNazz8qZkFC_tLxEek78ENHlYsFRf4Bre_JU6zHc0x6LdkBf2mu3XePvnSyp8PAQwPhfsKq3zwXDs6JGP4XJEMrBPYa6C1ekIFE93nDI3dhfb-7vOwwYlwwRw83PwoY36hzNNaVrLV25ldTl493sX3QE9e_TkNKlYEdUw-uB0KNUulDvVG3uwkc2Q"")",faults,/home/azureuser/yas/evomaster-config/generated-tests/blackbox/customer/admin_only/EvoMaster_customer_admin_only_faults.java,23,6,True,0,,0,0,,100.0,0,0,0,0,0,0,False,,/home/azureuser/yas/evomaster-config/runtime-logs/classes/customer/admin_only/EvoMaster_customer_admin_only_faults,/home/azureuser/yas/evomaster-config/runtime-logs/classes/customer/admin_only/EvoMaster_customer_admin_only_faults/compile.log,/home/azureuser/yas/evomaster-config/runtime-logs/classes/customer/admin_only/EvoMaster_customer_admin_only_faults/compile_stdout.log,/home/azureuser/yas/evomaster-config/runtime-logs/classes/customer/admin_only/EvoMaster_customer_admin_only_faults/compile_stderr.log,True,True,0,,0,False,12.54,11.11,152.38,,/home/azureuser/yas/evomaster-config/runtime-logs/methods/customer/admin_only/EvoMaster_customer_admin_only_faults/test_9_getOnProfileReturnsMismatchResponseWithSchema,/home/azureuser/yas/evomaster-config/runtime-logs/methods/customer/admin_only/EvoMaster_customer_admin_only_faults/test_9_getOnProfileReturnsMismatchResponseWithSchema/run.log,/home/azureuser/yas/evomaster-config/runtime-logs/methods/customer/admin_only/EvoMaster_customer_admin_only_faults/test_9_getOnProfileReturnsMismatchResponseWithSchema/run_stdout.log,/home/azureuser/yas/evomaster-config/runtime-logs/methods/customer/admin_only/EvoMaster_customer_admin_only_faults/test_9_getOnProfileReturnsMismatchResponseWithSchema/run_stderr.log
customer,customer,EvoMaster_customer_customer_faults.java,EvoMaster_customer_customer_faults,test_11_getOnProfileReturnsMismatchResponseWithSchema,False,1,401,/customer/storefront/customer/profile,GET,401,.statusCode(401) .assertThat(),2,".get(baseUrlOfSut + ""/customer/storefront/customer/profile"")",,,faults,/home/azureuser/yas/evomaster-config/generated-tests/blackbox/customer/customer/EvoMaster_customer_customer_faults.java,23,6,True,0,,0,0,,100.0,0,0,0,0,0,0,False,,/home/azureuser/yas/evomaster-config/runtime-logs/classes/customer/customer/EvoMaster_customer_customer_faults,/home/azureuser/yas/evomaster-config/runtime-logs/classes/customer/customer/EvoMaster_customer_customer_faults/compile.log,/home/azureuser/yas/evomaster-config/runtime-logs/classes/customer/customer/EvoMaster_customer_customer_faults/compile_stdout.log,/home/azureuser/yas/evomaster-config/runtime-logs/classes/customer/customer/EvoMaster_customer_customer_faults/compile_stderr.log,True,True,0,,0,False,12.53,11.27,158.4,,/home/azureuser/yas/evomaster-config/runtime-logs/methods/customer/customer/EvoMaster_customer_customer_faults/test_11_getOnProfileReturnsMismatchResponseWithSchema,/home/azureuser/yas/evomaster-config/runtime-logs/methods/customer/customer/EvoMaster_customer_customer_faults/test_11_getOnProfileReturnsMismatchResponseWithSchema/run.log,/home/azureuser/yas/evomaster-config/runtime-logs/methods/customer/customer/EvoMaster_customer_customer_faults/test_11_getOnProfileReturnsMismatchResponseWithSchema/run_stdout.log,/home/azureuser/yas/evomaster-config/runtime-logs/methods/customer/customer/EvoMaster_customer_customer_faults/test_11_getOnProfileReturnsMismatchResponseWithSchema/run_stderr.log
customer,customer,EvoMaster_customer_customer_successes.java,EvoMaster_customer_customer_successes,test_0_getOnProfileReturnsObject,False,1,200,/customer/storefront/customer/profile,GET,200,.statusCode(200) .assertThat(),6,".get(baseUrlOfSut + ""/customer/storefront/customer/profile"")",,".header(""Authorization"", ""Bearer eyJhbGciOiJSUzI1NiIsInR5cCIgOiAiSldUIiwia2lkIiA6ICJSclRUNWtBOHhIS3N0YWFSMmh1YTRpT0RpcFE4ek9pcjFrNGZOM3RxNFNVIn0.eyJleHAiOjE3Nzc4NjU4MzgsImlhdCI6MTc3Nzg2MjIzOCwianRpIjoiN2ZhMGIyYmMtY2YxOS00MTllLWI1OTEtZjI1M2U5MTBkZjUwIiwiaXNzIjoiaHR0cDovL2lkZW50aXR5L3JlYWxtcy9ZYXMiLCJzdWIiOiI0Yjg1MzdlZC1mZTg4LTQ3MGQtYmFkNS0wZjQ5Y2E2Zjg5NjAiLCJ0eXAiOiJCZWFyZXIiLCJhenAiOiJiYWNrb2ZmaWNlLWJmZiIsInNpZCI6ImY1YTY3OGY2LTBjNWUtNGIzYy04NzFmLTlkMzNiYzEzY2ZiMiIsInJlYWxtX2FjY2VzcyI6eyJyb2xlcyI6WyJkZWZhdWx0LXJvbGVzLXlhcyIsIm9mZmxpbmVfYWNjZXNzIiwiQ1VTVE9NRVIiLCJ1bWFfYXV0aG9yaXphdGlvbiJdfSwic2NvcGUiOiJlbWFpbCBwcm9maWxlIiwiZW1haWxfdmVyaWZpZWQiOmZhbHNlLCJwcmVmZXJyZWRfdXNlcm5hbWUiOiJ1c2VyIn0.j8pUYKb6ribB9yGTDMPvEinqt1rAoKakbPOD2NZOyldMEEoa6UiAQpbLfy1nnorRH5IuuUHvKl2FUtsqkLlcERdLDSE49ezbxbOU0sFYYLrpM7gM9rJg4TPwoDaSTGE1fTEx_Jsu5S9vs9yeuSJ0KaRLcGjaCPr3vPSahD8dgUl9biajkWjMBnfGLwijR_CedKfQIZhLQNn38rwgN9IddHnzk68AvrbZ1DZHbAAm-ztzCfg9-qoTVNg0CZ39xqzP1677LOG6hLXI8Mb2LLG7Wagjd48aXJdaDuURlmWiZxCXy0sgnteI7Eaq4W1Z9JuoKb1Ponuve9ubCoSjCrd24Q"")",successes,/home/azureuser/yas/evomaster-config/generated-tests/blackbox/customer/customer/EvoMaster_customer_customer_successes.java,23,6,True,0,,0,0,,100.0,0,0,0,0,0,0,False,,/home/azureuser/yas/evomaster-config/runtime-logs/classes/customer/customer/EvoMaster_customer_customer_successes,/home/azureuser/yas/evomaster-config/runtime-logs/classes/customer/customer/EvoMaster_customer_customer_successes/compile.log,/home/azureuser/yas/evomaster-config/runtime-logs/classes/customer/customer/EvoMaster_customer_customer_successes/compile_stdout.log,/home/azureuser/yas/evomaster-config/runtime-logs/classes/customer/customer/EvoMaster_customer_customer_successes/compile_stderr.log,True,True,0,,0,False,14.54,11.05,159.8,,/home/azureuser/yas/evomaster-config/runtime-logs/methods/customer/customer/EvoMaster_customer_customer_successes/test_0_getOnProfileReturnsObject,/home/azureuser/yas/evomaster-config/runtime-logs/methods/customer/customer/EvoMaster_customer_customer_successes/test_0_getOnProfileReturnsObject/run.log,/home/azureuser/yas/evomaster-config/runtime-logs/methods/customer/customer/EvoMaster_customer_customer_successes/test_0_getOnProfileReturnsObject/run_stdout.log,/home/azureuser/yas/evomaster-config/runtime-logs/methods/customer/customer/EvoMaster_customer_customer_successes/test_0_getOnProfileReturnsObject/run_stderr.log
customer,none,EvoMaster_customer_none_faults.java,EvoMaster_customer_none_faults,test_5_getOnProfileReturnsMismatchResponseWithSchema,False,1,401,/customer/storefront/customer/profile,GET,401,.statusCode(401) .assertThat(),2,".get(baseUrlOfSut + ""/customer/storefront/customer/profile"")",,,faults,/home/azureuser/yas/evomaster-config/generated-tests/blackbox/customer/none/EvoMaster_customer_none_faults.java,23,6,True,0,,0,0,,100.0,0,0,0,0,0,0,False,,/home/azureuser/yas/evomaster-config/runtime-logs/classes/customer/none/EvoMaster_customer_none_faults,/home/azureuser/yas/evomaster-config/runtime-logs/classes/customer/none/EvoMaster_customer_none_faults/compile.log,/home/azureuser/yas/evomaster-config/runtime-logs/classes/customer/none/EvoMaster_customer_none_faults/compile_stdout.log,/home/azureuser/yas/evomaster-config/runtime-logs/classes/customer/none/EvoMaster_customer_none_faults/compile_stderr.log,True,True,0,,0,False,13.04,11.5,154.88,,/home/azureuser/yas/evomaster-config/runtime-logs/methods/customer/none/EvoMaster_customer_none_faults/test_5_getOnProfileReturnsMismatchResponseWithSchema,/home/azureuser/yas/evomaster-config/runtime-logs/methods/customer/none/EvoMaster_customer_none_faults/test_5_getOnProfileReturnsMismatchResponseWithSchema/run.log,/home/azureuser/yas/evomaster-config/runtime-logs/methods/customer/none/EvoMaster_customer_none_faults/test_5_getOnProfileReturnsMismatchResponseWithSchema/run_stdout.log,/home/azureuser/yas/evomaster-config/runtime-logs/methods/customer/none/EvoMaster_customer_none_faults/test_5_getOnProfileReturnsMismatchResponseWithSchema/run_stderr.log
customer,super_admin,EvoMaster_customer_super_admin_faults.java,EvoMaster_customer_super_admin_faults,test_11_getOnProfileReturnsMismatchResponseWithSchema,False,1,401,/customer/storefront/customer/profile,GET,401,.statusCode(401) .assertThat(),2,".get(baseUrlOfSut + ""/customer/storefront/customer/profile"")",,,faults,/home/azureuser/yas/evomaster-config/generated-tests/blackbox/customer/super_admin/EvoMaster_customer_super_admin_faults.java,23,6,True,0,,0,0,,100.0,0,0,0,0,0,0,False,,/home/azureuser/yas/evomaster-config/runtime-logs/classes/customer/super_admin/EvoMaster_customer_super_admin_faults,/home/azureuser/yas/evomaster-config/runtime-logs/classes/customer/super_admin/EvoMaster_customer_super_admin_faults/compile.log,/home/azureuser/yas/evomaster-config/runtime-logs/classes/customer/super_admin/EvoMaster_customer_super_admin_faults/compile_stdout.log,/home/azureuser/yas/evomaster-config/runtime-logs/classes/customer/super_admin/EvoMaster_customer_super_admin_faults/compile_stderr.log,True,True,0,,0,False,12.54,11.17,160.34,,/home/azureuser/yas/evomaster-config/runtime-logs/methods/customer/super_admin/EvoMaster_customer_super_admin_faults/test_11_getOnProfileReturnsMismatchResponseWithSchema,/home/azureuser/yas/evomaster-config/runtime-logs/methods/customer/super_admin/EvoMaster_customer_super_admin_faults/test_11_getOnProfileReturnsMismatchResponseWithSchema/run.log,/home/azureuser/yas/evomaster-config/runtime-logs/methods/customer/super_admin/EvoMaster_customer_super_admin_faults/test_11_getOnProfileReturnsMismatchResponseWithSchema/run_stdout.log,/home/azureuser/yas/evomaster-config/runtime-logs/methods/customer/super_admin/EvoMaster_customer_super_admin_faults/test_11_getOnProfileReturnsMismatchResponseWithSchema/run_stderr.log
customer,super_admin,EvoMaster_customer_super_admin_faults.java,EvoMaster_customer_super_admin_faults,test_13_getOnProfileReturnsMismatchResponseWithSchema,False,1,403,/customer/storefront/customer/profile,GET,403,.statusCode(403) .assertThat(),2,".get(baseUrlOfSut + ""/customer/storefront/customer/profile"")",,".header(""Authorization"", ""Bearer eyJhbGciOiJSUzI1NiIsInR5cCIgOiAiSldUIiwia2lkIiA6ICJSclRUNWtBOHhIS3N0YWFSMmh1YTRpT0RpcFE4ek9pcjFrNGZOM3RxNFNVIn0.eyJleHAiOjE3Nzc4NjU4MjYsImlhdCI6MTc3Nzg2MjIyNiwianRpIjoiNTQwMDljM2ItZDlhNy00M2NjLTliNGItMTJkY2IxMzI4Y2U1IiwiaXNzIjoiaHR0cDovL2lkZW50aXR5L3JlYWxtcy9ZYXMiLCJzdWIiOiI3MDQyZWE5ZS1hNzg0LTQxZjQtYTkzNi1kOGUxNTk5ODlmZjUiLCJ0eXAiOiJCZWFyZXIiLCJhenAiOiJiYWNrb2ZmaWNlLWJmZiIsInNpZCI6ImRlYzQ1OWI0LWVkYzAtNDNkZi05Y2Y5LWNlYmZkOGIxZmE0MiIsInJlYWxtX2FjY2VzcyI6eyJyb2xlcyI6WyJTVVBFUi1BRE1JTiJdfSwic2NvcGUiOiJlbWFpbCBwcm9maWxlIiwiZW1haWxfdmVyaWZpZWQiOmZhbHNlLCJwcmVmZXJyZWRfdXNlcm5hbWUiOiJzdXBlcl9hZG1pbiJ9.cMqBeXc7gpHgRDzGow5wlUOCetIvbTGQwCUNgnEhWUE0C7OYsspPC9uWV89xq3wK980fU8NgGU9dP6KniCVJTllPk5SzyE2M_BqI4KY65vcKsfGCRsnbo4rVLDsajue2DS29TsEsnIYfnVnXOXQCj5R8_Lq91o9vkeh-BtO3S08lB86VhSL1xYmG0GwaeV7LBGer-L8sLzslYKuM8rgCT9uNiczyn07I92nMxVAXE_BWmoTZDQbQXJZfjvgyeYE3S7c263qC1iLXSR4rBKAcAfmPKE029nzKSvKNq0eLKP6QUqB0bI0p7b0YUYtH2zyUTmwoqFqLnfLkEF_xImgEuw"")",faults,/home/azureuser/yas/evomaster-config/generated-tests/blackbox/customer/super_admin/EvoMaster_customer_super_admin_faults.java,23,6,True,0,,0,0,,100.0,0,0,0,0,0,0,False,,/home/azureuser/yas/evomaster-config/runtime-logs/classes/customer/super_admin/EvoMaster_customer_super_admin_faults,/home/azureuser/yas/evomaster-config/runtime-logs/classes/customer/super_admin/EvoMaster_customer_super_admin_faults/compile.log,/home/azureuser/yas/evomaster-config/runtime-logs/classes/customer/super_admin/EvoMaster_customer_super_admin_faults/compile_stdout.log,/home/azureuser/yas/evomaster-config/runtime-logs/classes/customer/super_admin/EvoMaster_customer_super_admin_faults/compile_stderr.log,True,True,0,,0,False,13.05,11.43,154.44,,/home/azureuser/yas/evomaster-config/runtime-logs/methods/customer/super_admin/EvoMaster_customer_super_admin_faults/test_13_getOnProfileReturnsMismatchResponseWithSchema,/home/azureuser/yas/evomaster-config/runtime-logs/methods/customer/super_admin/EvoMaster_customer_super_admin_faults/test_13_getOnProfileReturnsMismatchResponseWithSchema/run.log,/home/azureuser/yas/evomaster-config/runtime-logs/methods/customer/super_admin/EvoMaster_customer_super_admin_faults/test_13_getOnProfileReturnsMismatchResponseWithSchema/run_stdout.log,/home/azureuser/yas/evomaster-config/runtime-logs/methods/customer/super_admin/EvoMaster_customer_super_admin_faults/test_13_getOnProfileReturnsMismatchResponseWithSchema/run_stderr.log
customer,user,EvoMaster_customer_user_faults.java,EvoMaster_customer_user_faults,test_10_getOnProfileReturnsMismatchResponseWithSchema,False,1,401,/customer/storefront/customer/profile,GET,401,.statusCode(401) .assertThat(),2,".get(baseUrlOfSut + ""/customer/storefront/customer/profile"")",,,faults,/home/azureuser/yas/evomaster-config/generated-tests/blackbox/customer/user/EvoMaster_customer_user_faults.java,23,6,True,0,,0,0,,100.0,0,0,0,0,0,0,False,,/home/azureuser/yas/evomaster-config/runtime-logs/classes/customer/user/EvoMaster_customer_user_faults,/home/azureuser/yas/evomaster-config/runtime-logs/classes/customer/user/EvoMaster_customer_user_faults/compile.log,/home/azureuser/yas/evomaster-config/runtime-logs/classes/customer/user/EvoMaster_customer_user_faults/compile_stdout.log,/home/azureuser/yas/evomaster-config/runtime-logs/classes/customer/user/EvoMaster_customer_user_faults/compile_stderr.log,True,True,0,,0,False,12.54,11.17,159.19,,/home/azureuser/yas/evomaster-config/runtime-logs/methods/customer/user/EvoMaster_customer_user_faults/test_10_getOnProfileReturnsMismatchResponseWithSchema,/home/azureuser/yas/evomaster-config/runtime-logs/methods/customer/user/EvoMaster_customer_user_faults/test_10_getOnProfileReturnsMismatchResponseWithSchema/run.log,/home/azureuser/yas/evomaster-config/runtime-logs/methods/customer/user/EvoMaster_customer_user_faults/test_10_getOnProfileReturnsMismatchResponseWithSchema/run_stdout.log,/home/azureuser/yas/evomaster-config/runtime-logs/methods/customer/user/EvoMaster_customer_user_faults/test_10_getOnProfileReturnsMismatchResponseWithSchema/run_stderr.log
customer,user,EvoMaster_customer_user_faults.java,EvoMaster_customer_user_faults,test_12_getOnProfileReturnsMismatchResponseWithSchema,False,1,403,/customer/storefront/customer/profile,GET,403,.statusCode(403) .assertThat(),2,".get(baseUrlOfSut + ""/customer/storefront/customer/profile"")",,".header(""Authorization"", ""Bearer eyJhbGciOiJSUzI1NiIsInR5cCIgOiAiSldUIiwia2lkIiA6ICJSclRUNWtBOHhIS3N0YWFSMmh1YTRpT0RpcFE4ek9pcjFrNGZOM3RxNFNVIn0.eyJleHAiOjE3Nzc4NjU4NDMsImlhdCI6MTc3Nzg2MjI0MywianRpIjoiMjU4OGMwNjUtYjhkOS00NzU4LWFlYzUtMDIxYTQ4NzZmZjJmIiwiaXNzIjoiaHR0cDovL2lkZW50aXR5L3JlYWxtcy9ZYXMiLCJzdWIiOiIwMTEzZmQyNy1hMDllLTQ3MjItYjFlNS01MDA3ZjU4ZjUyODgiLCJ0eXAiOiJCZWFyZXIiLCJhenAiOiJiYWNrb2ZmaWNlLWJmZiIsInNpZCI6IjVlNTM5YTgwLTI4OWEtNGE4OS05OGZlLTdmYzhmODhlMDRiZSIsInJlYWxtX2FjY2VzcyI6eyJyb2xlcyI6WyJVU0VSIl19LCJzY29wZSI6ImVtYWlsIHByb2ZpbGUiLCJlbWFpbF92ZXJpZmllZCI6ZmFsc2UsInByZWZlcnJlZF91c2VybmFtZSI6InVzZXJfcm9sZSJ9.n5ajrWXfYP4MwGwDb2geG64HykKHDhJojocXS2N37gtUgeAN4vUIreGQTG5jfRGLqwvbPOIUvfjIRZrCXp2ICPTzC0enT5sAsUE8_zd12sMyeCtuXEbyaHEW5L8d4YAKfx-tyoGaFy0K6P5X1F433aqAT7CLTPhs0fyqSIoPGIrPR7P5b3B6Fgpz2sdNiXFJwbHx2AbCrJwUJ8KTR43CxWejn1-1B7heNDeLERdLA7U_IvMB4x5d57lWHbkQKF0WgensPKgp3x3SgW7w-qRIw0dKEvgzvYaq4OE7GE0K_8kkHHcx-p6Tg7QhAeHBBbfDGwQJfbLBoute0XtKe51QwQ"")",faults,/home/azureuser/yas/evomaster-config/generated-tests/blackbox/customer/user/EvoMaster_customer_user_faults.java,23,6,True,0,,0,0,,100.0,0,0,0,0,0,0,False,,/home/azureuser/yas/evomaster-config/runtime-logs/classes/customer/user/EvoMaster_customer_user_faults,/home/azureuser/yas/evomaster-config/runtime-logs/classes/customer/user/EvoMaster_customer_user_faults/compile.log,/home/azureuser/yas/evomaster-config/runtime-logs/classes/customer/user/EvoMaster_customer_user_faults/compile_stdout.log,/home/azureuser/yas/evomaster-config/runtime-logs/classes/customer/user/EvoMaster_customer_user_faults/compile_stderr.log,True,True,0,,0,False,12.53,11.45,159.82,,/home/azureuser/yas/evomaster-config/runtime-logs/methods/customer/user/EvoMaster_customer_user_faults/test_12_getOnProfileReturnsMismatchResponseWithSchema,/home/azureuser/yas/evomaster-config/runtime-logs/methods/customer/user/EvoMaster_customer_user_faults/test_12_getOnProfileReturnsMismatchResponseWithSchema/run.log,/home/azureuser/yas/evomaster-config/runtime-logs/methods/customer/user/EvoMaster_customer_user_faults/test_12_getOnProfileReturnsMismatchResponseWithSchema/run_stdout.log,/home/azureuser/yas/evomaster-config/runtime-logs/methods/customer/user/EvoMaster_customer_user_faults/test_12_getOnProfileReturnsMismatchResponseWithSchema/run_stderr.log
inventory,admin_only,EvoMaster_inventory_admin_only_faults.java,EvoMaster_inventory_admin_only_faults,test_17_deleteOnWarehousReturnsMismatchResponseWithSchema,False,1,403,/inventory/backoffice/warehouses/{id},DELETE,403,.statusCode(403) .assertThat(),5,".delete(baseUrlOfSut + ""/inventory/backoffice/warehouses/419"")",,,faults,/home/azureuser/yas/evomaster-config/generated-tests/blackbox/inventory/admin_only/EvoMaster_inventory_admin_only_faults.java,23,6,True,0,,0,0,,100.0,0,0,0,0,0,0,False,,/home/azureuser/yas/evomaster-config/runtime-logs/classes/inventory/admin_only/EvoMaster_inventory_admin_only_faults,/home/azureuser/yas/evomaster-config/runtime-logs/classes/inventory/admin_only/EvoMaster_inventory_admin_only_faults/compile.log,/home/azureuser/yas/evomaster-config/runtime-logs/classes/inventory/admin_only/EvoMaster_inventory_admin_only_faults/compile_stdout.log,/home/azureuser/yas/evomaster-config/runtime-logs/classes/inventory/admin_only/EvoMaster_inventory_admin_only_faults/compile_stderr.log,True,True,0,,0,False,14.04,11.41,153.17,,/home/azureuser/yas/evomaster-config/runtime-logs/methods/inventory/admin_only/EvoMaster_inventory_admin_only_faults/test_17_deleteOnWarehousReturnsMismatchResponseWithSchema,/home/azureuser/yas/evomaster-config/runtime-logs/methods/inventory/admin_only/EvoMaster_inventory_admin_only_faults/test_17_deleteOnWarehousReturnsMismatchResponseWithSchema/run.log,/home/azureuser/yas/evomaster-config/runtime-logs/methods/inventory/admin_only/EvoMaster_inventory_admin_only_faults/test_17_deleteOnWarehousReturnsMismatchResponseWithSchema/run_stdout.log,/home/azureuser/yas/evomaster-config/runtime-logs/methods/inventory/admin_only/EvoMaster_inventory_admin_only_faults/test_17_deleteOnWarehousReturnsMismatchResponseWithSchema/run_stderr.log
inventory,admin_only,EvoMaster_inventory_admin_only_others.java,EvoMaster_inventory_admin_only_others,test_3_deleteOnWarehousReturns404,False,1,404,/inventory/backoffice/warehouses/{id},DELETE,404,.statusCode(404) .assertThat(),6,".delete(baseUrlOfSut + ""/inventory/backoffice/warehouses/77"")",,".header(""Authorization"", ""Bearer eyJhbGciOiJSUzI1NiIsInR5cCIgOiAiSldUIiwia2lkIiA6ICJSclRUNWtBOHhIS3N0YWFSMmh1YTRpT0RpcFE4ek9pcjFrNGZOM3RxNFNVIn0.eyJleHAiOjE3Nzc4NjU4MzMsImlhdCI6MTc3Nzg2MjIzMywianRpIjoiMDZjMTE0ZGMtNmMxZS00YmIxLTg0YTYtNTJhNjVkYzk2OGVkIiwiaXNzIjoiaHR0cDovL2lkZW50aXR5L3JlYWxtcy9ZYXMiLCJzdWIiOiJlY2RlODFiYy00MTgwLTQ2ZWMtOTBlZi02NmIxNDVkOWQyMmMiLCJ0eXAiOiJCZWFyZXIiLCJhenAiOiJiYWNrb2ZmaWNlLWJmZiIsInNpZCI6IjJjZWVmNTRmLWRkMTUtNDI3OS1iOTc3LTZjOWYzM2MyN2I5MyIsInJlYWxtX2FjY2VzcyI6eyJyb2xlcyI6WyJBRE1JTiJdfSwic2NvcGUiOiJlbWFpbCBwcm9maWxlIiwiZW1haWxfdmVyaWZpZWQiOmZhbHNlLCJwcmVmZXJyZWRfdXNlcm5hbWUiOiJhZG1pbl9vbmx5In0.iX2nNIj4JhUnHQZr_yCZy8nOXHQ5MwmUaYyvc2ArxUv7yzYc0eWvtX-lWesxw6BlIrZpLy_FRGXbrSBJcruSdcZ6f5IOBtRErD7eT6lEHbH5O5oAOdn5kXH51JhaYngQF_XBRydoPswQwPTMLRAW8BdWK6UpOPNazz8qZkFC_tLxEek78ENHlYsFRf4Bre_JU6zHc0x6LdkBf2mu3XePvnSyp8PAQwPhfsKq3zwXDs6JGP4XJEMrBPYa6C1ekIFE93nDI3dhfb-7vOwwYlwwRw83PwoY36hzNNaVrLV25ldTl493sX3QE9e_TkNKlYEdUw-uB0KNUulDvVG3uwkc2Q"")",others,/home/azureuser/yas/evomaster-config/generated-tests/blackbox/inventory/admin_only/EvoMaster_inventory_admin_only_others.java,23,6,True,0,,0,0,,100.0,0,0,0,0,0,0,False,,/home/azureuser/yas/evomaster-config/runtime-logs/classes/inventory/admin_only/EvoMaster_inventory_admin_only_others,/home/azureuser/yas/evomaster-config/runtime-logs/classes/inventory/admin_only/EvoMaster_inventory_admin_only_others/compile.log,/home/azureuser/yas/evomaster-config/runtime-logs/classes/inventory/admin_only/EvoMaster_inventory_admin_only_others/compile_stdout.log,/home/azureuser/yas/evomaster-config/runtime-logs/classes/inventory/admin_only/EvoMaster_inventory_admin_only_others/compile_stderr.log,True,True,0,,0,False,14.04,10.93,152.54,,/home/azureuser/yas/evomaster-config/runtime-logs/methods/inventory/admin_only/EvoMaster_inventory_admin_only_others/test_3_deleteOnWarehousReturns404,/home/azureuser/yas/evomaster-config/runtime-logs/methods/inventory/admin_only/EvoMaster_inventory_admin_only_others/test_3_deleteOnWarehousReturns404/run.log,/home/azureuser/yas/evomaster-config/runtime-logs/methods/inventory/admin_only/EvoMaster_inventory_admin_only_others/test_3_deleteOnWarehousReturns404/run_stdout.log,/home/azureuser/yas/evomaster-config/runtime-logs/methods/inventory/admin_only/EvoMaster_inventory_admin_only_others/test_3_deleteOnWarehousReturns404/run_stderr.log
inventory,customer,EvoMaster_inventory_customer_faults.java,EvoMaster_inventory_customer_faults,test_19_deleteOnWarehousReturnsMismatchResponseWithSchema,False,1,403,/inventory/backoffice/warehouses/{id},DELETE,403,.statusCode(403) .assertThat(),2,".delete(baseUrlOfSut + ""/inventory/backoffice/warehouses/467"")",,".header(""Authorization"", ""Bearer eyJhbGciOiJSUzI1NiIsInR5cCIgOiAiSldUIiwia2lkIiA6ICJSclRUNWtBOHhIS3N0YWFSMmh1YTRpT0RpcFE4ek9pcjFrNGZOM3RxNFNVIn0.eyJleHAiOjE3Nzc4NjU4MzgsImlhdCI6MTc3Nzg2MjIzOCwianRpIjoiN2ZhMGIyYmMtY2YxOS00MTllLWI1OTEtZjI1M2U5MTBkZjUwIiwiaXNzIjoiaHR0cDovL2lkZW50aXR5L3JlYWxtcy9ZYXMiLCJzdWIiOiI0Yjg1MzdlZC1mZTg4LTQ3MGQtYmFkNS0wZjQ5Y2E2Zjg5NjAiLCJ0eXAiOiJCZWFyZXIiLCJhenAiOiJiYWNrb2ZmaWNlLWJmZiIsInNpZCI6ImY1YTY3OGY2LTBjNWUtNGIzYy04NzFmLTlkMzNiYzEzY2ZiMiIsInJlYWxtX2FjY2VzcyI6eyJyb2xlcyI6WyJkZWZhdWx0LXJvbGVzLXlhcyIsIm9mZmxpbmVfYWNjZXNzIiwiQ1VTVE9NRVIiLCJ1bWFfYXV0aG9yaXphdGlvbiJdfSwic2NvcGUiOiJlbWFpbCBwcm9maWxlIiwiZW1haWxfdmVyaWZpZWQiOmZhbHNlLCJwcmVmZXJyZWRfdXNlcm5hbWUiOiJ1c2VyIn0.j8pUYKb6ribB9yGTDMPvEinqt1rAoKakbPOD2NZOyldMEEoa6UiAQpbLfy1nnorRH5IuuUHvKl2FUtsqkLlcERdLDSE49ezbxbOU0sFYYLrpM7gM9rJg4TPwoDaSTGE1fTEx_Jsu5S9vs9yeuSJ0KaRLcGjaCPr3vPSahD8dgUl9biajkWjMBnfGLwijR_CedKfQIZhLQNn38rwgN9IddHnzk68AvrbZ1DZHbAAm-ztzCfg9-qoTVNg0CZ39xqzP1677LOG6hLXI8Mb2LLG7Wagjd48aXJdaDuURlmWiZxCXy0sgnteI7Eaq4W1Z9JuoKb1Ponuve9ubCoSjCrd24Q"")",faults,/home/azureuser/yas/evomaster-config/generated-tests/blackbox/inventory/customer/EvoMaster_inventory_customer_faults.java,23,6,True,0,,0,0,,100.0,0,0,0,0,0,0,False,,/home/azureuser/yas/evomaster-config/runtime-logs/classes/inventory/customer/EvoMaster_inventory_customer_faults,/home/azureuser/yas/evomaster-config/runtime-logs/classes/inventory/customer/EvoMaster_inventory_customer_faults/compile.log,/home/azureuser/yas/evomaster-config/runtime-logs/classes/inventory/customer/EvoMaster_inventory_customer_faults/compile_stdout.log,/home/azureuser/yas/evomaster-config/runtime-logs/classes/inventory/customer/EvoMaster_inventory_customer_faults/compile_stderr.log,True,True,0,,0,False,13.05,11.64,164.93,,/home/azureuser/yas/evomaster-config/runtime-logs/methods/inventory/customer/EvoMaster_inventory_customer_faults/test_19_deleteOnWarehousReturnsMismatchResponseWithSchema,/home/azureuser/yas/evomaster-config/runtime-logs/methods/inventory/customer/EvoMaster_inventory_customer_faults/test_19_deleteOnWarehousReturnsMismatchResponseWithSchema/run.log,/home/azureuser/yas/evomaster-config/runtime-logs/methods/inventory/customer/EvoMaster_inventory_customer_faults/test_19_deleteOnWarehousReturnsMismatchResponseWithSchema/run_stdout.log,/home/azureuser/yas/evomaster-config/runtime-logs/methods/inventory/customer/EvoMaster_inventory_customer_faults/test_19_deleteOnWarehousReturnsMismatchResponseWithSchema/run_stderr.log
inventory,customer,EvoMaster_inventory_customer_faults.java,EvoMaster_inventory_customer_faults,test_20_deleteOnWarehousReturnsMismatchResponseWithSchema,False,1,403,/inventory/backoffice/warehouses/{id},DELETE,403,.statusCode(403) .assertThat(),5,".delete(baseUrlOfSut + ""/inventory/backoffice/warehouses/823"")",,,faults,/home/azureuser/yas/evomaster-config/generated-tests/blackbox/inventory/customer/EvoMaster_inventory_customer_faults.java,23,6,True,0,,0,0,,100.0,0,0,0,0,0,0,False,,/home/azureuser/yas/evomaster-config/runtime-logs/classes/inventory/customer/EvoMaster_inventory_customer_faults,/home/azureuser/yas/evomaster-config/runtime-logs/classes/inventory/customer/EvoMaster_inventory_customer_faults/compile.log,/home/azureuser/yas/evomaster-config/runtime-logs/classes/inventory/customer/EvoMaster_inventory_customer_faults/compile_stdout.log,/home/azureuser/yas/evomaster-config/runtime-logs/classes/inventory/customer/EvoMaster_inventory_customer_faults/compile_stderr.log,True,True,0,,0,False,14.04,11.07,153.47,,/home/azureuser/yas/evomaster-config/runtime-logs/methods/inventory/customer/EvoMaster_inventory_customer_faults/test_20_deleteOnWarehousReturnsMismatchResponseWithSchema,/home/azureuser/yas/evomaster-config/runtime-logs/methods/inventory/customer/EvoMaster_inventory_customer_faults/test_20_deleteOnWarehousReturnsMismatchResponseWithSchema/run.log,/home/azureuser/yas/evomaster-config/runtime-logs/methods/inventory/customer/EvoMaster_inventory_customer_faults/test_20_deleteOnWarehousReturnsMismatchResponseWithSchema/run_stdout.log,/home/azureuser/yas/evomaster-config/runtime-logs/methods/inventory/customer/EvoMaster_inventory_customer_faults/test_20_deleteOnWarehousReturnsMismatchResponseWithSchema/run_stderr.log
inventory,none,EvoMaster_inventory_none_faults.java,EvoMaster_inventory_none_faults,test_10_deleteOnWarehousReturnsMismatchResponseWithSchema,False,1,403,/inventory/backoffice/warehouses/{id},DELETE,403,.statusCode(403) .assertThat(),5,".delete(baseUrlOfSut + ""/inventory/backoffice/warehouses/651"")",,,faults,/home/azureuser/yas/evomaster-config/generated-tests/blackbox/inventory/none/EvoMaster_inventory_none_faults.java,23,6,True,0,,0,0,,100.0,0,0,0,0,0,0,False,,/home/azureuser/yas/evomaster-config/runtime-logs/classes/inventory/none/EvoMaster_inventory_none_faults,/home/azureuser/yas/evomaster-config/runtime-logs/classes/inventory/none/EvoMaster_inventory_none_faults/compile.log,/home/azureuser/yas/evomaster-config/runtime-logs/classes/inventory/none/EvoMaster_inventory_none_faults/compile_stdout.log,/home/azureuser/yas/evomaster-config/runtime-logs/classes/inventory/none/EvoMaster_inventory_none_faults/compile_stderr.log,True,True,0,,0,False,14.1,11.14,158.05,,/home/azureuser/yas/evomaster-config/runtime-logs/methods/inventory/none/EvoMaster_inventory_none_faults/test_10_deleteOnWarehousReturnsMismatchResponseWithSchema,/home/azureuser/yas/evomaster-config/runtime-logs/methods/inventory/none/EvoMaster_inventory_none_faults/test_10_deleteOnWarehousReturnsMismatchResponseWithSchema/run.log,/home/azureuser/yas/evomaster-config/runtime-logs/methods/inventory/none/EvoMaster_inventory_none_faults/test_10_deleteOnWarehousReturnsMismatchResponseWithSchema/run_stdout.log,/home/azureuser/yas/evomaster-config/runtime-logs/methods/inventory/none/EvoMaster_inventory_none_faults/test_10_deleteOnWarehousReturnsMismatchResponseWithSchema/run_stderr.log
inventory,super_admin,EvoMaster_inventory_super_admin_faults.java,EvoMaster_inventory_super_admin_faults,test_21_deleteOnWarehousReturnsMismatchResponseWithSchema,False,1,403,/inventory/backoffice/warehouses/{id},DELETE,403,.statusCode(403) .assertThat(),2,".delete(baseUrlOfSut + ""/inventory/backoffice/warehouses/413"")",,".header(""Authorization"", ""Bearer eyJhbGciOiJSUzI1NiIsInR5cCIgOiAiSldUIiwia2lkIiA6ICJSclRUNWtBOHhIS3N0YWFSMmh1YTRpT0RpcFE4ek9pcjFrNGZOM3RxNFNVIn0.eyJleHAiOjE3Nzc4NjU4MjYsImlhdCI6MTc3Nzg2MjIyNiwianRpIjoiNTQwMDljM2ItZDlhNy00M2NjLTliNGItMTJkY2IxMzI4Y2U1IiwiaXNzIjoiaHR0cDovL2lkZW50aXR5L3JlYWxtcy9ZYXMiLCJzdWIiOiI3MDQyZWE5ZS1hNzg0LTQxZjQtYTkzNi1kOGUxNTk5ODlmZjUiLCJ0eXAiOiJCZWFyZXIiLCJhenAiOiJiYWNrb2ZmaWNlLWJmZiIsInNpZCI6ImRlYzQ1OWI0LWVkYzAtNDNkZi05Y2Y5LWNlYmZkOGIxZmE0MiIsInJlYWxtX2FjY2VzcyI6eyJyb2xlcyI6WyJTVVBFUi1BRE1JTiJdfSwic2NvcGUiOiJlbWFpbCBwcm9maWxlIiwiZW1haWxfdmVyaWZpZWQiOmZhbHNlLCJwcmVmZXJyZWRfdXNlcm5hbWUiOiJzdXBlcl9hZG1pbiJ9.cMqBeXc7gpHgRDzGow5wlUOCetIvbTGQwCUNgnEhWUE0C7OYsspPC9uWV89xq3wK980fU8NgGU9dP6KniCVJTllPk5SzyE2M_BqI4KY65vcKsfGCRsnbo4rVLDsajue2DS29TsEsnIYfnVnXOXQCj5R8_Lq91o9vkeh-BtO3S08lB86VhSL1xYmG0GwaeV7LBGer-L8sLzslYKuM8rgCT9uNiczyn07I92nMxVAXE_BWmoTZDQbQXJZfjvgyeYE3S7c263qC1iLXSR4rBKAcAfmPKE029nzKSvKNq0eLKP6QUqB0bI0p7b0YUYtH2zyUTmwoqFqLnfLkEF_xImgEuw"")",faults,/home/azureuser/yas/evomaster-config/generated-tests/blackbox/inventory/super_admin/EvoMaster_inventory_super_admin_faults.java,23,6,True,0,,0,0,,100.0,0,0,0,0,0,0,False,,/home/azureuser/yas/evomaster-config/runtime-logs/classes/inventory/super_admin/EvoMaster_inventory_super_admin_faults,/home/azureuser/yas/evomaster-config/runtime-logs/classes/inventory/super_admin/EvoMaster_inventory_super_admin_faults/compile.log,/home/azureuser/yas/evomaster-config/runtime-logs/classes/inventory/super_admin/EvoMaster_inventory_super_admin_faults/compile_stdout.log,/home/azureuser/yas/evomaster-config/runtime-logs/classes/inventory/super_admin/EvoMaster_inventory_super_admin_faults/compile_stderr.log,True,True,0,,0,False,12.54,11.23,161.37,,/home/azureuser/yas/evomaster-config/runtime-logs/methods/inventory/super_admin/EvoMaster_inventory_super_admin_faults/test_21_deleteOnWarehousReturnsMismatchResponseWithSchema,/home/azureuser/yas/evomaster-config/runtime-logs/methods/inventory/super_admin/EvoMaster_inventory_super_admin_faults/test_21_deleteOnWarehousReturnsMismatchResponseWithSchema/run.log,/home/azureuser/yas/evomaster-config/runtime-logs/methods/inventory/super_admin/EvoMaster_inventory_super_admin_faults/test_21_deleteOnWarehousReturnsMismatchResponseWithSchema/run_stdout.log,/home/azureuser/yas/evomaster-config/runtime-logs/methods/inventory/super_admin/EvoMaster_inventory_super_admin_faults/test_21_deleteOnWarehousReturnsMismatchResponseWithSchema/run_stderr.log
inventory,super_admin,EvoMaster_inventory_super_admin_faults.java,EvoMaster_inventory_super_admin_faults,test_22_deleteOnWarehousReturnsMismatchResponseWithSchema,False,1,403,/inventory/backoffice/warehouses/{id},DELETE,403,.statusCode(403) .assertThat(),5,".delete(baseUrlOfSut + ""/inventory/backoffice/warehouses/267"")",,,faults,/home/azureuser/yas/evomaster-config/generated-tests/blackbox/inventory/super_admin/EvoMaster_inventory_super_admin_faults.java,23,6,True,0,,0,0,,100.0,0,0,0,0,0,0,False,,/home/azureuser/yas/evomaster-config/runtime-logs/classes/inventory/super_admin/EvoMaster_inventory_super_admin_faults,/home/azureuser/yas/evomaster-config/runtime-logs/classes/inventory/super_admin/EvoMaster_inventory_super_admin_faults/compile.log,/home/azureuser/yas/evomaster-config/runtime-logs/classes/inventory/super_admin/EvoMaster_inventory_super_admin_faults/compile_stdout.log,/home/azureuser/yas/evomaster-config/runtime-logs/classes/inventory/super_admin/EvoMaster_inventory_super_admin_faults/compile_stderr.log,True,True,0,,0,False,14.55,11.7,162.0,,/home/azureuser/yas/evomaster-config/runtime-logs/methods/inventory/super_admin/EvoMaster_inventory_super_admin_faults/test_22_deleteOnWarehousReturnsMismatchResponseWithSchema,/home/azureuser/yas/evomaster-config/runtime-logs/methods/inventory/super_admin/EvoMaster_inventory_super_admin_faults/test_22_deleteOnWarehousReturnsMismatchResponseWithSchema/run.log,/home/azureuser/yas/evomaster-config/runtime-logs/methods/inventory/super_admin/EvoMaster_inventory_super_admin_faults/test_22_deleteOnWarehousReturnsMismatchResponseWithSchema/run_stdout.log,/home/azureuser/yas/evomaster-config/runtime-logs/methods/inventory/super_admin/EvoMaster_inventory_super_admin_faults/test_22_deleteOnWarehousReturnsMismatchResponseWithSchema/run_stderr.log
inventory,user,EvoMaster_inventory_user_faults.java,EvoMaster_inventory_user_faults,test_19_deleteOnWarehousReturnsMismatchResponseWithSchema,False,1,403,/inventory/backoffice/warehouses/{id},DELETE,403,.statusCode(403) .assertThat(),2,".delete(baseUrlOfSut + ""/inventory/backoffice/warehouses/484"")",,".header(""Authorization"", ""Bearer eyJhbGciOiJSUzI1NiIsInR5cCIgOiAiSldUIiwia2lkIiA6ICJSclRUNWtBOHhIS3N0YWFSMmh1YTRpT0RpcFE4ek9pcjFrNGZOM3RxNFNVIn0.eyJleHAiOjE3Nzc4NjU4NDMsImlhdCI6MTc3Nzg2MjI0MywianRpIjoiMjU4OGMwNjUtYjhkOS00NzU4LWFlYzUtMDIxYTQ4NzZmZjJmIiwiaXNzIjoiaHR0cDovL2lkZW50aXR5L3JlYWxtcy9ZYXMiLCJzdWIiOiIwMTEzZmQyNy1hMDllLTQ3MjItYjFlNS01MDA3ZjU4ZjUyODgiLCJ0eXAiOiJCZWFyZXIiLCJhenAiOiJiYWNrb2ZmaWNlLWJmZiIsInNpZCI6IjVlNTM5YTgwLTI4OWEtNGE4OS05OGZlLTdmYzhmODhlMDRiZSIsInJlYWxtX2FjY2VzcyI6eyJyb2xlcyI6WyJVU0VSIl19LCJzY29wZSI6ImVtYWlsIHByb2ZpbGUiLCJlbWFpbF92ZXJpZmllZCI6ZmFsc2UsInByZWZlcnJlZF91c2VybmFtZSI6InVzZXJfcm9sZSJ9.n5ajrWXfYP4MwGwDb2geG64HykKHDhJojocXS2N37gtUgeAN4vUIreGQTG5jfRGLqwvbPOIUvfjIRZrCXp2ICPTzC0enT5sAsUE8_zd12sMyeCtuXEbyaHEW5L8d4YAKfx-tyoGaFy0K6P5X1F433aqAT7CLTPhs0fyqSIoPGIrPR7P5b3B6Fgpz2sdNiXFJwbHx2AbCrJwUJ8KTR43CxWejn1-1B7heNDeLERdLA7U_IvMB4x5d57lWHbkQKF0WgensPKgp3x3SgW7w-qRIw0dKEvgzvYaq4OE7GE0K_8kkHHcx-p6Tg7QhAeHBBbfDGwQJfbLBoute0XtKe51QwQ"")",faults,/home/azureuser/yas/evomaster-config/generated-tests/blackbox/inventory/user/EvoMaster_inventory_user_faults.java,23,6,True,0,,0,0,,100.0,0,0,0,0,0,0,False,,/home/azureuser/yas/evomaster-config/runtime-logs/classes/inventory/user/EvoMaster_inventory_user_faults,/home/azureuser/yas/evomaster-config/runtime-logs/classes/inventory/user/EvoMaster_inventory_user_faults/compile.log,/home/azureuser/yas/evomaster-config/runtime-logs/classes/inventory/user/EvoMaster_inventory_user_faults/compile_stdout.log,/home/azureuser/yas/evomaster-config/runtime-logs/classes/inventory/user/EvoMaster_inventory_user_faults/compile_stderr.log,True,True,0,,0,False,12.54,11.36,161.79,,/home/azureuser/yas/evomaster-config/runtime-logs/methods/inventory/user/EvoMaster_inventory_user_faults/test_19_deleteOnWarehousReturnsMismatchResponseWithSchema,/home/azureuser/yas/evomaster-config/runtime-logs/methods/inventory/user/EvoMaster_inventory_user_faults/test_19_deleteOnWarehousReturnsMismatchResponseWithSchema/run.log,/home/azureuser/yas/evomaster-config/runtime-logs/methods/inventory/user/EvoMaster_inventory_user_faults/test_19_deleteOnWarehousReturnsMismatchResponseWithSchema/run_stdout.log,/home/azureuser/yas/evomaster-config/runtime-logs/methods/inventory/user/EvoMaster_inventory_user_faults/test_19_deleteOnWarehousReturnsMismatchResponseWithSchema/run_stderr.log
inventory,user,EvoMaster_inventory_user_faults.java,EvoMaster_inventory_user_faults,test_20_deleteOnWarehousReturnsMismatchResponseWithSchema,False,1,403,/inventory/backoffice/warehouses/{id},DELETE,403,.statusCode(403) .assertThat(),5,".delete(baseUrlOfSut + ""/inventory/backoffice/warehouses/893"")",,,faults,/home/azureuser/yas/evomaster-config/generated-tests/blackbox/inventory/user/EvoMaster_inventory_user_faults.java,23,6,True,0,,0,0,,100.0,0,0,0,0,0,0,False,,/home/azureuser/yas/evomaster-config/runtime-logs/classes/inventory/user/EvoMaster_inventory_user_faults,/home/azureuser/yas/evomaster-config/runtime-logs/classes/inventory/user/EvoMaster_inventory_user_faults/compile.log,/home/azureuser/yas/evomaster-config/runtime-logs/classes/inventory/user/EvoMaster_inventory_user_faults/compile_stdout.log,/home/azureuser/yas/evomaster-config/runtime-logs/classes/inventory/user/EvoMaster_inventory_user_faults/compile_stderr.log,True,True,0,,0,False,14.05,11.52,159.64,,/home/azureuser/yas/evomaster-config/runtime-logs/methods/inventory/user/EvoMaster_inventory_user_faults/test_20_deleteOnWarehousReturnsMismatchResponseWithSchema,/home/azureuser/yas/evomaster-config/runtime-logs/methods/inventory/user/EvoMaster_inventory_user_faults/test_20_deleteOnWarehousReturnsMismatchResponseWithSchema/run.log,/home/azureuser/yas/evomaster-config/runtime-logs/methods/inventory/user/EvoMaster_inventory_user_faults/test_20_deleteOnWarehousReturnsMismatchResponseWithSchema/run_stdout.log,/home/azureuser/yas/evomaster-config/runtime-logs/methods/inventory/user/EvoMaster_inventory_user_faults/test_20_deleteOnWarehousReturnsMismatchResponseWithSchema/run_stderr.log
location,admin_only,EvoMaster_location_admin_only_faults.java,EvoMaster_location_admin_only_faults,test_15_putOnState_or_provincReturnsMismatchResponseWithSchema,False,1,403,/location/backoffice/state-or-provinces/{id},PUT,403,.statusCode(403) .assertThat(),5,".put(baseUrlOfSut + ""/location/backoffice/state-or-provinces/769"")",".body("" { "" + 
                    "" \""code\"" : \""Tl_jd1vKjdN9\"", "" + 
                    "" \""countryId\"" : -727007570 "" + 
                    "" } "")",,faults,/home/azureuser/yas/evomaster-config/generated-tests/blackbox/location/admin_only/EvoMaster_location_admin_only_faults.java,23,6,True,0,,0,0,,100.0,0,0,0,0,0,0,False,,/home/azureuser/yas/evomaster-config/runtime-logs/classes/location/admin_only/EvoMaster_location_admin_only_faults,/home/azureuser/yas/evomaster-config/runtime-logs/classes/location/admin_only/EvoMaster_location_admin_only_faults/compile.log,/home/azureuser/yas/evomaster-config/runtime-logs/classes/location/admin_only/EvoMaster_location_admin_only_faults/compile_stdout.log,/home/azureuser/yas/evomaster-config/runtime-logs/classes/location/admin_only/EvoMaster_location_admin_only_faults/compile_stderr.log,True,True,0,,0,False,14.6,11.22,160.25,,/home/azureuser/yas/evomaster-config/runtime-logs/methods/location/admin_only/EvoMaster_location_admin_only_faults/test_15_putOnState_or_provincReturnsMismatchResponseWithSchema,/home/azureuser/yas/evomaster-config/runtime-logs/methods/location/admin_only/EvoMaster_location_admin_only_faults/test_15_putOnState_or_provincReturnsMismatchResponseWithSchema/run.log,/home/azureuser/yas/evomaster-config/runtime-logs/methods/location/admin_only/EvoMaster_location_admin_only_faults/test_15_putOnState_or_provincReturnsMismatchResponseWithSchema/run_stdout.log,/home/azureuser/yas/evomaster-config/runtime-logs/methods/location/admin_only/EvoMaster_location_admin_only_faults/test_15_putOnState_or_provincReturnsMismatchResponseWithSchema/run_stderr.log
location,admin_only,EvoMaster_location_admin_only_others.java,EvoMaster_location_admin_only_others,test_5_putOnState_or_provincReturns404,False,1,404,/location/backoffice/state-or-provinces/{id},PUT,404,.statusCode(404) .assertThat(),6,".put(baseUrlOfSut + ""/location/backoffice/state-or-provinces/-4210518009314191420"")",".body("" { "" + 
                    "" \""name\"" : \""6sdb7DKUbVICFHo\"" "" + 
                    "" } "")",".header(""Authorization"", ""Bearer eyJhbGciOiJSUzI1NiIsInR5cCIgOiAiSldUIiwia2lkIiA6ICJSclRUNWtBOHhIS3N0YWFSMmh1YTRpT0RpcFE4ek9pcjFrNGZOM3RxNFNVIn0.eyJleHAiOjE3Nzc4NjU4MzMsImlhdCI6MTc3Nzg2MjIzMywianRpIjoiMDZjMTE0ZGMtNmMxZS00YmIxLTg0YTYtNTJhNjVkYzk2OGVkIiwiaXNzIjoiaHR0cDovL2lkZW50aXR5L3JlYWxtcy9ZYXMiLCJzdWIiOiJlY2RlODFiYy00MTgwLTQ2ZWMtOTBlZi02NmIxNDVkOWQyMmMiLCJ0eXAiOiJCZWFyZXIiLCJhenAiOiJiYWNrb2ZmaWNlLWJmZiIsInNpZCI6IjJjZWVmNTRmLWRkMTUtNDI3OS1iOTc3LTZjOWYzM2MyN2I5MyIsInJlYWxtX2FjY2VzcyI6eyJyb2xlcyI6WyJBRE1JTiJdfSwic2NvcGUiOiJlbWFpbCBwcm9maWxlIiwiZW1haWxfdmVyaWZpZWQiOmZhbHNlLCJwcmVmZXJyZWRfdXNlcm5hbWUiOiJhZG1pbl9vbmx5In0.iX2nNIj4JhUnHQZr_yCZy8nOXHQ5MwmUaYyvc2ArxUv7yzYc0eWvtX-lWesxw6BlIrZpLy_FRGXbrSBJcruSdcZ6f5IOBtRErD7eT6lEHbH5O5oAOdn5kXH51JhaYngQF_XBRydoPswQwPTMLRAW8BdWK6UpOPNazz8qZkFC_tLxEek78ENHlYsFRf4Bre_JU6zHc0x6LdkBf2mu3XePvnSyp8PAQwPhfsKq3zwXDs6JGP4XJEMrBPYa6C1ekIFE93nDI3dhfb-7vOwwYlwwRw83PwoY36hzNNaVrLV25ldTl493sX3QE9e_TkNKlYEdUw-uB0KNUulDvVG3uwkc2Q"")",others,/home/azureuser/yas/evomaster-config/generated-tests/blackbox/location/admin_only/EvoMaster_location_admin_only_others.java,23,6,True,0,,0,0,,100.0,0,0,0,0,0,0,False,,/home/azureuser/yas/evomaster-config/runtime-logs/classes/location/admin_only/EvoMaster_location_admin_only_others,/home/azureuser/yas/evomaster-config/runtime-logs/classes/location/admin_only/EvoMaster_location_admin_only_others/compile.log,/home/azureuser/yas/evomaster-config/runtime-logs/classes/location/admin_only/EvoMaster_location_admin_only_others/compile_stdout.log,/home/azureuser/yas/evomaster-config/runtime-logs/classes/location/admin_only/EvoMaster_location_admin_only_others/compile_stderr.log,True,True,0,,0,False,14.04,10.97,162.91,,/home/azureuser/yas/evomaster-config/runtime-logs/methods/location/admin_only/EvoMaster_location_admin_only_others/test_5_putOnState_or_provincReturns404,/home/azureuser/yas/evomaster-config/runtime-logs/methods/location/admin_only/EvoMaster_location_admin_only_others/test_5_putOnState_or_provincReturns404/run.log,/home/azureuser/yas/evomaster-config/runtime-logs/methods/location/admin_only/EvoMaster_location_admin_only_others/test_5_putOnState_or_provincReturns404/run_stdout.log,/home/azureuser/yas/evomaster-config/runtime-logs/methods/location/admin_only/EvoMaster_location_admin_only_others/test_5_putOnState_or_provincReturns404/run_stderr.log
location,customer,EvoMaster_location_customer_faults.java,EvoMaster_location_customer_faults,test_23_putOnState_or_provincReturnsMismatchResponseWithSchema,False,1,403,/location/backoffice/state-or-provinces/{id},PUT,403,.statusCode(403) .assertThat(),2,".put(baseUrlOfSut + ""/location/backoffice/state-or-provinces/930"")",".body("" { "" + 
                    "" \""name\"" : \""tda8uAL\"", "" + 
                    "" \""code\"" : \""DcE\"", "" + 
                    "" \""type\"" : \""AtFVuAnMp\"" "" + 
                    "" } "")",".header(""Authorization"", ""Bearer eyJhbGciOiJSUzI1NiIsInR5cCIgOiAiSldUIiwia2lkIiA6ICJSclRUNWtBOHhIS3N0YWFSMmh1YTRpT0RpcFE4ek9pcjFrNGZOM3RxNFNVIn0.eyJleHAiOjE3Nzc4NjU4MzgsImlhdCI6MTc3Nzg2MjIzOCwianRpIjoiN2ZhMGIyYmMtY2YxOS00MTllLWI1OTEtZjI1M2U5MTBkZjUwIiwiaXNzIjoiaHR0cDovL2lkZW50aXR5L3JlYWxtcy9ZYXMiLCJzdWIiOiI0Yjg1MzdlZC1mZTg4LTQ3MGQtYmFkNS0wZjQ5Y2E2Zjg5NjAiLCJ0eXAiOiJCZWFyZXIiLCJhenAiOiJiYWNrb2ZmaWNlLWJmZiIsInNpZCI6ImY1YTY3OGY2LTBjNWUtNGIzYy04NzFmLTlkMzNiYzEzY2ZiMiIsInJlYWxtX2FjY2VzcyI6eyJyb2xlcyI6WyJkZWZhdWx0LXJvbGVzLXlhcyIsIm9mZmxpbmVfYWNjZXNzIiwiQ1VTVE9NRVIiLCJ1bWFfYXV0aG9yaXphdGlvbiJdfSwic2NvcGUiOiJlbWFpbCBwcm9maWxlIiwiZW1haWxfdmVyaWZpZWQiOmZhbHNlLCJwcmVmZXJyZWRfdXNlcm5hbWUiOiJ1c2VyIn0.j8pUYKb6ribB9yGTDMPvEinqt1rAoKakbPOD2NZOyldMEEoa6UiAQpbLfy1nnorRH5IuuUHvKl2FUtsqkLlcERdLDSE49ezbxbOU0sFYYLrpM7gM9rJg4TPwoDaSTGE1fTEx_Jsu5S9vs9yeuSJ0KaRLcGjaCPr3vPSahD8dgUl9biajkWjMBnfGLwijR_CedKfQIZhLQNn38rwgN9IddHnzk68AvrbZ1DZHbAAm-ztzCfg9-qoTVNg0CZ39xqzP1677LOG6hLXI8Mb2LLG7Wagjd48aXJdaDuURlmWiZxCXy0sgnteI7Eaq4W1Z9JuoKb1Ponuve9ubCoSjCrd24Q"")",faults,/home/azureuser/yas/evomaster-config/generated-tests/blackbox/location/customer/EvoMaster_location_customer_faults.java,23,6,True,0,,0,0,,100.0,0,0,0,0,0,0,False,,/home/azureuser/yas/evomaster-config/runtime-logs/classes/location/customer/EvoMaster_location_customer_faults,/home/azureuser/yas/evomaster-config/runtime-logs/classes/location/customer/EvoMaster_location_customer_faults/compile.log,/home/azureuser/yas/evomaster-config/runtime-logs/classes/location/customer/EvoMaster_location_customer_faults/compile_stdout.log,/home/azureuser/yas/evomaster-config/runtime-logs/classes/location/customer/EvoMaster_location_customer_faults/compile_stderr.log,True,True,0,,0,False,12.59,11.43,163.57,,/home/azureuser/yas/evomaster-config/runtime-logs/methods/location/customer/EvoMaster_location_customer_faults/test_23_putOnState_or_provincReturnsMismatchResponseWithSchema,/home/azureuser/yas/evomaster-config/runtime-logs/methods/location/customer/EvoMaster_location_customer_faults/test_23_putOnState_or_provincReturnsMismatchResponseWithSchema/run.log,/home/azureuser/yas/evomaster-config/runtime-logs/methods/location/customer/EvoMaster_location_customer_faults/test_23_putOnState_or_provincReturnsMismatchResponseWithSchema/run_stdout.log,/home/azureuser/yas/evomaster-config/runtime-logs/methods/location/customer/EvoMaster_location_customer_faults/test_23_putOnState_or_provincReturnsMismatchResponseWithSchema/run_stderr.log
location,customer,EvoMaster_location_customer_faults.java,EvoMaster_location_customer_faults,test_26_putOnState_or_provincReturnsMismatchResponseWithSchema,False,1,403,/location/backoffice/state-or-provinces/{id},PUT,403,.statusCode(403) .assertThat(),5,".put(baseUrlOfSut + ""/location/backoffice/state-or-provinces/235"")",".body("" { "" + 
                    "" \""type\"" : \""WG\"", "" + 
                    "" \""countryId\"" : 417 "" + 
                    "" } "")",,faults,/home/azureuser/yas/evomaster-config/generated-tests/blackbox/location/customer/EvoMaster_location_customer_faults.java,23,6,True,0,,0,0,,100.0,0,0,0,0,0,0,False,,/home/azureuser/yas/evomaster-config/runtime-logs/classes/location/customer/EvoMaster_location_customer_faults,/home/azureuser/yas/evomaster-config/runtime-logs/classes/location/customer/EvoMaster_location_customer_faults/compile.log,/home/azureuser/yas/evomaster-config/runtime-logs/classes/location/customer/EvoMaster_location_customer_faults/compile_stdout.log,/home/azureuser/yas/evomaster-config/runtime-logs/classes/location/customer/EvoMaster_location_customer_faults/compile_stderr.log,True,True,0,,0,False,14.55,11.78,161.82,,/home/azureuser/yas/evomaster-config/runtime-logs/methods/location/customer/EvoMaster_location_customer_faults/test_26_putOnState_or_provincReturnsMismatchResponseWithSchema,/home/azureuser/yas/evomaster-config/runtime-logs/methods/location/customer/EvoMaster_location_customer_faults/test_26_putOnState_or_provincReturnsMismatchResponseWithSchema/run.log,/home/azureuser/yas/evomaster-config/runtime-logs/methods/location/customer/EvoMaster_location_customer_faults/test_26_putOnState_or_provincReturnsMismatchResponseWithSchema/run_stdout.log,/home/azureuser/yas/evomaster-config/runtime-logs/methods/location/customer/EvoMaster_location_customer_faults/test_26_putOnState_or_provincReturnsMismatchResponseWithSchema/run_stderr.log
location,none,EvoMaster_location_none_faults.java,EvoMaster_location_none_faults,test_14_putOnState_or_provincReturnsMismatchResponseWithSchema,False,1,403,/location/backoffice/state-or-provinces/{id},PUT,403,.statusCode(403) .assertThat(),5,".put(baseUrlOfSut + ""/location/backoffice/state-or-provinces/969"")",".body("" { } "")",,faults,/home/azureuser/yas/evomaster-config/generated-tests/blackbox/location/none/EvoMaster_location_none_faults.java,23,6,True,0,,0,0,,100.0,0,0,0,0,0,0,False,,/home/azureuser/yas/evomaster-config/runtime-logs/classes/location/none/EvoMaster_location_none_faults,/home/azureuser/yas/evomaster-config/runtime-logs/classes/location/none/EvoMaster_location_none_faults/compile.log,/home/azureuser/yas/evomaster-config/runtime-logs/classes/location/none/EvoMaster_location_none_faults/compile_stdout.log,/home/azureuser/yas/evomaster-config/runtime-logs/classes/location/none/EvoMaster_location_none_faults/compile_stderr.log,True,True,0,,0,False,14.04,11.11,158.98,,/home/azureuser/yas/evomaster-config/runtime-logs/methods/location/none/EvoMaster_location_none_faults/test_14_putOnState_or_provincReturnsMismatchResponseWithSchema,/home/azureuser/yas/evomaster-config/runtime-logs/methods/location/none/EvoMaster_location_none_faults/test_14_putOnState_or_provincReturnsMismatchResponseWithSchema/run.log,/home/azureuser/yas/evomaster-config/runtime-logs/methods/location/none/EvoMaster_location_none_faults/test_14_putOnState_or_provincReturnsMismatchResponseWithSchema/run_stdout.log,/home/azureuser/yas/evomaster-config/runtime-logs/methods/location/none/EvoMaster_location_none_faults/test_14_putOnState_or_provincReturnsMismatchResponseWithSchema/run_stderr.log
location,super_admin,EvoMaster_location_super_admin_faults.java,EvoMaster_location_super_admin_faults,test_24_putOnState_or_provincReturnsMismatchResponseWithSchema,False,1,403,/location/backoffice/state-or-provinces/{id},PUT,403,.statusCode(403) .assertThat(),2,".put(baseUrlOfSut + ""/location/backoffice/state-or-provinces/68"")",".body("" { "" + 
                    "" \""type\"" : \""rSFjJCYZ39FoPet\"", "" + 
                    "" \""countryId\"" : 826 "" + 
                    "" } "")",".header(""Authorization"", ""Bearer eyJhbGciOiJSUzI1NiIsInR5cCIgOiAiSldUIiwia2lkIiA6ICJSclRUNWtBOHhIS3N0YWFSMmh1YTRpT0RpcFE4ek9pcjFrNGZOM3RxNFNVIn0.eyJleHAiOjE3Nzc4NjU4MjYsImlhdCI6MTc3Nzg2MjIyNiwianRpIjoiNTQwMDljM2ItZDlhNy00M2NjLTliNGItMTJkY2IxMzI4Y2U1IiwiaXNzIjoiaHR0cDovL2lkZW50aXR5L3JlYWxtcy9ZYXMiLCJzdWIiOiI3MDQyZWE5ZS1hNzg0LTQxZjQtYTkzNi1kOGUxNTk5ODlmZjUiLCJ0eXAiOiJCZWFyZXIiLCJhenAiOiJiYWNrb2ZmaWNlLWJmZiIsInNpZCI6ImRlYzQ1OWI0LWVkYzAtNDNkZi05Y2Y5LWNlYmZkOGIxZmE0MiIsInJlYWxtX2FjY2VzcyI6eyJyb2xlcyI6WyJTVVBFUi1BRE1JTiJdfSwic2NvcGUiOiJlbWFpbCBwcm9maWxlIiwiZW1haWxfdmVyaWZpZWQiOmZhbHNlLCJwcmVmZXJyZWRfdXNlcm5hbWUiOiJzdXBlcl9hZG1pbiJ9.cMqBeXc7gpHgRDzGow5wlUOCetIvbTGQwCUNgnEhWUE0C7OYsspPC9uWV89xq3wK980fU8NgGU9dP6KniCVJTllPk5SzyE2M_BqI4KY65vcKsfGCRsnbo4rVLDsajue2DS29TsEsnIYfnVnXOXQCj5R8_Lq91o9vkeh-BtO3S08lB86VhSL1xYmG0GwaeV7LBGer-L8sLzslYKuM8rgCT9uNiczyn07I92nMxVAXE_BWmoTZDQbQXJZfjvgyeYE3S7c263qC1iLXSR4rBKAcAfmPKE029nzKSvKNq0eLKP6QUqB0bI0p7b0YUYtH2zyUTmwoqFqLnfLkEF_xImgEuw"")",faults,/home/azureuser/yas/evomaster-config/generated-tests/blackbox/location/super_admin/EvoMaster_location_super_admin_faults.java,23,6,True,0,,0,0,,100.0,0,0,0,0,0,0,False,,/home/azureuser/yas/evomaster-config/runtime-logs/classes/location/super_admin/EvoMaster_location_super_admin_faults,/home/azureuser/yas/evomaster-config/runtime-logs/classes/location/super_admin/EvoMaster_location_super_admin_faults/compile.log,/home/azureuser/yas/evomaster-config/runtime-logs/classes/location/super_admin/EvoMaster_location_super_admin_faults/compile_stdout.log,/home/azureuser/yas/evomaster-config/runtime-logs/classes/location/super_admin/EvoMaster_location_super_admin_faults/compile_stderr.log,True,True,0,,0,False,13.05,11.55,167.23,,/home/azureuser/yas/evomaster-config/runtime-logs/methods/location/super_admin/EvoMaster_location_super_admin_faults/test_24_putOnState_or_provincReturnsMismatchResponseWithSchema,/home/azureuser/yas/evomaster-config/runtime-logs/methods/location/super_admin/EvoMaster_location_super_admin_faults/test_24_putOnState_or_provincReturnsMismatchResponseWithSchema/run.log,/home/azureuser/yas/evomaster-config/runtime-logs/methods/location/super_admin/EvoMaster_location_super_admin_faults/test_24_putOnState_or_provincReturnsMismatchResponseWithSchema/run_stdout.log,/home/azureuser/yas/evomaster-config/runtime-logs/methods/location/super_admin/EvoMaster_location_super_admin_faults/test_24_putOnState_or_provincReturnsMismatchResponseWithSchema/run_stderr.log
location,super_admin,EvoMaster_location_super_admin_faults.java,EvoMaster_location_super_admin_faults,test_27_putOnState_or_provincReturnsMismatchResponseWithSchema,False,1,403,/location/backoffice/state-or-provinces/{id},PUT,403,.statusCode(403) .assertThat(),5,".put(baseUrlOfSut + ""/location/backoffice/state-or-provinces/260"")",".body("" { "" + 
                    "" \""code\"" : \""cjrIZ86lDE\"", "" + 
                    "" \""type\"" : \""L7QaMz_DBPYxmf\"" "" + 
                    "" } "")",,faults,/home/azureuser/yas/evomaster-config/generated-tests/blackbox/location/super_admin/EvoMaster_location_super_admin_faults.java,23,6,True,0,,0,0,,100.0,0,0,0,0,0,0,False,,/home/azureuser/yas/evomaster-config/runtime-logs/classes/location/super_admin/EvoMaster_location_super_admin_faults,/home/azureuser/yas/evomaster-config/runtime-logs/classes/location/super_admin/EvoMaster_location_super_admin_faults/compile.log,/home/azureuser/yas/evomaster-config/runtime-logs/classes/location/super_admin/EvoMaster_location_super_admin_faults/compile_stdout.log,/home/azureuser/yas/evomaster-config/runtime-logs/classes/location/super_admin/EvoMaster_location_super_admin_faults/compile_stderr.log,True,True,0,,0,False,14.55,11.77,161.9,,/home/azureuser/yas/evomaster-config/runtime-logs/methods/location/super_admin/EvoMaster_location_super_admin_faults/test_27_putOnState_or_provincReturnsMismatchResponseWithSchema,/home/azureuser/yas/evomaster-config/runtime-logs/methods/location/super_admin/EvoMaster_location_super_admin_faults/test_27_putOnState_or_provincReturnsMismatchResponseWithSchema/run.log,/home/azureuser/yas/evomaster-config/runtime-logs/methods/location/super_admin/EvoMaster_location_super_admin_faults/test_27_putOnState_or_provincReturnsMismatchResponseWithSchema/run_stdout.log,/home/azureuser/yas/evomaster-config/runtime-logs/methods/location/super_admin/EvoMaster_location_super_admin_faults/test_27_putOnState_or_provincReturnsMismatchResponseWithSchema/run_stderr.log
location,user,EvoMaster_location_user_faults.java,EvoMaster_location_user_faults,test_23_putOnState_or_provincReturnsMismatchResponseWithSchema,False,1,403,/location/backoffice/state-or-provinces/{id},PUT,403,.statusCode(403) .assertThat(),2,".put(baseUrlOfSut + ""/location/backoffice/state-or-provinces/967"")",".body("" { } "")",".header(""Authorization"", ""Bearer eyJhbGciOiJSUzI1NiIsInR5cCIgOiAiSldUIiwia2lkIiA6ICJSclRUNWtBOHhIS3N0YWFSMmh1YTRpT0RpcFE4ek9pcjFrNGZOM3RxNFNVIn0.eyJleHAiOjE3Nzc4NjU4NDMsImlhdCI6MTc3Nzg2MjI0MywianRpIjoiMjU4OGMwNjUtYjhkOS00NzU4LWFlYzUtMDIxYTQ4NzZmZjJmIiwiaXNzIjoiaHR0cDovL2lkZW50aXR5L3JlYWxtcy9ZYXMiLCJzdWIiOiIwMTEzZmQyNy1hMDllLTQ3MjItYjFlNS01MDA3ZjU4ZjUyODgiLCJ0eXAiOiJCZWFyZXIiLCJhenAiOiJiYWNrb2ZmaWNlLWJmZiIsInNpZCI6IjVlNTM5YTgwLTI4OWEtNGE4OS05OGZlLTdmYzhmODhlMDRiZSIsInJlYWxtX2FjY2VzcyI6eyJyb2xlcyI6WyJVU0VSIl19LCJzY29wZSI6ImVtYWlsIHByb2ZpbGUiLCJlbWFpbF92ZXJpZmllZCI6ZmFsc2UsInByZWZlcnJlZF91c2VybmFtZSI6InVzZXJfcm9sZSJ9.n5ajrWXfYP4MwGwDb2geG64HykKHDhJojocXS2N37gtUgeAN4vUIreGQTG5jfRGLqwvbPOIUvfjIRZrCXp2ICPTzC0enT5sAsUE8_zd12sMyeCtuXEbyaHEW5L8d4YAKfx-tyoGaFy0K6P5X1F433aqAT7CLTPhs0fyqSIoPGIrPR7P5b3B6Fgpz2sdNiXFJwbHx2AbCrJwUJ8KTR43CxWejn1-1B7heNDeLERdLA7U_IvMB4x5d57lWHbkQKF0WgensPKgp3x3SgW7w-qRIw0dKEvgzvYaq4OE7GE0K_8kkHHcx-p6Tg7QhAeHBBbfDGwQJfbLBoute0XtKe51QwQ"")",faults,/home/azureuser/yas/evomaster-config/generated-tests/blackbox/location/user/EvoMaster_location_user_faults.java,23,6,True,0,,0,0,,100.0,0,0,0,0,0,0,False,,/home/azureuser/yas/evomaster-config/runtime-logs/classes/location/user/EvoMaster_location_user_faults,/home/azureuser/yas/evomaster-config/runtime-logs/classes/location/user/EvoMaster_location_user_faults/compile.log,/home/azureuser/yas/evomaster-config/runtime-logs/classes/location/user/EvoMaster_location_user_faults/compile_stdout.log,/home/azureuser/yas/evomaster-config/runtime-logs/classes/location/user/EvoMaster_location_user_faults/compile_stderr.log,True,True,0,,0,False,12.54,11.01,165.52,,/home/azureuser/yas/evomaster-config/runtime-logs/methods/location/user/EvoMaster_location_user_faults/test_23_putOnState_or_provincReturnsMismatchResponseWithSchema,/home/azureuser/yas/evomaster-config/runtime-logs/methods/location/user/EvoMaster_location_user_faults/test_23_putOnState_or_provincReturnsMismatchResponseWithSchema/run.log,/home/azureuser/yas/evomaster-config/runtime-logs/methods/location/user/EvoMaster_location_user_faults/test_23_putOnState_or_provincReturnsMismatchResponseWithSchema/run_stdout.log,/home/azureuser/yas/evomaster-config/runtime-logs/methods/location/user/EvoMaster_location_user_faults/test_23_putOnState_or_provincReturnsMismatchResponseWithSchema/run_stderr.log
location,user,EvoMaster_location_user_faults.java,EvoMaster_location_user_faults,test_26_putOnState_or_provincReturnsMismatchResponseWithSchema,False,1,403,/location/backoffice/state-or-provinces/{id},PUT,403,.statusCode(403) .assertThat(),5,".put(baseUrlOfSut + ""/location/backoffice/state-or-provinces/60"")",".body("" { "" + 
                    "" \""name\"" : \""TN4ADkqJn7FOvZ\"", "" + 
                    "" \""code\"" : \""JhzkG5cdo\"", "" + 
                    "" \""countryId\"" : 557 "" + 
                    "" } "")",,faults,/home/azureuser/yas/evomaster-config/generated-tests/blackbox/location/user/EvoMaster_location_user_faults.java,23,6,True,0,,0,0,,100.0,0,0,0,0,0,0,False,,/home/azureuser/yas/evomaster-config/runtime-logs/classes/location/user/EvoMaster_location_user_faults,/home/azureuser/yas/evomaster-config/runtime-logs/classes/location/user/EvoMaster_location_user_faults/compile.log,/home/azureuser/yas/evomaster-config/runtime-logs/classes/location/user/EvoMaster_location_user_faults/compile_stdout.log,/home/azureuser/yas/evomaster-config/runtime-logs/classes/location/user/EvoMaster_location_user_faults/compile_stderr.log,True,True,0,,0,False,14.05,11.0,149.79,,/home/azureuser/yas/evomaster-config/runtime-logs/methods/location/user/EvoMaster_location_user_faults/test_26_putOnState_or_provincReturnsMismatchResponseWithSchema,/home/azureuser/yas/evomaster-config/runtime-logs/methods/location/user/EvoMaster_location_user_faults/test_26_putOnState_or_provincReturnsMismatchResponseWithSchema/run.log,/home/azureuser/yas/evomaster-config/runtime-logs/methods/location/user/EvoMaster_location_user_faults/test_26_putOnState_or_provincReturnsMismatchResponseWithSchema/run_stdout.log,/home/azureuser/yas/evomaster-config/runtime-logs/methods/location/user/EvoMaster_location_user_faults/test_26_putOnState_or_provincReturnsMismatchResponseWithSchema/run_stderr.log
product,admin_only,EvoMaster_product_admin_only_faults.java,EvoMaster_product_admin_only_faults,test_2_postOnProductsShowsFaults_100_101,False,1,500,/product/backoffice/products,POST,500,.statusCode(500) .assertThat(),6,".post(baseUrlOfSut + ""/product/backoffice/products"")",".body("" { "" + 
                    "" \""name\"" : \""xV\"", "" + 
                    "" \""slug\"" : \""dwBElu7EDe\"", "" + 
                    "" \""brandId\"" : 26, "" + 
                    "" \""categoryIds\"" : [ 382, 239, 537, 421, -3214189780592198791 ], "" + 
                    "" \""description\"" : \""rARG_d5wBtkmh\"", "" + 
                    "" \""gtin\"" : \""_g4KMUsifV\"", "" + 
                    "" \""dimensionUnit\"" : \""CM\"", "" + 
                    "" \""length\"" : -2.539750659147807E7, "" + 
                    "" \""price\"" : 1.1190239263596287E9, "" + 
                    "" \""isAllowedToOrder\"" : true, "" + 
                    "" \""isPublished\"" : true, "" + 
                    "" \""isVisibleIndividually\"" : false, "" + 
                    "" \""metaTitle\"" : \""1x\"", "" + 
                    "" \""metaKeyword\"" : \""\"", "" + 
                    "" \""productImageIds\"" : [ ], "" + 
                    "" \""variations\"" : [ { "" + 
                    "" \""sku\"" : \""z5PGHS\"", "" + 
                    "" \""price\"" : -1.9524863228195667E9, "" + 
                    "" \""optionValuesByOptionId\"" : { "" + 
                    "" \""AMnINyteJihv\"" : \""xcMmCLvoL\"", "" + 
                    "" \""TbhNR7d1L9ZIggB\"" : \""\"", "" + 
                    "" \""HxTOxW_ydBV5Z\"" : \""ALZbPqE\"", "" + 
                    "" \""X4YzMqcoFz2Lzbe\"" : \""N\"", "" + 
                    "" \""7qfIAOINC1\"" : \""0HcaOVWb8\"" "" + 
                    "" } "" + 
                    "" }, { "" + 
                    "" \""price\"" : 6.6408922668677054E7, "" + 
                    "" \""thumbnailMediaId\"" : 3560120525998298530 "" + 
                    "" }, { "" + 
                    "" \""price\"" : 1.2119293044206027E7, "" + 
                    "" \""thumbnailMediaId\"" : 3576077526437758283, "" + 
                    "" \""optionValuesByOptionId\"" : { "" + 
                    "" \""B8e0CYvLW8gpVeOk\"" : \""HNUzo\"", "" + 
                    "" \""VLw2H8\"" : \""Syb\"", "" + 
                    "" \""24FSswiy37aIKr6\"" : \""z0Rbc8C\"", "" + 
                    "" \""\"" : \""ManCmXawsBC\"", "" + 
                    "" \""fSap5cmGjIO664\"" : \""QM85FrX\"" "" + 
                    "" } "" + 
                    "" } ], "" + 
                    "" \""productOptionValues\"" : [ { "" + 
                    "" \""displayType\"" : \""\"", "" + 
                    "" \""value\"" : [ \""kA7w\"", \""0\"", \""\"", \""jr_Bx9rH\"", \""arTwS3sccc5OZRUk\"" ] "" + 
                    "" }, { "" + 
                    "" \""productOptionId\"" : 824 "" + 
                    "" } ] "" + 
                    "" } "")",".header(""Authorization"", ""Bearer eyJhbGciOiJSUzI1NiIsInR5cCIgOiAiSldUIiwia2lkIiA6ICJSclRUNWtBOHhIS3N0YWFSMmh1YTRpT0RpcFE4ek9pcjFrNGZOM3RxNFNVIn0.eyJleHAiOjE3Nzc4NjU4MzMsImlhdCI6MTc3Nzg2MjIzMywianRpIjoiMDZjMTE0ZGMtNmMxZS00YmIxLTg0YTYtNTJhNjVkYzk2OGVkIiwiaXNzIjoiaHR0cDovL2lkZW50aXR5L3JlYWxtcy9ZYXMiLCJzdWIiOiJlY2RlODFiYy00MTgwLTQ2ZWMtOTBlZi02NmIxNDVkOWQyMmMiLCJ0eXAiOiJCZWFyZXIiLCJhenAiOiJiYWNrb2ZmaWNlLWJmZiIsInNpZCI6IjJjZWVmNTRmLWRkMTUtNDI3OS1iOTc3LTZjOWYzM2MyN2I5MyIsInJlYWxtX2FjY2VzcyI6eyJyb2xlcyI6WyJBRE1JTiJdfSwic2NvcGUiOiJlbWFpbCBwcm9maWxlIiwiZW1haWxfdmVyaWZpZWQiOmZhbHNlLCJwcmVmZXJyZWRfdXNlcm5hbWUiOiJhZG1pbl9vbmx5In0.iX2nNIj4JhUnHQZr_yCZy8nOXHQ5MwmUaYyvc2ArxUv7yzYc0eWvtX-lWesxw6BlIrZpLy_FRGXbrSBJcruSdcZ6f5IOBtRErD7eT6lEHbH5O5oAOdn5kXH51JhaYngQF_XBRydoPswQwPTMLRAW8BdWK6UpOPNazz8qZkFC_tLxEek78ENHlYsFRf4Bre_JU6zHc0x6LdkBf2mu3XePvnSyp8PAQwPhfsKq3zwXDs6JGP4XJEMrBPYa6C1ekIFE93nDI3dhfb-7vOwwYlwwRw83PwoY36hzNNaVrLV25ldTl493sX3QE9e_TkNKlYEdUw-uB0KNUulDvVG3uwkc2Q"")",faults,/home/azureuser/yas/evomaster-config/generated-tests/blackbox/product/admin_only/EvoMaster_product_admin_only_faults.java,23,6,True,0,,0,0,,100.0,0,0,0,0,0,0,False,,/home/azureuser/yas/evomaster-config/runtime-logs/classes/product/admin_only/EvoMaster_product_admin_only_faults,/home/azureuser/yas/evomaster-config/runtime-logs/classes/product/admin_only/EvoMaster_product_admin_only_faults/compile.log,/home/azureuser/yas/evomaster-config/runtime-logs/classes/product/admin_only/EvoMaster_product_admin_only_faults/compile_stdout.log,/home/azureuser/yas/evomaster-config/runtime-logs/classes/product/admin_only/EvoMaster_product_admin_only_faults/compile_stderr.log,True,True,0,,0,False,14.04,11.33,156.45,,/home/azureuser/yas/evomaster-config/runtime-logs/methods/product/admin_only/EvoMaster_product_admin_only_faults/test_2_postOnProductsShowsFaults_100_101,/home/azureuser/yas/evomaster-config/runtime-logs/methods/product/admin_only/EvoMaster_product_admin_only_faults/test_2_postOnProductsShowsFaults_100_101/run.log,/home/azureuser/yas/evomaster-config/runtime-logs/methods/product/admin_only/EvoMaster_product_admin_only_faults/test_2_postOnProductsShowsFaults_100_101/run_stdout.log,/home/azureuser/yas/evomaster-config/runtime-logs/methods/product/admin_only/EvoMaster_product_admin_only_faults/test_2_postOnProductsShowsFaults_100_101/run_stderr.log
product,customer,EvoMaster_product_customer_faults.java,EvoMaster_product_customer_faults,test_15_postOnProductsReturnsMismatchResponseWithSchema,False,1,403,/product/backoffice/products,POST,403,.statusCode(403) .assertThat(),2,".post(baseUrlOfSut + ""/product/backoffice/products"")",".body("" { "" + 
                    "" \""name\"" : \""Y9xcd\"", "" + 
                    "" \""slug\"" : \""3gP3WY7mWpmzkY\"", "" + 
                    "" \""brandId\"" : 14, "" + 
                    "" \""shortDescription\"" : \""16m1ZaUdWu\"", "" + 
                    "" \""description\"" : \""5_Ut7c\"", "" + 
                    "" \""specification\"" : \""JKJ\"", "" + 
                    "" \""weight\"" : -1.1627061131784952E9, "" + 
                    "" \""dimensionUnit\"" : \""INCH\"", "" + 
                    "" \""height\"" : -1.6184422716810462E8, "" + 
                    "" \""price\"" : -1.135762289546691E9, "" + 
                    "" \""isAllowedToOrder\"" : false, "" + 
                    "" \""isPublished\"" : true, "" + 
                    "" \""isVisibleIndividually\"" : false, "" + 
                    "" \""metaDescription\"" : \""QQpN9KosbSgvlmdz\"", "" + 
                    "" \""thumbnailMediaId\"" : 584, "" + 
                    "" \""productImageIds\"" : [ 651 ], "" + 
                    "" \""variations\"" : [ ], "" + 
                    "" \""productOptionValues\"" : [ { "" + 
                    "" \""productOptionId\"" : 515, "" + 
                    "" \""displayType\"" : \""6bUoLeqiHiLDw7\"", "" + 
                    "" \""displayOrder\"" : 582, "" + 
                    "" \""value\"" : [ \""0zFCciw3n\"", \""pUnc5XMFDhZt\"", \""XRTiDrt\"", \""HBuQM6\"", \""\"" ] "" + 
                    "" } ], "" + 
                    "" \""relatedProductIds\"" : [ 382, 1754684470798742474 ], "" + 
                    "" \""taxClassId\"" : 625 "" + 
                    "" } "")",".header(""Authorization"", ""Bearer eyJhbGciOiJSUzI1NiIsInR5cCIgOiAiSldUIiwia2lkIiA6ICJSclRUNWtBOHhIS3N0YWFSMmh1YTRpT0RpcFE4ek9pcjFrNGZOM3RxNFNVIn0.eyJleHAiOjE3Nzc4NjU4MzgsImlhdCI6MTc3Nzg2MjIzOCwianRpIjoiN2ZhMGIyYmMtY2YxOS00MTllLWI1OTEtZjI1M2U5MTBkZjUwIiwiaXNzIjoiaHR0cDovL2lkZW50aXR5L3JlYWxtcy9ZYXMiLCJzdWIiOiI0Yjg1MzdlZC1mZTg4LTQ3MGQtYmFkNS0wZjQ5Y2E2Zjg5NjAiLCJ0eXAiOiJCZWFyZXIiLCJhenAiOiJiYWNrb2ZmaWNlLWJmZiIsInNpZCI6ImY1YTY3OGY2LTBjNWUtNGIzYy04NzFmLTlkMzNiYzEzY2ZiMiIsInJlYWxtX2FjY2VzcyI6eyJyb2xlcyI6WyJkZWZhdWx0LXJvbGVzLXlhcyIsIm9mZmxpbmVfYWNjZXNzIiwiQ1VTVE9NRVIiLCJ1bWFfYXV0aG9yaXphdGlvbiJdfSwic2NvcGUiOiJlbWFpbCBwcm9maWxlIiwiZW1haWxfdmVyaWZpZWQiOmZhbHNlLCJwcmVmZXJyZWRfdXNlcm5hbWUiOiJ1c2VyIn0.j8pUYKb6ribB9yGTDMPvEinqt1rAoKakbPOD2NZOyldMEEoa6UiAQpbLfy1nnorRH5IuuUHvKl2FUtsqkLlcERdLDSE49ezbxbOU0sFYYLrpM7gM9rJg4TPwoDaSTGE1fTEx_Jsu5S9vs9yeuSJ0KaRLcGjaCPr3vPSahD8dgUl9biajkWjMBnfGLwijR_CedKfQIZhLQNn38rwgN9IddHnzk68AvrbZ1DZHbAAm-ztzCfg9-qoTVNg0CZ39xqzP1677LOG6hLXI8Mb2LLG7Wagjd48aXJdaDuURlmWiZxCXy0sgnteI7Eaq4W1Z9JuoKb1Ponuve9ubCoSjCrd24Q"")",faults,/home/azureuser/yas/evomaster-config/generated-tests/blackbox/product/customer/EvoMaster_product_customer_faults.java,23,6,True,0,,0,0,,100.0,0,0,0,0,0,0,False,,/home/azureuser/yas/evomaster-config/runtime-logs/classes/product/customer/EvoMaster_product_customer_faults,/home/azureuser/yas/evomaster-config/runtime-logs/classes/product/customer/EvoMaster_product_customer_faults/compile.log,/home/azureuser/yas/evomaster-config/runtime-logs/classes/product/customer/EvoMaster_product_customer_faults/compile_stdout.log,/home/azureuser/yas/evomaster-config/runtime-logs/classes/product/customer/EvoMaster_product_customer_faults/compile_stderr.log,True,True,0,,0,False,13.05,11.82,174.58,,/home/azureuser/yas/evomaster-config/runtime-logs/methods/product/customer/EvoMaster_product_customer_faults/test_15_postOnProductsReturnsMismatchResponseWithSchema,/home/azureuser/yas/evomaster-config/runtime-logs/methods/product/customer/EvoMaster_product_customer_faults/test_15_postOnProductsReturnsMismatchResponseWithSchema/run.log,/home/azureuser/yas/evomaster-config/runtime-logs/methods/product/customer/EvoMaster_product_customer_faults/test_15_postOnProductsReturnsMismatchResponseWithSchema/run_stdout.log,/home/azureuser/yas/evomaster-config/runtime-logs/methods/product/customer/EvoMaster_product_customer_faults/test_15_postOnProductsReturnsMismatchResponseWithSchema/run_stderr.log
product,none,EvoMaster_product_none_faults.java,EvoMaster_product_none_faults,test_16_postOnProductsReturnsMismatchResponseWithSchema,False,1,403,/product/backoffice/products,POST,403,.statusCode(403) .assertThat(),5,".post(baseUrlOfSut + ""/product/backoffice/products"")",".body("" { "" + 
                    "" \""name\"" : \""6i9jeHP9Y3\"", "" + 
                    "" \""slug\"" : \""xi1JK_MllH\"", "" + 
                    "" \""specification\"" : \""5rtbn\"", "" + 
                    "" \""gtin\"" : \""HmLWRyC5hhDFo\"", "" + 
                    "" \""weight\"" : -5.713877274922241E8, "" + 
                    "" \""width\"" : 2.5306505922404278E7, "" + 
                    "" \""height\"" : -4.6598201195398584E7, "" + 
                    "" \""price\"" : -8.125507494695243E7, "" + 
                    "" \""isAllowedToOrder\"" : true, "" + 
                    "" \""isVisibleIndividually\"" : true, "" + 
                    "" \""metaTitle\"" : \""Alvnpsms0U\"", "" + 
                    "" \""metaDescription\"" : \""a\"", "" + 
                    "" \""thumbnailMediaId\"" : 155, "" + 
                    "" \""productImageIds\"" : [ -317055343, 24 ] "" + 
                    "" } "")",,faults,/home/azureuser/yas/evomaster-config/generated-tests/blackbox/product/none/EvoMaster_product_none_faults.java,23,6,True,0,,0,0,,100.0,0,0,0,0,0,0,False,,/home/azureuser/yas/evomaster-config/runtime-logs/classes/product/none/EvoMaster_product_none_faults,/home/azureuser/yas/evomaster-config/runtime-logs/classes/product/none/EvoMaster_product_none_faults/compile.log,/home/azureuser/yas/evomaster-config/runtime-logs/classes/product/none/EvoMaster_product_none_faults/compile_stdout.log,/home/azureuser/yas/evomaster-config/runtime-logs/classes/product/none/EvoMaster_product_none_faults/compile_stderr.log,True,True,0,,0,False,14.05,10.86,160.68,,/home/azureuser/yas/evomaster-config/runtime-logs/methods/product/none/EvoMaster_product_none_faults/test_16_postOnProductsReturnsMismatchResponseWithSchema,/home/azureuser/yas/evomaster-config/runtime-logs/methods/product/none/EvoMaster_product_none_faults/test_16_postOnProductsReturnsMismatchResponseWithSchema/run.log,/home/azureuser/yas/evomaster-config/runtime-logs/methods/product/none/EvoMaster_product_none_faults/test_16_postOnProductsReturnsMismatchResponseWithSchema/run_stdout.log,/home/azureuser/yas/evomaster-config/runtime-logs/methods/product/none/EvoMaster_product_none_faults/test_16_postOnProductsReturnsMismatchResponseWithSchema/run_stderr.log
product,super_admin,EvoMaster_product_super_admin_faults.java,EvoMaster_product_super_admin_faults,test_15_postOnProductsReturnsMismatchResponseWithSchema,False,1,403,/product/backoffice/products,POST,403,.statusCode(403) .assertThat(),2,".post(baseUrlOfSut + ""/product/backoffice/products"")",".body("" { "" + 
                    "" \""name\"" : \""hPOgcSXSi7LsyOx\"", "" + 
                    "" \""slug\"" : \""658N51OHXvDyU0jA\"", "" + 
                    "" \""brandId\"" : 375, "" + 
                    "" \""shortDescription\"" : \""UyQOFj7\"", "" + 
                    "" \""sku\"" : \""fCVsN\"", "" + 
                    "" \""weight\"" : 1.5202493577862046E9, "" + 
                    "" \""metaKeyword\"" : \""1zHpDMMx\"", "" + 
                    "" \""thumbnailMediaId\"" : 402, "" + 
                    "" \""productImageIds\"" : [ 952, 37, 648, 41, 660 ], "" + 
                    "" \""variations\"" : [ { "" + 
                    "" \""name\"" : \""8f5rxwbXNCDPkA6Y\"", "" + 
                    "" \""slug\"" : \""csncjta7bLYSGE\"", "" + 
                    "" \""sku\"" : \""8K\"", "" + 
                    "" \""thumbnailMediaId\"" : 310 "" + 
                    "" } ], "" + 
                    "" \""productOptionValueDisplays\"" : [ { "" + 
                    "" \""value\"" : \""\"" "" + 
                    "" }, { "" + 
                    "" \""value\"" : \""kbDGQNsv6nNd\"" "" + 
                    "" }, { "" + 
                    "" \""productOptionId\"" : 7517189950575783743, "" + 
                    "" \""displayOrder\"" : 380 "" + 
                    "" }, { "" + 
                    "" \""displayType\"" : \""HG59lsNRS\"" "" + 
                    "" } ] "" + 
                    "" } "")",".header(""Authorization"", ""Bearer eyJhbGciOiJSUzI1NiIsInR5cCIgOiAiSldUIiwia2lkIiA6ICJSclRUNWtBOHhIS3N0YWFSMmh1YTRpT0RpcFE4ek9pcjFrNGZOM3RxNFNVIn0.eyJleHAiOjE3Nzc4NjU4MjYsImlhdCI6MTc3Nzg2MjIyNiwianRpIjoiNTQwMDljM2ItZDlhNy00M2NjLTliNGItMTJkY2IxMzI4Y2U1IiwiaXNzIjoiaHR0cDovL2lkZW50aXR5L3JlYWxtcy9ZYXMiLCJzdWIiOiI3MDQyZWE5ZS1hNzg0LTQxZjQtYTkzNi1kOGUxNTk5ODlmZjUiLCJ0eXAiOiJCZWFyZXIiLCJhenAiOiJiYWNrb2ZmaWNlLWJmZiIsInNpZCI6ImRlYzQ1OWI0LWVkYzAtNDNkZi05Y2Y5LWNlYmZkOGIxZmE0MiIsInJlYWxtX2FjY2VzcyI6eyJyb2xlcyI6WyJTVVBFUi1BRE1JTiJdfSwic2NvcGUiOiJlbWFpbCBwcm9maWxlIiwiZW1haWxfdmVyaWZpZWQiOmZhbHNlLCJwcmVmZXJyZWRfdXNlcm5hbWUiOiJzdXBlcl9hZG1pbiJ9.cMqBeXc7gpHgRDzGow5wlUOCetIvbTGQwCUNgnEhWUE0C7OYsspPC9uWV89xq3wK980fU8NgGU9dP6KniCVJTllPk5SzyE2M_BqI4KY65vcKsfGCRsnbo4rVLDsajue2DS29TsEsnIYfnVnXOXQCj5R8_Lq91o9vkeh-BtO3S08lB86VhSL1xYmG0GwaeV7LBGer-L8sLzslYKuM8rgCT9uNiczyn07I92nMxVAXE_BWmoTZDQbQXJZfjvgyeYE3S7c263qC1iLXSR4rBKAcAfmPKE029nzKSvKNq0eLKP6QUqB0bI0p7b0YUYtH2zyUTmwoqFqLnfLkEF_xImgEuw"")",faults,/home/azureuser/yas/evomaster-config/generated-tests/blackbox/product/super_admin/EvoMaster_product_super_admin_faults.java,23,6,True,0,,0,0,,100.0,0,0,0,0,0,0,False,,/home/azureuser/yas/evomaster-config/runtime-logs/classes/product/super_admin/EvoMaster_product_super_admin_faults,/home/azureuser/yas/evomaster-config/runtime-logs/classes/product/super_admin/EvoMaster_product_super_admin_faults/compile.log,/home/azureuser/yas/evomaster-config/runtime-logs/classes/product/super_admin/EvoMaster_product_super_admin_faults/compile_stdout.log,/home/azureuser/yas/evomaster-config/runtime-logs/classes/product/super_admin/EvoMaster_product_super_admin_faults/compile_stderr.log,True,True,0,,0,False,12.55,10.72,153.51,,/home/azureuser/yas/evomaster-config/runtime-logs/methods/product/super_admin/EvoMaster_product_super_admin_faults/test_15_postOnProductsReturnsMismatchResponseWithSchema,/home/azureuser/yas/evomaster-config/runtime-logs/methods/product/super_admin/EvoMaster_product_super_admin_faults/test_15_postOnProductsReturnsMismatchResponseWithSchema/run.log,/home/azureuser/yas/evomaster-config/runtime-logs/methods/product/super_admin/EvoMaster_product_super_admin_faults/test_15_postOnProductsReturnsMismatchResponseWithSchema/run_stdout.log,/home/azureuser/yas/evomaster-config/runtime-logs/methods/product/super_admin/EvoMaster_product_super_admin_faults/test_15_postOnProductsReturnsMismatchResponseWithSchema/run_stderr.log
product,user,EvoMaster_product_user_faults.java,EvoMaster_product_user_faults,test_15_postOnProductsReturnsMismatchResponseWithSchema,False,1,403,/product/backoffice/products,POST,403,.statusCode(403) .assertThat(),2,".post(baseUrlOfSut + ""/product/backoffice/products"")",".body("" { "" + 
                    "" \""name\"" : \""JZ0JcH\"", "" + 
                    "" \""slug\"" : \""5r\"", "" + 
                    "" \""brandId\"" : -510453541, "" + 
                    "" \""categoryIds\"" : [ 911, -7475680920874186340, 736, 1926422138, 991 ], "" + 
                    "" \""sku\"" : \""kzpFaKOlIj\"", "" + 
                    "" \""dimensionUnit\"" : \""CM\"", "" + 
                    "" \""price\"" : -4.940219049606086E8, "" + 
                    "" \""isAllowedToOrder\"" : false, "" + 
                    "" \""metaKeyword\"" : \""WBJS4CQctH9Nj\"", "" + 
                    "" \""productImageIds\"" : [ 71, -3920607093638265905 ], "" + 
                    "" \""variations\"" : [ { "" + 
                    "" \""name\"" : \""GJgfDRvnx598_xa\"", "" + 
                    "" \""sku\"" : \""K7jtAj\"", "" + 
                    "" \""price\"" : -5.722527248297541E8, "" + 
                    "" \""thumbnailMediaId\"" : 724, "" + 
                    "" \""productImageIds\"" : [ 279, 699, 434, 361 ], "" + 
                    "" \""optionValuesByOptionId\"" : { "" + 
                    "" \""2KFCWLRcvjXyMqZ\"" : \""\"", "" + 
                    "" \""X\"" : \""\"", "" + 
                    "" \""MNfq1uWGfsg5C\"" : \""fibwHdH9VhEhLRN\"", "" + 
                    "" \""4OCMYN\"" : \""\"", "" + 
                    "" \""ot4ms\"" : \""QYhQl2QDfa5\"" "" + 
                    "" } "" + 
                    "" }, { "" + 
                    "" \""slug\"" : \""Gkf2v3H\"", "" + 
                    "" \""price\"" : -6.823099836907765E7, "" + 
                    "" \""productImageIds\"" : [ 63, 677, 720, 10, 265 ] "" + 
                    "" }, { "" + 
                    "" \""slug\"" : \""rc\"", "" + 
                    "" \""sku\"" : \""ifgykYg9aHb\"", "" + 
                    "" \""gtin\"" : \""BKVrwj8z4co05Z2A\"", "" + 
                    "" \""thumbnailMediaId\"" : 747841448, "" + 
                    "" \""productImageIds\"" : [ ] "" + 
                    "" }, { "" + 
                    "" \""sku\"" : \""6VyNsXzm_r7yh\"", "" + 
                    "" \""gtin\"" : \""CA9S\"", "" + 
                    "" \""price\"" : -9.983272314484745E7, "" + 
                    "" \""thumbnailMediaId\"" : 459, "" + 
                    "" \""optionValuesByOptionId\"" : { "" + 
                    "" \""Su\"" : \""T\"", "" + 
                    "" \""omItSqPixd8uP5\"" : \""CXayR\"", "" + 
                    "" \""Ia7bgNSJsIgLxGCA\"" : \""2riEN8S56fq\"", "" + 
                    "" \""88rFQIWhvj3Mv\"" : \""9\"", "" + 
                    "" \""NOX3\"" : \""KtwXA2Ts6Nj2rUwf\"" "" + 
                    "" } "" + 
                    "" } ], "" + 
                    "" \""relatedProductIds\"" : [ 801, 85229038, 86 ] "" + 
                    "" } "")",".header(""Authorization"", ""Bearer eyJhbGciOiJSUzI1NiIsInR5cCIgOiAiSldUIiwia2lkIiA6ICJSclRUNWtBOHhIS3N0YWFSMmh1YTRpT0RpcFE4ek9pcjFrNGZOM3RxNFNVIn0.eyJleHAiOjE3Nzc4NjU4NDMsImlhdCI6MTc3Nzg2MjI0MywianRpIjoiMjU4OGMwNjUtYjhkOS00NzU4LWFlYzUtMDIxYTQ4NzZmZjJmIiwiaXNzIjoiaHR0cDovL2lkZW50aXR5L3JlYWxtcy9ZYXMiLCJzdWIiOiIwMTEzZmQyNy1hMDllLTQ3MjItYjFlNS01MDA3ZjU4ZjUyODgiLCJ0eXAiOiJCZWFyZXIiLCJhenAiOiJiYWNrb2ZmaWNlLWJmZiIsInNpZCI6IjVlNTM5YTgwLTI4OWEtNGE4OS05OGZlLTdmYzhmODhlMDRiZSIsInJlYWxtX2FjY2VzcyI6eyJyb2xlcyI6WyJVU0VSIl19LCJzY29wZSI6ImVtYWlsIHByb2ZpbGUiLCJlbWFpbF92ZXJpZmllZCI6ZmFsc2UsInByZWZlcnJlZF91c2VybmFtZSI6InVzZXJfcm9sZSJ9.n5ajrWXfYP4MwGwDb2geG64HykKHDhJojocXS2N37gtUgeAN4vUIreGQTG5jfRGLqwvbPOIUvfjIRZrCXp2ICPTzC0enT5sAsUE8_zd12sMyeCtuXEbyaHEW5L8d4YAKfx-tyoGaFy0K6P5X1F433aqAT7CLTPhs0fyqSIoPGIrPR7P5b3B6Fgpz2sdNiXFJwbHx2AbCrJwUJ8KTR43CxWejn1-1B7heNDeLERdLA7U_IvMB4x5d57lWHbkQKF0WgensPKgp3x3SgW7w-qRIw0dKEvgzvYaq4OE7GE0K_8kkHHcx-p6Tg7QhAeHBBbfDGwQJfbLBoute0XtKe51QwQ"")",faults,/home/azureuser/yas/evomaster-config/generated-tests/blackbox/product/user/EvoMaster_product_user_faults.java,23,6,False,1,compilation_error,0,0,,100.0,0,0,0,0,0,1,False,[[1;31mERROR[m] COMPILATION ERROR :,/home/azureuser/yas/evomaster-config/runtime-logs/classes/product/user/EvoMaster_product_user_faults,/home/azureuser/yas/evomaster-config/runtime-logs/classes/product/user/EvoMaster_product_user_faults/compile.log,/home/azureuser/yas/evomaster-config/runtime-logs/classes/product/user/EvoMaster_product_user_faults/compile_stdout.log,/home/azureuser/yas/evomaster-config/runtime-logs/classes/product/user/EvoMaster_product_user_faults/compile_stderr.log,False,False,,,,,,,,,,,,
rating,admin_only,EvoMaster_rating_admin_only_faults.java,EvoMaster_rating_admin_only_faults,test_2_postOnRatingsShowsFaults_100_101,False,1,500,/rating/storefront/ratings,POST,500,.statusCode(500) .assertThat(),6,".post(baseUrlOfSut + ""/rating/storefront/ratings"")",".body("" { "" + 
                    "" \""content\"" : \""Gav62Ipd\"", "" + 
                    "" \""productName\"" : \""nLdoTm\"" "" + 
                    "" } "")",".header(""Authorization"", ""Bearer eyJhbGciOiJSUzI1NiIsInR5cCIgOiAiSldUIiwia2lkIiA6ICJSclRUNWtBOHhIS3N0YWFSMmh1YTRpT0RpcFE4ek9pcjFrNGZOM3RxNFNVIn0.eyJleHAiOjE3Nzc4NjU4MzMsImlhdCI6MTc3Nzg2MjIzMywianRpIjoiMDZjMTE0ZGMtNmMxZS00YmIxLTg0YTYtNTJhNjVkYzk2OGVkIiwiaXNzIjoiaHR0cDovL2lkZW50aXR5L3JlYWxtcy9ZYXMiLCJzdWIiOiJlY2RlODFiYy00MTgwLTQ2ZWMtOTBlZi02NmIxNDVkOWQyMmMiLCJ0eXAiOiJCZWFyZXIiLCJhenAiOiJiYWNrb2ZmaWNlLWJmZiIsInNpZCI6IjJjZWVmNTRmLWRkMTUtNDI3OS1iOTc3LTZjOWYzM2MyN2I5MyIsInJlYWxtX2FjY2VzcyI6eyJyb2xlcyI6WyJBRE1JTiJdfSwic2NvcGUiOiJlbWFpbCBwcm9maWxlIiwiZW1haWxfdmVyaWZpZWQiOmZhbHNlLCJwcmVmZXJyZWRfdXNlcm5hbWUiOiJhZG1pbl9vbmx5In0.iX2nNIj4JhUnHQZr_yCZy8nOXHQ5MwmUaYyvc2ArxUv7yzYc0eWvtX-lWesxw6BlIrZpLy_FRGXbrSBJcruSdcZ6f5IOBtRErD7eT6lEHbH5O5oAOdn5kXH51JhaYngQF_XBRydoPswQwPTMLRAW8BdWK6UpOPNazz8qZkFC_tLxEek78ENHlYsFRf4Bre_JU6zHc0x6LdkBf2mu3XePvnSyp8PAQwPhfsKq3zwXDs6JGP4XJEMrBPYa6C1ekIFE93nDI3dhfb-7vOwwYlwwRw83PwoY36hzNNaVrLV25ldTl493sX3QE9e_TkNKlYEdUw-uB0KNUulDvVG3uwkc2Q"")",faults,/home/azureuser/yas/evomaster-config/generated-tests/blackbox/rating/admin_only/EvoMaster_rating_admin_only_faults.java,23,6,True,0,,0,0,,100.0,0,0,0,0,0,0,False,,/home/azureuser/yas/evomaster-config/runtime-logs/classes/rating/admin_only/EvoMaster_rating_admin_only_faults,/home/azureuser/yas/evomaster-config/runtime-logs/classes/rating/admin_only/EvoMaster_rating_admin_only_faults/compile.log,/home/azureuser/yas/evomaster-config/runtime-logs/classes/rating/admin_only/EvoMaster_rating_admin_only_faults/compile_stdout.log,/home/azureuser/yas/evomaster-config/runtime-logs/classes/rating/admin_only/EvoMaster_rating_admin_only_faults/compile_stderr.log,True,True,0,,0,False,14.05,11.54,155.27,,/home/azureuser/yas/evomaster-config/runtime-logs/methods/rating/admin_only/EvoMaster_rating_admin_only_faults/test_2_postOnRatingsShowsFaults_100_101,/home/azureuser/yas/evomaster-config/runtime-logs/methods/rating/admin_only/EvoMaster_rating_admin_only_faults/test_2_postOnRatingsShowsFaults_100_101/run.log,/home/azureuser/yas/evomaster-config/runtime-logs/methods/rating/admin_only/EvoMaster_rating_admin_only_faults/test_2_postOnRatingsShowsFaults_100_101/run_stdout.log,/home/azureuser/yas/evomaster-config/runtime-logs/methods/rating/admin_only/EvoMaster_rating_admin_only_faults/test_2_postOnRatingsShowsFaults_100_101/run_stderr.log
rating,admin_only,EvoMaster_rating_admin_only_faults.java,EvoMaster_rating_admin_only_faults,test_4_postOnRatingsReturnsMismatchResponseWithSchema,False,1,403,/rating/storefront/ratings,POST,403,.statusCode(403) .assertThat(),6,".post(baseUrlOfSut + ""/rating/storefront/ratings"")",".body("" { "" + 
                    "" \""content\"" : \""xKgvLYU92e6\"", "" + 
                    "" \""star\"" : 119, "" + 
                    "" \""productId\"" : 410, "" + 
                    "" \""productName\"" : \""E\"" "" + 
                    "" } "")",".header(""Authorization"", ""Bearer eyJhbGciOiJSUzI1NiIsInR5cCIgOiAiSldUIiwia2lkIiA6ICJSclRUNWtBOHhIS3N0YWFSMmh1YTRpT0RpcFE4ek9pcjFrNGZOM3RxNFNVIn0.eyJleHAiOjE3Nzc4NjU4MzMsImlhdCI6MTc3Nzg2MjIzMywianRpIjoiMDZjMTE0ZGMtNmMxZS00YmIxLTg0YTYtNTJhNjVkYzk2OGVkIiwiaXNzIjoiaHR0cDovL2lkZW50aXR5L3JlYWxtcy9ZYXMiLCJzdWIiOiJlY2RlODFiYy00MTgwLTQ2ZWMtOTBlZi02NmIxNDVkOWQyMmMiLCJ0eXAiOiJCZWFyZXIiLCJhenAiOiJiYWNrb2ZmaWNlLWJmZiIsInNpZCI6IjJjZWVmNTRmLWRkMTUtNDI3OS1iOTc3LTZjOWYzM2MyN2I5MyIsInJlYWxtX2FjY2VzcyI6eyJyb2xlcyI6WyJBRE1JTiJdfSwic2NvcGUiOiJlbWFpbCBwcm9maWxlIiwiZW1haWxfdmVyaWZpZWQiOmZhbHNlLCJwcmVmZXJyZWRfdXNlcm5hbWUiOiJhZG1pbl9vbmx5In0.iX2nNIj4JhUnHQZr_yCZy8nOXHQ5MwmUaYyvc2ArxUv7yzYc0eWvtX-lWesxw6BlIrZpLy_FRGXbrSBJcruSdcZ6f5IOBtRErD7eT6lEHbH5O5oAOdn5kXH51JhaYngQF_XBRydoPswQwPTMLRAW8BdWK6UpOPNazz8qZkFC_tLxEek78ENHlYsFRf4Bre_JU6zHc0x6LdkBf2mu3XePvnSyp8PAQwPhfsKq3zwXDs6JGP4XJEMrBPYa6C1ekIFE93nDI3dhfb-7vOwwYlwwRw83PwoY36hzNNaVrLV25ldTl493sX3QE9e_TkNKlYEdUw-uB0KNUulDvVG3uwkc2Q"")",faults,/home/azureuser/yas/evomaster-config/generated-tests/blackbox/rating/admin_only/EvoMaster_rating_admin_only_faults.java,23,6,True,0,,0,0,,100.0,0,0,0,0,0,0,False,,/home/azureuser/yas/evomaster-config/runtime-logs/classes/rating/admin_only/EvoMaster_rating_admin_only_faults,/home/azureuser/yas/evomaster-config/runtime-logs/classes/rating/admin_only/EvoMaster_rating_admin_only_faults/compile.log,/home/azureuser/yas/evomaster-config/runtime-logs/classes/rating/admin_only/EvoMaster_rating_admin_only_faults/compile_stdout.log,/home/azureuser/yas/evomaster-config/runtime-logs/classes/rating/admin_only/EvoMaster_rating_admin_only_faults/compile_stderr.log,True,True,0,,0,False,15.55,11.46,162.49,,/home/azureuser/yas/evomaster-config/runtime-logs/methods/rating/admin_only/EvoMaster_rating_admin_only_faults/test_4_postOnRatingsReturnsMismatchResponseWithSchema,/home/azureuser/yas/evomaster-config/runtime-logs/methods/rating/admin_only/EvoMaster_rating_admin_only_faults/test_4_postOnRatingsReturnsMismatchResponseWithSchema/run.log,/home/azureuser/yas/evomaster-config/runtime-logs/methods/rating/admin_only/EvoMaster_rating_admin_only_faults/test_4_postOnRatingsReturnsMismatchResponseWithSchema/run_stdout.log,/home/azureuser/yas/evomaster-config/runtime-logs/methods/rating/admin_only/EvoMaster_rating_admin_only_faults/test_4_postOnRatingsReturnsMismatchResponseWithSchema/run_stderr.log
rating,admin_only,EvoMaster_rating_admin_only_faults.java,EvoMaster_rating_admin_only_faults,test_5_postOnRatingsReturnsMismatchResponseWithSchema,False,1,403,/rating/storefront/ratings,POST,403,.statusCode(403) .assertThat(),5,".post(baseUrlOfSut + ""/rating/storefront/ratings"")",".body("" { "" + 
                    "" \""content\"" : \""4WcW5tTYZqkt1p\"", "" + 
                    "" \""productId\"" : 75 "" + 
                    "" } "")",,faults,/home/azureuser/yas/evomaster-config/generated-tests/blackbox/rating/admin_only/EvoMaster_rating_admin_only_faults.java,23,6,True,0,,0,0,,100.0,0,0,0,0,0,0,False,,/home/azureuser/yas/evomaster-config/runtime-logs/classes/rating/admin_only/EvoMaster_rating_admin_only_faults,/home/azureuser/yas/evomaster-config/runtime-logs/classes/rating/admin_only/EvoMaster_rating_admin_only_faults/compile.log,/home/azureuser/yas/evomaster-config/runtime-logs/classes/rating/admin_only/EvoMaster_rating_admin_only_faults/compile_stdout.log,/home/azureuser/yas/evomaster-config/runtime-logs/classes/rating/admin_only/EvoMaster_rating_admin_only_faults/compile_stderr.log,True,True,0,,0,False,14.04,11.26,152.22,,/home/azureuser/yas/evomaster-config/runtime-logs/methods/rating/admin_only/EvoMaster_rating_admin_only_faults/test_5_postOnRatingsReturnsMismatchResponseWithSchema,/home/azureuser/yas/evomaster-config/runtime-logs/methods/rating/admin_only/EvoMaster_rating_admin_only_faults/test_5_postOnRatingsReturnsMismatchResponseWithSchema/run.log,/home/azureuser/yas/evomaster-config/runtime-logs/methods/rating/admin_only/EvoMaster_rating_admin_only_faults/test_5_postOnRatingsReturnsMismatchResponseWithSchema/run_stdout.log,/home/azureuser/yas/evomaster-config/runtime-logs/methods/rating/admin_only/EvoMaster_rating_admin_only_faults/test_5_postOnRatingsReturnsMismatchResponseWithSchema/run_stderr.log
rating,admin_only,EvoMaster_rating_admin_only_faults.java,EvoMaster_rating_admin_only_faults,test_6_deleteOnRateReturnsMismatchResponseWithSchema,False,1,403,/rating/backoffice/ratings/{id},DELETE,403,.statusCode(403) .assertThat(),5,".delete(baseUrlOfSut + ""/rating/backoffice/ratings/908"")",,,faults,/home/azureuser/yas/evomaster-config/generated-tests/blackbox/rating/admin_only/EvoMaster_rating_admin_only_faults.java,23,6,True,0,,0,0,,100.0,0,0,0,0,0,0,False,,/home/azureuser/yas/evomaster-config/runtime-logs/classes/rating/admin_only/EvoMaster_rating_admin_only_faults,/home/azureuser/yas/evomaster-config/runtime-logs/classes/rating/admin_only/EvoMaster_rating_admin_only_faults/compile.log,/home/azureuser/yas/evomaster-config/runtime-logs/classes/rating/admin_only/EvoMaster_rating_admin_only_faults/compile_stdout.log,/home/azureuser/yas/evomaster-config/runtime-logs/classes/rating/admin_only/EvoMaster_rating_admin_only_faults/compile_stderr.log,True,True,0,,0,False,13.55,11.32,155.41,,/home/azureuser/yas/evomaster-config/runtime-logs/methods/rating/admin_only/EvoMaster_rating_admin_only_faults/test_6_deleteOnRateReturnsMismatchResponseWithSchema,/home/azureuser/yas/evomaster-config/runtime-logs/methods/rating/admin_only/EvoMaster_rating_admin_only_faults/test_6_deleteOnRateReturnsMismatchResponseWithSchema/run.log,/home/azureuser/yas/evomaster-config/runtime-logs/methods/rating/admin_only/EvoMaster_rating_admin_only_faults/test_6_deleteOnRateReturnsMismatchResponseWithSchema/run_stdout.log,/home/azureuser/yas/evomaster-config/runtime-logs/methods/rating/admin_only/EvoMaster_rating_admin_only_faults/test_6_deleteOnRateReturnsMismatchResponseWithSchema/run_stderr.log
rating,admin_only,EvoMaster_rating_admin_only_faults.java,EvoMaster_rating_admin_only_faults,test_7_deleteOnRateReturnsMismatchResponseWithSchema,False,1,404,/rating/backoffice/ratings/{id},DELETE,404,.statusCode(404) .assertThat(),6,".delete(baseUrlOfSut + ""/rating/backoffice/ratings/-389676917"")",,".header(""Authorization"", ""Bearer eyJhbGciOiJSUzI1NiIsInR5cCIgOiAiSldUIiwia2lkIiA6ICJSclRUNWtBOHhIS3N0YWFSMmh1YTRpT0RpcFE4ek9pcjFrNGZOM3RxNFNVIn0.eyJleHAiOjE3Nzc4NjU4MzMsImlhdCI6MTc3Nzg2MjIzMywianRpIjoiMDZjMTE0ZGMtNmMxZS00YmIxLTg0YTYtNTJhNjVkYzk2OGVkIiwiaXNzIjoiaHR0cDovL2lkZW50aXR5L3JlYWxtcy9ZYXMiLCJzdWIiOiJlY2RlODFiYy00MTgwLTQ2ZWMtOTBlZi02NmIxNDVkOWQyMmMiLCJ0eXAiOiJCZWFyZXIiLCJhenAiOiJiYWNrb2ZmaWNlLWJmZiIsInNpZCI6IjJjZWVmNTRmLWRkMTUtNDI3OS1iOTc3LTZjOWYzM2MyN2I5MyIsInJlYWxtX2FjY2VzcyI6eyJyb2xlcyI6WyJBRE1JTiJdfSwic2NvcGUiOiJlbWFpbCBwcm9maWxlIiwiZW1haWxfdmVyaWZpZWQiOmZhbHNlLCJwcmVmZXJyZWRfdXNlcm5hbWUiOiJhZG1pbl9vbmx5In0.iX2nNIj4JhUnHQZr_yCZy8nOXHQ5MwmUaYyvc2ArxUv7yzYc0eWvtX-lWesxw6BlIrZpLy_FRGXbrSBJcruSdcZ6f5IOBtRErD7eT6lEHbH5O5oAOdn5kXH51JhaYngQF_XBRydoPswQwPTMLRAW8BdWK6UpOPNazz8qZkFC_tLxEek78ENHlYsFRf4Bre_JU6zHc0x6LdkBf2mu3XePvnSyp8PAQwPhfsKq3zwXDs6JGP4XJEMrBPYa6C1ekIFE93nDI3dhfb-7vOwwYlwwRw83PwoY36hzNNaVrLV25ldTl493sX3QE9e_TkNKlYEdUw-uB0KNUulDvVG3uwkc2Q"")",faults,/home/azureuser/yas/evomaster-config/generated-tests/blackbox/rating/admin_only/EvoMaster_rating_admin_only_faults.java,23,6,True,0,,0,0,,100.0,0,0,0,0,0,0,False,,/home/azureuser/yas/evomaster-config/runtime-logs/classes/rating/admin_only/EvoMaster_rating_admin_only_faults,/home/azureuser/yas/evomaster-config/runtime-logs/classes/rating/admin_only/EvoMaster_rating_admin_only_faults/compile.log,/home/azureuser/yas/evomaster-config/runtime-logs/classes/rating/admin_only/EvoMaster_rating_admin_only_faults/compile_stdout.log,/home/azureuser/yas/evomaster-config/runtime-logs/classes/rating/admin_only/EvoMaster_rating_admin_only_faults/compile_stderr.log,True,True,0,,0,False,14.05,11.35,159.96,,/home/azureuser/yas/evomaster-config/runtime-logs/methods/rating/admin_only/EvoMaster_rating_admin_only_faults/test_7_deleteOnRateReturnsMismatchResponseWithSchema,/home/azureuser/yas/evomaster-config/runtime-logs/methods/rating/admin_only/EvoMaster_rating_admin_only_faults/test_7_deleteOnRateReturnsMismatchResponseWithSchema/run.log,/home/azureuser/yas/evomaster-config/runtime-logs/methods/rating/admin_only/EvoMaster_rating_admin_only_faults/test_7_deleteOnRateReturnsMismatchResponseWithSchema/run_stdout.log,/home/azureuser/yas/evomaster-config/runtime-logs/methods/rating/admin_only/EvoMaster_rating_admin_only_faults/test_7_deleteOnRateReturnsMismatchResponseWithSchema/run_stderr.log
rating,admin_only,EvoMaster_rating_admin_only_faults.java,EvoMaster_rating_admin_only_faults,test_8_getOnLatestReturnsMismatchResponseWithSchema,False,1,401,/rating/backoffice/ratings/latest/{count},GET,401,.statusCode(401) .assertThat(),2,".get(baseUrlOfSut + ""/rating/backoffice/ratings/latest/455"")",,,faults,/home/azureuser/yas/evomaster-config/generated-tests/blackbox/rating/admin_only/EvoMaster_rating_admin_only_faults.java,23,6,True,0,,0,0,,100.0,0,0,0,0,0,0,False,,/home/azureuser/yas/evomaster-config/runtime-logs/classes/rating/admin_only/EvoMaster_rating_admin_only_faults,/home/azureuser/yas/evomaster-config/runtime-logs/classes/rating/admin_only/EvoMaster_rating_admin_only_faults/compile.log,/home/azureuser/yas/evomaster-config/runtime-logs/classes/rating/admin_only/EvoMaster_rating_admin_only_faults/compile_stdout.log,/home/azureuser/yas/evomaster-config/runtime-logs/classes/rating/admin_only/EvoMaster_rating_admin_only_faults/compile_stderr.log,True,True,0,,0,False,12.55,11.26,158.48,,/home/azureuser/yas/evomaster-config/runtime-logs/methods/rating/admin_only/EvoMaster_rating_admin_only_faults/test_8_getOnLatestReturnsMismatchResponseWithSchema,/home/azureuser/yas/evomaster-config/runtime-logs/methods/rating/admin_only/EvoMaster_rating_admin_only_faults/test_8_getOnLatestReturnsMismatchResponseWithSchema/run.log,/home/azureuser/yas/evomaster-config/runtime-logs/methods/rating/admin_only/EvoMaster_rating_admin_only_faults/test_8_getOnLatestReturnsMismatchResponseWithSchema/run_stdout.log,/home/azureuser/yas/evomaster-config/runtime-logs/methods/rating/admin_only/EvoMaster_rating_admin_only_faults/test_8_getOnLatestReturnsMismatchResponseWithSchema/run_stderr.log
rating,admin_only,EvoMaster_rating_admin_only_successes.java,EvoMaster_rating_admin_only_successes,test_5_getOnLatestReturnsEmptyList,False,1,200,/rating/backoffice/ratings/latest/{count},GET,200,.statusCode(200) .assertThat(),3,".get(baseUrlOfSut + ""/rating/backoffice/ratings/latest/638"")",,".header(""Authorization"", ""Bearer eyJhbGciOiJSUzI1NiIsInR5cCIgOiAiSldUIiwia2lkIiA6ICJSclRUNWtBOHhIS3N0YWFSMmh1YTRpT0RpcFE4ek9pcjFrNGZOM3RxNFNVIn0.eyJleHAiOjE3Nzc4NjU4MzMsImlhdCI6MTc3Nzg2MjIzMywianRpIjoiMDZjMTE0ZGMtNmMxZS00YmIxLTg0YTYtNTJhNjVkYzk2OGVkIiwiaXNzIjoiaHR0cDovL2lkZW50aXR5L3JlYWxtcy9ZYXMiLCJzdWIiOiJlY2RlODFiYy00MTgwLTQ2ZWMtOTBlZi02NmIxNDVkOWQyMmMiLCJ0eXAiOiJCZWFyZXIiLCJhenAiOiJiYWNrb2ZmaWNlLWJmZiIsInNpZCI6IjJjZWVmNTRmLWRkMTUtNDI3OS1iOTc3LTZjOWYzM2MyN2I5MyIsInJlYWxtX2FjY2VzcyI6eyJyb2xlcyI6WyJBRE1JTiJdfSwic2NvcGUiOiJlbWFpbCBwcm9maWxlIiwiZW1haWxfdmVyaWZpZWQiOmZhbHNlLCJwcmVmZXJyZWRfdXNlcm5hbWUiOiJhZG1pbl9vbmx5In0.iX2nNIj4JhUnHQZr_yCZy8nOXHQ5MwmUaYyvc2ArxUv7yzYc0eWvtX-lWesxw6BlIrZpLy_FRGXbrSBJcruSdcZ6f5IOBtRErD7eT6lEHbH5O5oAOdn5kXH51JhaYngQF_XBRydoPswQwPTMLRAW8BdWK6UpOPNazz8qZkFC_tLxEek78ENHlYsFRf4Bre_JU6zHc0x6LdkBf2mu3XePvnSyp8PAQwPhfsKq3zwXDs6JGP4XJEMrBPYa6C1ekIFE93nDI3dhfb-7vOwwYlwwRw83PwoY36hzNNaVrLV25ldTl493sX3QE9e_TkNKlYEdUw-uB0KNUulDvVG3uwkc2Q"")",successes,/home/azureuser/yas/evomaster-config/generated-tests/blackbox/rating/admin_only/EvoMaster_rating_admin_only_successes.java,23,6,True,0,,0,0,,100.0,0,0,0,0,0,0,False,,/home/azureuser/yas/evomaster-config/runtime-logs/classes/rating/admin_only/EvoMaster_rating_admin_only_successes,/home/azureuser/yas/evomaster-config/runtime-logs/classes/rating/admin_only/EvoMaster_rating_admin_only_successes/compile.log,/home/azureuser/yas/evomaster-config/runtime-logs/classes/rating/admin_only/EvoMaster_rating_admin_only_successes/compile_stdout.log,/home/azureuser/yas/evomaster-config/runtime-logs/classes/rating/admin_only/EvoMaster_rating_admin_only_successes/compile_stderr.log,True,True,0,,0,False,13.54,11.13,154.31,,/home/azureuser/yas/evomaster-config/runtime-logs/methods/rating/admin_only/EvoMaster_rating_admin_only_successes/test_5_getOnLatestReturnsEmptyList,/home/azureuser/yas/evomaster-config/runtime-logs/methods/rating/admin_only/EvoMaster_rating_admin_only_successes/test_5_getOnLatestReturnsEmptyList/run.log,/home/azureuser/yas/evomaster-config/runtime-logs/methods/rating/admin_only/EvoMaster_rating_admin_only_successes/test_5_getOnLatestReturnsEmptyList/run_stdout.log,/home/azureuser/yas/evomaster-config/runtime-logs/methods/rating/admin_only/EvoMaster_rating_admin_only_successes/test_5_getOnLatestReturnsEmptyList/run_stderr.log
rating,customer,EvoMaster_rating_customer_faults.java,EvoMaster_rating_customer_faults,test_0_postOnRatingsShowsFaults_100_101,False,1,500,/rating/storefront/ratings,POST,500,.statusCode(500) .assertThat(),6,".post(baseUrlOfSut + ""/rating/storefront/ratings"")",".body("" { "" + 
                    "" \""content\"" : \""3af1NRCI_n9gnPXC\"", "" + 
                    "" \""productId\"" : 486, "" + 
                    "" \""productName\"" : \""A1j\"" "" + 
                    "" } "")",".header(""Authorization"", ""Bearer eyJhbGciOiJSUzI1NiIsInR5cCIgOiAiSldUIiwia2lkIiA6ICJSclRUNWtBOHhIS3N0YWFSMmh1YTRpT0RpcFE4ek9pcjFrNGZOM3RxNFNVIn0.eyJleHAiOjE3Nzc4NjU4MzgsImlhdCI6MTc3Nzg2MjIzOCwianRpIjoiN2ZhMGIyYmMtY2YxOS00MTllLWI1OTEtZjI1M2U5MTBkZjUwIiwiaXNzIjoiaHR0cDovL2lkZW50aXR5L3JlYWxtcy9ZYXMiLCJzdWIiOiI0Yjg1MzdlZC1mZTg4LTQ3MGQtYmFkNS0wZjQ5Y2E2Zjg5NjAiLCJ0eXAiOiJCZWFyZXIiLCJhenAiOiJiYWNrb2ZmaWNlLWJmZiIsInNpZCI6ImY1YTY3OGY2LTBjNWUtNGIzYy04NzFmLTlkMzNiYzEzY2ZiMiIsInJlYWxtX2FjY2VzcyI6eyJyb2xlcyI6WyJkZWZhdWx0LXJvbGVzLXlhcyIsIm9mZmxpbmVfYWNjZXNzIiwiQ1VTVE9NRVIiLCJ1bWFfYXV0aG9yaXphdGlvbiJdfSwic2NvcGUiOiJlbWFpbCBwcm9maWxlIiwiZW1haWxfdmVyaWZpZWQiOmZhbHNlLCJwcmVmZXJyZWRfdXNlcm5hbWUiOiJ1c2VyIn0.j8pUYKb6ribB9yGTDMPvEinqt1rAoKakbPOD2NZOyldMEEoa6UiAQpbLfy1nnorRH5IuuUHvKl2FUtsqkLlcERdLDSE49ezbxbOU0sFYYLrpM7gM9rJg4TPwoDaSTGE1fTEx_Jsu5S9vs9yeuSJ0KaRLcGjaCPr3vPSahD8dgUl9biajkWjMBnfGLwijR_CedKfQIZhLQNn38rwgN9IddHnzk68AvrbZ1DZHbAAm-ztzCfg9-qoTVNg0CZ39xqzP1677LOG6hLXI8Mb2LLG7Wagjd48aXJdaDuURlmWiZxCXy0sgnteI7Eaq4W1Z9JuoKb1Ponuve9ubCoSjCrd24Q"")",faults,/home/azureuser/yas/evomaster-config/generated-tests/blackbox/rating/customer/EvoMaster_rating_customer_faults.java,23,6,True,0,,0,0,,100.0,0,0,0,0,0,0,False,,/home/azureuser/yas/evomaster-config/runtime-logs/classes/rating/customer/EvoMaster_rating_customer_faults,/home/azureuser/yas/evomaster-config/runtime-logs/classes/rating/customer/EvoMaster_rating_customer_faults/compile.log,/home/azureuser/yas/evomaster-config/runtime-logs/classes/rating/customer/EvoMaster_rating_customer_faults/compile_stdout.log,/home/azureuser/yas/evomaster-config/runtime-logs/classes/rating/customer/EvoMaster_rating_customer_faults/compile_stderr.log,True,True,0,,0,False,14.05,11.45,153.82,,/home/azureuser/yas/evomaster-config/runtime-logs/methods/rating/customer/EvoMaster_rating_customer_faults/test_0_postOnRatingsShowsFaults_100_101,/home/azureuser/yas/evomaster-config/runtime-logs/methods/rating/customer/EvoMaster_rating_customer_faults/test_0_postOnRatingsShowsFaults_100_101/run.log,/home/azureuser/yas/evomaster-config/runtime-logs/methods/rating/customer/EvoMaster_rating_customer_faults/test_0_postOnRatingsShowsFaults_100_101/run_stdout.log,/home/azureuser/yas/evomaster-config/runtime-logs/methods/rating/customer/EvoMaster_rating_customer_faults/test_0_postOnRatingsShowsFaults_100_101/run_stderr.log
rating,customer,EvoMaster_rating_customer_faults.java,EvoMaster_rating_customer_faults,test_7_postOnRatingsReturnsMismatchResponseWithSchema,False,1,403,/rating/storefront/ratings,POST,403,.statusCode(403) .assertThat(),6,".post(baseUrlOfSut + ""/rating/storefront/ratings"")",".body("" { "" + 
                    "" \""star\"" : 220 "" + 
                    "" } "")",".header(""Authorization"", ""Bearer eyJhbGciOiJSUzI1NiIsInR5cCIgOiAiSldUIiwia2lkIiA6ICJSclRUNWtBOHhIS3N0YWFSMmh1YTRpT0RpcFE4ek9pcjFrNGZOM3RxNFNVIn0.eyJleHAiOjE3Nzc4NjU4MzgsImlhdCI6MTc3Nzg2MjIzOCwianRpIjoiN2ZhMGIyYmMtY2YxOS00MTllLWI1OTEtZjI1M2U5MTBkZjUwIiwiaXNzIjoiaHR0cDovL2lkZW50aXR5L3JlYWxtcy9ZYXMiLCJzdWIiOiI0Yjg1MzdlZC1mZTg4LTQ3MGQtYmFkNS0wZjQ5Y2E2Zjg5NjAiLCJ0eXAiOiJCZWFyZXIiLCJhenAiOiJiYWNrb2ZmaWNlLWJmZiIsInNpZCI6ImY1YTY3OGY2LTBjNWUtNGIzYy04NzFmLTlkMzNiYzEzY2ZiMiIsInJlYWxtX2FjY2VzcyI6eyJyb2xlcyI6WyJkZWZhdWx0LXJvbGVzLXlhcyIsIm9mZmxpbmVfYWNjZXNzIiwiQ1VTVE9NRVIiLCJ1bWFfYXV0aG9yaXphdGlvbiJdfSwic2NvcGUiOiJlbWFpbCBwcm9maWxlIiwiZW1haWxfdmVyaWZpZWQiOmZhbHNlLCJwcmVmZXJyZWRfdXNlcm5hbWUiOiJ1c2VyIn0.j8pUYKb6ribB9yGTDMPvEinqt1rAoKakbPOD2NZOyldMEEoa6UiAQpbLfy1nnorRH5IuuUHvKl2FUtsqkLlcERdLDSE49ezbxbOU0sFYYLrpM7gM9rJg4TPwoDaSTGE1fTEx_Jsu5S9vs9yeuSJ0KaRLcGjaCPr3vPSahD8dgUl9biajkWjMBnfGLwijR_CedKfQIZhLQNn38rwgN9IddHnzk68AvrbZ1DZHbAAm-ztzCfg9-qoTVNg0CZ39xqzP1677LOG6hLXI8Mb2LLG7Wagjd48aXJdaDuURlmWiZxCXy0sgnteI7Eaq4W1Z9JuoKb1Ponuve9ubCoSjCrd24Q"")",faults,/home/azureuser/yas/evomaster-config/generated-tests/blackbox/rating/customer/EvoMaster_rating_customer_faults.java,23,6,True,0,,0,0,,100.0,0,0,0,0,0,0,False,,/home/azureuser/yas/evomaster-config/runtime-logs/classes/rating/customer/EvoMaster_rating_customer_faults,/home/azureuser/yas/evomaster-config/runtime-logs/classes/rating/customer/EvoMaster_rating_customer_faults/compile.log,/home/azureuser/yas/evomaster-config/runtime-logs/classes/rating/customer/EvoMaster_rating_customer_faults/compile_stdout.log,/home/azureuser/yas/evomaster-config/runtime-logs/classes/rating/customer/EvoMaster_rating_customer_faults/compile_stderr.log,True,True,0,,0,False,14.05,11.28,153.79,,/home/azureuser/yas/evomaster-config/runtime-logs/methods/rating/customer/EvoMaster_rating_customer_faults/test_7_postOnRatingsReturnsMismatchResponseWithSchema,/home/azureuser/yas/evomaster-config/runtime-logs/methods/rating/customer/EvoMaster_rating_customer_faults/test_7_postOnRatingsReturnsMismatchResponseWithSchema/run.log,/home/azureuser/yas/evomaster-config/runtime-logs/methods/rating/customer/EvoMaster_rating_customer_faults/test_7_postOnRatingsReturnsMismatchResponseWithSchema/run_stdout.log,/home/azureuser/yas/evomaster-config/runtime-logs/methods/rating/customer/EvoMaster_rating_customer_faults/test_7_postOnRatingsReturnsMismatchResponseWithSchema/run_stderr.log
rating,customer,EvoMaster_rating_customer_faults.java,EvoMaster_rating_customer_faults,test_8_postOnRatingsReturnsMismatchResponseWithSchema,False,1,403,/rating/storefront/ratings,POST,403,.statusCode(403) .assertThat(),5,".post(baseUrlOfSut + ""/rating/storefront/ratings"")",".body("" { "" + 
                    "" \""productId\"" : 195, "" + 
                    "" \""productName\"" : \""P8eJocrOa93Jb\"" "" + 
                    "" } "")",,faults,/home/azureuser/yas/evomaster-config/generated-tests/blackbox/rating/customer/EvoMaster_rating_customer_faults.java,23,6,True,0,,0,0,,100.0,0,0,0,0,0,0,False,,/home/azureuser/yas/evomaster-config/runtime-logs/classes/rating/customer/EvoMaster_rating_customer_faults,/home/azureuser/yas/evomaster-config/runtime-logs/classes/rating/customer/EvoMaster_rating_customer_faults/compile.log,/home/azureuser/yas/evomaster-config/runtime-logs/classes/rating/customer/EvoMaster_rating_customer_faults/compile_stdout.log,/home/azureuser/yas/evomaster-config/runtime-logs/classes/rating/customer/EvoMaster_rating_customer_faults/compile_stderr.log,True,True,0,,0,False,14.05,11.4,157.12,,/home/azureuser/yas/evomaster-config/runtime-logs/methods/rating/customer/EvoMaster_rating_customer_faults/test_8_postOnRatingsReturnsMismatchResponseWithSchema,/home/azureuser/yas/evomaster-config/runtime-logs/methods/rating/customer/EvoMaster_rating_customer_faults/test_8_postOnRatingsReturnsMismatchResponseWithSchema/run.log,/home/azureuser/yas/evomaster-config/runtime-logs/methods/rating/customer/EvoMaster_rating_customer_faults/test_8_postOnRatingsReturnsMismatchResponseWithSchema/run_stdout.log,/home/azureuser/yas/evomaster-config/runtime-logs/methods/rating/customer/EvoMaster_rating_customer_faults/test_8_postOnRatingsReturnsMismatchResponseWithSchema/run_stderr.log
rating,customer,EvoMaster_rating_customer_faults.java,EvoMaster_rating_customer_faults,test_9_deleteOnRateReturnsMismatchResponseWithSchema,False,1,403,/rating/backoffice/ratings/{id},DELETE,403,.statusCode(403) .assertThat(),2,".delete(baseUrlOfSut + ""/rating/backoffice/ratings/138"")",,".header(""Authorization"", ""Bearer eyJhbGciOiJSUzI1NiIsInR5cCIgOiAiSldUIiwia2lkIiA6ICJSclRUNWtBOHhIS3N0YWFSMmh1YTRpT0RpcFE4ek9pcjFrNGZOM3RxNFNVIn0.eyJleHAiOjE3Nzc4NjU4MzgsImlhdCI6MTc3Nzg2MjIzOCwianRpIjoiN2ZhMGIyYmMtY2YxOS00MTllLWI1OTEtZjI1M2U5MTBkZjUwIiwiaXNzIjoiaHR0cDovL2lkZW50aXR5L3JlYWxtcy9ZYXMiLCJzdWIiOiI0Yjg1MzdlZC1mZTg4LTQ3MGQtYmFkNS0wZjQ5Y2E2Zjg5NjAiLCJ0eXAiOiJCZWFyZXIiLCJhenAiOiJiYWNrb2ZmaWNlLWJmZiIsInNpZCI6ImY1YTY3OGY2LTBjNWUtNGIzYy04NzFmLTlkMzNiYzEzY2ZiMiIsInJlYWxtX2FjY2VzcyI6eyJyb2xlcyI6WyJkZWZhdWx0LXJvbGVzLXlhcyIsIm9mZmxpbmVfYWNjZXNzIiwiQ1VTVE9NRVIiLCJ1bWFfYXV0aG9yaXphdGlvbiJdfSwic2NvcGUiOiJlbWFpbCBwcm9maWxlIiwiZW1haWxfdmVyaWZpZWQiOmZhbHNlLCJwcmVmZXJyZWRfdXNlcm5hbWUiOiJ1c2VyIn0.j8pUYKb6ribB9yGTDMPvEinqt1rAoKakbPOD2NZOyldMEEoa6UiAQpbLfy1nnorRH5IuuUHvKl2FUtsqkLlcERdLDSE49ezbxbOU0sFYYLrpM7gM9rJg4TPwoDaSTGE1fTEx_Jsu5S9vs9yeuSJ0KaRLcGjaCPr3vPSahD8dgUl9biajkWjMBnfGLwijR_CedKfQIZhLQNn38rwgN9IddHnzk68AvrbZ1DZHbAAm-ztzCfg9-qoTVNg0CZ39xqzP1677LOG6hLXI8Mb2LLG7Wagjd48aXJdaDuURlmWiZxCXy0sgnteI7Eaq4W1Z9JuoKb1Ponuve9ubCoSjCrd24Q"")",faults,/home/azureuser/yas/evomaster-config/generated-tests/blackbox/rating/customer/EvoMaster_rating_customer_faults.java,23,6,True,0,,0,0,,100.0,0,0,0,0,0,0,False,,/home/azureuser/yas/evomaster-config/runtime-logs/classes/rating/customer/EvoMaster_rating_customer_faults,/home/azureuser/yas/evomaster-config/runtime-logs/classes/rating/customer/EvoMaster_rating_customer_faults/compile.log,/home/azureuser/yas/evomaster-config/runtime-logs/classes/rating/customer/EvoMaster_rating_customer_faults/compile_stdout.log,/home/azureuser/yas/evomaster-config/runtime-logs/classes/rating/customer/EvoMaster_rating_customer_faults/compile_stderr.log,True,True,0,,0,False,12.55,11.09,159.06,,/home/azureuser/yas/evomaster-config/runtime-logs/methods/rating/customer/EvoMaster_rating_customer_faults/test_9_deleteOnRateReturnsMismatchResponseWithSchema,/home/azureuser/yas/evomaster-config/runtime-logs/methods/rating/customer/EvoMaster_rating_customer_faults/test_9_deleteOnRateReturnsMismatchResponseWithSchema/run.log,/home/azureuser/yas/evomaster-config/runtime-logs/methods/rating/customer/EvoMaster_rating_customer_faults/test_9_deleteOnRateReturnsMismatchResponseWithSchema/run_stdout.log,/home/azureuser/yas/evomaster-config/runtime-logs/methods/rating/customer/EvoMaster_rating_customer_faults/test_9_deleteOnRateReturnsMismatchResponseWithSchema/run_stderr.log
rating,customer,EvoMaster_rating_customer_faults.java,EvoMaster_rating_customer_faults,test_10_deleteOnRateReturnsMismatchResponseWithSchema,False,1,403,/rating/backoffice/ratings/{id},DELETE,403,.statusCode(403) .assertThat(),5,".delete(baseUrlOfSut + ""/rating/backoffice/ratings/362"")",,,faults,/home/azureuser/yas/evomaster-config/generated-tests/blackbox/rating/customer/EvoMaster_rating_customer_faults.java,23,6,True,0,,0,0,,100.0,0,0,0,0,0,0,False,,/home/azureuser/yas/evomaster-config/runtime-logs/classes/rating/customer/EvoMaster_rating_customer_faults,/home/azureuser/yas/evomaster-config/runtime-logs/classes/rating/customer/EvoMaster_rating_customer_faults/compile.log,/home/azureuser/yas/evomaster-config/runtime-logs/classes/rating/customer/EvoMaster_rating_customer_faults/compile_stdout.log,/home/azureuser/yas/evomaster-config/runtime-logs/classes/rating/customer/EvoMaster_rating_customer_faults/compile_stderr.log,True,True,0,,0,False,14.05,11.36,153.59,,/home/azureuser/yas/evomaster-config/runtime-logs/methods/rating/customer/EvoMaster_rating_customer_faults/test_10_deleteOnRateReturnsMismatchResponseWithSchema,/home/azureuser/yas/evomaster-config/runtime-logs/methods/rating/customer/EvoMaster_rating_customer_faults/test_10_deleteOnRateReturnsMismatchResponseWithSchema/run.log,/home/azureuser/yas/evomaster-config/runtime-logs/methods/rating/customer/EvoMaster_rating_customer_faults/test_10_deleteOnRateReturnsMismatchResponseWithSchema/run_stdout.log,/home/azureuser/yas/evomaster-config/runtime-logs/methods/rating/customer/EvoMaster_rating_customer_faults/test_10_deleteOnRateReturnsMismatchResponseWithSchema/run_stderr.log
rating,customer,EvoMaster_rating_customer_faults.java,EvoMaster_rating_customer_faults,test_11_getOnLatestReturnsMismatchResponseWithSchema,False,1,401,/rating/backoffice/ratings/latest/{count},GET,401,.statusCode(401) .assertThat(),2,".get(baseUrlOfSut + ""/rating/backoffice/ratings/latest/990"")",,,faults,/home/azureuser/yas/evomaster-config/generated-tests/blackbox/rating/customer/EvoMaster_rating_customer_faults.java,23,6,True,0,,0,0,,100.0,0,0,0,0,0,0,False,,/home/azureuser/yas/evomaster-config/runtime-logs/classes/rating/customer/EvoMaster_rating_customer_faults,/home/azureuser/yas/evomaster-config/runtime-logs/classes/rating/customer/EvoMaster_rating_customer_faults/compile.log,/home/azureuser/yas/evomaster-config/runtime-logs/classes/rating/customer/EvoMaster_rating_customer_faults/compile_stdout.log,/home/azureuser/yas/evomaster-config/runtime-logs/classes/rating/customer/EvoMaster_rating_customer_faults/compile_stderr.log,True,True,0,,0,False,12.04,11.14,156.48,,/home/azureuser/yas/evomaster-config/runtime-logs/methods/rating/customer/EvoMaster_rating_customer_faults/test_11_getOnLatestReturnsMismatchResponseWithSchema,/home/azureuser/yas/evomaster-config/runtime-logs/methods/rating/customer/EvoMaster_rating_customer_faults/test_11_getOnLatestReturnsMismatchResponseWithSchema/run.log,/home/azureuser/yas/evomaster-config/runtime-logs/methods/rating/customer/EvoMaster_rating_customer_faults/test_11_getOnLatestReturnsMismatchResponseWithSchema/run_stdout.log,/home/azureuser/yas/evomaster-config/runtime-logs/methods/rating/customer/EvoMaster_rating_customer_faults/test_11_getOnLatestReturnsMismatchResponseWithSchema/run_stderr.log
rating,customer,EvoMaster_rating_customer_faults.java,EvoMaster_rating_customer_faults,test_12_getOnLatestReturnsMismatchResponseWithSchema,False,1,403,/rating/backoffice/ratings/latest/{count},GET,403,.statusCode(403) .assertThat(),2,".get(baseUrlOfSut + ""/rating/backoffice/ratings/latest/948"")",,".header(""Authorization"", ""Bearer eyJhbGciOiJSUzI1NiIsInR5cCIgOiAiSldUIiwia2lkIiA6ICJSclRUNWtBOHhIS3N0YWFSMmh1YTRpT0RpcFE4ek9pcjFrNGZOM3RxNFNVIn0.eyJleHAiOjE3Nzc4NjU4MzgsImlhdCI6MTc3Nzg2MjIzOCwianRpIjoiN2ZhMGIyYmMtY2YxOS00MTllLWI1OTEtZjI1M2U5MTBkZjUwIiwiaXNzIjoiaHR0cDovL2lkZW50aXR5L3JlYWxtcy9ZYXMiLCJzdWIiOiI0Yjg1MzdlZC1mZTg4LTQ3MGQtYmFkNS0wZjQ5Y2E2Zjg5NjAiLCJ0eXAiOiJCZWFyZXIiLCJhenAiOiJiYWNrb2ZmaWNlLWJmZiIsInNpZCI6ImY1YTY3OGY2LTBjNWUtNGIzYy04NzFmLTlkMzNiYzEzY2ZiMiIsInJlYWxtX2FjY2VzcyI6eyJyb2xlcyI6WyJkZWZhdWx0LXJvbGVzLXlhcyIsIm9mZmxpbmVfYWNjZXNzIiwiQ1VTVE9NRVIiLCJ1bWFfYXV0aG9yaXphdGlvbiJdfSwic2NvcGUiOiJlbWFpbCBwcm9maWxlIiwiZW1haWxfdmVyaWZpZWQiOmZhbHNlLCJwcmVmZXJyZWRfdXNlcm5hbWUiOiJ1c2VyIn0.j8pUYKb6ribB9yGTDMPvEinqt1rAoKakbPOD2NZOyldMEEoa6UiAQpbLfy1nnorRH5IuuUHvKl2FUtsqkLlcERdLDSE49ezbxbOU0sFYYLrpM7gM9rJg4TPwoDaSTGE1fTEx_Jsu5S9vs9yeuSJ0KaRLcGjaCPr3vPSahD8dgUl9biajkWjMBnfGLwijR_CedKfQIZhLQNn38rwgN9IddHnzk68AvrbZ1DZHbAAm-ztzCfg9-qoTVNg0CZ39xqzP1677LOG6hLXI8Mb2LLG7Wagjd48aXJdaDuURlmWiZxCXy0sgnteI7Eaq4W1Z9JuoKb1Ponuve9ubCoSjCrd24Q"")",faults,/home/azureuser/yas/evomaster-config/generated-tests/blackbox/rating/customer/EvoMaster_rating_customer_faults.java,23,6,True,0,,0,0,,100.0,0,0,0,0,0,0,False,,/home/azureuser/yas/evomaster-config/runtime-logs/classes/rating/customer/EvoMaster_rating_customer_faults,/home/azureuser/yas/evomaster-config/runtime-logs/classes/rating/customer/EvoMaster_rating_customer_faults/compile.log,/home/azureuser/yas/evomaster-config/runtime-logs/classes/rating/customer/EvoMaster_rating_customer_faults/compile_stdout.log,/home/azureuser/yas/evomaster-config/runtime-logs/classes/rating/customer/EvoMaster_rating_customer_faults/compile_stderr.log,True,True,0,,0,False,12.55,11.37,156.34,,/home/azureuser/yas/evomaster-config/runtime-logs/methods/rating/customer/EvoMaster_rating_customer_faults/test_12_getOnLatestReturnsMismatchResponseWithSchema,/home/azureuser/yas/evomaster-config/runtime-logs/methods/rating/customer/EvoMaster_rating_customer_faults/test_12_getOnLatestReturnsMismatchResponseWithSchema/run.log,/home/azureuser/yas/evomaster-config/runtime-logs/methods/rating/customer/EvoMaster_rating_customer_faults/test_12_getOnLatestReturnsMismatchResponseWithSchema/run_stdout.log,/home/azureuser/yas/evomaster-config/runtime-logs/methods/rating/customer/EvoMaster_rating_customer_faults/test_12_getOnLatestReturnsMismatchResponseWithSchema/run_stderr.log
rating,none,EvoMaster_rating_none_faults.java,EvoMaster_rating_none_faults,test_6_postOnRatingsReturnsMismatchResponseWithSchema,False,1,403,/rating/storefront/ratings,POST,403,.statusCode(403) .assertThat(),5,".post(baseUrlOfSut + ""/rating/storefront/ratings"")",".body("" { "" + 
                    "" \""content\"" : \""lQ\"", "" + 
                    "" \""star\"" : 661, "" + 
                    "" \""productId\"" : 347 "" + 
                    "" } "")",,faults,/home/azureuser/yas/evomaster-config/generated-tests/blackbox/rating/none/EvoMaster_rating_none_faults.java,23,6,True,0,,0,0,,100.0,0,0,0,0,0,0,False,,/home/azureuser/yas/evomaster-config/runtime-logs/classes/rating/none/EvoMaster_rating_none_faults,/home/azureuser/yas/evomaster-config/runtime-logs/classes/rating/none/EvoMaster_rating_none_faults/compile.log,/home/azureuser/yas/evomaster-config/runtime-logs/classes/rating/none/EvoMaster_rating_none_faults/compile_stdout.log,/home/azureuser/yas/evomaster-config/runtime-logs/classes/rating/none/EvoMaster_rating_none_faults/compile_stderr.log,True,True,0,,0,False,14.06,11.36,156.44,,/home/azureuser/yas/evomaster-config/runtime-logs/methods/rating/none/EvoMaster_rating_none_faults/test_6_postOnRatingsReturnsMismatchResponseWithSchema,/home/azureuser/yas/evomaster-config/runtime-logs/methods/rating/none/EvoMaster_rating_none_faults/test_6_postOnRatingsReturnsMismatchResponseWithSchema/run.log,/home/azureuser/yas/evomaster-config/runtime-logs/methods/rating/none/EvoMaster_rating_none_faults/test_6_postOnRatingsReturnsMismatchResponseWithSchema/run_stdout.log,/home/azureuser/yas/evomaster-config/runtime-logs/methods/rating/none/EvoMaster_rating_none_faults/test_6_postOnRatingsReturnsMismatchResponseWithSchema/run_stderr.log
rating,none,EvoMaster_rating_none_faults.java,EvoMaster_rating_none_faults,test_7_deleteOnRateReturnsMismatchResponseWithSchema,False,1,403,/rating/backoffice/ratings/{id},DELETE,403,.statusCode(403) .assertThat(),5,".delete(baseUrlOfSut + ""/rating/backoffice/ratings/210649670"")",,,faults,/home/azureuser/yas/evomaster-config/generated-tests/blackbox/rating/none/EvoMaster_rating_none_faults.java,23,6,True,0,,0,0,,100.0,0,0,0,0,0,0,False,,/home/azureuser/yas/evomaster-config/runtime-logs/classes/rating/none/EvoMaster_rating_none_faults,/home/azureuser/yas/evomaster-config/runtime-logs/classes/rating/none/EvoMaster_rating_none_faults/compile.log,/home/azureuser/yas/evomaster-config/runtime-logs/classes/rating/none/EvoMaster_rating_none_faults/compile_stdout.log,/home/azureuser/yas/evomaster-config/runtime-logs/classes/rating/none/EvoMaster_rating_none_faults/compile_stderr.log,True,True,0,,0,False,14.06,11.88,168.78,,/home/azureuser/yas/evomaster-config/runtime-logs/methods/rating/none/EvoMaster_rating_none_faults/test_7_deleteOnRateReturnsMismatchResponseWithSchema,/home/azureuser/yas/evomaster-config/runtime-logs/methods/rating/none/EvoMaster_rating_none_faults/test_7_deleteOnRateReturnsMismatchResponseWithSchema/run.log,/home/azureuser/yas/evomaster-config/runtime-logs/methods/rating/none/EvoMaster_rating_none_faults/test_7_deleteOnRateReturnsMismatchResponseWithSchema/run_stdout.log,/home/azureuser/yas/evomaster-config/runtime-logs/methods/rating/none/EvoMaster_rating_none_faults/test_7_deleteOnRateReturnsMismatchResponseWithSchema/run_stderr.log
rating,none,EvoMaster_rating_none_faults.java,EvoMaster_rating_none_faults,test_8_deleteOnRateReturnsMismatchResponseWithSchema,False,1,403,/rating/backoffice/ratings/{id},DELETE,403,.statusCode(403) .assertThat(),5,".delete(baseUrlOfSut + ""/rating/backoffice/ratings/-5408205195453404544"")",,,faults,/home/azureuser/yas/evomaster-config/generated-tests/blackbox/rating/none/EvoMaster_rating_none_faults.java,23,6,True,0,,0,0,,100.0,0,0,0,0,0,0,False,,/home/azureuser/yas/evomaster-config/runtime-logs/classes/rating/none/EvoMaster_rating_none_faults,/home/azureuser/yas/evomaster-config/runtime-logs/classes/rating/none/EvoMaster_rating_none_faults/compile.log,/home/azureuser/yas/evomaster-config/runtime-logs/classes/rating/none/EvoMaster_rating_none_faults/compile_stdout.log,/home/azureuser/yas/evomaster-config/runtime-logs/classes/rating/none/EvoMaster_rating_none_faults/compile_stderr.log,True,True,0,,0,False,13.54,11.0,152.64,,/home/azureuser/yas/evomaster-config/runtime-logs/methods/rating/none/EvoMaster_rating_none_faults/test_8_deleteOnRateReturnsMismatchResponseWithSchema,/home/azureuser/yas/evomaster-config/runtime-logs/methods/rating/none/EvoMaster_rating_none_faults/test_8_deleteOnRateReturnsMismatchResponseWithSchema/run.log,/home/azureuser/yas/evomaster-config/runtime-logs/methods/rating/none/EvoMaster_rating_none_faults/test_8_deleteOnRateReturnsMismatchResponseWithSchema/run_stdout.log,/home/azureuser/yas/evomaster-config/runtime-logs/methods/rating/none/EvoMaster_rating_none_faults/test_8_deleteOnRateReturnsMismatchResponseWithSchema/run_stderr.log
rating,none,EvoMaster_rating_none_faults.java,EvoMaster_rating_none_faults,test_9_getOnLatestReturnsMismatchResponseWithSchema,False,1,401,/rating/backoffice/ratings/latest/{count},GET,401,.statusCode(401) .assertThat(),2,".get(baseUrlOfSut + ""/rating/backoffice/ratings/latest/849"")",,,faults,/home/azureuser/yas/evomaster-config/generated-tests/blackbox/rating/none/EvoMaster_rating_none_faults.java,23,6,True,0,,0,0,,100.0,0,0,0,0,0,0,False,,/home/azureuser/yas/evomaster-config/runtime-logs/classes/rating/none/EvoMaster_rating_none_faults,/home/azureuser/yas/evomaster-config/runtime-logs/classes/rating/none/EvoMaster_rating_none_faults/compile.log,/home/azureuser/yas/evomaster-config/runtime-logs/classes/rating/none/EvoMaster_rating_none_faults/compile_stdout.log,/home/azureuser/yas/evomaster-config/runtime-logs/classes/rating/none/EvoMaster_rating_none_faults/compile_stderr.log,True,True,0,,0,False,12.54,11.38,154.7,,/home/azureuser/yas/evomaster-config/runtime-logs/methods/rating/none/EvoMaster_rating_none_faults/test_9_getOnLatestReturnsMismatchResponseWithSchema,/home/azureuser/yas/evomaster-config/runtime-logs/methods/rating/none/EvoMaster_rating_none_faults/test_9_getOnLatestReturnsMismatchResponseWithSchema/run.log,/home/azureuser/yas/evomaster-config/runtime-logs/methods/rating/none/EvoMaster_rating_none_faults/test_9_getOnLatestReturnsMismatchResponseWithSchema/run_stdout.log,/home/azureuser/yas/evomaster-config/runtime-logs/methods/rating/none/EvoMaster_rating_none_faults/test_9_getOnLatestReturnsMismatchResponseWithSchema/run_stderr.log
rating,super_admin,EvoMaster_rating_super_admin_faults.java,EvoMaster_rating_super_admin_faults,test_0_postOnRatingsShowsFaults_100_101,False,1,500,/rating/storefront/ratings,POST,500,.statusCode(500) .assertThat(),6,".post(baseUrlOfSut + ""/rating/storefront/ratings"")",".body("" { } "")",".header(""Authorization"", ""Bearer eyJhbGciOiJSUzI1NiIsInR5cCIgOiAiSldUIiwia2lkIiA6ICJSclRUNWtBOHhIS3N0YWFSMmh1YTRpT0RpcFE4ek9pcjFrNGZOM3RxNFNVIn0.eyJleHAiOjE3Nzc4NjU4MjYsImlhdCI6MTc3Nzg2MjIyNiwianRpIjoiNTQwMDljM2ItZDlhNy00M2NjLTliNGItMTJkY2IxMzI4Y2U1IiwiaXNzIjoiaHR0cDovL2lkZW50aXR5L3JlYWxtcy9ZYXMiLCJzdWIiOiI3MDQyZWE5ZS1hNzg0LTQxZjQtYTkzNi1kOGUxNTk5ODlmZjUiLCJ0eXAiOiJCZWFyZXIiLCJhenAiOiJiYWNrb2ZmaWNlLWJmZiIsInNpZCI6ImRlYzQ1OWI0LWVkYzAtNDNkZi05Y2Y5LWNlYmZkOGIxZmE0MiIsInJlYWxtX2FjY2VzcyI6eyJyb2xlcyI6WyJTVVBFUi1BRE1JTiJdfSwic2NvcGUiOiJlbWFpbCBwcm9maWxlIiwiZW1haWxfdmVyaWZpZWQiOmZhbHNlLCJwcmVmZXJyZWRfdXNlcm5hbWUiOiJzdXBlcl9hZG1pbiJ9.cMqBeXc7gpHgRDzGow5wlUOCetIvbTGQwCUNgnEhWUE0C7OYsspPC9uWV89xq3wK980fU8NgGU9dP6KniCVJTllPk5SzyE2M_BqI4KY65vcKsfGCRsnbo4rVLDsajue2DS29TsEsnIYfnVnXOXQCj5R8_Lq91o9vkeh-BtO3S08lB86VhSL1xYmG0GwaeV7LBGer-L8sLzslYKuM8rgCT9uNiczyn07I92nMxVAXE_BWmoTZDQbQXJZfjvgyeYE3S7c263qC1iLXSR4rBKAcAfmPKE029nzKSvKNq0eLKP6QUqB0bI0p7b0YUYtH2zyUTmwoqFqLnfLkEF_xImgEuw"")",faults,/home/azureuser/yas/evomaster-config/generated-tests/blackbox/rating/super_admin/EvoMaster_rating_super_admin_faults.java,23,6,True,0,,0,0,,100.0,0,0,0,0,0,0,False,,/home/azureuser/yas/evomaster-config/runtime-logs/classes/rating/super_admin/EvoMaster_rating_super_admin_faults,/home/azureuser/yas/evomaster-config/runtime-logs/classes/rating/super_admin/EvoMaster_rating_super_admin_faults/compile.log,/home/azureuser/yas/evomaster-config/runtime-logs/classes/rating/super_admin/EvoMaster_rating_super_admin_faults/compile_stdout.log,/home/azureuser/yas/evomaster-config/runtime-logs/classes/rating/super_admin/EvoMaster_rating_super_admin_faults/compile_stderr.log,True,True,0,,0,False,14.05,11.35,160.44,,/home/azureuser/yas/evomaster-config/runtime-logs/methods/rating/super_admin/EvoMaster_rating_super_admin_faults/test_0_postOnRatingsShowsFaults_100_101,/home/azureuser/yas/evomaster-config/runtime-logs/methods/rating/super_admin/EvoMaster_rating_super_admin_faults/test_0_postOnRatingsShowsFaults_100_101/run.log,/home/azureuser/yas/evomaster-config/runtime-logs/methods/rating/super_admin/EvoMaster_rating_super_admin_faults/test_0_postOnRatingsShowsFaults_100_101/run_stdout.log,/home/azureuser/yas/evomaster-config/runtime-logs/methods/rating/super_admin/EvoMaster_rating_super_admin_faults/test_0_postOnRatingsShowsFaults_100_101/run_stderr.log
rating,super_admin,EvoMaster_rating_super_admin_faults.java,EvoMaster_rating_super_admin_faults,test_7_postOnRatingsReturnsMismatchResponseWithSchema,False,1,403,/rating/storefront/ratings,POST,403,.statusCode(403) .assertThat(),5,".post(baseUrlOfSut + ""/rating/storefront/ratings"")",".body("" { "" + 
                    "" \""star\"" : 251, "" + 
                    "" \""productName\"" : \""Aq9\"" "" + 
                    "" } "")",,faults,/home/azureuser/yas/evomaster-config/generated-tests/blackbox/rating/super_admin/EvoMaster_rating_super_admin_faults.java,23,6,True,0,,0,0,,100.0,0,0,0,0,0,0,False,,/home/azureuser/yas/evomaster-config/runtime-logs/classes/rating/super_admin/EvoMaster_rating_super_admin_faults,/home/azureuser/yas/evomaster-config/runtime-logs/classes/rating/super_admin/EvoMaster_rating_super_admin_faults/compile.log,/home/azureuser/yas/evomaster-config/runtime-logs/classes/rating/super_admin/EvoMaster_rating_super_admin_faults/compile_stdout.log,/home/azureuser/yas/evomaster-config/runtime-logs/classes/rating/super_admin/EvoMaster_rating_super_admin_faults/compile_stderr.log,True,True,0,,0,False,14.04,11.16,153.59,,/home/azureuser/yas/evomaster-config/runtime-logs/methods/rating/super_admin/EvoMaster_rating_super_admin_faults/test_7_postOnRatingsReturnsMismatchResponseWithSchema,/home/azureuser/yas/evomaster-config/runtime-logs/methods/rating/super_admin/EvoMaster_rating_super_admin_faults/test_7_postOnRatingsReturnsMismatchResponseWithSchema/run.log,/home/azureuser/yas/evomaster-config/runtime-logs/methods/rating/super_admin/EvoMaster_rating_super_admin_faults/test_7_postOnRatingsReturnsMismatchResponseWithSchema/run_stdout.log,/home/azureuser/yas/evomaster-config/runtime-logs/methods/rating/super_admin/EvoMaster_rating_super_admin_faults/test_7_postOnRatingsReturnsMismatchResponseWithSchema/run_stderr.log
rating,super_admin,EvoMaster_rating_super_admin_faults.java,EvoMaster_rating_super_admin_faults,test_8_postOnRatingsReturnsMismatchResponseWithSchema,False,1,403,/rating/storefront/ratings,POST,403,.statusCode(403) .assertThat(),6,".post(baseUrlOfSut + ""/rating/storefront/ratings"")",".body("" { "" + 
                    "" \""star\"" : 448, "" + 
                    "" \""productName\"" : \""oLEk4YiW\"" "" + 
                    "" } "")",".header(""Authorization"", ""Bearer eyJhbGciOiJSUzI1NiIsInR5cCIgOiAiSldUIiwia2lkIiA6ICJSclRUNWtBOHhIS3N0YWFSMmh1YTRpT0RpcFE4ek9pcjFrNGZOM3RxNFNVIn0.eyJleHAiOjE3Nzc4NjU4MjYsImlhdCI6MTc3Nzg2MjIyNiwianRpIjoiNTQwMDljM2ItZDlhNy00M2NjLTliNGItMTJkY2IxMzI4Y2U1IiwiaXNzIjoiaHR0cDovL2lkZW50aXR5L3JlYWxtcy9ZYXMiLCJzdWIiOiI3MDQyZWE5ZS1hNzg0LTQxZjQtYTkzNi1kOGUxNTk5ODlmZjUiLCJ0eXAiOiJCZWFyZXIiLCJhenAiOiJiYWNrb2ZmaWNlLWJmZiIsInNpZCI6ImRlYzQ1OWI0LWVkYzAtNDNkZi05Y2Y5LWNlYmZkOGIxZmE0MiIsInJlYWxtX2FjY2VzcyI6eyJyb2xlcyI6WyJTVVBFUi1BRE1JTiJdfSwic2NvcGUiOiJlbWFpbCBwcm9maWxlIiwiZW1haWxfdmVyaWZpZWQiOmZhbHNlLCJwcmVmZXJyZWRfdXNlcm5hbWUiOiJzdXBlcl9hZG1pbiJ9.cMqBeXc7gpHgRDzGow5wlUOCetIvbTGQwCUNgnEhWUE0C7OYsspPC9uWV89xq3wK980fU8NgGU9dP6KniCVJTllPk5SzyE2M_BqI4KY65vcKsfGCRsnbo4rVLDsajue2DS29TsEsnIYfnVnXOXQCj5R8_Lq91o9vkeh-BtO3S08lB86VhSL1xYmG0GwaeV7LBGer-L8sLzslYKuM8rgCT9uNiczyn07I92nMxVAXE_BWmoTZDQbQXJZfjvgyeYE3S7c263qC1iLXSR4rBKAcAfmPKE029nzKSvKNq0eLKP6QUqB0bI0p7b0YUYtH2zyUTmwoqFqLnfLkEF_xImgEuw"")",faults,/home/azureuser/yas/evomaster-config/generated-tests/blackbox/rating/super_admin/EvoMaster_rating_super_admin_faults.java,23,6,True,0,,0,0,,100.0,0,0,0,0,0,0,False,,/home/azureuser/yas/evomaster-config/runtime-logs/classes/rating/super_admin/EvoMaster_rating_super_admin_faults,/home/azureuser/yas/evomaster-config/runtime-logs/classes/rating/super_admin/EvoMaster_rating_super_admin_faults/compile.log,/home/azureuser/yas/evomaster-config/runtime-logs/classes/rating/super_admin/EvoMaster_rating_super_admin_faults/compile_stdout.log,/home/azureuser/yas/evomaster-config/runtime-logs/classes/rating/super_admin/EvoMaster_rating_super_admin_faults/compile_stderr.log,True,True,0,,0,False,13.56,10.8,159.68,,/home/azureuser/yas/evomaster-config/runtime-logs/methods/rating/super_admin/EvoMaster_rating_super_admin_faults/test_8_postOnRatingsReturnsMismatchResponseWithSchema,/home/azureuser/yas/evomaster-config/runtime-logs/methods/rating/super_admin/EvoMaster_rating_super_admin_faults/test_8_postOnRatingsReturnsMismatchResponseWithSchema/run.log,/home/azureuser/yas/evomaster-config/runtime-logs/methods/rating/super_admin/EvoMaster_rating_super_admin_faults/test_8_postOnRatingsReturnsMismatchResponseWithSchema/run_stdout.log,/home/azureuser/yas/evomaster-config/runtime-logs/methods/rating/super_admin/EvoMaster_rating_super_admin_faults/test_8_postOnRatingsReturnsMismatchResponseWithSchema/run_stderr.log
rating,super_admin,EvoMaster_rating_super_admin_faults.java,EvoMaster_rating_super_admin_faults,test_9_deleteOnRateReturnsMismatchResponseWithSchema,False,1,403,/rating/backoffice/ratings/{id},DELETE,403,.statusCode(403) .assertThat(),2,".delete(baseUrlOfSut + ""/rating/backoffice/ratings/845"")",,".header(""Authorization"", ""Bearer eyJhbGciOiJSUzI1NiIsInR5cCIgOiAiSldUIiwia2lkIiA6ICJSclRUNWtBOHhIS3N0YWFSMmh1YTRpT0RpcFE4ek9pcjFrNGZOM3RxNFNVIn0.eyJleHAiOjE3Nzc4NjU4MjYsImlhdCI6MTc3Nzg2MjIyNiwianRpIjoiNTQwMDljM2ItZDlhNy00M2NjLTliNGItMTJkY2IxMzI4Y2U1IiwiaXNzIjoiaHR0cDovL2lkZW50aXR5L3JlYWxtcy9ZYXMiLCJzdWIiOiI3MDQyZWE5ZS1hNzg0LTQxZjQtYTkzNi1kOGUxNTk5ODlmZjUiLCJ0eXAiOiJCZWFyZXIiLCJhenAiOiJiYWNrb2ZmaWNlLWJmZiIsInNpZCI6ImRlYzQ1OWI0LWVkYzAtNDNkZi05Y2Y5LWNlYmZkOGIxZmE0MiIsInJlYWxtX2FjY2VzcyI6eyJyb2xlcyI6WyJTVVBFUi1BRE1JTiJdfSwic2NvcGUiOiJlbWFpbCBwcm9maWxlIiwiZW1haWxfdmVyaWZpZWQiOmZhbHNlLCJwcmVmZXJyZWRfdXNlcm5hbWUiOiJzdXBlcl9hZG1pbiJ9.cMqBeXc7gpHgRDzGow5wlUOCetIvbTGQwCUNgnEhWUE0C7OYsspPC9uWV89xq3wK980fU8NgGU9dP6KniCVJTllPk5SzyE2M_BqI4KY65vcKsfGCRsnbo4rVLDsajue2DS29TsEsnIYfnVnXOXQCj5R8_Lq91o9vkeh-BtO3S08lB86VhSL1xYmG0GwaeV7LBGer-L8sLzslYKuM8rgCT9uNiczyn07I92nMxVAXE_BWmoTZDQbQXJZfjvgyeYE3S7c263qC1iLXSR4rBKAcAfmPKE029nzKSvKNq0eLKP6QUqB0bI0p7b0YUYtH2zyUTmwoqFqLnfLkEF_xImgEuw"")",faults,/home/azureuser/yas/evomaster-config/generated-tests/blackbox/rating/super_admin/EvoMaster_rating_super_admin_faults.java,23,6,True,0,,0,0,,100.0,0,0,0,0,0,0,False,,/home/azureuser/yas/evomaster-config/runtime-logs/classes/rating/super_admin/EvoMaster_rating_super_admin_faults,/home/azureuser/yas/evomaster-config/runtime-logs/classes/rating/super_admin/EvoMaster_rating_super_admin_faults/compile.log,/home/azureuser/yas/evomaster-config/runtime-logs/classes/rating/super_admin/EvoMaster_rating_super_admin_faults/compile_stdout.log,/home/azureuser/yas/evomaster-config/runtime-logs/classes/rating/super_admin/EvoMaster_rating_super_admin_faults/compile_stderr.log,True,True,0,,0,False,12.07,10.97,155.52,,/home/azureuser/yas/evomaster-config/runtime-logs/methods/rating/super_admin/EvoMaster_rating_super_admin_faults/test_9_deleteOnRateReturnsMismatchResponseWithSchema,/home/azureuser/yas/evomaster-config/runtime-logs/methods/rating/super_admin/EvoMaster_rating_super_admin_faults/test_9_deleteOnRateReturnsMismatchResponseWithSchema/run.log,/home/azureuser/yas/evomaster-config/runtime-logs/methods/rating/super_admin/EvoMaster_rating_super_admin_faults/test_9_deleteOnRateReturnsMismatchResponseWithSchema/run_stdout.log,/home/azureuser/yas/evomaster-config/runtime-logs/methods/rating/super_admin/EvoMaster_rating_super_admin_faults/test_9_deleteOnRateReturnsMismatchResponseWithSchema/run_stderr.log
rating,super_admin,EvoMaster_rating_super_admin_faults.java,EvoMaster_rating_super_admin_faults,test_10_deleteOnRateReturnsMismatchResponseWithSchema,False,1,403,/rating/backoffice/ratings/{id},DELETE,403,.statusCode(403) .assertThat(),5,".delete(baseUrlOfSut + ""/rating/backoffice/ratings/622"")",,,faults,/home/azureuser/yas/evomaster-config/generated-tests/blackbox/rating/super_admin/EvoMaster_rating_super_admin_faults.java,23,6,True,0,,0,0,,100.0,0,0,0,0,0,0,False,,/home/azureuser/yas/evomaster-config/runtime-logs/classes/rating/super_admin/EvoMaster_rating_super_admin_faults,/home/azureuser/yas/evomaster-config/runtime-logs/classes/rating/super_admin/EvoMaster_rating_super_admin_faults/compile.log,/home/azureuser/yas/evomaster-config/runtime-logs/classes/rating/super_admin/EvoMaster_rating_super_admin_faults/compile_stdout.log,/home/azureuser/yas/evomaster-config/runtime-logs/classes/rating/super_admin/EvoMaster_rating_super_admin_faults/compile_stderr.log,True,True,0,,0,False,14.05,11.49,163.29,,/home/azureuser/yas/evomaster-config/runtime-logs/methods/rating/super_admin/EvoMaster_rating_super_admin_faults/test_10_deleteOnRateReturnsMismatchResponseWithSchema,/home/azureuser/yas/evomaster-config/runtime-logs/methods/rating/super_admin/EvoMaster_rating_super_admin_faults/test_10_deleteOnRateReturnsMismatchResponseWithSchema/run.log,/home/azureuser/yas/evomaster-config/runtime-logs/methods/rating/super_admin/EvoMaster_rating_super_admin_faults/test_10_deleteOnRateReturnsMismatchResponseWithSchema/run_stdout.log,/home/azureuser/yas/evomaster-config/runtime-logs/methods/rating/super_admin/EvoMaster_rating_super_admin_faults/test_10_deleteOnRateReturnsMismatchResponseWithSchema/run_stderr.log
rating,super_admin,EvoMaster_rating_super_admin_faults.java,EvoMaster_rating_super_admin_faults,test_11_deleteOnRateReturnsMismatchResponseWithSchema,False,1,403,/rating/backoffice/ratings/{id},DELETE,403,.statusCode(403) .assertThat(),2,".delete(baseUrlOfSut + ""/rating/backoffice/ratings/-9157183349453314694"")",,".header(""Authorization"", ""Bearer eyJhbGciOiJSUzI1NiIsInR5cCIgOiAiSldUIiwia2lkIiA6ICJSclRUNWtBOHhIS3N0YWFSMmh1YTRpT0RpcFE4ek9pcjFrNGZOM3RxNFNVIn0.eyJleHAiOjE3Nzc4NjU4MjYsImlhdCI6MTc3Nzg2MjIyNiwianRpIjoiNTQwMDljM2ItZDlhNy00M2NjLTliNGItMTJkY2IxMzI4Y2U1IiwiaXNzIjoiaHR0cDovL2lkZW50aXR5L3JlYWxtcy9ZYXMiLCJzdWIiOiI3MDQyZWE5ZS1hNzg0LTQxZjQtYTkzNi1kOGUxNTk5ODlmZjUiLCJ0eXAiOiJCZWFyZXIiLCJhenAiOiJiYWNrb2ZmaWNlLWJmZiIsInNpZCI6ImRlYzQ1OWI0LWVkYzAtNDNkZi05Y2Y5LWNlYmZkOGIxZmE0MiIsInJlYWxtX2FjY2VzcyI6eyJyb2xlcyI6WyJTVVBFUi1BRE1JTiJdfSwic2NvcGUiOiJlbWFpbCBwcm9maWxlIiwiZW1haWxfdmVyaWZpZWQiOmZhbHNlLCJwcmVmZXJyZWRfdXNlcm5hbWUiOiJzdXBlcl9hZG1pbiJ9.cMqBeXc7gpHgRDzGow5wlUOCetIvbTGQwCUNgnEhWUE0C7OYsspPC9uWV89xq3wK980fU8NgGU9dP6KniCVJTllPk5SzyE2M_BqI4KY65vcKsfGCRsnbo4rVLDsajue2DS29TsEsnIYfnVnXOXQCj5R8_Lq91o9vkeh-BtO3S08lB86VhSL1xYmG0GwaeV7LBGer-L8sLzslYKuM8rgCT9uNiczyn07I92nMxVAXE_BWmoTZDQbQXJZfjvgyeYE3S7c263qC1iLXSR4rBKAcAfmPKE029nzKSvKNq0eLKP6QUqB0bI0p7b0YUYtH2zyUTmwoqFqLnfLkEF_xImgEuw"")",faults,/home/azureuser/yas/evomaster-config/generated-tests/blackbox/rating/super_admin/EvoMaster_rating_super_admin_faults.java,23,6,True,0,,0,0,,100.0,0,0,0,0,0,0,False,,/home/azureuser/yas/evomaster-config/runtime-logs/classes/rating/super_admin/EvoMaster_rating_super_admin_faults,/home/azureuser/yas/evomaster-config/runtime-logs/classes/rating/super_admin/EvoMaster_rating_super_admin_faults/compile.log,/home/azureuser/yas/evomaster-config/runtime-logs/classes/rating/super_admin/EvoMaster_rating_super_admin_faults/compile_stdout.log,/home/azureuser/yas/evomaster-config/runtime-logs/classes/rating/super_admin/EvoMaster_rating_super_admin_faults/compile_stderr.log,True,True,0,,0,False,13.04,11.51,155.94,,/home/azureuser/yas/evomaster-config/runtime-logs/methods/rating/super_admin/EvoMaster_rating_super_admin_faults/test_11_deleteOnRateReturnsMismatchResponseWithSchema,/home/azureuser/yas/evomaster-config/runtime-logs/methods/rating/super_admin/EvoMaster_rating_super_admin_faults/test_11_deleteOnRateReturnsMismatchResponseWithSchema/run.log,/home/azureuser/yas/evomaster-config/runtime-logs/methods/rating/super_admin/EvoMaster_rating_super_admin_faults/test_11_deleteOnRateReturnsMismatchResponseWithSchema/run_stdout.log,/home/azureuser/yas/evomaster-config/runtime-logs/methods/rating/super_admin/EvoMaster_rating_super_admin_faults/test_11_deleteOnRateReturnsMismatchResponseWithSchema/run_stderr.log
rating,super_admin,EvoMaster_rating_super_admin_faults.java,EvoMaster_rating_super_admin_faults,test_13_getOnLatestReturnsMismatchResponseWithSchema,False,1,401,/rating/backoffice/ratings/latest/{count},GET,401,.statusCode(401) .assertThat(),2,".get(baseUrlOfSut + ""/rating/backoffice/ratings/latest/560"")",,,faults,/home/azureuser/yas/evomaster-config/generated-tests/blackbox/rating/super_admin/EvoMaster_rating_super_admin_faults.java,23,6,True,0,,0,0,,100.0,0,0,0,0,0,0,False,,/home/azureuser/yas/evomaster-config/runtime-logs/classes/rating/super_admin/EvoMaster_rating_super_admin_faults,/home/azureuser/yas/evomaster-config/runtime-logs/classes/rating/super_admin/EvoMaster_rating_super_admin_faults/compile.log,/home/azureuser/yas/evomaster-config/runtime-logs/classes/rating/super_admin/EvoMaster_rating_super_admin_faults/compile_stdout.log,/home/azureuser/yas/evomaster-config/runtime-logs/classes/rating/super_admin/EvoMaster_rating_super_admin_faults/compile_stderr.log,True,True,0,,0,False,12.04,11.14,160.13,,/home/azureuser/yas/evomaster-config/runtime-logs/methods/rating/super_admin/EvoMaster_rating_super_admin_faults/test_13_getOnLatestReturnsMismatchResponseWithSchema,/home/azureuser/yas/evomaster-config/runtime-logs/methods/rating/super_admin/EvoMaster_rating_super_admin_faults/test_13_getOnLatestReturnsMismatchResponseWithSchema/run.log,/home/azureuser/yas/evomaster-config/runtime-logs/methods/rating/super_admin/EvoMaster_rating_super_admin_faults/test_13_getOnLatestReturnsMismatchResponseWithSchema/run_stdout.log,/home/azureuser/yas/evomaster-config/runtime-logs/methods/rating/super_admin/EvoMaster_rating_super_admin_faults/test_13_getOnLatestReturnsMismatchResponseWithSchema/run_stderr.log
rating,super_admin,EvoMaster_rating_super_admin_faults.java,EvoMaster_rating_super_admin_faults,test_14_getOnLatestReturnsMismatchResponseWithSchema,False,1,403,/rating/backoffice/ratings/latest/{count},GET,403,.statusCode(403) .assertThat(),2,".get(baseUrlOfSut + ""/rating/backoffice/ratings/latest/23"")",,".header(""Authorization"", ""Bearer eyJhbGciOiJSUzI1NiIsInR5cCIgOiAiSldUIiwia2lkIiA6ICJSclRUNWtBOHhIS3N0YWFSMmh1YTRpT0RpcFE4ek9pcjFrNGZOM3RxNFNVIn0.eyJleHAiOjE3Nzc4NjU4MjYsImlhdCI6MTc3Nzg2MjIyNiwianRpIjoiNTQwMDljM2ItZDlhNy00M2NjLTliNGItMTJkY2IxMzI4Y2U1IiwiaXNzIjoiaHR0cDovL2lkZW50aXR5L3JlYWxtcy9ZYXMiLCJzdWIiOiI3MDQyZWE5ZS1hNzg0LTQxZjQtYTkzNi1kOGUxNTk5ODlmZjUiLCJ0eXAiOiJCZWFyZXIiLCJhenAiOiJiYWNrb2ZmaWNlLWJmZiIsInNpZCI6ImRlYzQ1OWI0LWVkYzAtNDNkZi05Y2Y5LWNlYmZkOGIxZmE0MiIsInJlYWxtX2FjY2VzcyI6eyJyb2xlcyI6WyJTVVBFUi1BRE1JTiJdfSwic2NvcGUiOiJlbWFpbCBwcm9maWxlIiwiZW1haWxfdmVyaWZpZWQiOmZhbHNlLCJwcmVmZXJyZWRfdXNlcm5hbWUiOiJzdXBlcl9hZG1pbiJ9.cMqBeXc7gpHgRDzGow5wlUOCetIvbTGQwCUNgnEhWUE0C7OYsspPC9uWV89xq3wK980fU8NgGU9dP6KniCVJTllPk5SzyE2M_BqI4KY65vcKsfGCRsnbo4rVLDsajue2DS29TsEsnIYfnVnXOXQCj5R8_Lq91o9vkeh-BtO3S08lB86VhSL1xYmG0GwaeV7LBGer-L8sLzslYKuM8rgCT9uNiczyn07I92nMxVAXE_BWmoTZDQbQXJZfjvgyeYE3S7c263qC1iLXSR4rBKAcAfmPKE029nzKSvKNq0eLKP6QUqB0bI0p7b0YUYtH2zyUTmwoqFqLnfLkEF_xImgEuw"")",faults,/home/azureuser/yas/evomaster-config/generated-tests/blackbox/rating/super_admin/EvoMaster_rating_super_admin_faults.java,23,6,True,0,,0,0,,100.0,0,0,0,0,0,0,False,,/home/azureuser/yas/evomaster-config/runtime-logs/classes/rating/super_admin/EvoMaster_rating_super_admin_faults,/home/azureuser/yas/evomaster-config/runtime-logs/classes/rating/super_admin/EvoMaster_rating_super_admin_faults/compile.log,/home/azureuser/yas/evomaster-config/runtime-logs/classes/rating/super_admin/EvoMaster_rating_super_admin_faults/compile_stdout.log,/home/azureuser/yas/evomaster-config/runtime-logs/classes/rating/super_admin/EvoMaster_rating_super_admin_faults/compile_stderr.log,True,True,0,,0,False,12.54,11.12,162.21,,/home/azureuser/yas/evomaster-config/runtime-logs/methods/rating/super_admin/EvoMaster_rating_super_admin_faults/test_14_getOnLatestReturnsMismatchResponseWithSchema,/home/azureuser/yas/evomaster-config/runtime-logs/methods/rating/super_admin/EvoMaster_rating_super_admin_faults/test_14_getOnLatestReturnsMismatchResponseWithSchema/run.log,/home/azureuser/yas/evomaster-config/runtime-logs/methods/rating/super_admin/EvoMaster_rating_super_admin_faults/test_14_getOnLatestReturnsMismatchResponseWithSchema/run_stdout.log,/home/azureuser/yas/evomaster-config/runtime-logs/methods/rating/super_admin/EvoMaster_rating_super_admin_faults/test_14_getOnLatestReturnsMismatchResponseWithSchema/run_stderr.log
rating,user,EvoMaster_rating_user_faults.java,EvoMaster_rating_user_faults,test_0_postOnRatingsShowsFaults_100_101,False,1,500,/rating/storefront/ratings,POST,500,.statusCode(500) .assertThat(),6,".post(baseUrlOfSut + ""/rating/storefront/ratings"")",".body("" { } "")",".header(""Authorization"", ""Bearer eyJhbGciOiJSUzI1NiIsInR5cCIgOiAiSldUIiwia2lkIiA6ICJSclRUNWtBOHhIS3N0YWFSMmh1YTRpT0RpcFE4ek9pcjFrNGZOM3RxNFNVIn0.eyJleHAiOjE3Nzc4NjU4NDMsImlhdCI6MTc3Nzg2MjI0MywianRpIjoiMjU4OGMwNjUtYjhkOS00NzU4LWFlYzUtMDIxYTQ4NzZmZjJmIiwiaXNzIjoiaHR0cDovL2lkZW50aXR5L3JlYWxtcy9ZYXMiLCJzdWIiOiIwMTEzZmQyNy1hMDllLTQ3MjItYjFlNS01MDA3ZjU4ZjUyODgiLCJ0eXAiOiJCZWFyZXIiLCJhenAiOiJiYWNrb2ZmaWNlLWJmZiIsInNpZCI6IjVlNTM5YTgwLTI4OWEtNGE4OS05OGZlLTdmYzhmODhlMDRiZSIsInJlYWxtX2FjY2VzcyI6eyJyb2xlcyI6WyJVU0VSIl19LCJzY29wZSI6ImVtYWlsIHByb2ZpbGUiLCJlbWFpbF92ZXJpZmllZCI6ZmFsc2UsInByZWZlcnJlZF91c2VybmFtZSI6InVzZXJfcm9sZSJ9.n5ajrWXfYP4MwGwDb2geG64HykKHDhJojocXS2N37gtUgeAN4vUIreGQTG5jfRGLqwvbPOIUvfjIRZrCXp2ICPTzC0enT5sAsUE8_zd12sMyeCtuXEbyaHEW5L8d4YAKfx-tyoGaFy0K6P5X1F433aqAT7CLTPhs0fyqSIoPGIrPR7P5b3B6Fgpz2sdNiXFJwbHx2AbCrJwUJ8KTR43CxWejn1-1B7heNDeLERdLA7U_IvMB4x5d57lWHbkQKF0WgensPKgp3x3SgW7w-qRIw0dKEvgzvYaq4OE7GE0K_8kkHHcx-p6Tg7QhAeHBBbfDGwQJfbLBoute0XtKe51QwQ"")",faults,/home/azureuser/yas/evomaster-config/generated-tests/blackbox/rating/user/EvoMaster_rating_user_faults.java,23,6,True,0,,0,0,,100.0,0,0,0,0,0,0,False,,/home/azureuser/yas/evomaster-config/runtime-logs/classes/rating/user/EvoMaster_rating_user_faults,/home/azureuser/yas/evomaster-config/runtime-logs/classes/rating/user/EvoMaster_rating_user_faults/compile.log,/home/azureuser/yas/evomaster-config/runtime-logs/classes/rating/user/EvoMaster_rating_user_faults/compile_stdout.log,/home/azureuser/yas/evomaster-config/runtime-logs/classes/rating/user/EvoMaster_rating_user_faults/compile_stderr.log,True,True,0,,0,False,14.04,11.1,161.78,,/home/azureuser/yas/evomaster-config/runtime-logs/methods/rating/user/EvoMaster_rating_user_faults/test_0_postOnRatingsShowsFaults_100_101,/home/azureuser/yas/evomaster-config/runtime-logs/methods/rating/user/EvoMaster_rating_user_faults/test_0_postOnRatingsShowsFaults_100_101/run.log,/home/azureuser/yas/evomaster-config/runtime-logs/methods/rating/user/EvoMaster_rating_user_faults/test_0_postOnRatingsShowsFaults_100_101/run_stdout.log,/home/azureuser/yas/evomaster-config/runtime-logs/methods/rating/user/EvoMaster_rating_user_faults/test_0_postOnRatingsShowsFaults_100_101/run_stderr.log
rating,user,EvoMaster_rating_user_faults.java,EvoMaster_rating_user_faults,test_8_postOnRatingsReturnsMismatchResponseWithSchema,False,1,403,/rating/storefront/ratings,POST,403,.statusCode(403) .assertThat(),5,".post(baseUrlOfSut + ""/rating/storefront/ratings"")",".body("" { "" + 
                    "" \""productId\"" : -2409818193156654239, "" + 
                    "" \""productName\"" : \""KkOG2NUIZ\"" "" + 
                    "" } "")",,faults,/home/azureuser/yas/evomaster-config/generated-tests/blackbox/rating/user/EvoMaster_rating_user_faults.java,23,6,True,0,,0,0,,100.0,0,0,0,0,0,0,False,,/home/azureuser/yas/evomaster-config/runtime-logs/classes/rating/user/EvoMaster_rating_user_faults,/home/azureuser/yas/evomaster-config/runtime-logs/classes/rating/user/EvoMaster_rating_user_faults/compile.log,/home/azureuser/yas/evomaster-config/runtime-logs/classes/rating/user/EvoMaster_rating_user_faults/compile_stdout.log,/home/azureuser/yas/evomaster-config/runtime-logs/classes/rating/user/EvoMaster_rating_user_faults/compile_stderr.log,True,True,0,,0,False,14.55,11.71,161.99,,/home/azureuser/yas/evomaster-config/runtime-logs/methods/rating/user/EvoMaster_rating_user_faults/test_8_postOnRatingsReturnsMismatchResponseWithSchema,/home/azureuser/yas/evomaster-config/runtime-logs/methods/rating/user/EvoMaster_rating_user_faults/test_8_postOnRatingsReturnsMismatchResponseWithSchema/run.log,/home/azureuser/yas/evomaster-config/runtime-logs/methods/rating/user/EvoMaster_rating_user_faults/test_8_postOnRatingsReturnsMismatchResponseWithSchema/run_stdout.log,/home/azureuser/yas/evomaster-config/runtime-logs/methods/rating/user/EvoMaster_rating_user_faults/test_8_postOnRatingsReturnsMismatchResponseWithSchema/run_stderr.log
rating,user,EvoMaster_rating_user_faults.java,EvoMaster_rating_user_faults,test_9_postOnRatingsReturnsMismatchResponseWithSchema,False,1,403,/rating/storefront/ratings,POST,403,.statusCode(403) .assertThat(),6,".post(baseUrlOfSut + ""/rating/storefront/ratings"")",".body("" { "" + 
                    "" \""star\"" : 373, "" + 
                    "" \""productId\"" : 800, "" + 
                    "" \""productName\"" : \""h4PaxjuVZ\"" "" + 
                    "" } "")",".header(""Authorization"", ""Bearer eyJhbGciOiJSUzI1NiIsInR5cCIgOiAiSldUIiwia2lkIiA6ICJSclRUNWtBOHhIS3N0YWFSMmh1YTRpT0RpcFE4ek9pcjFrNGZOM3RxNFNVIn0.eyJleHAiOjE3Nzc4NjU4NDMsImlhdCI6MTc3Nzg2MjI0MywianRpIjoiMjU4OGMwNjUtYjhkOS00NzU4LWFlYzUtMDIxYTQ4NzZmZjJmIiwiaXNzIjoiaHR0cDovL2lkZW50aXR5L3JlYWxtcy9ZYXMiLCJzdWIiOiIwMTEzZmQyNy1hMDllLTQ3MjItYjFlNS01MDA3ZjU4ZjUyODgiLCJ0eXAiOiJCZWFyZXIiLCJhenAiOiJiYWNrb2ZmaWNlLWJmZiIsInNpZCI6IjVlNTM5YTgwLTI4OWEtNGE4OS05OGZlLTdmYzhmODhlMDRiZSIsInJlYWxtX2FjY2VzcyI6eyJyb2xlcyI6WyJVU0VSIl19LCJzY29wZSI6ImVtYWlsIHByb2ZpbGUiLCJlbWFpbF92ZXJpZmllZCI6ZmFsc2UsInByZWZlcnJlZF91c2VybmFtZSI6InVzZXJfcm9sZSJ9.n5ajrWXfYP4MwGwDb2geG64HykKHDhJojocXS2N37gtUgeAN4vUIreGQTG5jfRGLqwvbPOIUvfjIRZrCXp2ICPTzC0enT5sAsUE8_zd12sMyeCtuXEbyaHEW5L8d4YAKfx-tyoGaFy0K6P5X1F433aqAT7CLTPhs0fyqSIoPGIrPR7P5b3B6Fgpz2sdNiXFJwbHx2AbCrJwUJ8KTR43CxWejn1-1B7heNDeLERdLA7U_IvMB4x5d57lWHbkQKF0WgensPKgp3x3SgW7w-qRIw0dKEvgzvYaq4OE7GE0K_8kkHHcx-p6Tg7QhAeHBBbfDGwQJfbLBoute0XtKe51QwQ"")",faults,/home/azureuser/yas/evomaster-config/generated-tests/blackbox/rating/user/EvoMaster_rating_user_faults.java,23,6,True,0,,0,0,,100.0,0,0,0,0,0,0,False,,/home/azureuser/yas/evomaster-config/runtime-logs/classes/rating/user/EvoMaster_rating_user_faults,/home/azureuser/yas/evomaster-config/runtime-logs/classes/rating/user/EvoMaster_rating_user_faults/compile.log,/home/azureuser/yas/evomaster-config/runtime-logs/classes/rating/user/EvoMaster_rating_user_faults/compile_stdout.log,/home/azureuser/yas/evomaster-config/runtime-logs/classes/rating/user/EvoMaster_rating_user_faults/compile_stderr.log,True,True,0,,0,False,15.1,11.39,161.32,,/home/azureuser/yas/evomaster-config/runtime-logs/methods/rating/user/EvoMaster_rating_user_faults/test_9_postOnRatingsReturnsMismatchResponseWithSchema,/home/azureuser/yas/evomaster-config/runtime-logs/methods/rating/user/EvoMaster_rating_user_faults/test_9_postOnRatingsReturnsMismatchResponseWithSchema/run.log,/home/azureuser/yas/evomaster-config/runtime-logs/methods/rating/user/EvoMaster_rating_user_faults/test_9_postOnRatingsReturnsMismatchResponseWithSchema/run_stdout.log,/home/azureuser/yas/evomaster-config/runtime-logs/methods/rating/user/EvoMaster_rating_user_faults/test_9_postOnRatingsReturnsMismatchResponseWithSchema/run_stderr.log
rating,user,EvoMaster_rating_user_faults.java,EvoMaster_rating_user_faults,test_10_deleteOnRateReturnsMismatchResponseWithSchema,False,1,403,/rating/backoffice/ratings/{id},DELETE,403,.statusCode(403) .assertThat(),2,".delete(baseUrlOfSut + ""/rating/backoffice/ratings/894"")",,".header(""Authorization"", ""Bearer eyJhbGciOiJSUzI1NiIsInR5cCIgOiAiSldUIiwia2lkIiA6ICJSclRUNWtBOHhIS3N0YWFSMmh1YTRpT0RpcFE4ek9pcjFrNGZOM3RxNFNVIn0.eyJleHAiOjE3Nzc4NjU4NDMsImlhdCI6MTc3Nzg2MjI0MywianRpIjoiMjU4OGMwNjUtYjhkOS00NzU4LWFlYzUtMDIxYTQ4NzZmZjJmIiwiaXNzIjoiaHR0cDovL2lkZW50aXR5L3JlYWxtcy9ZYXMiLCJzdWIiOiIwMTEzZmQyNy1hMDllLTQ3MjItYjFlNS01MDA3ZjU4ZjUyODgiLCJ0eXAiOiJCZWFyZXIiLCJhenAiOiJiYWNrb2ZmaWNlLWJmZiIsInNpZCI6IjVlNTM5YTgwLTI4OWEtNGE4OS05OGZlLTdmYzhmODhlMDRiZSIsInJlYWxtX2FjY2VzcyI6eyJyb2xlcyI6WyJVU0VSIl19LCJzY29wZSI6ImVtYWlsIHByb2ZpbGUiLCJlbWFpbF92ZXJpZmllZCI6ZmFsc2UsInByZWZlcnJlZF91c2VybmFtZSI6InVzZXJfcm9sZSJ9.n5ajrWXfYP4MwGwDb2geG64HykKHDhJojocXS2N37gtUgeAN4vUIreGQTG5jfRGLqwvbPOIUvfjIRZrCXp2ICPTzC0enT5sAsUE8_zd12sMyeCtuXEbyaHEW5L8d4YAKfx-tyoGaFy0K6P5X1F433aqAT7CLTPhs0fyqSIoPGIrPR7P5b3B6Fgpz2sdNiXFJwbHx2AbCrJwUJ8KTR43CxWejn1-1B7heNDeLERdLA7U_IvMB4x5d57lWHbkQKF0WgensPKgp3x3SgW7w-qRIw0dKEvgzvYaq4OE7GE0K_8kkHHcx-p6Tg7QhAeHBBbfDGwQJfbLBoute0XtKe51QwQ"")",faults,/home/azureuser/yas/evomaster-config/generated-tests/blackbox/rating/user/EvoMaster_rating_user_faults.java,23,6,True,0,,0,0,,100.0,0,0,0,0,0,0,False,,/home/azureuser/yas/evomaster-config/runtime-logs/classes/rating/user/EvoMaster_rating_user_faults,/home/azureuser/yas/evomaster-config/runtime-logs/classes/rating/user/EvoMaster_rating_user_faults/compile.log,/home/azureuser/yas/evomaster-config/runtime-logs/classes/rating/user/EvoMaster_rating_user_faults/compile_stdout.log,/home/azureuser/yas/evomaster-config/runtime-logs/classes/rating/user/EvoMaster_rating_user_faults/compile_stderr.log,True,True,0,,0,False,12.54,11.17,165.73,,/home/azureuser/yas/evomaster-config/runtime-logs/methods/rating/user/EvoMaster_rating_user_faults/test_10_deleteOnRateReturnsMismatchResponseWithSchema,/home/azureuser/yas/evomaster-config/runtime-logs/methods/rating/user/EvoMaster_rating_user_faults/test_10_deleteOnRateReturnsMismatchResponseWithSchema/run.log,/home/azureuser/yas/evomaster-config/runtime-logs/methods/rating/user/EvoMaster_rating_user_faults/test_10_deleteOnRateReturnsMismatchResponseWithSchema/run_stdout.log,/home/azureuser/yas/evomaster-config/runtime-logs/methods/rating/user/EvoMaster_rating_user_faults/test_10_deleteOnRateReturnsMismatchResponseWithSchema/run_stderr.log
rating,user,EvoMaster_rating_user_faults.java,EvoMaster_rating_user_faults,test_11_deleteOnRateReturnsMismatchResponseWithSchema,False,1,403,/rating/backoffice/ratings/{id},DELETE,403,.statusCode(403) .assertThat(),5,".delete(baseUrlOfSut + ""/rating/backoffice/ratings/1458273722"")",,,faults,/home/azureuser/yas/evomaster-config/generated-tests/blackbox/rating/user/EvoMaster_rating_user_faults.java,23,6,True,0,,0,0,,100.0,0,0,0,0,0,0,False,,/home/azureuser/yas/evomaster-config/runtime-logs/classes/rating/user/EvoMaster_rating_user_faults,/home/azureuser/yas/evomaster-config/runtime-logs/classes/rating/user/EvoMaster_rating_user_faults/compile.log,/home/azureuser/yas/evomaster-config/runtime-logs/classes/rating/user/EvoMaster_rating_user_faults/compile_stdout.log,/home/azureuser/yas/evomaster-config/runtime-logs/classes/rating/user/EvoMaster_rating_user_faults/compile_stderr.log,True,True,0,,0,False,14.05,11.48,162.76,,/home/azureuser/yas/evomaster-config/runtime-logs/methods/rating/user/EvoMaster_rating_user_faults/test_11_deleteOnRateReturnsMismatchResponseWithSchema,/home/azureuser/yas/evomaster-config/runtime-logs/methods/rating/user/EvoMaster_rating_user_faults/test_11_deleteOnRateReturnsMismatchResponseWithSchema/run.log,/home/azureuser/yas/evomaster-config/runtime-logs/methods/rating/user/EvoMaster_rating_user_faults/test_11_deleteOnRateReturnsMismatchResponseWithSchema/run_stdout.log,/home/azureuser/yas/evomaster-config/runtime-logs/methods/rating/user/EvoMaster_rating_user_faults/test_11_deleteOnRateReturnsMismatchResponseWithSchema/run_stderr.log
rating,user,EvoMaster_rating_user_faults.java,EvoMaster_rating_user_faults,test_12_getOnLatestReturnsMismatchResponseWithSchema,False,1,401,/rating/backoffice/ratings/latest/{count},GET,401,.statusCode(401) .assertThat(),2,".get(baseUrlOfSut + ""/rating/backoffice/ratings/latest/244"")",,,faults,/home/azureuser/yas/evomaster-config/generated-tests/blackbox/rating/user/EvoMaster_rating_user_faults.java,23,6,True,0,,0,0,,100.0,0,0,0,0,0,0,False,,/home/azureuser/yas/evomaster-config/runtime-logs/classes/rating/user/EvoMaster_rating_user_faults,/home/azureuser/yas/evomaster-config/runtime-logs/classes/rating/user/EvoMaster_rating_user_faults/compile.log,/home/azureuser/yas/evomaster-config/runtime-logs/classes/rating/user/EvoMaster_rating_user_faults/compile_stdout.log,/home/azureuser/yas/evomaster-config/runtime-logs/classes/rating/user/EvoMaster_rating_user_faults/compile_stderr.log,True,True,0,,0,False,12.54,11.37,155.42,,/home/azureuser/yas/evomaster-config/runtime-logs/methods/rating/user/EvoMaster_rating_user_faults/test_12_getOnLatestReturnsMismatchResponseWithSchema,/home/azureuser/yas/evomaster-config/runtime-logs/methods/rating/user/EvoMaster_rating_user_faults/test_12_getOnLatestReturnsMismatchResponseWithSchema/run.log,/home/azureuser/yas/evomaster-config/runtime-logs/methods/rating/user/EvoMaster_rating_user_faults/test_12_getOnLatestReturnsMismatchResponseWithSchema/run_stdout.log,/home/azureuser/yas/evomaster-config/runtime-logs/methods/rating/user/EvoMaster_rating_user_faults/test_12_getOnLatestReturnsMismatchResponseWithSchema/run_stderr.log
rating,user,EvoMaster_rating_user_faults.java,EvoMaster_rating_user_faults,test_13_getOnLatestReturnsMismatchResponseWithSchema,False,1,403,/rating/backoffice/ratings/latest/{count},GET,403,.statusCode(403) .assertThat(),2,".get(baseUrlOfSut + ""/rating/backoffice/ratings/latest/164"")",,".header(""Authorization"", ""Bearer eyJhbGciOiJSUzI1NiIsInR5cCIgOiAiSldUIiwia2lkIiA6ICJSclRUNWtBOHhIS3N0YWFSMmh1YTRpT0RpcFE4ek9pcjFrNGZOM3RxNFNVIn0.eyJleHAiOjE3Nzc4NjU4NDMsImlhdCI6MTc3Nzg2MjI0MywianRpIjoiMjU4OGMwNjUtYjhkOS00NzU4LWFlYzUtMDIxYTQ4NzZmZjJmIiwiaXNzIjoiaHR0cDovL2lkZW50aXR5L3JlYWxtcy9ZYXMiLCJzdWIiOiIwMTEzZmQyNy1hMDllLTQ3MjItYjFlNS01MDA3ZjU4ZjUyODgiLCJ0eXAiOiJCZWFyZXIiLCJhenAiOiJiYWNrb2ZmaWNlLWJmZiIsInNpZCI6IjVlNTM5YTgwLTI4OWEtNGE4OS05OGZlLTdmYzhmODhlMDRiZSIsInJlYWxtX2FjY2VzcyI6eyJyb2xlcyI6WyJVU0VSIl19LCJzY29wZSI6ImVtYWlsIHByb2ZpbGUiLCJlbWFpbF92ZXJpZmllZCI6ZmFsc2UsInByZWZlcnJlZF91c2VybmFtZSI6InVzZXJfcm9sZSJ9.n5ajrWXfYP4MwGwDb2geG64HykKHDhJojocXS2N37gtUgeAN4vUIreGQTG5jfRGLqwvbPOIUvfjIRZrCXp2ICPTzC0enT5sAsUE8_zd12sMyeCtuXEbyaHEW5L8d4YAKfx-tyoGaFy0K6P5X1F433aqAT7CLTPhs0fyqSIoPGIrPR7P5b3B6Fgpz2sdNiXFJwbHx2AbCrJwUJ8KTR43CxWejn1-1B7heNDeLERdLA7U_IvMB4x5d57lWHbkQKF0WgensPKgp3x3SgW7w-qRIw0dKEvgzvYaq4OE7GE0K_8kkHHcx-p6Tg7QhAeHBBbfDGwQJfbLBoute0XtKe51QwQ"")",faults,/home/azureuser/yas/evomaster-config/generated-tests/blackbox/rating/user/EvoMaster_rating_user_faults.java,23,6,True,0,,0,0,,100.0,0,0,0,0,0,0,False,,/home/azureuser/yas/evomaster-config/runtime-logs/classes/rating/user/EvoMaster_rating_user_faults,/home/azureuser/yas/evomaster-config/runtime-logs/classes/rating/user/EvoMaster_rating_user_faults/compile.log,/home/azureuser/yas/evomaster-config/runtime-logs/classes/rating/user/EvoMaster_rating_user_faults/compile_stdout.log,/home/azureuser/yas/evomaster-config/runtime-logs/classes/rating/user/EvoMaster_rating_user_faults/compile_stderr.log,True,True,0,,0,False,13.04,12.24,162.17,,/home/azureuser/yas/evomaster-config/runtime-logs/methods/rating/user/EvoMaster_rating_user_faults/test_13_getOnLatestReturnsMismatchResponseWithSchema,/home/azureuser/yas/evomaster-config/runtime-logs/methods/rating/user/EvoMaster_rating_user_faults/test_13_getOnLatestReturnsMismatchResponseWithSchema/run.log,/home/azureuser/yas/evomaster-config/runtime-logs/methods/rating/user/EvoMaster_rating_user_faults/test_13_getOnLatestReturnsMismatchResponseWithSchema/run_stdout.log,/home/azureuser/yas/evomaster-config/runtime-logs/methods/rating/user/EvoMaster_rating_user_faults/test_13_getOnLatestReturnsMismatchResponseWithSchema/run_stderr.log
sampledata,admin_only,EvoMaster_sampledata_admin_only_faults.java,EvoMaster_sampledata_admin_only_faults,test_0_postOnSampledataReturnsMismatchResponseWithSchema,False,1,200,/sampledata/storefront/sampledata,POST,200,.statusCode(200) .assertThat(),3,".post(baseUrlOfSut + ""/sampledata/storefront/sampledata"")",".body("" { "" + 
                    "" \""message\"" : \""y_jlVPzh7vO\"" "" + 
                    "" } "")",".header(""Authorization"", ""Bearer eyJhbGciOiJSUzI1NiIsInR5cCIgOiAiSldUIiwia2lkIiA6ICJSclRUNWtBOHhIS3N0YWFSMmh1YTRpT0RpcFE4ek9pcjFrNGZOM3RxNFNVIn0.eyJleHAiOjE3Nzc4NjU4MzMsImlhdCI6MTc3Nzg2MjIzMywianRpIjoiMDZjMTE0ZGMtNmMxZS00YmIxLTg0YTYtNTJhNjVkYzk2OGVkIiwiaXNzIjoiaHR0cDovL2lkZW50aXR5L3JlYWxtcy9ZYXMiLCJzdWIiOiJlY2RlODFiYy00MTgwLTQ2ZWMtOTBlZi02NmIxNDVkOWQyMmMiLCJ0eXAiOiJCZWFyZXIiLCJhenAiOiJiYWNrb2ZmaWNlLWJmZiIsInNpZCI6IjJjZWVmNTRmLWRkMTUtNDI3OS1iOTc3LTZjOWYzM2MyN2I5MyIsInJlYWxtX2FjY2VzcyI6eyJyb2xlcyI6WyJBRE1JTiJdfSwic2NvcGUiOiJlbWFpbCBwcm9maWxlIiwiZW1haWxfdmVyaWZpZWQiOmZhbHNlLCJwcmVmZXJyZWRfdXNlcm5hbWUiOiJhZG1pbl9vbmx5In0.iX2nNIj4JhUnHQZr_yCZy8nOXHQ5MwmUaYyvc2ArxUv7yzYc0eWvtX-lWesxw6BlIrZpLy_FRGXbrSBJcruSdcZ6f5IOBtRErD7eT6lEHbH5O5oAOdn5kXH51JhaYngQF_XBRydoPswQwPTMLRAW8BdWK6UpOPNazz8qZkFC_tLxEek78ENHlYsFRf4Bre_JU6zHc0x6LdkBf2mu3XePvnSyp8PAQwPhfsKq3zwXDs6JGP4XJEMrBPYa6C1ekIFE93nDI3dhfb-7vOwwYlwwRw83PwoY36hzNNaVrLV25ldTl493sX3QE9e_TkNKlYEdUw-uB0KNUulDvVG3uwkc2Q"")",faults,/home/azureuser/yas/evomaster-config/generated-tests/blackbox/sampledata/admin_only/EvoMaster_sampledata_admin_only_faults.java,23,6,True,0,,0,0,,100.0,0,0,0,0,0,0,False,,/home/azureuser/yas/evomaster-config/runtime-logs/classes/sampledata/admin_only/EvoMaster_sampledata_admin_only_faults,/home/azureuser/yas/evomaster-config/runtime-logs/classes/sampledata/admin_only/EvoMaster_sampledata_admin_only_faults/compile.log,/home/azureuser/yas/evomaster-config/runtime-logs/classes/sampledata/admin_only/EvoMaster_sampledata_admin_only_faults/compile_stdout.log,/home/azureuser/yas/evomaster-config/runtime-logs/classes/sampledata/admin_only/EvoMaster_sampledata_admin_only_faults/compile_stderr.log,True,True,0,,0,False,14.05,11.22,153.85,,/home/azureuser/yas/evomaster-config/runtime-logs/methods/sampledata/admin_only/EvoMaster_sampledata_admin_only_faults/test_0_postOnSampledataReturnsMismatchResponseWithSchema,/home/azureuser/yas/evomaster-config/runtime-logs/methods/sampledata/admin_only/EvoMaster_sampledata_admin_only_faults/test_0_postOnSampledataReturnsMismatchResponseWithSchema/run.log,/home/azureuser/yas/evomaster-config/runtime-logs/methods/sampledata/admin_only/EvoMaster_sampledata_admin_only_faults/test_0_postOnSampledataReturnsMismatchResponseWithSchema/run_stdout.log,/home/azureuser/yas/evomaster-config/runtime-logs/methods/sampledata/admin_only/EvoMaster_sampledata_admin_only_faults/test_0_postOnSampledataReturnsMismatchResponseWithSchema/run_stderr.log
sampledata,admin_only,EvoMaster_sampledata_admin_only_faults.java,EvoMaster_sampledata_admin_only_faults,test_1_postOnSampledataReturnsMismatchResponseWithSchema,False,1,200,/sampledata/storefront/sampledata,POST,200,.statusCode(200) .assertThat(),3,".post(baseUrlOfSut + ""/sampledata/storefront/sampledata"")",".body("" { } "")",,faults,/home/azureuser/yas/evomaster-config/generated-tests/blackbox/sampledata/admin_only/EvoMaster_sampledata_admin_only_faults.java,23,6,True,0,,0,0,,100.0,0,0,0,0,0,0,False,,/home/azureuser/yas/evomaster-config/runtime-logs/classes/sampledata/admin_only/EvoMaster_sampledata_admin_only_faults,/home/azureuser/yas/evomaster-config/runtime-logs/classes/sampledata/admin_only/EvoMaster_sampledata_admin_only_faults/compile.log,/home/azureuser/yas/evomaster-config/runtime-logs/classes/sampledata/admin_only/EvoMaster_sampledata_admin_only_faults/compile_stdout.log,/home/azureuser/yas/evomaster-config/runtime-logs/classes/sampledata/admin_only/EvoMaster_sampledata_admin_only_faults/compile_stderr.log,True,True,0,,0,False,14.04,11.37,161.75,,/home/azureuser/yas/evomaster-config/runtime-logs/methods/sampledata/admin_only/EvoMaster_sampledata_admin_only_faults/test_1_postOnSampledataReturnsMismatchResponseWithSchema,/home/azureuser/yas/evomaster-config/runtime-logs/methods/sampledata/admin_only/EvoMaster_sampledata_admin_only_faults/test_1_postOnSampledataReturnsMismatchResponseWithSchema/run.log,/home/azureuser/yas/evomaster-config/runtime-logs/methods/sampledata/admin_only/EvoMaster_sampledata_admin_only_faults/test_1_postOnSampledataReturnsMismatchResponseWithSchema/run_stdout.log,/home/azureuser/yas/evomaster-config/runtime-logs/methods/sampledata/admin_only/EvoMaster_sampledata_admin_only_faults/test_1_postOnSampledataReturnsMismatchResponseWithSchema/run_stderr.log
sampledata,customer,EvoMaster_sampledata_customer_faults.java,EvoMaster_sampledata_customer_faults,test_0_postOnSampledataReturnsMismatchResponseWithSchema,False,1,200,/sampledata/storefront/sampledata,POST,200,.statusCode(200) .assertThat(),3,".post(baseUrlOfSut + ""/sampledata/storefront/sampledata"")",".body("" { } "")",".header(""Authorization"", ""Bearer eyJhbGciOiJSUzI1NiIsInR5cCIgOiAiSldUIiwia2lkIiA6ICJSclRUNWtBOHhIS3N0YWFSMmh1YTRpT0RpcFE4ek9pcjFrNGZOM3RxNFNVIn0.eyJleHAiOjE3Nzc4NjU4MzgsImlhdCI6MTc3Nzg2MjIzOCwianRpIjoiN2ZhMGIyYmMtY2YxOS00MTllLWI1OTEtZjI1M2U5MTBkZjUwIiwiaXNzIjoiaHR0cDovL2lkZW50aXR5L3JlYWxtcy9ZYXMiLCJzdWIiOiI0Yjg1MzdlZC1mZTg4LTQ3MGQtYmFkNS0wZjQ5Y2E2Zjg5NjAiLCJ0eXAiOiJCZWFyZXIiLCJhenAiOiJiYWNrb2ZmaWNlLWJmZiIsInNpZCI6ImY1YTY3OGY2LTBjNWUtNGIzYy04NzFmLTlkMzNiYzEzY2ZiMiIsInJlYWxtX2FjY2VzcyI6eyJyb2xlcyI6WyJkZWZhdWx0LXJvbGVzLXlhcyIsIm9mZmxpbmVfYWNjZXNzIiwiQ1VTVE9NRVIiLCJ1bWFfYXV0aG9yaXphdGlvbiJdfSwic2NvcGUiOiJlbWFpbCBwcm9maWxlIiwiZW1haWxfdmVyaWZpZWQiOmZhbHNlLCJwcmVmZXJyZWRfdXNlcm5hbWUiOiJ1c2VyIn0.j8pUYKb6ribB9yGTDMPvEinqt1rAoKakbPOD2NZOyldMEEoa6UiAQpbLfy1nnorRH5IuuUHvKl2FUtsqkLlcERdLDSE49ezbxbOU0sFYYLrpM7gM9rJg4TPwoDaSTGE1fTEx_Jsu5S9vs9yeuSJ0KaRLcGjaCPr3vPSahD8dgUl9biajkWjMBnfGLwijR_CedKfQIZhLQNn38rwgN9IddHnzk68AvrbZ1DZHbAAm-ztzCfg9-qoTVNg0CZ39xqzP1677LOG6hLXI8Mb2LLG7Wagjd48aXJdaDuURlmWiZxCXy0sgnteI7Eaq4W1Z9JuoKb1Ponuve9ubCoSjCrd24Q"")",faults,/home/azureuser/yas/evomaster-config/generated-tests/blackbox/sampledata/customer/EvoMaster_sampledata_customer_faults.java,23,6,True,0,,0,0,,100.0,0,0,0,0,0,0,False,,/home/azureuser/yas/evomaster-config/runtime-logs/classes/sampledata/customer/EvoMaster_sampledata_customer_faults,/home/azureuser/yas/evomaster-config/runtime-logs/classes/sampledata/customer/EvoMaster_sampledata_customer_faults/compile.log,/home/azureuser/yas/evomaster-config/runtime-logs/classes/sampledata/customer/EvoMaster_sampledata_customer_faults/compile_stdout.log,/home/azureuser/yas/evomaster-config/runtime-logs/classes/sampledata/customer/EvoMaster_sampledata_customer_faults/compile_stderr.log,True,True,0,,0,False,14.55,11.46,153.27,,/home/azureuser/yas/evomaster-config/runtime-logs/methods/sampledata/customer/EvoMaster_sampledata_customer_faults/test_0_postOnSampledataReturnsMismatchResponseWithSchema,/home/azureuser/yas/evomaster-config/runtime-logs/methods/sampledata/customer/EvoMaster_sampledata_customer_faults/test_0_postOnSampledataReturnsMismatchResponseWithSchema/run.log,/home/azureuser/yas/evomaster-config/runtime-logs/methods/sampledata/customer/EvoMaster_sampledata_customer_faults/test_0_postOnSampledataReturnsMismatchResponseWithSchema/run_stdout.log,/home/azureuser/yas/evomaster-config/runtime-logs/methods/sampledata/customer/EvoMaster_sampledata_customer_faults/test_0_postOnSampledataReturnsMismatchResponseWithSchema/run_stderr.log
sampledata,customer,EvoMaster_sampledata_customer_faults.java,EvoMaster_sampledata_customer_faults,test_1_postOnSampledataReturnsMismatchResponseWithSchema,False,1,200,/sampledata/storefront/sampledata,POST,200,.statusCode(200) .assertThat(),3,".post(baseUrlOfSut + ""/sampledata/storefront/sampledata"")",".body("" { } "")",,faults,/home/azureuser/yas/evomaster-config/generated-tests/blackbox/sampledata/customer/EvoMaster_sampledata_customer_faults.java,23,6,True,0,,0,0,,100.0,0,0,0,0,0,0,False,,/home/azureuser/yas/evomaster-config/runtime-logs/classes/sampledata/customer/EvoMaster_sampledata_customer_faults,/home/azureuser/yas/evomaster-config/runtime-logs/classes/sampledata/customer/EvoMaster_sampledata_customer_faults/compile.log,/home/azureuser/yas/evomaster-config/runtime-logs/classes/sampledata/customer/EvoMaster_sampledata_customer_faults/compile_stdout.log,/home/azureuser/yas/evomaster-config/runtime-logs/classes/sampledata/customer/EvoMaster_sampledata_customer_faults/compile_stderr.log,True,True,0,,0,False,14.04,11.27,162.61,,/home/azureuser/yas/evomaster-config/runtime-logs/methods/sampledata/customer/EvoMaster_sampledata_customer_faults/test_1_postOnSampledataReturnsMismatchResponseWithSchema,/home/azureuser/yas/evomaster-config/runtime-logs/methods/sampledata/customer/EvoMaster_sampledata_customer_faults/test_1_postOnSampledataReturnsMismatchResponseWithSchema/run.log,/home/azureuser/yas/evomaster-config/runtime-logs/methods/sampledata/customer/EvoMaster_sampledata_customer_faults/test_1_postOnSampledataReturnsMismatchResponseWithSchema/run_stdout.log,/home/azureuser/yas/evomaster-config/runtime-logs/methods/sampledata/customer/EvoMaster_sampledata_customer_faults/test_1_postOnSampledataReturnsMismatchResponseWithSchema/run_stderr.log
sampledata,none,EvoMaster_sampledata_none_faults.java,EvoMaster_sampledata_none_faults,test_0_postOnSampledataReturnsMismatchResponseWithSchema,False,1,200,/sampledata/storefront/sampledata,POST,200,.statusCode(200) .assertThat(),3,".post(baseUrlOfSut + ""/sampledata/storefront/sampledata"")",".body("" { "" + 
                    "" \""message\"" : \""9KSVbEQAgpZ\"" "" + 
                    "" } "")",,faults,/home/azureuser/yas/evomaster-config/generated-tests/blackbox/sampledata/none/EvoMaster_sampledata_none_faults.java,23,6,True,0,,0,0,,100.0,0,0,0,0,0,0,False,,/home/azureuser/yas/evomaster-config/runtime-logs/classes/sampledata/none/EvoMaster_sampledata_none_faults,/home/azureuser/yas/evomaster-config/runtime-logs/classes/sampledata/none/EvoMaster_sampledata_none_faults/compile.log,/home/azureuser/yas/evomaster-config/runtime-logs/classes/sampledata/none/EvoMaster_sampledata_none_faults/compile_stdout.log,/home/azureuser/yas/evomaster-config/runtime-logs/classes/sampledata/none/EvoMaster_sampledata_none_faults/compile_stderr.log,True,True,0,,0,False,14.05,11.35,160.17,,/home/azureuser/yas/evomaster-config/runtime-logs/methods/sampledata/none/EvoMaster_sampledata_none_faults/test_0_postOnSampledataReturnsMismatchResponseWithSchema,/home/azureuser/yas/evomaster-config/runtime-logs/methods/sampledata/none/EvoMaster_sampledata_none_faults/test_0_postOnSampledataReturnsMismatchResponseWithSchema/run.log,/home/azureuser/yas/evomaster-config/runtime-logs/methods/sampledata/none/EvoMaster_sampledata_none_faults/test_0_postOnSampledataReturnsMismatchResponseWithSchema/run_stdout.log,/home/azureuser/yas/evomaster-config/runtime-logs/methods/sampledata/none/EvoMaster_sampledata_none_faults/test_0_postOnSampledataReturnsMismatchResponseWithSchema/run_stderr.log
sampledata,super_admin,EvoMaster_sampledata_super_admin_faults.java,EvoMaster_sampledata_super_admin_faults,test_0_postOnSampledataReturnsMismatchResponseWithSchema,False,1,200,/sampledata/storefront/sampledata,POST,200,.statusCode(200) .assertThat(),3,".post(baseUrlOfSut + ""/sampledata/storefront/sampledata"")",".body("" { } "")",".header(""Authorization"", ""Bearer eyJhbGciOiJSUzI1NiIsInR5cCIgOiAiSldUIiwia2lkIiA6ICJSclRUNWtBOHhIS3N0YWFSMmh1YTRpT0RpcFE4ek9pcjFrNGZOM3RxNFNVIn0.eyJleHAiOjE3Nzc4NjU4MjYsImlhdCI6MTc3Nzg2MjIyNiwianRpIjoiNTQwMDljM2ItZDlhNy00M2NjLTliNGItMTJkY2IxMzI4Y2U1IiwiaXNzIjoiaHR0cDovL2lkZW50aXR5L3JlYWxtcy9ZYXMiLCJzdWIiOiI3MDQyZWE5ZS1hNzg0LTQxZjQtYTkzNi1kOGUxNTk5ODlmZjUiLCJ0eXAiOiJCZWFyZXIiLCJhenAiOiJiYWNrb2ZmaWNlLWJmZiIsInNpZCI6ImRlYzQ1OWI0LWVkYzAtNDNkZi05Y2Y5LWNlYmZkOGIxZmE0MiIsInJlYWxtX2FjY2VzcyI6eyJyb2xlcyI6WyJTVVBFUi1BRE1JTiJdfSwic2NvcGUiOiJlbWFpbCBwcm9maWxlIiwiZW1haWxfdmVyaWZpZWQiOmZhbHNlLCJwcmVmZXJyZWRfdXNlcm5hbWUiOiJzdXBlcl9hZG1pbiJ9.cMqBeXc7gpHgRDzGow5wlUOCetIvbTGQwCUNgnEhWUE0C7OYsspPC9uWV89xq3wK980fU8NgGU9dP6KniCVJTllPk5SzyE2M_BqI4KY65vcKsfGCRsnbo4rVLDsajue2DS29TsEsnIYfnVnXOXQCj5R8_Lq91o9vkeh-BtO3S08lB86VhSL1xYmG0GwaeV7LBGer-L8sLzslYKuM8rgCT9uNiczyn07I92nMxVAXE_BWmoTZDQbQXJZfjvgyeYE3S7c263qC1iLXSR4rBKAcAfmPKE029nzKSvKNq0eLKP6QUqB0bI0p7b0YUYtH2zyUTmwoqFqLnfLkEF_xImgEuw"")",faults,/home/azureuser/yas/evomaster-config/generated-tests/blackbox/sampledata/super_admin/EvoMaster_sampledata_super_admin_faults.java,23,6,True,0,,0,0,,100.0,0,0,0,0,0,0,False,,/home/azureuser/yas/evomaster-config/runtime-logs/classes/sampledata/super_admin/EvoMaster_sampledata_super_admin_faults,/home/azureuser/yas/evomaster-config/runtime-logs/classes/sampledata/super_admin/EvoMaster_sampledata_super_admin_faults/compile.log,/home/azureuser/yas/evomaster-config/runtime-logs/classes/sampledata/super_admin/EvoMaster_sampledata_super_admin_faults/compile_stdout.log,/home/azureuser/yas/evomaster-config/runtime-logs/classes/sampledata/super_admin/EvoMaster_sampledata_super_admin_faults/compile_stderr.log,True,True,0,,0,False,14.05,11.59,155.75,,/home/azureuser/yas/evomaster-config/runtime-logs/methods/sampledata/super_admin/EvoMaster_sampledata_super_admin_faults/test_0_postOnSampledataReturnsMismatchResponseWithSchema,/home/azureuser/yas/evomaster-config/runtime-logs/methods/sampledata/super_admin/EvoMaster_sampledata_super_admin_faults/test_0_postOnSampledataReturnsMismatchResponseWithSchema/run.log,/home/azureuser/yas/evomaster-config/runtime-logs/methods/sampledata/super_admin/EvoMaster_sampledata_super_admin_faults/test_0_postOnSampledataReturnsMismatchResponseWithSchema/run_stdout.log,/home/azureuser/yas/evomaster-config/runtime-logs/methods/sampledata/super_admin/EvoMaster_sampledata_super_admin_faults/test_0_postOnSampledataReturnsMismatchResponseWithSchema/run_stderr.log
sampledata,super_admin,EvoMaster_sampledata_super_admin_faults.java,EvoMaster_sampledata_super_admin_faults,test_1_postOnSampledataReturnsMismatchResponseWithSchema,False,1,200,/sampledata/storefront/sampledata,POST,200,.statusCode(200) .assertThat(),3,".post(baseUrlOfSut + ""/sampledata/storefront/sampledata"")",".body("" { } "")",,faults,/home/azureuser/yas/evomaster-config/generated-tests/blackbox/sampledata/super_admin/EvoMaster_sampledata_super_admin_faults.java,23,6,True,0,,0,0,,100.0,0,0,0,0,0,0,False,,/home/azureuser/yas/evomaster-config/runtime-logs/classes/sampledata/super_admin/EvoMaster_sampledata_super_admin_faults,/home/azureuser/yas/evomaster-config/runtime-logs/classes/sampledata/super_admin/EvoMaster_sampledata_super_admin_faults/compile.log,/home/azureuser/yas/evomaster-config/runtime-logs/classes/sampledata/super_admin/EvoMaster_sampledata_super_admin_faults/compile_stdout.log,/home/azureuser/yas/evomaster-config/runtime-logs/classes/sampledata/super_admin/EvoMaster_sampledata_super_admin_faults/compile_stderr.log,True,True,0,,0,False,14.05,11.39,156.32,,/home/azureuser/yas/evomaster-config/runtime-logs/methods/sampledata/super_admin/EvoMaster_sampledata_super_admin_faults/test_1_postOnSampledataReturnsMismatchResponseWithSchema,/home/azureuser/yas/evomaster-config/runtime-logs/methods/sampledata/super_admin/EvoMaster_sampledata_super_admin_faults/test_1_postOnSampledataReturnsMismatchResponseWithSchema/run.log,/home/azureuser/yas/evomaster-config/runtime-logs/methods/sampledata/super_admin/EvoMaster_sampledata_super_admin_faults/test_1_postOnSampledataReturnsMismatchResponseWithSchema/run_stdout.log,/home/azureuser/yas/evomaster-config/runtime-logs/methods/sampledata/super_admin/EvoMaster_sampledata_super_admin_faults/test_1_postOnSampledataReturnsMismatchResponseWithSchema/run_stderr.log
sampledata,user,EvoMaster_sampledata_user_faults.java,EvoMaster_sampledata_user_faults,test_0_postOnSampledataReturnsMismatchResponseWithSchema,False,1,200,/sampledata/storefront/sampledata,POST,200,.statusCode(200) .assertThat(),3,".post(baseUrlOfSut + ""/sampledata/storefront/sampledata"")",".body("" { "" + 
                    "" \""message\"" : \""5Y\"" "" + 
                    "" } "")",".header(""Authorization"", ""Bearer eyJhbGciOiJSUzI1NiIsInR5cCIgOiAiSldUIiwia2lkIiA6ICJSclRUNWtBOHhIS3N0YWFSMmh1YTRpT0RpcFE4ek9pcjFrNGZOM3RxNFNVIn0.eyJleHAiOjE3Nzc4NjU4NDMsImlhdCI6MTc3Nzg2MjI0MywianRpIjoiMjU4OGMwNjUtYjhkOS00NzU4LWFlYzUtMDIxYTQ4NzZmZjJmIiwiaXNzIjoiaHR0cDovL2lkZW50aXR5L3JlYWxtcy9ZYXMiLCJzdWIiOiIwMTEzZmQyNy1hMDllLTQ3MjItYjFlNS01MDA3ZjU4ZjUyODgiLCJ0eXAiOiJCZWFyZXIiLCJhenAiOiJiYWNrb2ZmaWNlLWJmZiIsInNpZCI6IjVlNTM5YTgwLTI4OWEtNGE4OS05OGZlLTdmYzhmODhlMDRiZSIsInJlYWxtX2FjY2VzcyI6eyJyb2xlcyI6WyJVU0VSIl19LCJzY29wZSI6ImVtYWlsIHByb2ZpbGUiLCJlbWFpbF92ZXJpZmllZCI6ZmFsc2UsInByZWZlcnJlZF91c2VybmFtZSI6InVzZXJfcm9sZSJ9.n5ajrWXfYP4MwGwDb2geG64HykKHDhJojocXS2N37gtUgeAN4vUIreGQTG5jfRGLqwvbPOIUvfjIRZrCXp2ICPTzC0enT5sAsUE8_zd12sMyeCtuXEbyaHEW5L8d4YAKfx-tyoGaFy0K6P5X1F433aqAT7CLTPhs0fyqSIoPGIrPR7P5b3B6Fgpz2sdNiXFJwbHx2AbCrJwUJ8KTR43CxWejn1-1B7heNDeLERdLA7U_IvMB4x5d57lWHbkQKF0WgensPKgp3x3SgW7w-qRIw0dKEvgzvYaq4OE7GE0K_8kkHHcx-p6Tg7QhAeHBBbfDGwQJfbLBoute0XtKe51QwQ"")",faults,/home/azureuser/yas/evomaster-config/generated-tests/blackbox/sampledata/user/EvoMaster_sampledata_user_faults.java,23,6,True,0,,0,0,,100.0,0,0,0,0,0,0,False,,/home/azureuser/yas/evomaster-config/runtime-logs/classes/sampledata/user/EvoMaster_sampledata_user_faults,/home/azureuser/yas/evomaster-config/runtime-logs/classes/sampledata/user/EvoMaster_sampledata_user_faults/compile.log,/home/azureuser/yas/evomaster-config/runtime-logs/classes/sampledata/user/EvoMaster_sampledata_user_faults/compile_stdout.log,/home/azureuser/yas/evomaster-config/runtime-logs/classes/sampledata/user/EvoMaster_sampledata_user_faults/compile_stderr.log,True,True,0,,0,False,14.06,11.26,152.32,,/home/azureuser/yas/evomaster-config/runtime-logs/methods/sampledata/user/EvoMaster_sampledata_user_faults/test_0_postOnSampledataReturnsMismatchResponseWithSchema,/home/azureuser/yas/evomaster-config/runtime-logs/methods/sampledata/user/EvoMaster_sampledata_user_faults/test_0_postOnSampledataReturnsMismatchResponseWithSchema/run.log,/home/azureuser/yas/evomaster-config/runtime-logs/methods/sampledata/user/EvoMaster_sampledata_user_faults/test_0_postOnSampledataReturnsMismatchResponseWithSchema/run_stdout.log,/home/azureuser/yas/evomaster-config/runtime-logs/methods/sampledata/user/EvoMaster_sampledata_user_faults/test_0_postOnSampledataReturnsMismatchResponseWithSchema/run_stderr.log
sampledata,user,EvoMaster_sampledata_user_faults.java,EvoMaster_sampledata_user_faults,test_1_postOnSampledataReturnsMismatchResponseWithSchema,False,1,200,/sampledata/storefront/sampledata,POST,200,.statusCode(200) .assertThat(),3,".post(baseUrlOfSut + ""/sampledata/storefront/sampledata"")",".body("" { } "")",,faults,/home/azureuser/yas/evomaster-config/generated-tests/blackbox/sampledata/user/EvoMaster_sampledata_user_faults.java,23,6,True,0,,0,0,,100.0,0,0,0,0,0,0,False,,/home/azureuser/yas/evomaster-config/runtime-logs/classes/sampledata/user/EvoMaster_sampledata_user_faults,/home/azureuser/yas/evomaster-config/runtime-logs/classes/sampledata/user/EvoMaster_sampledata_user_faults/compile.log,/home/azureuser/yas/evomaster-config/runtime-logs/classes/sampledata/user/EvoMaster_sampledata_user_faults/compile_stdout.log,/home/azureuser/yas/evomaster-config/runtime-logs/classes/sampledata/user/EvoMaster_sampledata_user_faults/compile_stderr.log,True,True,0,,0,False,14.05,11.13,159.33,,/home/azureuser/yas/evomaster-config/runtime-logs/methods/sampledata/user/EvoMaster_sampledata_user_faults/test_1_postOnSampledataReturnsMismatchResponseWithSchema,/home/azureuser/yas/evomaster-config/runtime-logs/methods/sampledata/user/EvoMaster_sampledata_user_faults/test_1_postOnSampledataReturnsMismatchResponseWithSchema/run.log,/home/azureuser/yas/evomaster-config/runtime-logs/methods/sampledata/user/EvoMaster_sampledata_user_faults/test_1_postOnSampledataReturnsMismatchResponseWithSchema/run_stdout.log,/home/azureuser/yas/evomaster-config/runtime-logs/methods/sampledata/user/EvoMaster_sampledata_user_faults/test_1_postOnSampledataReturnsMismatchResponseWithSchema/run_stderr.log
