service,profile,file,class,test_method,is_complex_method,call_index,call_expected_status_code,endpoint,http,asserted_code,asserts_the_expected_HTTP_status_codes?,assert_count,missing_url_parameter_values,missing_request_body,credentials_header,file_type,file_path,imports_count,wildcard_imports,compiled,compile_error_count,compile_error_types,missing_imports,incorrect_imports,unused_imports,dependency_availability_pct,syntax_errors,type_errors,undefined_variables,type_annotation_errors,generic_type_misuses,compile_exit_code,compile_timeout,compile_error_summary,class_log_dir,compile_log_path,compile_stdout_log_path,compile_stderr_log_path,runs,run_detected,runtime_error_count,runtime_error_types,run_exit_code,run_timeout,execution_seconds,cpu_seconds,peak_working_set_mb,run_error_summary,method_log_dir,run_log_path,run_stdout_log_path,run_stderr_log_path
cart,admin_multi_v510,EvoMaster_cart_admin_faults_Test.java,EvoMaster_cart_admin_faults_Test,test_1_getOnItemsReturnsMismatchResponseWithSchema,False,1,403,/cart/storefront/cart/items,GET,403,.statusCode(403) .assertThat(),6,".get(baseUrlOfSut + ""/cart/storefront/cart/items"")",,,faults,/home/azureuser/yas/evomaster-config/generated-tests/blackbox/cart/admin_multi_v510/EvoMaster_cart_admin_faults_Test.java,23,6,True,0,,0,0,,100.0,0,0,0,0,0,0,False,,/home/azureuser/yas/evomaster-config/runtime-logs/classes/cart/admin_multi_v510/EvoMaster_cart_admin_faults_Test,/home/azureuser/yas/evomaster-config/runtime-logs/classes/cart/admin_multi_v510/EvoMaster_cart_admin_faults_Test/compile.log,/home/azureuser/yas/evomaster-config/runtime-logs/classes/cart/admin_multi_v510/EvoMaster_cart_admin_faults_Test/compile_stdout.log,/home/azureuser/yas/evomaster-config/runtime-logs/classes/cart/admin_multi_v510/EvoMaster_cart_admin_faults_Test/compile_stderr.log,True,True,0,,0,False,14.05,11.66,179.93,Test passed (detected via Surefire XML),/home/azureuser/yas/evomaster-config/runtime-logs/methods/cart/admin_multi_v510/EvoMaster_cart_admin_faults_Test/test_1_getOnItemsReturnsMismatchResponseWithSchema,/home/azureuser/yas/evomaster-config/runtime-logs/methods/cart/admin_multi_v510/EvoMaster_cart_admin_faults_Test/test_1_getOnItemsReturnsMismatchResponseWithSchema/run.log,/home/azureuser/yas/evomaster-config/runtime-logs/methods/cart/admin_multi_v510/EvoMaster_cart_admin_faults_Test/test_1_getOnItemsReturnsMismatchResponseWithSchema/run_stdout.log,/home/azureuser/yas/evomaster-config/runtime-logs/methods/cart/admin_multi_v510/EvoMaster_cart_admin_faults_Test/test_1_getOnItemsReturnsMismatchResponseWithSchema/run_stderr.log
cart,admin_multi_v510,EvoMaster_cart_admin_successes_Test.java,EvoMaster_cart_admin_successes_Test,test_0_getOnItemsReturnsEmptyList,False,1,200,/cart/storefront/cart/items,GET,200,.statusCode(200) .assertThat(),3,".get(baseUrlOfSut + ""/cart/storefront/cart/items"")",,".header(""Authorization"", ""Bearer eyJhbGciOiJSUzI1NiIsInR5cCIgOiAiSldUIiwia2lkIiA6ICJRV3VUQ0MyR3BpbU94RjhuT2hRX0hLMnBWRUxZd0x2Z3BYNnVxWjgyVkRRIn0.eyJleHAiOjE3NzQyOTQzMTksImlhdCI6MTc3NDI5NDAxOSwianRpIjoiYmM4NjQzNjEtNjMwOS00ZDIzLTg5ZTMtOWE0ZTY4MjIwMGJjIiwiaXNzIjoiaHR0cDovL2lkZW50aXR5L3JlYWxtcy9ZYXMiLCJzdWIiOiIwNjAyM2Y3Ni1hOWNiLTRjYmQtOGM1Ny1hNDI1ZDBlMTRiZWIiLCJ0eXAiOiJCZWFyZXIiLCJhenAiOiJiYWNrb2ZmaWNlLWJmZiIsInNpZCI6IjAzMmE4NmEzLTFhZWQtNDMxNi04ZjNjLWQ0ZDAxZTE5OTg5MCIsInJlYWxtX2FjY2VzcyI6eyJyb2xlcyI6WyJkZWZhdWx0LXJvbGVzLXlhcyIsIm9mZmxpbmVfYWNjZXNzIiwiQ1VTVE9NRVIiLCJ1bWFfYXV0aG9yaXphdGlvbiJdfSwic2NvcGUiOiJlbWFpbCBwcm9maWxlIiwiZW1haWxfdmVyaWZpZWQiOmZhbHNlLCJwcmVmZXJyZWRfdXNlcm5hbWUiOiJ1c2VyIn0.cW1sSC6r_VkUgSJsR2krYRbvpiInZGC8pu7C2eDDZkrqmJcMwRjQ0dRLWfDIAJ5EPqC7WRAyqYCBMjAPd2jKjcbjibWSDYW8LoJ0fIwAaH2kgT0oDFjIauRsC6otb40BWR65YQEZmHWdXyEgr7XrWPgmwRCeyVAVFMEeSP8rfuPqQs8VSkiPwZNxJd7QiV3FirgHNKrxQgCiTF0yTMaZinAB31VvDLWMG6TgN3nz12huj73l1KoKeQ2eYzd0uONLR20WLsE02eLtWifKIrNHiP-OvE7ycrycD-zOqCJv4cqvSujJ92_kHivyO_o7uTx4-_iFvm6e4gsuz49K_Ct9xg"")",successes,/home/azureuser/yas/evomaster-config/generated-tests/blackbox/cart/admin_multi_v510/EvoMaster_cart_admin_successes_Test.java,23,6,True,0,,0,0,,100.0,0,0,0,0,0,0,False,,/home/azureuser/yas/evomaster-config/runtime-logs/classes/cart/admin_multi_v510/EvoMaster_cart_admin_successes_Test,/home/azureuser/yas/evomaster-config/runtime-logs/classes/cart/admin_multi_v510/EvoMaster_cart_admin_successes_Test/compile.log,/home/azureuser/yas/evomaster-config/runtime-logs/classes/cart/admin_multi_v510/EvoMaster_cart_admin_successes_Test/compile_stdout.log,/home/azureuser/yas/evomaster-config/runtime-logs/classes/cart/admin_multi_v510/EvoMaster_cart_admin_successes_Test/compile_stderr.log,False,True,1,java.lang.AssertionError;test_failure,1,False,12.54,11.41,160.73,"Tests run: 1, Failures: 1, Errors: 0, Skipped: 0",/home/azureuser/yas/evomaster-config/runtime-logs/methods/cart/admin_multi_v510/EvoMaster_cart_admin_successes_Test/test_0_getOnItemsReturnsEmptyList,/home/azureuser/yas/evomaster-config/runtime-logs/methods/cart/admin_multi_v510/EvoMaster_cart_admin_successes_Test/test_0_getOnItemsReturnsEmptyList/run.log,/home/azureuser/yas/evomaster-config/runtime-logs/methods/cart/admin_multi_v510/EvoMaster_cart_admin_successes_Test/test_0_getOnItemsReturnsEmptyList/run_stdout.log,/home/azureuser/yas/evomaster-config/runtime-logs/methods/cart/admin_multi_v510/EvoMaster_cart_admin_successes_Test/test_0_getOnItemsReturnsEmptyList/run_stderr.log
cart,admin_multi_v510,EvoMaster_cart_admin_successes_Test.java,EvoMaster_cart_admin_successes_Test,test_1_getOnItemsReturnsEmptyList,False,1,200,/cart/storefront/cart/items,GET,200,.statusCode(200) .assertThat(),3,".get(baseUrlOfSut + ""/cart/storefront/cart/items"")",,".header(""Authorization"", ""Bearer eyJhbGciOiJSUzI1NiIsInR5cCIgOiAiSldUIiwia2lkIiA6ICJRV3VUQ0MyR3BpbU94RjhuT2hRX0hLMnBWRUxZd0x2Z3BYNnVxWjgyVkRRIn0.eyJleHAiOjE3NzQyOTQzMTksImlhdCI6MTc3NDI5NDAxOSwianRpIjoiNDFmMjMzYTgtOWM3MC00ODZhLWIyMDEtNmFhZjdkM2QyNGU5IiwiaXNzIjoiaHR0cDovL2lkZW50aXR5L3JlYWxtcy9ZYXMiLCJzdWIiOiI2YTRjY2Y1OC0xNGE3LTRjNjgtOGYzNS05MTA3Zjk4NzU1YjIiLCJ0eXAiOiJCZWFyZXIiLCJhenAiOiJiYWNrb2ZmaWNlLWJmZiIsInNpZCI6ImZhMmQzOWU0LTY3MzEtNGQ0ZS1hY2ZmLTFjMzBkMDlmOWI1MCIsInJlYWxtX2FjY2VzcyI6eyJyb2xlcyI6WyJkZWZhdWx0LXJvbGVzLXlhcyIsIm9mZmxpbmVfYWNjZXNzIiwiQ1VTVE9NRVIiLCJ1bWFfYXV0aG9yaXphdGlvbiIsIkFETUlOIl19LCJzY29wZSI6ImVtYWlsIHByb2ZpbGUiLCJlbWFpbF92ZXJpZmllZCI6ZmFsc2UsIm5hbWUiOiJKb2huIERvZSIsInByZWZlcnJlZF91c2VybmFtZSI6ImFkbWluIiwiZ2l2ZW5fbmFtZSI6IkpvaG4iLCJmYW1pbHlfbmFtZSI6IkRvZSIsImVtYWlsIjoiYWRtaW5AZ21haWwuY29tIn0.KjCpD-G21nwQ7i3gjVvVaAAdvYlvofGr4SOfZu_YvvjylKKngv70bMEtZ-y5Smq325AbD0tZg8C7c7sNCAol_c3mMNBMOd56imwwS_yHvqRiicHsPm0wOadUP-bC61_9NbpQQpI6gjzQfoNQAirEgFrG0SeuaXJRw4E4Z4es5OE1dMajPzzMXP2ICgy7xt2OfEXRUf-Db-bP9jwUA8wZkeJiJQXF60eiSXSARrfAz4laDiiKvXeVBoGiyNSBRFiL88ILqqmU0uFyLdXYE7vPwZeh4N5uMfdWNqJMA6DRV85C4pAhhRVcq8ruEjIdKL5iMZU2AEew8Yvf5X0PRuWayw"")",successes,/home/azureuser/yas/evomaster-config/generated-tests/blackbox/cart/admin_multi_v510/EvoMaster_cart_admin_successes_Test.java,23,6,True,0,,0,0,,100.0,0,0,0,0,0,0,False,,/home/azureuser/yas/evomaster-config/runtime-logs/classes/cart/admin_multi_v510/EvoMaster_cart_admin_successes_Test,/home/azureuser/yas/evomaster-config/runtime-logs/classes/cart/admin_multi_v510/EvoMaster_cart_admin_successes_Test/compile.log,/home/azureuser/yas/evomaster-config/runtime-logs/classes/cart/admin_multi_v510/EvoMaster_cart_admin_successes_Test/compile_stdout.log,/home/azureuser/yas/evomaster-config/runtime-logs/classes/cart/admin_multi_v510/EvoMaster_cart_admin_successes_Test/compile_stderr.log,False,True,1,java.lang.AssertionError;test_failure,1,False,12.54,11.05,154.33,"Tests run: 1, Failures: 1, Errors: 0, Skipped: 0",/home/azureuser/yas/evomaster-config/runtime-logs/methods/cart/admin_multi_v510/EvoMaster_cart_admin_successes_Test/test_1_getOnItemsReturnsEmptyList,/home/azureuser/yas/evomaster-config/runtime-logs/methods/cart/admin_multi_v510/EvoMaster_cart_admin_successes_Test/test_1_getOnItemsReturnsEmptyList/run.log,/home/azureuser/yas/evomaster-config/runtime-logs/methods/cart/admin_multi_v510/EvoMaster_cart_admin_successes_Test/test_1_getOnItemsReturnsEmptyList/run_stdout.log,/home/azureuser/yas/evomaster-config/runtime-logs/methods/cart/admin_multi_v510/EvoMaster_cart_admin_successes_Test/test_1_getOnItemsReturnsEmptyList/run_stderr.log
cart,customer,EvoMaster_cart_customer_faults.java,EvoMaster_cart_customer_faults,test_0_getOnItemsReturnsMismatchResponseWithSchema,False,1,403,/cart/storefront/cart/items,GET,403,.statusCode(403) .assertThat(),6,".get(baseUrlOfSut + ""/cart/storefront/cart/items"")",,,faults,/home/azureuser/yas/evomaster-config/generated-tests/blackbox/cart/customer/EvoMaster_cart_customer_faults.java,21,6,True,0,,0,0,,100.0,0,0,0,0,0,0,False,,/home/azureuser/yas/evomaster-config/runtime-logs/classes/cart/customer/EvoMaster_cart_customer_faults,/home/azureuser/yas/evomaster-config/runtime-logs/classes/cart/customer/EvoMaster_cart_customer_faults/compile.log,/home/azureuser/yas/evomaster-config/runtime-logs/classes/cart/customer/EvoMaster_cart_customer_faults/compile_stdout.log,/home/azureuser/yas/evomaster-config/runtime-logs/classes/cart/customer/EvoMaster_cart_customer_faults/compile_stderr.log,True,True,0,,0,False,14.04,11.43,155.99,Test passed (detected via Surefire XML),/home/azureuser/yas/evomaster-config/runtime-logs/methods/cart/customer/EvoMaster_cart_customer_faults/test_0_getOnItemsReturnsMismatchResponseWithSchema,/home/azureuser/yas/evomaster-config/runtime-logs/methods/cart/customer/EvoMaster_cart_customer_faults/test_0_getOnItemsReturnsMismatchResponseWithSchema/run.log,/home/azureuser/yas/evomaster-config/runtime-logs/methods/cart/customer/EvoMaster_cart_customer_faults/test_0_getOnItemsReturnsMismatchResponseWithSchema/run_stdout.log,/home/azureuser/yas/evomaster-config/runtime-logs/methods/cart/customer/EvoMaster_cart_customer_faults/test_0_getOnItemsReturnsMismatchResponseWithSchema/run_stderr.log
cart,customer,EvoMaster_cart_customer_successes.java,EvoMaster_cart_customer_successes,test_0_getOnItemsReturnsEmptyList,False,1,200,/cart/storefront/cart/items,GET,200,.statusCode(200) .assertThat(),3,".get(baseUrlOfSut + ""/cart/storefront/cart/items"")",,".header(""Authorization"", ""Bearer eyJhbGciOiJSUzI1NiIsInR5cCIgOiAiSldUIiwia2lkIiA6ICJ5UnVxX2x3MGdHbXppekN6M183cmNYZXVWS24zaHpvQ21pVV9lT1B0Wm9vIn0.eyJleHAiOjE3Nzc1MjQ4MDUsImlhdCI6MTc3NzUyMTIwNSwianRpIjoiNmYwYjdmN2ItODExNy00MmM3LThlYjctMjcxMDA4ZGNmOTc0IiwiaXNzIjoiaHR0cDovL2lkZW50aXR5L3JlYWxtcy9ZYXMiLCJzdWIiOiIxNDhkMGZjNi1lYmZjLTQ0MjQtYjVmZC1hZjZjZGNlNTQxNDQiLCJ0eXAiOiJCZWFyZXIiLCJhenAiOiJiYWNrb2ZmaWNlLWJmZiIsInNpZCI6ImYxZTg0YTlmLTE5MWEtNGIwZS05ZTZhLWNhNzI5YzJmZjQ3OCIsInJlYWxtX2FjY2VzcyI6eyJyb2xlcyI6WyJkZWZhdWx0LXJvbGVzLXlhcyIsIm9mZmxpbmVfYWNjZXNzIiwiQ1VTVE9NRVIiLCJ1bWFfYXV0aG9yaXphdGlvbiJdfSwic2NvcGUiOiJlbWFpbCBwcm9maWxlIiwiZW1haWxfdmVyaWZpZWQiOmZhbHNlLCJwcmVmZXJyZWRfdXNlcm5hbWUiOiJ1c2VyIn0.pL8trWKPugSVo7bGUVltm9cV5YkqrRYhGMSTtSsvtXgtAycKHfHQqAyUdSxZmuD_WwD3-bfh4AUqORU8RI4JSrvFoenqfD7IisJ0z9WBxaAZOujP4T1Pe9lxIQPe2l3roAowHRyX9MIB50PMVHbhaK1KGB_n3QQX0amAD_aYUB8RZvFtxoNBS4QWhzCljAoCsBnm_FuQWbsKCqWOIxA1hjGzDr9bKRLo8bKnRLHnDbJDEgD8bxym0lI9V3ja0sgUWN1VMp3p9kql4EIXiLldIqrmNjLwaeku5GVJpaGw_8z2UPwgLJ0eQTnIdatryuvw-eXZCbEgzdLqbxOVzQQDuA"")",successes,/home/azureuser/yas/evomaster-config/generated-tests/blackbox/cart/customer/EvoMaster_cart_customer_successes.java,21,6,True,0,,0,0,,100.0,0,0,0,0,0,0,False,,/home/azureuser/yas/evomaster-config/runtime-logs/classes/cart/customer/EvoMaster_cart_customer_successes,/home/azureuser/yas/evomaster-config/runtime-logs/classes/cart/customer/EvoMaster_cart_customer_successes/compile.log,/home/azureuser/yas/evomaster-config/runtime-logs/classes/cart/customer/EvoMaster_cart_customer_successes/compile_stdout.log,/home/azureuser/yas/evomaster-config/runtime-logs/classes/cart/customer/EvoMaster_cart_customer_successes/compile_stderr.log,True,True,0,,0,False,14.05,11.44,162.31,Test passed (detected via Surefire XML),/home/azureuser/yas/evomaster-config/runtime-logs/methods/cart/customer/EvoMaster_cart_customer_successes/test_0_getOnItemsReturnsEmptyList,/home/azureuser/yas/evomaster-config/runtime-logs/methods/cart/customer/EvoMaster_cart_customer_successes/test_0_getOnItemsReturnsEmptyList/run.log,/home/azureuser/yas/evomaster-config/runtime-logs/methods/cart/customer/EvoMaster_cart_customer_successes/test_0_getOnItemsReturnsEmptyList/run_stdout.log,/home/azureuser/yas/evomaster-config/runtime-logs/methods/cart/customer/EvoMaster_cart_customer_successes/test_0_getOnItemsReturnsEmptyList/run_stderr.log
cart,none,EvoMaster_cart_none_faults.java,EvoMaster_cart_none_faults,test_0_getOnItemsReturnsMismatchResponseWithSchema,False,1,403,/cart/storefront/cart/items,GET,403,.statusCode(403) .assertThat(),6,".get(baseUrlOfSut + ""/cart/storefront/cart/items"")",,,faults,/home/azureuser/yas/evomaster-config/generated-tests/blackbox/cart/none/EvoMaster_cart_none_faults.java,21,6,True,0,,0,0,,100.0,0,0,0,0,0,0,False,,/home/azureuser/yas/evomaster-config/runtime-logs/classes/cart/none/EvoMaster_cart_none_faults,/home/azureuser/yas/evomaster-config/runtime-logs/classes/cart/none/EvoMaster_cart_none_faults/compile.log,/home/azureuser/yas/evomaster-config/runtime-logs/classes/cart/none/EvoMaster_cart_none_faults/compile_stdout.log,/home/azureuser/yas/evomaster-config/runtime-logs/classes/cart/none/EvoMaster_cart_none_faults/compile_stderr.log,True,True,0,,0,False,13.55,10.89,159.61,Test passed (detected via Surefire XML),/home/azureuser/yas/evomaster-config/runtime-logs/methods/cart/none/EvoMaster_cart_none_faults/test_0_getOnItemsReturnsMismatchResponseWithSchema,/home/azureuser/yas/evomaster-config/runtime-logs/methods/cart/none/EvoMaster_cart_none_faults/test_0_getOnItemsReturnsMismatchResponseWithSchema/run.log,/home/azureuser/yas/evomaster-config/runtime-logs/methods/cart/none/EvoMaster_cart_none_faults/test_0_getOnItemsReturnsMismatchResponseWithSchema/run_stdout.log,/home/azureuser/yas/evomaster-config/runtime-logs/methods/cart/none/EvoMaster_cart_none_faults/test_0_getOnItemsReturnsMismatchResponseWithSchema/run_stderr.log
customer,admin_multi_v510,EvoMaster_customer_admin_faults_Test.java,EvoMaster_customer_admin_faults_Test,test_14_getOnProfileReturnsMismatchResponseWithSchema,False,1,401,/customer/storefront/customer/profile,GET,401,.statusCode(401) .assertThat(),2,".get(baseUrlOfSut + ""/customer/storefront/customer/profile"")",,,faults,/home/azureuser/yas/evomaster-config/generated-tests/blackbox/customer/admin_multi_v510/EvoMaster_customer_admin_faults_Test.java,23,6,True,0,,0,0,,100.0,0,0,0,0,0,0,False,,/home/azureuser/yas/evomaster-config/runtime-logs/classes/customer/admin_multi_v510/EvoMaster_customer_admin_faults_Test,/home/azureuser/yas/evomaster-config/runtime-logs/classes/customer/admin_multi_v510/EvoMaster_customer_admin_faults_Test/compile.log,/home/azureuser/yas/evomaster-config/runtime-logs/classes/customer/admin_multi_v510/EvoMaster_customer_admin_faults_Test/compile_stdout.log,/home/azureuser/yas/evomaster-config/runtime-logs/classes/customer/admin_multi_v510/EvoMaster_customer_admin_faults_Test/compile_stderr.log,True,True,0,,0,False,12.59,11.38,155.36,Test passed (detected via Surefire XML),/home/azureuser/yas/evomaster-config/runtime-logs/methods/customer/admin_multi_v510/EvoMaster_customer_admin_faults_Test/test_14_getOnProfileReturnsMismatchResponseWithSchema,/home/azureuser/yas/evomaster-config/runtime-logs/methods/customer/admin_multi_v510/EvoMaster_customer_admin_faults_Test/test_14_getOnProfileReturnsMismatchResponseWithSchema/run.log,/home/azureuser/yas/evomaster-config/runtime-logs/methods/customer/admin_multi_v510/EvoMaster_customer_admin_faults_Test/test_14_getOnProfileReturnsMismatchResponseWithSchema/run_stdout.log,/home/azureuser/yas/evomaster-config/runtime-logs/methods/customer/admin_multi_v510/EvoMaster_customer_admin_faults_Test/test_14_getOnProfileReturnsMismatchResponseWithSchema/run_stderr.log
customer,admin_multi_v510,EvoMaster_customer_admin_successes_Test.java,EvoMaster_customer_admin_successes_Test,test_0_getOnProfileReturnsObject,False,1,200,/customer/storefront/customer/profile,GET,200,.statusCode(200) .assertThat(),6,".get(baseUrlOfSut + ""/customer/storefront/customer/profile"")",,".header(""Authorization"", ""Bearer eyJhbGciOiJSUzI1NiIsInR5cCIgOiAiSldUIiwia2lkIiA6ICJ5UnVxX2x3MGdHbXppekN6M183cmNYZXVWS24zaHpvQ21pVV9lT1B0Wm9vIn0.eyJleHAiOjE3Nzc1MjQ4MDUsImlhdCI6MTc3NzUyMTIwNSwianRpIjoiNmYwYjdmN2ItODExNy00MmM3LThlYjctMjcxMDA4ZGNmOTc0IiwiaXNzIjoiaHR0cDovL2lkZW50aXR5L3JlYWxtcy9ZYXMiLCJzdWIiOiIxNDhkMGZjNi1lYmZjLTQ0MjQtYjVmZC1hZjZjZGNlNTQxNDQiLCJ0eXAiOiJCZWFyZXIiLCJhenAiOiJiYWNrb2ZmaWNlLWJmZiIsInNpZCI6ImYxZTg0YTlmLTE5MWEtNGIwZS05ZTZhLWNhNzI5YzJmZjQ3OCIsInJlYWxtX2FjY2VzcyI6eyJyb2xlcyI6WyJkZWZhdWx0LXJvbGVzLXlhcyIsIm9mZmxpbmVfYWNjZXNzIiwiQ1VTVE9NRVIiLCJ1bWFfYXV0aG9yaXphdGlvbiJdfSwic2NvcGUiOiJlbWFpbCBwcm9maWxlIiwiZW1haWxfdmVyaWZpZWQiOmZhbHNlLCJwcmVmZXJyZWRfdXNlcm5hbWUiOiJ1c2VyIn0.pL8trWKPugSVo7bGUVltm9cV5YkqrRYhGMSTtSsvtXgtAycKHfHQqAyUdSxZmuD_WwD3-bfh4AUqORU8RI4JSrvFoenqfD7IisJ0z9WBxaAZOujP4T1Pe9lxIQPe2l3roAowHRyX9MIB50PMVHbhaK1KGB_n3QQX0amAD_aYUB8RZvFtxoNBS4QWhzCljAoCsBnm_FuQWbsKCqWOIxA1hjGzDr9bKRLo8bKnRLHnDbJDEgD8bxym0lI9V3ja0sgUWN1VMp3p9kql4EIXiLldIqrmNjLwaeku5GVJpaGw_8z2UPwgLJ0eQTnIdatryuvw-eXZCbEgzdLqbxOVzQQDuA"")",successes,/home/azureuser/yas/evomaster-config/generated-tests/blackbox/customer/admin_multi_v510/EvoMaster_customer_admin_successes_Test.java,23,6,True,0,,0,0,,100.0,0,0,0,0,0,0,False,,/home/azureuser/yas/evomaster-config/runtime-logs/classes/customer/admin_multi_v510/EvoMaster_customer_admin_successes_Test,/home/azureuser/yas/evomaster-config/runtime-logs/classes/customer/admin_multi_v510/EvoMaster_customer_admin_successes_Test/compile.log,/home/azureuser/yas/evomaster-config/runtime-logs/classes/customer/admin_multi_v510/EvoMaster_customer_admin_successes_Test/compile_stdout.log,/home/azureuser/yas/evomaster-config/runtime-logs/classes/customer/admin_multi_v510/EvoMaster_customer_admin_successes_Test/compile_stderr.log,True,True,0,,0,False,14.05,11.15,155.88,Test passed (detected via Surefire XML),/home/azureuser/yas/evomaster-config/runtime-logs/methods/customer/admin_multi_v510/EvoMaster_customer_admin_successes_Test/test_0_getOnProfileReturnsObject,/home/azureuser/yas/evomaster-config/runtime-logs/methods/customer/admin_multi_v510/EvoMaster_customer_admin_successes_Test/test_0_getOnProfileReturnsObject/run.log,/home/azureuser/yas/evomaster-config/runtime-logs/methods/customer/admin_multi_v510/EvoMaster_customer_admin_successes_Test/test_0_getOnProfileReturnsObject/run_stdout.log,/home/azureuser/yas/evomaster-config/runtime-logs/methods/customer/admin_multi_v510/EvoMaster_customer_admin_successes_Test/test_0_getOnProfileReturnsObject/run_stderr.log
customer,admin_multi_v510,EvoMaster_customer_admin_successes_Test.java,EvoMaster_customer_admin_successes_Test,test_1_getOnProfileReturnsObject,False,1,200,/customer/storefront/customer/profile,GET,200,.statusCode(200) .assertThat(),6,".get(baseUrlOfSut + ""/customer/storefront/customer/profile"")",,".header(""Authorization"", ""Bearer eyJhbGciOiJSUzI1NiIsInR5cCIgOiAiSldUIiwia2lkIiA6ICJ5UnVxX2x3MGdHbXppekN6M183cmNYZXVWS24zaHpvQ21pVV9lT1B0Wm9vIn0.eyJleHAiOjE3Nzc1MjQ4MDUsImlhdCI6MTc3NzUyMTIwNSwianRpIjoiNmYwYjdmN2ItODExNy00MmM3LThlYjctMjcxMDA4ZGNmOTc0IiwiaXNzIjoiaHR0cDovL2lkZW50aXR5L3JlYWxtcy9ZYXMiLCJzdWIiOiIxNDhkMGZjNi1lYmZjLTQ0MjQtYjVmZC1hZjZjZGNlNTQxNDQiLCJ0eXAiOiJCZWFyZXIiLCJhenAiOiJiYWNrb2ZmaWNlLWJmZiIsInNpZCI6ImYxZTg0YTlmLTE5MWEtNGIwZS05ZTZhLWNhNzI5YzJmZjQ3OCIsInJlYWxtX2FjY2VzcyI6eyJyb2xlcyI6WyJkZWZhdWx0LXJvbGVzLXlhcyIsIm9mZmxpbmVfYWNjZXNzIiwiQ1VTVE9NRVIiLCJ1bWFfYXV0aG9yaXphdGlvbiJdfSwic2NvcGUiOiJlbWFpbCBwcm9maWxlIiwiZW1haWxfdmVyaWZpZWQiOmZhbHNlLCJwcmVmZXJyZWRfdXNlcm5hbWUiOiJ1c2VyIn0.pL8trWKPugSVo7bGUVltm9cV5YkqrRYhGMSTtSsvtXgtAycKHfHQqAyUdSxZmuD_WwD3-bfh4AUqORU8RI4JSrvFoenqfD7IisJ0z9WBxaAZOujP4T1Pe9lxIQPe2l3roAowHRyX9MIB50PMVHbhaK1KGB_n3QQX0amAD_aYUB8RZvFtxoNBS4QWhzCljAoCsBnm_FuQWbsKCqWOIxA1hjGzDr9bKRLo8bKnRLHnDbJDEgD8bxym0lI9V3ja0sgUWN1VMp3p9kql4EIXiLldIqrmNjLwaeku5GVJpaGw_8z2UPwgLJ0eQTnIdatryuvw-eXZCbEgzdLqbxOVzQQDuA"")",successes,/home/azureuser/yas/evomaster-config/generated-tests/blackbox/customer/admin_multi_v510/EvoMaster_customer_admin_successes_Test.java,23,6,True,0,,0,0,,100.0,0,0,0,0,0,0,False,,/home/azureuser/yas/evomaster-config/runtime-logs/classes/customer/admin_multi_v510/EvoMaster_customer_admin_successes_Test,/home/azureuser/yas/evomaster-config/runtime-logs/classes/customer/admin_multi_v510/EvoMaster_customer_admin_successes_Test/compile.log,/home/azureuser/yas/evomaster-config/runtime-logs/classes/customer/admin_multi_v510/EvoMaster_customer_admin_successes_Test/compile_stdout.log,/home/azureuser/yas/evomaster-config/runtime-logs/classes/customer/admin_multi_v510/EvoMaster_customer_admin_successes_Test/compile_stderr.log,False,True,1,java.lang.AssertionError;test_failure,1,False,14.05,11.3,160.96,"Tests run: 1, Failures: 1, Errors: 0, Skipped: 0",/home/azureuser/yas/evomaster-config/runtime-logs/methods/customer/admin_multi_v510/EvoMaster_customer_admin_successes_Test/test_1_getOnProfileReturnsObject,/home/azureuser/yas/evomaster-config/runtime-logs/methods/customer/admin_multi_v510/EvoMaster_customer_admin_successes_Test/test_1_getOnProfileReturnsObject/run.log,/home/azureuser/yas/evomaster-config/runtime-logs/methods/customer/admin_multi_v510/EvoMaster_customer_admin_successes_Test/test_1_getOnProfileReturnsObject/run_stdout.log,/home/azureuser/yas/evomaster-config/runtime-logs/methods/customer/admin_multi_v510/EvoMaster_customer_admin_successes_Test/test_1_getOnProfileReturnsObject/run_stderr.log
customer,customer,EvoMaster_customer_customer_faults.java,EvoMaster_customer_customer_faults,test_10_getOnProfileReturnsMismatchResponseWithSchema,False,1,401,/customer/storefront/customer/profile,GET,401,.statusCode(401) .assertThat(),2,".get(baseUrlOfSut + ""/customer/storefront/customer/profile"")",,,faults,/home/azureuser/yas/evomaster-config/generated-tests/blackbox/customer/customer/EvoMaster_customer_customer_faults.java,21,6,True,0,,0,0,,100.0,0,0,0,0,0,0,False,,/home/azureuser/yas/evomaster-config/runtime-logs/classes/customer/customer/EvoMaster_customer_customer_faults,/home/azureuser/yas/evomaster-config/runtime-logs/classes/customer/customer/EvoMaster_customer_customer_faults/compile.log,/home/azureuser/yas/evomaster-config/runtime-logs/classes/customer/customer/EvoMaster_customer_customer_faults/compile_stdout.log,/home/azureuser/yas/evomaster-config/runtime-logs/classes/customer/customer/EvoMaster_customer_customer_faults/compile_stderr.log,True,True,0,,0,False,13.05,11.43,160.14,Test passed (detected via Surefire XML),/home/azureuser/yas/evomaster-config/runtime-logs/methods/customer/customer/EvoMaster_customer_customer_faults/test_10_getOnProfileReturnsMismatchResponseWithSchema,/home/azureuser/yas/evomaster-config/runtime-logs/methods/customer/customer/EvoMaster_customer_customer_faults/test_10_getOnProfileReturnsMismatchResponseWithSchema/run.log,/home/azureuser/yas/evomaster-config/runtime-logs/methods/customer/customer/EvoMaster_customer_customer_faults/test_10_getOnProfileReturnsMismatchResponseWithSchema/run_stdout.log,/home/azureuser/yas/evomaster-config/runtime-logs/methods/customer/customer/EvoMaster_customer_customer_faults/test_10_getOnProfileReturnsMismatchResponseWithSchema/run_stderr.log
customer,customer,EvoMaster_customer_customer_successes.java,EvoMaster_customer_customer_successes,test_1_getOnProfileReturnsObject,False,1,200,/customer/storefront/customer/profile,GET,200,.statusCode(200) .assertThat(),6,".get(baseUrlOfSut + ""/customer/storefront/customer/profile"")",,".header(""Authorization"", ""Bearer eyJhbGciOiJSUzI1NiIsInR5cCIgOiAiSldUIiwia2lkIiA6ICJ5UnVxX2x3MGdHbXppekN6M183cmNYZXVWS24zaHpvQ21pVV9lT1B0Wm9vIn0.eyJleHAiOjE3Nzc1MjQ4MDUsImlhdCI6MTc3NzUyMTIwNSwianRpIjoiNmYwYjdmN2ItODExNy00MmM3LThlYjctMjcxMDA4ZGNmOTc0IiwiaXNzIjoiaHR0cDovL2lkZW50aXR5L3JlYWxtcy9ZYXMiLCJzdWIiOiIxNDhkMGZjNi1lYmZjLTQ0MjQtYjVmZC1hZjZjZGNlNTQxNDQiLCJ0eXAiOiJCZWFyZXIiLCJhenAiOiJiYWNrb2ZmaWNlLWJmZiIsInNpZCI6ImYxZTg0YTlmLTE5MWEtNGIwZS05ZTZhLWNhNzI5YzJmZjQ3OCIsInJlYWxtX2FjY2VzcyI6eyJyb2xlcyI6WyJkZWZhdWx0LXJvbGVzLXlhcyIsIm9mZmxpbmVfYWNjZXNzIiwiQ1VTVE9NRVIiLCJ1bWFfYXV0aG9yaXphdGlvbiJdfSwic2NvcGUiOiJlbWFpbCBwcm9maWxlIiwiZW1haWxfdmVyaWZpZWQiOmZhbHNlLCJwcmVmZXJyZWRfdXNlcm5hbWUiOiJ1c2VyIn0.pL8trWKPugSVo7bGUVltm9cV5YkqrRYhGMSTtSsvtXgtAycKHfHQqAyUdSxZmuD_WwD3-bfh4AUqORU8RI4JSrvFoenqfD7IisJ0z9WBxaAZOujP4T1Pe9lxIQPe2l3roAowHRyX9MIB50PMVHbhaK1KGB_n3QQX0amAD_aYUB8RZvFtxoNBS4QWhzCljAoCsBnm_FuQWbsKCqWOIxA1hjGzDr9bKRLo8bKnRLHnDbJDEgD8bxym0lI9V3ja0sgUWN1VMp3p9kql4EIXiLldIqrmNjLwaeku5GVJpaGw_8z2UPwgLJ0eQTnIdatryuvw-eXZCbEgzdLqbxOVzQQDuA"")",successes,/home/azureuser/yas/evomaster-config/generated-tests/blackbox/customer/customer/EvoMaster_customer_customer_successes.java,21,6,True,0,,0,0,,100.0,0,0,0,0,0,0,False,,/home/azureuser/yas/evomaster-config/runtime-logs/classes/customer/customer/EvoMaster_customer_customer_successes,/home/azureuser/yas/evomaster-config/runtime-logs/classes/customer/customer/EvoMaster_customer_customer_successes/compile.log,/home/azureuser/yas/evomaster-config/runtime-logs/classes/customer/customer/EvoMaster_customer_customer_successes/compile_stdout.log,/home/azureuser/yas/evomaster-config/runtime-logs/classes/customer/customer/EvoMaster_customer_customer_successes/compile_stderr.log,True,True,0,,0,False,14.05,11.34,152.94,Test passed (detected via Surefire XML),/home/azureuser/yas/evomaster-config/runtime-logs/methods/customer/customer/EvoMaster_customer_customer_successes/test_1_getOnProfileReturnsObject,/home/azureuser/yas/evomaster-config/runtime-logs/methods/customer/customer/EvoMaster_customer_customer_successes/test_1_getOnProfileReturnsObject/run.log,/home/azureuser/yas/evomaster-config/runtime-logs/methods/customer/customer/EvoMaster_customer_customer_successes/test_1_getOnProfileReturnsObject/run_stdout.log,/home/azureuser/yas/evomaster-config/runtime-logs/methods/customer/customer/EvoMaster_customer_customer_successes/test_1_getOnProfileReturnsObject/run_stderr.log
customer,none,EvoMaster_customer_none_faults.java,EvoMaster_customer_none_faults,test_5_getOnProfileReturnsMismatchResponseWithSchema,False,1,401,/customer/storefront/customer/profile,GET,401,.statusCode(401) .assertThat(),2,".get(baseUrlOfSut + ""/customer/storefront/customer/profile"")",,,faults,/home/azureuser/yas/evomaster-config/generated-tests/blackbox/customer/none/EvoMaster_customer_none_faults.java,21,6,True,0,,0,0,,100.0,0,0,0,0,0,0,False,,/home/azureuser/yas/evomaster-config/runtime-logs/classes/customer/none/EvoMaster_customer_none_faults,/home/azureuser/yas/evomaster-config/runtime-logs/classes/customer/none/EvoMaster_customer_none_faults/compile.log,/home/azureuser/yas/evomaster-config/runtime-logs/classes/customer/none/EvoMaster_customer_none_faults/compile_stdout.log,/home/azureuser/yas/evomaster-config/runtime-logs/classes/customer/none/EvoMaster_customer_none_faults/compile_stderr.log,True,True,0,,0,False,12.54,11.31,153.62,Test passed (detected via Surefire XML),/home/azureuser/yas/evomaster-config/runtime-logs/methods/customer/none/EvoMaster_customer_none_faults/test_5_getOnProfileReturnsMismatchResponseWithSchema,/home/azureuser/yas/evomaster-config/runtime-logs/methods/customer/none/EvoMaster_customer_none_faults/test_5_getOnProfileReturnsMismatchResponseWithSchema/run.log,/home/azureuser/yas/evomaster-config/runtime-logs/methods/customer/none/EvoMaster_customer_none_faults/test_5_getOnProfileReturnsMismatchResponseWithSchema/run_stdout.log,/home/azureuser/yas/evomaster-config/runtime-logs/methods/customer/none/EvoMaster_customer_none_faults/test_5_getOnProfileReturnsMismatchResponseWithSchema/run_stderr.log
inventory,admin,EvoMaster_inventory_admin_faults.java,EvoMaster_inventory_admin_faults,test_15_deleteOnWarehousReturnsMismatchResponseWithSchema,False,1,403,/inventory/backoffice/warehouses/{id},DELETE,403,.statusCode(403) .assertThat(),5,".delete(baseUrlOfSut + ""/inventory/backoffice/warehouses/908"")",,,faults,/home/azureuser/yas/evomaster-config/generated-tests/blackbox/inventory/admin/EvoMaster_inventory_admin_faults.java,21,6,True,0,,0,0,,100.0,0,0,0,0,0,0,False,,/home/azureuser/yas/evomaster-config/runtime-logs/classes/inventory/admin/EvoMaster_inventory_admin_faults,/home/azureuser/yas/evomaster-config/runtime-logs/classes/inventory/admin/EvoMaster_inventory_admin_faults/compile.log,/home/azureuser/yas/evomaster-config/runtime-logs/classes/inventory/admin/EvoMaster_inventory_admin_faults/compile_stdout.log,/home/azureuser/yas/evomaster-config/runtime-logs/classes/inventory/admin/EvoMaster_inventory_admin_faults/compile_stderr.log,True,True,0,,0,False,14.06,11.64,160.05,Test passed (detected via Surefire XML),/home/azureuser/yas/evomaster-config/runtime-logs/methods/inventory/admin/EvoMaster_inventory_admin_faults/test_15_deleteOnWarehousReturnsMismatchResponseWithSchema,/home/azureuser/yas/evomaster-config/runtime-logs/methods/inventory/admin/EvoMaster_inventory_admin_faults/test_15_deleteOnWarehousReturnsMismatchResponseWithSchema/run.log,/home/azureuser/yas/evomaster-config/runtime-logs/methods/inventory/admin/EvoMaster_inventory_admin_faults/test_15_deleteOnWarehousReturnsMismatchResponseWithSchema/run_stdout.log,/home/azureuser/yas/evomaster-config/runtime-logs/methods/inventory/admin/EvoMaster_inventory_admin_faults/test_15_deleteOnWarehousReturnsMismatchResponseWithSchema/run_stderr.log
inventory,admin,EvoMaster_inventory_admin_others.java,EvoMaster_inventory_admin_others,test_3_deleteOnWarehousReturns404,False,1,404,/inventory/backoffice/warehouses/{id},DELETE,404,.statusCode(404) .assertThat(),6,".delete(baseUrlOfSut + ""/inventory/backoffice/warehouses/-3843973801239989088"")",,".header(""Authorization"", ""Bearer eyJhbGciOiJSUzI1NiIsInR5cCIgOiAiSldUIiwia2lkIiA6ICJ5UnVxX2x3MGdHbXppekN6M183cmNYZXVWS24zaHpvQ21pVV9lT1B0Wm9vIn0.eyJleHAiOjE3Nzc1MjQ4MTQsImlhdCI6MTc3NzUyMTIxNCwianRpIjoiYjgwOGU2YzQtZGUxYy00N2ZlLWI1MmMtYzkyZWU5MWRiNjBiIiwiaXNzIjoiaHR0cDovL2lkZW50aXR5L3JlYWxtcy9ZYXMiLCJzdWIiOiI2YTRjY2Y1OC0xNGE3LTRjNjgtOGYzNS05MTA3Zjk4NzU1YjIiLCJ0eXAiOiJCZWFyZXIiLCJhenAiOiJiYWNrb2ZmaWNlLWJmZiIsInNpZCI6IjAwMWEyNTIwLTQ2NTMtNDJjYi05MjhkLTE1ODIwZjMxODZkNCIsInJlYWxtX2FjY2VzcyI6eyJyb2xlcyI6WyJkZWZhdWx0LXJvbGVzLXlhcyIsIm9mZmxpbmVfYWNjZXNzIiwiQ1VTVE9NRVIiLCJ1bWFfYXV0aG9yaXphdGlvbiIsIkFETUlOIl19LCJzY29wZSI6ImVtYWlsIHByb2ZpbGUiLCJlbWFpbF92ZXJpZmllZCI6ZmFsc2UsIm5hbWUiOiJKb2huIERvZSIsInByZWZlcnJlZF91c2VybmFtZSI6ImFkbWluIiwiZ2l2ZW5fbmFtZSI6IkpvaG4iLCJmYW1pbHlfbmFtZSI6IkRvZSIsImVtYWlsIjoiYWRtaW5AZ21haWwuY29tIn0.F7xTzm5-4uN8xEj05uvB3Pg8LDYlRcXPwF0HX7-eDs_hLeK8yQvSWhmaGC5mZPTUbxHvDgiNJa7yIldzfpX2zwA9-fvpoIE4_7G-orrqqZdE8CgJJBgU3PYJwkLbjPSiH3ikraBrvVd33iz0CqXqa9DagCzr-BbQLy9PxjkuM-6UCZ-PrQs0N0w6Sk3wh_nyoSRKH6iJyWC7k5iNjQxatDd1GYjcssbW7111OKRcAqHtjhvNSRr8f2N4qxI93jk0AJHjiUFa-vM4lMicTafUHoVOA2Ls2_kE-aFGasBo5KJ9E_9PfX99mwJ4Gmytq4mZVRA4V35qEqpeMUgIVv0bfw"")",others,/home/azureuser/yas/evomaster-config/generated-tests/blackbox/inventory/admin/EvoMaster_inventory_admin_others.java,21,6,True,0,,0,0,,100.0,0,0,0,0,0,0,False,,/home/azureuser/yas/evomaster-config/runtime-logs/classes/inventory/admin/EvoMaster_inventory_admin_others,/home/azureuser/yas/evomaster-config/runtime-logs/classes/inventory/admin/EvoMaster_inventory_admin_others/compile.log,/home/azureuser/yas/evomaster-config/runtime-logs/classes/inventory/admin/EvoMaster_inventory_admin_others/compile_stdout.log,/home/azureuser/yas/evomaster-config/runtime-logs/classes/inventory/admin/EvoMaster_inventory_admin_others/compile_stderr.log,True,True,0,,0,False,13.56,11.18,162.49,Test passed (detected via Surefire XML),/home/azureuser/yas/evomaster-config/runtime-logs/methods/inventory/admin/EvoMaster_inventory_admin_others/test_3_deleteOnWarehousReturns404,/home/azureuser/yas/evomaster-config/runtime-logs/methods/inventory/admin/EvoMaster_inventory_admin_others/test_3_deleteOnWarehousReturns404/run.log,/home/azureuser/yas/evomaster-config/runtime-logs/methods/inventory/admin/EvoMaster_inventory_admin_others/test_3_deleteOnWarehousReturns404/run_stdout.log,/home/azureuser/yas/evomaster-config/runtime-logs/methods/inventory/admin/EvoMaster_inventory_admin_others/test_3_deleteOnWarehousReturns404/run_stderr.log
inventory,admin_multi_v510,EvoMaster_inventory_admin_faults_Test.java,EvoMaster_inventory_admin_faults_Test,test_24_deleteOnWarehousReturnsMismatchResponseWithSchema,False,1,403,/inventory/backoffice/warehouses/{id},DELETE,403,.statusCode(403) .assertThat(),2,".delete(baseUrlOfSut + ""/inventory/backoffice/warehouses/187"")",,".header(""Authorization"", ""Bearer eyJhbGciOiJSUzI1NiIsInR5cCIgOiAiSldUIiwia2lkIiA6ICJRV3VUQ0MyR3BpbU94RjhuT2hRX0hLMnBWRUxZd0x2Z3BYNnVxWjgyVkRRIn0.eyJleHAiOjE3NzQyOTUxMjUsImlhdCI6MTc3NDI5NDgyNSwianRpIjoiZjcxNzM4M2QtZTdhOS00M2YzLTg1ODgtODNlNTNkYzQ1YTI5IiwiaXNzIjoiaHR0cDovL2lkZW50aXR5L3JlYWxtcy9ZYXMiLCJzdWIiOiIwNjAyM2Y3Ni1hOWNiLTRjYmQtOGM1Ny1hNDI1ZDBlMTRiZWIiLCJ0eXAiOiJCZWFyZXIiLCJhenAiOiJiYWNrb2ZmaWNlLWJmZiIsInNpZCI6IjFlYWJkYjU0LTM5NDktNDI0MC05MDBjLWI2Y2I1ZDE4YzQ0NCIsInJlYWxtX2FjY2VzcyI6eyJyb2xlcyI6WyJkZWZhdWx0LXJvbGVzLXlhcyIsIm9mZmxpbmVfYWNjZXNzIiwiQ1VTVE9NRVIiLCJ1bWFfYXV0aG9yaXphdGlvbiJdfSwic2NvcGUiOiJlbWFpbCBwcm9maWxlIiwiZW1haWxfdmVyaWZpZWQiOmZhbHNlLCJwcmVmZXJyZWRfdXNlcm5hbWUiOiJ1c2VyIn0.gGM4adcmXIt5NjyMDP9pVysLCqenPZlpx6lzQjvgUi4fcnde_xQsBy9nfYf96ojLLzcqA47NNIIn7gNUnxRrySbJmlHEDlCRS42QNvoKZDRqWwzo3yrUy5iRmqGHb-x7iaJmhzyhyYUMTQebCf-IxeEBLtHZpzAawE4O7x_8RYyWo9Ay_KJRiT-LSfFP256SOLbnBN6q7BZWLF8VuYHa58w5uiy0VwQ2umMooxjxdxLg0JXErHhL1Bs20qGhSYnyraErdw_KpjMNRkO51dImZCRJzOKN9zukbnzawCtI7CZ9RfsBAjx1gDFwS9FdPxMtLL54mhROGzr_9lMzyJvyOQ"")",faults,/home/azureuser/yas/evomaster-config/generated-tests/blackbox/inventory/admin_multi_v510/EvoMaster_inventory_admin_faults_Test.java,23,6,True,0,,0,0,,100.0,0,0,0,0,0,0,False,,/home/azureuser/yas/evomaster-config/runtime-logs/classes/inventory/admin_multi_v510/EvoMaster_inventory_admin_faults_Test,/home/azureuser/yas/evomaster-config/runtime-logs/classes/inventory/admin_multi_v510/EvoMaster_inventory_admin_faults_Test/compile.log,/home/azureuser/yas/evomaster-config/runtime-logs/classes/inventory/admin_multi_v510/EvoMaster_inventory_admin_faults_Test/compile_stdout.log,/home/azureuser/yas/evomaster-config/runtime-logs/classes/inventory/admin_multi_v510/EvoMaster_inventory_admin_faults_Test/compile_stderr.log,False,True,1,java.lang.AssertionError;test_failure,1,False,12.53,11.06,159.9,"Tests run: 1, Failures: 1, Errors: 0, Skipped: 0",/home/azureuser/yas/evomaster-config/runtime-logs/methods/inventory/admin_multi_v510/EvoMaster_inventory_admin_faults_Test/test_24_deleteOnWarehousReturnsMismatchResponseWithSchema,/home/azureuser/yas/evomaster-config/runtime-logs/methods/inventory/admin_multi_v510/EvoMaster_inventory_admin_faults_Test/test_24_deleteOnWarehousReturnsMismatchResponseWithSchema/run.log,/home/azureuser/yas/evomaster-config/runtime-logs/methods/inventory/admin_multi_v510/EvoMaster_inventory_admin_faults_Test/test_24_deleteOnWarehousReturnsMismatchResponseWithSchema/run_stdout.log,/home/azureuser/yas/evomaster-config/runtime-logs/methods/inventory/admin_multi_v510/EvoMaster_inventory_admin_faults_Test/test_24_deleteOnWarehousReturnsMismatchResponseWithSchema/run_stderr.log
inventory,admin_multi_v510,EvoMaster_inventory_admin_faults_Test.java,EvoMaster_inventory_admin_faults_Test,test_25_deleteOnWarehousReturnsMismatchResponseWithSchema,False,1,403,/inventory/backoffice/warehouses/{id},DELETE,403,.statusCode(403) .assertThat(),5,".delete(baseUrlOfSut + ""/inventory/backoffice/warehouses/467"")",,,faults,/home/azureuser/yas/evomaster-config/generated-tests/blackbox/inventory/admin_multi_v510/EvoMaster_inventory_admin_faults_Test.java,23,6,True,0,,0,0,,100.0,0,0,0,0,0,0,False,,/home/azureuser/yas/evomaster-config/runtime-logs/classes/inventory/admin_multi_v510/EvoMaster_inventory_admin_faults_Test,/home/azureuser/yas/evomaster-config/runtime-logs/classes/inventory/admin_multi_v510/EvoMaster_inventory_admin_faults_Test/compile.log,/home/azureuser/yas/evomaster-config/runtime-logs/classes/inventory/admin_multi_v510/EvoMaster_inventory_admin_faults_Test/compile_stdout.log,/home/azureuser/yas/evomaster-config/runtime-logs/classes/inventory/admin_multi_v510/EvoMaster_inventory_admin_faults_Test/compile_stderr.log,True,True,0,,0,False,14.05,10.98,166.24,Test passed (detected via Surefire XML),/home/azureuser/yas/evomaster-config/runtime-logs/methods/inventory/admin_multi_v510/EvoMaster_inventory_admin_faults_Test/test_25_deleteOnWarehousReturnsMismatchResponseWithSchema,/home/azureuser/yas/evomaster-config/runtime-logs/methods/inventory/admin_multi_v510/EvoMaster_inventory_admin_faults_Test/test_25_deleteOnWarehousReturnsMismatchResponseWithSchema/run.log,/home/azureuser/yas/evomaster-config/runtime-logs/methods/inventory/admin_multi_v510/EvoMaster_inventory_admin_faults_Test/test_25_deleteOnWarehousReturnsMismatchResponseWithSchema/run_stdout.log,/home/azureuser/yas/evomaster-config/runtime-logs/methods/inventory/admin_multi_v510/EvoMaster_inventory_admin_faults_Test/test_25_deleteOnWarehousReturnsMismatchResponseWithSchema/run_stderr.log
inventory,admin_multi_v510,EvoMaster_inventory_admin_others_Test.java,EvoMaster_inventory_admin_others_Test,test_3_deleteOnWarehousReturns404,False,1,404,/inventory/backoffice/warehouses/{id},DELETE,404,.statusCode(404) .assertThat(),6,".delete(baseUrlOfSut + ""/inventory/backoffice/warehouses/326"")",,".header(""Authorization"", ""Bearer eyJhbGciOiJSUzI1NiIsInR5cCIgOiAiSldUIiwia2lkIiA6ICJRV3VUQ0MyR3BpbU94RjhuT2hRX0hLMnBWRUxZd0x2Z3BYNnVxWjgyVkRRIn0.eyJleHAiOjE3NzQyOTUxMjUsImlhdCI6MTc3NDI5NDgyNSwianRpIjoiOThlMDcyNzgtMWZlNi00MGFiLWI2MDMtNDViOGExNzFkN2JjIiwiaXNzIjoiaHR0cDovL2lkZW50aXR5L3JlYWxtcy9ZYXMiLCJzdWIiOiI2YTRjY2Y1OC0xNGE3LTRjNjgtOGYzNS05MTA3Zjk4NzU1YjIiLCJ0eXAiOiJCZWFyZXIiLCJhenAiOiJiYWNrb2ZmaWNlLWJmZiIsInNpZCI6ImE1NzQyMjQ5LWFlNTQtNDk0Ni05ZDlkLTJiZDNhZjM0ZjJhYSIsInJlYWxtX2FjY2VzcyI6eyJyb2xlcyI6WyJkZWZhdWx0LXJvbGVzLXlhcyIsIm9mZmxpbmVfYWNjZXNzIiwiQ1VTVE9NRVIiLCJ1bWFfYXV0aG9yaXphdGlvbiIsIkFETUlOIl19LCJzY29wZSI6ImVtYWlsIHByb2ZpbGUiLCJlbWFpbF92ZXJpZmllZCI6ZmFsc2UsIm5hbWUiOiJKb2huIERvZSIsInByZWZlcnJlZF91c2VybmFtZSI6ImFkbWluIiwiZ2l2ZW5fbmFtZSI6IkpvaG4iLCJmYW1pbHlfbmFtZSI6IkRvZSIsImVtYWlsIjoiYWRtaW5AZ21haWwuY29tIn0.LtZzUmaHBbQbqFgopWttm2OzpW-WJ6cDohgK9FEVC4UKVLcugKSBpx7W-OvV1rCv6nRZKKhC0lGQ8SejNaGRH_0w4T4XdT6Q7jFBALdyvr-JrwtSOesITOmqB8U0064lciBdRNBbjcSCm5yRnHPnbZpXUX9SzjiSTydRWHVzVYhegFt2USTRYgKgOTdgV36AlkT0a2YSOZ65bZC1M9_JchqAFWwbiMZeB6OrDBnW9M1DvxHbIqTNcJsEb2a6nHLuHRssdgqVrTRYxxD9aG1LWn8Bhk_SOVYCtxJWbFoz8bhXYr3TQcv0xh4FNWSjixw1U5BkDv-Bhllp2i8KGYiSVA"")",others,/home/azureuser/yas/evomaster-config/generated-tests/blackbox/inventory/admin_multi_v510/EvoMaster_inventory_admin_others_Test.java,23,6,True,0,,0,0,,100.0,0,0,0,0,0,0,False,,/home/azureuser/yas/evomaster-config/runtime-logs/classes/inventory/admin_multi_v510/EvoMaster_inventory_admin_others_Test,/home/azureuser/yas/evomaster-config/runtime-logs/classes/inventory/admin_multi_v510/EvoMaster_inventory_admin_others_Test/compile.log,/home/azureuser/yas/evomaster-config/runtime-logs/classes/inventory/admin_multi_v510/EvoMaster_inventory_admin_others_Test/compile_stdout.log,/home/azureuser/yas/evomaster-config/runtime-logs/classes/inventory/admin_multi_v510/EvoMaster_inventory_admin_others_Test/compile_stderr.log,False,True,1,java.lang.AssertionError;test_failure,1,False,13.05,12.15,168.86,"Tests run: 1, Failures: 1, Errors: 0, Skipped: 0",/home/azureuser/yas/evomaster-config/runtime-logs/methods/inventory/admin_multi_v510/EvoMaster_inventory_admin_others_Test/test_3_deleteOnWarehousReturns404,/home/azureuser/yas/evomaster-config/runtime-logs/methods/inventory/admin_multi_v510/EvoMaster_inventory_admin_others_Test/test_3_deleteOnWarehousReturns404/run.log,/home/azureuser/yas/evomaster-config/runtime-logs/methods/inventory/admin_multi_v510/EvoMaster_inventory_admin_others_Test/test_3_deleteOnWarehousReturns404/run_stdout.log,/home/azureuser/yas/evomaster-config/runtime-logs/methods/inventory/admin_multi_v510/EvoMaster_inventory_admin_others_Test/test_3_deleteOnWarehousReturns404/run_stderr.log
inventory,customer,EvoMaster_inventory_customer_faults.java,EvoMaster_inventory_customer_faults,test_19_deleteOnWarehousReturnsMismatchResponseWithSchema,False,1,403,/inventory/backoffice/warehouses/{id},DELETE,403,.statusCode(403) .assertThat(),2,".delete(baseUrlOfSut + ""/inventory/backoffice/warehouses/916"")",,".header(""Authorization"", ""Bearer eyJhbGciOiJSUzI1NiIsInR5cCIgOiAiSldUIiwia2lkIiA6ICJ5UnVxX2x3MGdHbXppekN6M183cmNYZXVWS24zaHpvQ21pVV9lT1B0Wm9vIn0.eyJleHAiOjE3Nzc1MjQ4MDUsImlhdCI6MTc3NzUyMTIwNSwianRpIjoiNmYwYjdmN2ItODExNy00MmM3LThlYjctMjcxMDA4ZGNmOTc0IiwiaXNzIjoiaHR0cDovL2lkZW50aXR5L3JlYWxtcy9ZYXMiLCJzdWIiOiIxNDhkMGZjNi1lYmZjLTQ0MjQtYjVmZC1hZjZjZGNlNTQxNDQiLCJ0eXAiOiJCZWFyZXIiLCJhenAiOiJiYWNrb2ZmaWNlLWJmZiIsInNpZCI6ImYxZTg0YTlmLTE5MWEtNGIwZS05ZTZhLWNhNzI5YzJmZjQ3OCIsInJlYWxtX2FjY2VzcyI6eyJyb2xlcyI6WyJkZWZhdWx0LXJvbGVzLXlhcyIsIm9mZmxpbmVfYWNjZXNzIiwiQ1VTVE9NRVIiLCJ1bWFfYXV0aG9yaXphdGlvbiJdfSwic2NvcGUiOiJlbWFpbCBwcm9maWxlIiwiZW1haWxfdmVyaWZpZWQiOmZhbHNlLCJwcmVmZXJyZWRfdXNlcm5hbWUiOiJ1c2VyIn0.pL8trWKPugSVo7bGUVltm9cV5YkqrRYhGMSTtSsvtXgtAycKHfHQqAyUdSxZmuD_WwD3-bfh4AUqORU8RI4JSrvFoenqfD7IisJ0z9WBxaAZOujP4T1Pe9lxIQPe2l3roAowHRyX9MIB50PMVHbhaK1KGB_n3QQX0amAD_aYUB8RZvFtxoNBS4QWhzCljAoCsBnm_FuQWbsKCqWOIxA1hjGzDr9bKRLo8bKnRLHnDbJDEgD8bxym0lI9V3ja0sgUWN1VMp3p9kql4EIXiLldIqrmNjLwaeku5GVJpaGw_8z2UPwgLJ0eQTnIdatryuvw-eXZCbEgzdLqbxOVzQQDuA"")",faults,/home/azureuser/yas/evomaster-config/generated-tests/blackbox/inventory/customer/EvoMaster_inventory_customer_faults.java,21,6,True,0,,0,0,,100.0,0,0,0,0,0,0,False,,/home/azureuser/yas/evomaster-config/runtime-logs/classes/inventory/customer/EvoMaster_inventory_customer_faults,/home/azureuser/yas/evomaster-config/runtime-logs/classes/inventory/customer/EvoMaster_inventory_customer_faults/compile.log,/home/azureuser/yas/evomaster-config/runtime-logs/classes/inventory/customer/EvoMaster_inventory_customer_faults/compile_stdout.log,/home/azureuser/yas/evomaster-config/runtime-logs/classes/inventory/customer/EvoMaster_inventory_customer_faults/compile_stderr.log,True,True,0,,0,False,13.05,11.51,161.5,Test passed (detected via Surefire XML),/home/azureuser/yas/evomaster-config/runtime-logs/methods/inventory/customer/EvoMaster_inventory_customer_faults/test_19_deleteOnWarehousReturnsMismatchResponseWithSchema,/home/azureuser/yas/evomaster-config/runtime-logs/methods/inventory/customer/EvoMaster_inventory_customer_faults/test_19_deleteOnWarehousReturnsMismatchResponseWithSchema/run.log,/home/azureuser/yas/evomaster-config/runtime-logs/methods/inventory/customer/EvoMaster_inventory_customer_faults/test_19_deleteOnWarehousReturnsMismatchResponseWithSchema/run_stdout.log,/home/azureuser/yas/evomaster-config/runtime-logs/methods/inventory/customer/EvoMaster_inventory_customer_faults/test_19_deleteOnWarehousReturnsMismatchResponseWithSchema/run_stderr.log
inventory,customer,EvoMaster_inventory_customer_faults.java,EvoMaster_inventory_customer_faults,test_20_deleteOnWarehousReturnsMismatchResponseWithSchema,False,1,403,/inventory/backoffice/warehouses/{id},DELETE,403,.statusCode(403) .assertThat(),5,".delete(baseUrlOfSut + ""/inventory/backoffice/warehouses/120"")",,,faults,/home/azureuser/yas/evomaster-config/generated-tests/blackbox/inventory/customer/EvoMaster_inventory_customer_faults.java,21,6,True,0,,0,0,,100.0,0,0,0,0,0,0,False,,/home/azureuser/yas/evomaster-config/runtime-logs/classes/inventory/customer/EvoMaster_inventory_customer_faults,/home/azureuser/yas/evomaster-config/runtime-logs/classes/inventory/customer/EvoMaster_inventory_customer_faults/compile.log,/home/azureuser/yas/evomaster-config/runtime-logs/classes/inventory/customer/EvoMaster_inventory_customer_faults/compile_stdout.log,/home/azureuser/yas/evomaster-config/runtime-logs/classes/inventory/customer/EvoMaster_inventory_customer_faults/compile_stderr.log,True,True,0,,0,False,14.04,11.31,161.64,Test passed (detected via Surefire XML),/home/azureuser/yas/evomaster-config/runtime-logs/methods/inventory/customer/EvoMaster_inventory_customer_faults/test_20_deleteOnWarehousReturnsMismatchResponseWithSchema,/home/azureuser/yas/evomaster-config/runtime-logs/methods/inventory/customer/EvoMaster_inventory_customer_faults/test_20_deleteOnWarehousReturnsMismatchResponseWithSchema/run.log,/home/azureuser/yas/evomaster-config/runtime-logs/methods/inventory/customer/EvoMaster_inventory_customer_faults/test_20_deleteOnWarehousReturnsMismatchResponseWithSchema/run_stdout.log,/home/azureuser/yas/evomaster-config/runtime-logs/methods/inventory/customer/EvoMaster_inventory_customer_faults/test_20_deleteOnWarehousReturnsMismatchResponseWithSchema/run_stderr.log
inventory,none,EvoMaster_inventory_none_faults.java,EvoMaster_inventory_none_faults,test_10_deleteOnWarehousReturnsMismatchResponseWithSchema,False,1,403,/inventory/backoffice/warehouses/{id},DELETE,403,.statusCode(403) .assertThat(),5,".delete(baseUrlOfSut + ""/inventory/backoffice/warehouses/996"")",,,faults,/home/azureuser/yas/evomaster-config/generated-tests/blackbox/inventory/none/EvoMaster_inventory_none_faults.java,21,6,True,0,,0,0,,100.0,0,0,0,0,0,0,False,,/home/azureuser/yas/evomaster-config/runtime-logs/classes/inventory/none/EvoMaster_inventory_none_faults,/home/azureuser/yas/evomaster-config/runtime-logs/classes/inventory/none/EvoMaster_inventory_none_faults/compile.log,/home/azureuser/yas/evomaster-config/runtime-logs/classes/inventory/none/EvoMaster_inventory_none_faults/compile_stdout.log,/home/azureuser/yas/evomaster-config/runtime-logs/classes/inventory/none/EvoMaster_inventory_none_faults/compile_stderr.log,True,True,0,,0,False,14.05,11.54,177.24,Test passed (detected via Surefire XML),/home/azureuser/yas/evomaster-config/runtime-logs/methods/inventory/none/EvoMaster_inventory_none_faults/test_10_deleteOnWarehousReturnsMismatchResponseWithSchema,/home/azureuser/yas/evomaster-config/runtime-logs/methods/inventory/none/EvoMaster_inventory_none_faults/test_10_deleteOnWarehousReturnsMismatchResponseWithSchema/run.log,/home/azureuser/yas/evomaster-config/runtime-logs/methods/inventory/none/EvoMaster_inventory_none_faults/test_10_deleteOnWarehousReturnsMismatchResponseWithSchema/run_stdout.log,/home/azureuser/yas/evomaster-config/runtime-logs/methods/inventory/none/EvoMaster_inventory_none_faults/test_10_deleteOnWarehousReturnsMismatchResponseWithSchema/run_stderr.log
location,admin,EvoMaster_location_admin_faults.java,EvoMaster_location_admin_faults,test_15_putOnState_or_provincReturnsMismatchResponseWithSchema,False,1,403,/location/backoffice/state-or-provinces/{id},PUT,403,.statusCode(403) .assertThat(),5,".put(baseUrlOfSut + ""/location/backoffice/state-or-provinces/592"")",".body("" { "" + 
                    "" \""code\"": \""SU\"" "" + 
                    "" } "")",,faults,/home/azureuser/yas/evomaster-config/generated-tests/blackbox/location/admin/EvoMaster_location_admin_faults.java,21,6,True,0,,0,0,,100.0,0,0,0,0,0,0,False,,/home/azureuser/yas/evomaster-config/runtime-logs/classes/location/admin/EvoMaster_location_admin_faults,/home/azureuser/yas/evomaster-config/runtime-logs/classes/location/admin/EvoMaster_location_admin_faults/compile.log,/home/azureuser/yas/evomaster-config/runtime-logs/classes/location/admin/EvoMaster_location_admin_faults/compile_stdout.log,/home/azureuser/yas/evomaster-config/runtime-logs/classes/location/admin/EvoMaster_location_admin_faults/compile_stderr.log,True,True,0,,0,False,13.54,10.91,151.44,Test passed (detected via Surefire XML),/home/azureuser/yas/evomaster-config/runtime-logs/methods/location/admin/EvoMaster_location_admin_faults/test_15_putOnState_or_provincReturnsMismatchResponseWithSchema,/home/azureuser/yas/evomaster-config/runtime-logs/methods/location/admin/EvoMaster_location_admin_faults/test_15_putOnState_or_provincReturnsMismatchResponseWithSchema/run.log,/home/azureuser/yas/evomaster-config/runtime-logs/methods/location/admin/EvoMaster_location_admin_faults/test_15_putOnState_or_provincReturnsMismatchResponseWithSchema/run_stdout.log,/home/azureuser/yas/evomaster-config/runtime-logs/methods/location/admin/EvoMaster_location_admin_faults/test_15_putOnState_or_provincReturnsMismatchResponseWithSchema/run_stderr.log
location,admin,EvoMaster_location_admin_others.java,EvoMaster_location_admin_others,test_5_putOnState_or_provincReturns404,False,1,404,/location/backoffice/state-or-provinces/{id},PUT,404,.statusCode(404) .assertThat(),6,".put(baseUrlOfSut + ""/location/backoffice/state-or-provinces/509"")",".body("" { "" + 
                    "" \""name\"": \""j\"", "" + 
                    "" \""code\"": \""Tm4oa6tsshmJonr\"", "" + 
                    "" \""type\"": \""b\"" "" + 
                    "" } "")",".header(""Authorization"", ""Bearer eyJhbGciOiJSUzI1NiIsInR5cCIgOiAiSldUIiwia2lkIiA6ICJ5UnVxX2x3MGdHbXppekN6M183cmNYZXVWS24zaHpvQ21pVV9lT1B0Wm9vIn0.eyJleHAiOjE3Nzc1MjQ4MTQsImlhdCI6MTc3NzUyMTIxNCwianRpIjoiYjgwOGU2YzQtZGUxYy00N2ZlLWI1MmMtYzkyZWU5MWRiNjBiIiwiaXNzIjoiaHR0cDovL2lkZW50aXR5L3JlYWxtcy9ZYXMiLCJzdWIiOiI2YTRjY2Y1OC0xNGE3LTRjNjgtOGYzNS05MTA3Zjk4NzU1YjIiLCJ0eXAiOiJCZWFyZXIiLCJhenAiOiJiYWNrb2ZmaWNlLWJmZiIsInNpZCI6IjAwMWEyNTIwLTQ2NTMtNDJjYi05MjhkLTE1ODIwZjMxODZkNCIsInJlYWxtX2FjY2VzcyI6eyJyb2xlcyI6WyJkZWZhdWx0LXJvbGVzLXlhcyIsIm9mZmxpbmVfYWNjZXNzIiwiQ1VTVE9NRVIiLCJ1bWFfYXV0aG9yaXphdGlvbiIsIkFETUlOIl19LCJzY29wZSI6ImVtYWlsIHByb2ZpbGUiLCJlbWFpbF92ZXJpZmllZCI6ZmFsc2UsIm5hbWUiOiJKb2huIERvZSIsInByZWZlcnJlZF91c2VybmFtZSI6ImFkbWluIiwiZ2l2ZW5fbmFtZSI6IkpvaG4iLCJmYW1pbHlfbmFtZSI6IkRvZSIsImVtYWlsIjoiYWRtaW5AZ21haWwuY29tIn0.F7xTzm5-4uN8xEj05uvB3Pg8LDYlRcXPwF0HX7-eDs_hLeK8yQvSWhmaGC5mZPTUbxHvDgiNJa7yIldzfpX2zwA9-fvpoIE4_7G-orrqqZdE8CgJJBgU3PYJwkLbjPSiH3ikraBrvVd33iz0CqXqa9DagCzr-BbQLy9PxjkuM-6UCZ-PrQs0N0w6Sk3wh_nyoSRKH6iJyWC7k5iNjQxatDd1GYjcssbW7111OKRcAqHtjhvNSRr8f2N4qxI93jk0AJHjiUFa-vM4lMicTafUHoVOA2Ls2_kE-aFGasBo5KJ9E_9PfX99mwJ4Gmytq4mZVRA4V35qEqpeMUgIVv0bfw"")",others,/home/azureuser/yas/evomaster-config/generated-tests/blackbox/location/admin/EvoMaster_location_admin_others.java,21,6,True,0,,0,0,,100.0,0,0,0,0,0,0,False,,/home/azureuser/yas/evomaster-config/runtime-logs/classes/location/admin/EvoMaster_location_admin_others,/home/azureuser/yas/evomaster-config/runtime-logs/classes/location/admin/EvoMaster_location_admin_others/compile.log,/home/azureuser/yas/evomaster-config/runtime-logs/classes/location/admin/EvoMaster_location_admin_others/compile_stdout.log,/home/azureuser/yas/evomaster-config/runtime-logs/classes/location/admin/EvoMaster_location_admin_others/compile_stderr.log,True,True,0,,0,False,14.11,11.18,154.79,Test passed (detected via Surefire XML),/home/azureuser/yas/evomaster-config/runtime-logs/methods/location/admin/EvoMaster_location_admin_others/test_5_putOnState_or_provincReturns404,/home/azureuser/yas/evomaster-config/runtime-logs/methods/location/admin/EvoMaster_location_admin_others/test_5_putOnState_or_provincReturns404/run.log,/home/azureuser/yas/evomaster-config/runtime-logs/methods/location/admin/EvoMaster_location_admin_others/test_5_putOnState_or_provincReturns404/run_stdout.log,/home/azureuser/yas/evomaster-config/runtime-logs/methods/location/admin/EvoMaster_location_admin_others/test_5_putOnState_or_provincReturns404/run_stderr.log
location,admin_multi_v510,EvoMaster_location_admin_faults_Test.java,EvoMaster_location_admin_faults_Test,test_25_putOnState_or_provincReturnsMismatchResponseWithSchema,False,1,403,/location/backoffice/state-or-provinces/{id},PUT,403,.statusCode(403) .assertThat(),2,".put(baseUrlOfSut + ""/location/backoffice/state-or-provinces/836"")",".body("" { "" + 
                    "" \""code\"" : \""Rv_VTdakmQRP\"", "" + 
                    "" \""type\"" : \""JvyIWuqUT77qPB\"" "" + 
                    "" } "")",".header(""Authorization"", ""Bearer eyJhbGciOiJSUzI1NiIsInR5cCIgOiAiSldUIiwia2lkIiA6ICJRV3VUQ0MyR3BpbU94RjhuT2hRX0hLMnBWRUxZd0x2Z3BYNnVxWjgyVkRRIn0.eyJleHAiOjE3NzQyOTQ4NzMsImlhdCI6MTc3NDI5NDU3MywianRpIjoiMzFhYTVhZDktMzg3ZC00NDA3LWE3NzMtNGE5NDQxYjBkMTc3IiwiaXNzIjoiaHR0cDovL2lkZW50aXR5L3JlYWxtcy9ZYXMiLCJzdWIiOiIwNjAyM2Y3Ni1hOWNiLTRjYmQtOGM1Ny1hNDI1ZDBlMTRiZWIiLCJ0eXAiOiJCZWFyZXIiLCJhenAiOiJiYWNrb2ZmaWNlLWJmZiIsInNpZCI6Ijk0NWExYzljLTU0NDktNGU0Zi1hMWU5LWE1MjQwZWE5YjU4MiIsInJlYWxtX2FjY2VzcyI6eyJyb2xlcyI6WyJkZWZhdWx0LXJvbGVzLXlhcyIsIm9mZmxpbmVfYWNjZXNzIiwiQ1VTVE9NRVIiLCJ1bWFfYXV0aG9yaXphdGlvbiJdfSwic2NvcGUiOiJlbWFpbCBwcm9maWxlIiwiZW1haWxfdmVyaWZpZWQiOmZhbHNlLCJwcmVmZXJyZWRfdXNlcm5hbWUiOiJ1c2VyIn0.EP6MY9WaC_ysHQB4rwBNsvOppU96dfFf7WUkzIsCgx5URgXOk4NT61dKBrh5BkwTOPjQ3LpZTSfQ4GzADQLK6N92QKehtEJELBDIvoU-WESl3jFgBsQ2ZLiNOiWScTR9NeyvIHapowskpCvCHFCebgHo39VXL_k7xWVq3zupjCeceIJvWwBXRx5XPgZp0s2VATv4WsPVcldLUDzBVQAaPul1ucpy9IyBM84AbHvnMDFyQliLlbJhUNY9CiDh_9OXopFuS3Dwn0Cp8ehzgo12yDI2kMzu4Qcg6_CSTPUWshcfl67JY5FpIeEhd4J04uHykiqSsjKLdou7E386Mgq2eQ"")",faults,/home/azureuser/yas/evomaster-config/generated-tests/blackbox/location/admin_multi_v510/EvoMaster_location_admin_faults_Test.java,23,6,True,0,,0,0,,100.0,0,0,0,0,0,0,False,,/home/azureuser/yas/evomaster-config/runtime-logs/classes/location/admin_multi_v510/EvoMaster_location_admin_faults_Test,/home/azureuser/yas/evomaster-config/runtime-logs/classes/location/admin_multi_v510/EvoMaster_location_admin_faults_Test/compile.log,/home/azureuser/yas/evomaster-config/runtime-logs/classes/location/admin_multi_v510/EvoMaster_location_admin_faults_Test/compile_stdout.log,/home/azureuser/yas/evomaster-config/runtime-logs/classes/location/admin_multi_v510/EvoMaster_location_admin_faults_Test/compile_stderr.log,False,True,1,java.lang.AssertionError;test_failure,1,False,12.55,11.05,159.22,"Tests run: 1, Failures: 1, Errors: 0, Skipped: 0",/home/azureuser/yas/evomaster-config/runtime-logs/methods/location/admin_multi_v510/EvoMaster_location_admin_faults_Test/test_25_putOnState_or_provincReturnsMismatchResponseWithSchema,/home/azureuser/yas/evomaster-config/runtime-logs/methods/location/admin_multi_v510/EvoMaster_location_admin_faults_Test/test_25_putOnState_or_provincReturnsMismatchResponseWithSchema/run.log,/home/azureuser/yas/evomaster-config/runtime-logs/methods/location/admin_multi_v510/EvoMaster_location_admin_faults_Test/test_25_putOnState_or_provincReturnsMismatchResponseWithSchema/run_stdout.log,/home/azureuser/yas/evomaster-config/runtime-logs/methods/location/admin_multi_v510/EvoMaster_location_admin_faults_Test/test_25_putOnState_or_provincReturnsMismatchResponseWithSchema/run_stderr.log
location,admin_multi_v510,EvoMaster_location_admin_others_Test.java,EvoMaster_location_admin_others_Test,test_5_putOnState_or_provincReturns404,False,1,404,/location/backoffice/state-or-provinces/{id},PUT,404,.statusCode(404) .assertThat(),6,".put(baseUrlOfSut + ""/location/backoffice/state-or-provinces/81"")",".body("" { "" + 
                    "" \""code\"" : \""JgBVLhsx\"", "" + 
                    "" \""countryId\"" : 555 "" + 
                    "" } "")",".header(""Authorization"", ""Bearer eyJhbGciOiJSUzI1NiIsInR5cCIgOiAiSldUIiwia2lkIiA6ICJRV3VUQ0MyR3BpbU94RjhuT2hRX0hLMnBWRUxZd0x2Z3BYNnVxWjgyVkRRIn0.eyJleHAiOjE3NzQyOTQ4NzIsImlhdCI6MTc3NDI5NDU3MiwianRpIjoiYjNmYzgyOGEtYzRlNy00NjZlLTgwNGItMDM2MTQyNjAwZjUyIiwiaXNzIjoiaHR0cDovL2lkZW50aXR5L3JlYWxtcy9ZYXMiLCJzdWIiOiI2YTRjY2Y1OC0xNGE3LTRjNjgtOGYzNS05MTA3Zjk4NzU1YjIiLCJ0eXAiOiJCZWFyZXIiLCJhenAiOiJiYWNrb2ZmaWNlLWJmZiIsInNpZCI6IjdmNmJmNjUxLTA3MTAtNDNmNy1iYjhmLTA3M2UyYzI0ZmQ4MyIsInJlYWxtX2FjY2VzcyI6eyJyb2xlcyI6WyJkZWZhdWx0LXJvbGVzLXlhcyIsIm9mZmxpbmVfYWNjZXNzIiwiQ1VTVE9NRVIiLCJ1bWFfYXV0aG9yaXphdGlvbiIsIkFETUlOIl19LCJzY29wZSI6ImVtYWlsIHByb2ZpbGUiLCJlbWFpbF92ZXJpZmllZCI6ZmFsc2UsIm5hbWUiOiJKb2huIERvZSIsInByZWZlcnJlZF91c2VybmFtZSI6ImFkbWluIiwiZ2l2ZW5fbmFtZSI6IkpvaG4iLCJmYW1pbHlfbmFtZSI6IkRvZSIsImVtYWlsIjoiYWRtaW5AZ21haWwuY29tIn0.r_McPm062Nc8rS8sWtBHoCNgKHnoM-gMZvmIVhr4ZH5sJH2WF1wqJl3AI8UNwQIp4s4ldpVHeDof5lyQDdpuK8cPRlMOUnCFhCIGFeNVCXfdfX0prrKskFpbCcYyzRmulmMFyVu5PDPLKJyKSfI1ZAZehogpQ8CzrkmHZ8mJZGmH1vJw87tYLTae6zjJ5-NDUVrrPzkOhb9M9O2-JEN6suBkTGn2njPgo2Y49uMz1UKswceKCf4DcHSfTmhfHbjADhluiDVwtU9Nbzysvf01lvguxqAHVk-vPALxaEjuChvZ7FXQUH7SdI65aUon8LtWrZlWaYC1DJ-j6-dX__-apg"")",others,/home/azureuser/yas/evomaster-config/generated-tests/blackbox/location/admin_multi_v510/EvoMaster_location_admin_others_Test.java,23,6,True,0,,0,0,,100.0,0,0,0,0,0,0,False,,/home/azureuser/yas/evomaster-config/runtime-logs/classes/location/admin_multi_v510/EvoMaster_location_admin_others_Test,/home/azureuser/yas/evomaster-config/runtime-logs/classes/location/admin_multi_v510/EvoMaster_location_admin_others_Test/compile.log,/home/azureuser/yas/evomaster-config/runtime-logs/classes/location/admin_multi_v510/EvoMaster_location_admin_others_Test/compile_stdout.log,/home/azureuser/yas/evomaster-config/runtime-logs/classes/location/admin_multi_v510/EvoMaster_location_admin_others_Test/compile_stderr.log,False,True,1,java.lang.AssertionError;test_failure,1,False,13.04,11.86,171.36,"Tests run: 1, Failures: 1, Errors: 0, Skipped: 0",/home/azureuser/yas/evomaster-config/runtime-logs/methods/location/admin_multi_v510/EvoMaster_location_admin_others_Test/test_5_putOnState_or_provincReturns404,/home/azureuser/yas/evomaster-config/runtime-logs/methods/location/admin_multi_v510/EvoMaster_location_admin_others_Test/test_5_putOnState_or_provincReturns404/run.log,/home/azureuser/yas/evomaster-config/runtime-logs/methods/location/admin_multi_v510/EvoMaster_location_admin_others_Test/test_5_putOnState_or_provincReturns404/run_stdout.log,/home/azureuser/yas/evomaster-config/runtime-logs/methods/location/admin_multi_v510/EvoMaster_location_admin_others_Test/test_5_putOnState_or_provincReturns404/run_stderr.log
location,customer,EvoMaster_location_customer_faults.java,EvoMaster_location_customer_faults,test_24_putOnState_or_provincReturnsMismatchResponseWithSchema,False,1,403,/location/backoffice/state-or-provinces/{id},PUT,403,.statusCode(403) .assertThat(),2,".put(baseUrlOfSut + ""/location/backoffice/state-or-provinces/677"")",".body("" { "" + 
                    "" \""name\"": \""dFEmPva3cICQyI\"", "" + 
                    "" \""countryId\"": 448 "" + 
                    "" } "")",".header(""Authorization"", ""Bearer eyJhbGciOiJSUzI1NiIsInR5cCIgOiAiSldUIiwia2lkIiA6ICJ5UnVxX2x3MGdHbXppekN6M183cmNYZXVWS24zaHpvQ21pVV9lT1B0Wm9vIn0.eyJleHAiOjE3Nzc1MjQ4MDUsImlhdCI6MTc3NzUyMTIwNSwianRpIjoiNmYwYjdmN2ItODExNy00MmM3LThlYjctMjcxMDA4ZGNmOTc0IiwiaXNzIjoiaHR0cDovL2lkZW50aXR5L3JlYWxtcy9ZYXMiLCJzdWIiOiIxNDhkMGZjNi1lYmZjLTQ0MjQtYjVmZC1hZjZjZGNlNTQxNDQiLCJ0eXAiOiJCZWFyZXIiLCJhenAiOiJiYWNrb2ZmaWNlLWJmZiIsInNpZCI6ImYxZTg0YTlmLTE5MWEtNGIwZS05ZTZhLWNhNzI5YzJmZjQ3OCIsInJlYWxtX2FjY2VzcyI6eyJyb2xlcyI6WyJkZWZhdWx0LXJvbGVzLXlhcyIsIm9mZmxpbmVfYWNjZXNzIiwiQ1VTVE9NRVIiLCJ1bWFfYXV0aG9yaXphdGlvbiJdfSwic2NvcGUiOiJlbWFpbCBwcm9maWxlIiwiZW1haWxfdmVyaWZpZWQiOmZhbHNlLCJwcmVmZXJyZWRfdXNlcm5hbWUiOiJ1c2VyIn0.pL8trWKPugSVo7bGUVltm9cV5YkqrRYhGMSTtSsvtXgtAycKHfHQqAyUdSxZmuD_WwD3-bfh4AUqORU8RI4JSrvFoenqfD7IisJ0z9WBxaAZOujP4T1Pe9lxIQPe2l3roAowHRyX9MIB50PMVHbhaK1KGB_n3QQX0amAD_aYUB8RZvFtxoNBS4QWhzCljAoCsBnm_FuQWbsKCqWOIxA1hjGzDr9bKRLo8bKnRLHnDbJDEgD8bxym0lI9V3ja0sgUWN1VMp3p9kql4EIXiLldIqrmNjLwaeku5GVJpaGw_8z2UPwgLJ0eQTnIdatryuvw-eXZCbEgzdLqbxOVzQQDuA"")",faults,/home/azureuser/yas/evomaster-config/generated-tests/blackbox/location/customer/EvoMaster_location_customer_faults.java,21,6,True,0,,0,0,,100.0,0,0,0,0,0,0,False,,/home/azureuser/yas/evomaster-config/runtime-logs/classes/location/customer/EvoMaster_location_customer_faults,/home/azureuser/yas/evomaster-config/runtime-logs/classes/location/customer/EvoMaster_location_customer_faults/compile.log,/home/azureuser/yas/evomaster-config/runtime-logs/classes/location/customer/EvoMaster_location_customer_faults/compile_stdout.log,/home/azureuser/yas/evomaster-config/runtime-logs/classes/location/customer/EvoMaster_location_customer_faults/compile_stderr.log,True,True,0,,0,False,12.54,11.26,162.43,Test passed (detected via Surefire XML),/home/azureuser/yas/evomaster-config/runtime-logs/methods/location/customer/EvoMaster_location_customer_faults/test_24_putOnState_or_provincReturnsMismatchResponseWithSchema,/home/azureuser/yas/evomaster-config/runtime-logs/methods/location/customer/EvoMaster_location_customer_faults/test_24_putOnState_or_provincReturnsMismatchResponseWithSchema/run.log,/home/azureuser/yas/evomaster-config/runtime-logs/methods/location/customer/EvoMaster_location_customer_faults/test_24_putOnState_or_provincReturnsMismatchResponseWithSchema/run_stdout.log,/home/azureuser/yas/evomaster-config/runtime-logs/methods/location/customer/EvoMaster_location_customer_faults/test_24_putOnState_or_provincReturnsMismatchResponseWithSchema/run_stderr.log
location,customer,EvoMaster_location_customer_faults.java,EvoMaster_location_customer_faults,test_27_putOnState_or_provincReturnsMismatchResponseWithSchema,False,1,403,/location/backoffice/state-or-provinces/{id},PUT,403,.statusCode(403) .assertThat(),5,".put(baseUrlOfSut + ""/location/backoffice/state-or-provinces/728"")",".body("" { "" + 
                    "" \""code\"": \""ItDZ\"" "" + 
                    "" } "")",,faults,/home/azureuser/yas/evomaster-config/generated-tests/blackbox/location/customer/EvoMaster_location_customer_faults.java,21,6,True,0,,0,0,,100.0,0,0,0,0,0,0,False,,/home/azureuser/yas/evomaster-config/runtime-logs/classes/location/customer/EvoMaster_location_customer_faults,/home/azureuser/yas/evomaster-config/runtime-logs/classes/location/customer/EvoMaster_location_customer_faults/compile.log,/home/azureuser/yas/evomaster-config/runtime-logs/classes/location/customer/EvoMaster_location_customer_faults/compile_stdout.log,/home/azureuser/yas/evomaster-config/runtime-logs/classes/location/customer/EvoMaster_location_customer_faults/compile_stderr.log,True,True,0,,0,False,14.04,11.25,151.95,Test passed (detected via Surefire XML),/home/azureuser/yas/evomaster-config/runtime-logs/methods/location/customer/EvoMaster_location_customer_faults/test_27_putOnState_or_provincReturnsMismatchResponseWithSchema,/home/azureuser/yas/evomaster-config/runtime-logs/methods/location/customer/EvoMaster_location_customer_faults/test_27_putOnState_or_provincReturnsMismatchResponseWithSchema/run.log,/home/azureuser/yas/evomaster-config/runtime-logs/methods/location/customer/EvoMaster_location_customer_faults/test_27_putOnState_or_provincReturnsMismatchResponseWithSchema/run_stdout.log,/home/azureuser/yas/evomaster-config/runtime-logs/methods/location/customer/EvoMaster_location_customer_faults/test_27_putOnState_or_provincReturnsMismatchResponseWithSchema/run_stderr.log
location,none,EvoMaster_location_none_faults.java,EvoMaster_location_none_faults,test_13_putOnState_or_provincReturnsMismatchResponseWithSchema,False,1,403,/location/backoffice/state-or-provinces/{id},PUT,403,.statusCode(403) .assertThat(),5,".put(baseUrlOfSut + ""/location/backoffice/state-or-provinces/754"")",".body("" { "" + 
                    "" \""code\"": \""sGybTyclh7CCg\"", "" + 
                    "" \""type\"": \""5y7Gz4V5a\"", "" + 
                    "" \""countryId\"": 638 "" + 
                    "" } "")",,faults,/home/azureuser/yas/evomaster-config/generated-tests/blackbox/location/none/EvoMaster_location_none_faults.java,21,6,True,0,,0,0,,100.0,0,0,0,0,0,0,False,,/home/azureuser/yas/evomaster-config/runtime-logs/classes/location/none/EvoMaster_location_none_faults,/home/azureuser/yas/evomaster-config/runtime-logs/classes/location/none/EvoMaster_location_none_faults/compile.log,/home/azureuser/yas/evomaster-config/runtime-logs/classes/location/none/EvoMaster_location_none_faults/compile_stdout.log,/home/azureuser/yas/evomaster-config/runtime-logs/classes/location/none/EvoMaster_location_none_faults/compile_stderr.log,True,True,0,,0,False,14.55,11.6,153.59,Test passed (detected via Surefire XML),/home/azureuser/yas/evomaster-config/runtime-logs/methods/location/none/EvoMaster_location_none_faults/test_13_putOnState_or_provincReturnsMismatchResponseWithSchema,/home/azureuser/yas/evomaster-config/runtime-logs/methods/location/none/EvoMaster_location_none_faults/test_13_putOnState_or_provincReturnsMismatchResponseWithSchema/run.log,/home/azureuser/yas/evomaster-config/runtime-logs/methods/location/none/EvoMaster_location_none_faults/test_13_putOnState_or_provincReturnsMismatchResponseWithSchema/run_stdout.log,/home/azureuser/yas/evomaster-config/runtime-logs/methods/location/none/EvoMaster_location_none_faults/test_13_putOnState_or_provincReturnsMismatchResponseWithSchema/run_stderr.log
product,admin,EvoMaster_product_admin_faults.java,EvoMaster_product_admin_faults,test_1_postOnProductsCauses500_internalServerError,False,1,500,/product/backoffice/products,POST,500,.statusCode(500) .assertThat(),6,".post(baseUrlOfSut + ""/product/backoffice/products"")",".body("" { "" + 
                    "" \""name\"": \""7FO0knyvnx5Dn\"", "" + 
                    "" \""slug\"": \""X7yItk\"", "" + 
                    "" \""brandId\"": 922, "" + 
                    "" \""categoryIds\"": [ "" + 
                    "" 712, "" + 
                    "" 654, "" + 
                    "" 42 "" + 
                    "" ], "" + 
                    "" \""shortDescription\"": \""\"", "" + 
                    "" \""description\"": \""yIE1\"", "" + 
                    "" \""gtin\"": \""0\"", "" + 
                    "" \""weight\"": 0.5012350003980334, "" + 
                    "" \""dimensionUnit\"": \""EVOMASTER\"", "" + 
                    "" \""height\"": 0.019511075958308144, "" + 
                    "" \""isFeatured\"": false, "" + 
                    "" \""isVisibleIndividually\"": true, "" + 
                    "" \""metaTitle\"": \""cP6hH3Cc\"", "" + 
                    "" \""metaKeyword\"": \""hzfBVzOX8u\"", "" + 
                    "" \""metaDescription\"": \""lcMlBr2qNAmG\"", "" + 
                    "" \""productImageIds\"": [ "" + 
                    "" 414, "" + 
                    "" 189, "" + 
                    "" 593447843640475850 "" + 
                    "" ], "" + 
                    "" \""productOptionValues\"": [ "" + 
                    "" { "" + 
                    "" \""productOptionId\"": 30, "" + 
                    "" \""displayOrder\"": 116 "" + 
                    "" }, "" + 
                    "" { "" + 
                    "" \""displayOrder\"": 467, "" + 
                    "" \""value\"": [ "" + 
                    "" \""sCAEGNw00Eytz\"", "" + 
                    "" \""5tQRJr2kd7yM3\"", "" + 
                    "" \""wpx1bBlugHhHm\"" "" + 
                    "" ] "" + 
                    "" }, "" + 
                    "" { "" + 
                    "" \""productOptionId\"": 986266459, "" + 
                    "" \""displayOrder\"": 964 "" + 
                    "" } "" + 
                    "" ], "" + 
                    "" \""productOptionValueDisplays\"": [ "" + 
                    "" { "" + 
                    "" \""displayType\"": \""9d6QM\"", "" + 
                    "" \""value\"": \""jdoxKQoonpmu2Ce\"" "" + 
                    "" }, "" + 
                    "" { "" + 
                    "" \""productOptionId\"": 690, "" + 
                    "" \""displayOrder\"": 847, "" + 
                    "" \""value\"": \""MQmdRtOCStxU8aB\"" "" + 
                    "" }, "" + 
                    "" { "" + 
                    "" \""productOptionId\"": 379 "" + 
                    "" }, "" + 
                    "" { "" + 
                    "" \""productOptionId\"": 631, "" + 
                    "" \""displayType\"": \""4zIb88Q8mlNy\"", "" + 
                    "" \""value\"": \""T4CY48vV\"" "" + 
                    "" }, "" + 
                    "" { "" + 
                    "" \""productOptionId\"": 165, "" + 
                    "" \""displayOrder\"": 638, "" + 
                    "" \""value\"": \""d8yOhD\"" "" + 
                    "" } "" + 
                    "" ] "" + 
                    "" } "")",".header(""Authorization"", ""Bearer eyJhbGciOiJSUzI1NiIsInR5cCIgOiAiSldUIiwia2lkIiA6ICJ5UnVxX2x3MGdHbXppekN6M183cmNYZXVWS24zaHpvQ21pVV9lT1B0Wm9vIn0.eyJleHAiOjE3Nzc1MjQ4MTQsImlhdCI6MTc3NzUyMTIxNCwianRpIjoiYjgwOGU2YzQtZGUxYy00N2ZlLWI1MmMtYzkyZWU5MWRiNjBiIiwiaXNzIjoiaHR0cDovL2lkZW50aXR5L3JlYWxtcy9ZYXMiLCJzdWIiOiI2YTRjY2Y1OC0xNGE3LTRjNjgtOGYzNS05MTA3Zjk4NzU1YjIiLCJ0eXAiOiJCZWFyZXIiLCJhenAiOiJiYWNrb2ZmaWNlLWJmZiIsInNpZCI6IjAwMWEyNTIwLTQ2NTMtNDJjYi05MjhkLTE1ODIwZjMxODZkNCIsInJlYWxtX2FjY2VzcyI6eyJyb2xlcyI6WyJkZWZhdWx0LXJvbGVzLXlhcyIsIm9mZmxpbmVfYWNjZXNzIiwiQ1VTVE9NRVIiLCJ1bWFfYXV0aG9yaXphdGlvbiIsIkFETUlOIl19LCJzY29wZSI6ImVtYWlsIHByb2ZpbGUiLCJlbWFpbF92ZXJpZmllZCI6ZmFsc2UsIm5hbWUiOiJKb2huIERvZSIsInByZWZlcnJlZF91c2VybmFtZSI6ImFkbWluIiwiZ2l2ZW5fbmFtZSI6IkpvaG4iLCJmYW1pbHlfbmFtZSI6IkRvZSIsImVtYWlsIjoiYWRtaW5AZ21haWwuY29tIn0.F7xTzm5-4uN8xEj05uvB3Pg8LDYlRcXPwF0HX7-eDs_hLeK8yQvSWhmaGC5mZPTUbxHvDgiNJa7yIldzfpX2zwA9-fvpoIE4_7G-orrqqZdE8CgJJBgU3PYJwkLbjPSiH3ikraBrvVd33iz0CqXqa9DagCzr-BbQLy9PxjkuM-6UCZ-PrQs0N0w6Sk3wh_nyoSRKH6iJyWC7k5iNjQxatDd1GYjcssbW7111OKRcAqHtjhvNSRr8f2N4qxI93jk0AJHjiUFa-vM4lMicTafUHoVOA2Ls2_kE-aFGasBo5KJ9E_9PfX99mwJ4Gmytq4mZVRA4V35qEqpeMUgIVv0bfw"")",faults,/home/azureuser/yas/evomaster-config/generated-tests/blackbox/product/admin/EvoMaster_product_admin_faults.java,21,6,True,0,,0,0,,100.0,0,0,0,0,0,0,False,,/home/azureuser/yas/evomaster-config/runtime-logs/classes/product/admin/EvoMaster_product_admin_faults,/home/azureuser/yas/evomaster-config/runtime-logs/classes/product/admin/EvoMaster_product_admin_faults/compile.log,/home/azureuser/yas/evomaster-config/runtime-logs/classes/product/admin/EvoMaster_product_admin_faults/compile_stdout.log,/home/azureuser/yas/evomaster-config/runtime-logs/classes/product/admin/EvoMaster_product_admin_faults/compile_stderr.log,True,True,0,,0,False,14.55,11.54,156.04,Test passed (detected via Surefire XML),/home/azureuser/yas/evomaster-config/runtime-logs/methods/product/admin/EvoMaster_product_admin_faults/test_1_postOnProductsCauses500_internalServerError,/home/azureuser/yas/evomaster-config/runtime-logs/methods/product/admin/EvoMaster_product_admin_faults/test_1_postOnProductsCauses500_internalServerError/run.log,/home/azureuser/yas/evomaster-config/runtime-logs/methods/product/admin/EvoMaster_product_admin_faults/test_1_postOnProductsCauses500_internalServerError/run_stdout.log,/home/azureuser/yas/evomaster-config/runtime-logs/methods/product/admin/EvoMaster_product_admin_faults/test_1_postOnProductsCauses500_internalServerError/run_stderr.log
product,admin_multi_v510,EvoMaster_product_admin_faults_Test.java,EvoMaster_product_admin_faults_Test,test_15_postOnProductsReturnsMismatchResponseWithSchema,False,1,403,/product/backoffice/products,POST,403,.statusCode(403) .assertThat(),2,".post(baseUrlOfSut + ""/product/backoffice/products"")",".body("" { "" + 
                    "" \""name\"" : \""3Gx_Y3eOPgnzW\"", "" + 
                    "" \""slug\"" : \""QFcW7oPpjM95\"", "" + 
                    "" \""brandId\"" : 4631586707582647968, "" + 
                    "" \""categoryIds\"" : [ 454 ], "" + 
                    "" \""shortDescription\"" : \""\"", "" + 
                    "" \""specification\"" : \""L\"", "" + 
                    "" \""sku\"" : \""KkmQXKEUVXIZ6G\"", "" + 
                    "" \""length\"" : -2.2758846751168558E8, "" + 
                    "" \""price\"" : 1.531927173601683E8, "" + 
                    "" \""isFeatured\"" : true, "" + 
                    "" \""isVisibleIndividually\"" : false, "" + 
                    "" \""stockTrackingEnabled\"" : true, "" + 
                    "" \""metaKeyword\"" : \""Co\"", "" + 
                    "" \""variations\"" : [ { "" + 
                    "" \""name\"" : \""Q7R5rf7G072sLNA\"", "" + 
                    "" \""sku\"" : \""KUgJEptXU75D8yl\"", "" + 
                    "" \""productImageIds\"" : [ 695 ] "" + 
                    "" } ], "" + 
                    "" \""relatedProductIds\"" : [ 958, 584, 700, 127, -4781295026297242887 ] "" + 
                    "" } "")",".header(""Authorization"", ""Bearer eyJhbGciOiJSUzI1NiIsInR5cCIgOiAiSldUIiwia2lkIiA6ICJRV3VUQ0MyR3BpbU94RjhuT2hRX0hLMnBWRUxZd0x2Z3BYNnVxWjgyVkRRIn0.eyJleHAiOjE3NzQyOTQ2NjQsImlhdCI6MTc3NDI5NDM2NCwianRpIjoiMjViZjRhOWQtYmRiYy00OTdhLTkyYjItMjk0ZTBjYWVhNTAwIiwiaXNzIjoiaHR0cDovL2lkZW50aXR5L3JlYWxtcy9ZYXMiLCJzdWIiOiIwNjAyM2Y3Ni1hOWNiLTRjYmQtOGM1Ny1hNDI1ZDBlMTRiZWIiLCJ0eXAiOiJCZWFyZXIiLCJhenAiOiJiYWNrb2ZmaWNlLWJmZiIsInNpZCI6Ijc3YmZiMzRmLTcyZTgtNGUwMS05OTQwLTViMjJmNTgyMzk5MSIsInJlYWxtX2FjY2VzcyI6eyJyb2xlcyI6WyJkZWZhdWx0LXJvbGVzLXlhcyIsIm9mZmxpbmVfYWNjZXNzIiwiQ1VTVE9NRVIiLCJ1bWFfYXV0aG9yaXphdGlvbiJdfSwic2NvcGUiOiJlbWFpbCBwcm9maWxlIiwiZW1haWxfdmVyaWZpZWQiOmZhbHNlLCJwcmVmZXJyZWRfdXNlcm5hbWUiOiJ1c2VyIn0.GFbNaQuRr8IRRF3xgsYg-h8IwNatHBdAAcl4vFh72Y1oSbr2XbzGR_uqloLsbsMmYah_GdogFh9c9MIlinSq7g5CrBkCQqXfAmedjSn3sw9vBF0fz-9vpqkEksVW2yWkT5NLgrReEo6dl48pUpxk8gG55GHm1A1XcfTUlrUUWPBs4xsHQrzY1i7fFxJNMuaaR-Kv_Spb6-1_dv8Guw5Kfn1356OCtL2VFKU4yc8HJF9-yjEWpJihx2_1Gz_mexdYUwsUiRU-I9M7_nRb0GOviJU0CZeYNR5Xezc22ulDxCgroDLZlgWib4CPx9SJgca5VlmZMU7_-SCivax1iWj99A"")",faults,/home/azureuser/yas/evomaster-config/generated-tests/blackbox/product/admin_multi_v510/EvoMaster_product_admin_faults_Test.java,23,6,True,0,,0,0,,100.0,0,0,0,0,0,0,False,,/home/azureuser/yas/evomaster-config/runtime-logs/classes/product/admin_multi_v510/EvoMaster_product_admin_faults_Test,/home/azureuser/yas/evomaster-config/runtime-logs/classes/product/admin_multi_v510/EvoMaster_product_admin_faults_Test/compile.log,/home/azureuser/yas/evomaster-config/runtime-logs/classes/product/admin_multi_v510/EvoMaster_product_admin_faults_Test/compile_stdout.log,/home/azureuser/yas/evomaster-config/runtime-logs/classes/product/admin_multi_v510/EvoMaster_product_admin_faults_Test/compile_stderr.log,False,True,1,java.lang.AssertionError;test_failure,1,False,13.54,11.71,153.87,"Tests run: 1, Failures: 1, Errors: 0, Skipped: 0",/home/azureuser/yas/evomaster-config/runtime-logs/methods/product/admin_multi_v510/EvoMaster_product_admin_faults_Test/test_15_postOnProductsReturnsMismatchResponseWithSchema,/home/azureuser/yas/evomaster-config/runtime-logs/methods/product/admin_multi_v510/EvoMaster_product_admin_faults_Test/test_15_postOnProductsReturnsMismatchResponseWithSchema/run.log,/home/azureuser/yas/evomaster-config/runtime-logs/methods/product/admin_multi_v510/EvoMaster_product_admin_faults_Test/test_15_postOnProductsReturnsMismatchResponseWithSchema/run_stdout.log,/home/azureuser/yas/evomaster-config/runtime-logs/methods/product/admin_multi_v510/EvoMaster_product_admin_faults_Test/test_15_postOnProductsReturnsMismatchResponseWithSchema/run_stderr.log
product,customer,EvoMaster_product_customer_others.java,EvoMaster_product_customer_others,test_15_postOnProductsReturns403,False,1,403,/product/backoffice/products,POST,403,.statusCode(403) .assertThat(),2,".post(baseUrlOfSut + ""/product/backoffice/products"")",".body("" { "" + 
                    "" \""name\"": \""2MAdtMtyEDQVK\"", "" + 
                    "" \""slug\"": \""j3d4VdED3tyygv9\"", "" + 
                    "" \""brandId\"": 668, "" + 
                    "" \""categoryIds\"": [ "" + 
                    "" 438, "" + 
                    "" -1316821279215979240, "" + 
                    "" 350, "" + 
                    "" 403, "" + 
                    "" 830 "" + 
                    "" ], "" + 
                    "" \""shortDescription\"": \""RcSjnS\"", "" + 
                    "" \""description\"": \""A35uS5NO8v\"", "" + 
                    "" \""weight\"": 0.33662978134527066, "" + 
                    "" \""width\"": 0.9901885487323968, "" + 
                    "" \""height\"": 0.5075145353890541, "" + 
                    "" \""isAllowedToOrder\"": true, "" + 
                    "" \""isPublished\"": true, "" + 
                    "" \""isFeatured\"": false, "" + 
                    "" \""isVisibleIndividually\"": false, "" + 
                    "" \""metaKeyword\"": \""cb6H\"", "" + 
                    "" \""metaDescription\"": \""pKZeQuUhwxW\"", "" + 
                    "" \""variations\"": [ "" + 
                    "" { "" + 
                    "" \""slug\"": \""X6NsJAhF\"", "" + 
                    "" \""price\"": 0.8206971903813842 "" + 
                    "" }, "" + 
                    "" { "" + 
                    "" \""name\"": \""oszXIhceSh0\"", "" + 
                    "" \""sku\"": \""mN1l\"", "" + 
                    "" \""gtin\"": \""JCjbbUrDQdLeWmI\"", "" + 
                    "" \""price\"": 0.9698753632815589, "" + 
                    "" \""productImageIds\"": [ "" + 
                    "" 877, "" + 
                    "" 1994640440 "" + 
                    "" ] "" + 
                    "" }, "" + 
                    "" { "" + 
                    "" \""slug\"": \""miCXlDS_PmmGw\"", "" + 
                    "" \""sku\"": \""U00mnIFLI7\"", "" + 
                    "" \""thumbnailMediaId\"": 898, "" + 
                    "" \""productImageIds\"": [ "" + 
                    "" 123, "" + 
                    "" 181 "" + 
                    "" ], "" + 
                    "" \""optionValuesByOptionId\"": { "" + 
                    "" \""H2Zw_pUE\"": \""elSUsA1r7cfh\"", "" + 
                    "" \""LQ59PY5TnSE4\"": \""ECH6Cz_\"", "" + 
                    "" \""WbY\"": \""XPIJjw3a1McSA_\"", "" + 
                    "" \""8jv\"": \""OQ_jt9Vp\"" "" + 
                    "" } "" + 
                    "" }, "" + 
                    "" { "" + 
                    "" \""name\"": \""nEY\"", "" + 
                    "" \""slug\"": \""YMTaz\"", "" + 
                    "" \""gtin\"": \""VLzd\"", "" + 
                    "" \""price\"": 0.18584847106616564, "" + 
                    "" \""optionValuesByOptionId\"": { "" + 
                    "" \""tY3pSg\"": \""kvgmp\"", "" + 
                    "" \""1fW\"": \""i68CencUij\"" "" + 
                    "" } "" + 
                    "" } "" + 
                    "" ], "" + 
                    "" \""productOptionValues\"": [ "" + 
                    "" { "" + 
                    "" \""productOptionId\"": 561, "" + 
                    "" \""displayType\"": \""Ng\"", "" + 
                    "" \""displayOrder\"": -684427072, "" + 
                    "" \""value\"": [] "" + 
                    "" }, "" + 
                    "" { "" + 
                    "" \""displayOrder\"": 446 "" + 
                    "" }, "" + 
                    "" { "" + 
                    "" \""productOptionId\"": 39, "" + 
                    "" \""displayType\"": \""qrEpFS6a2wgVlk9\"", "" + 
                    "" \""displayOrder\"": 240 "" + 
                    "" }, "" + 
                    "" { "" + 
                    "" \""displayOrder\"": 386 "" + 
                    "" }, "" + 
                    "" { "" + 
                    "" \""productOptionId\"": 406, "" + 
                    "" \""displayOrder\"": 757 "" + 
                    "" } "" + 
                    "" ], "" + 
                    "" \""productOptionValueDisplays\"": [ "" + 
                    "" { "" + 
                    "" \""displayType\"": \""aptOcA\"", "" + 
                    "" \""displayOrder\"": 745, "" + 
                    "" \""value\"": \""1\"" "" + 
                    "" }, "" + 
                    "" { "" + 
                    "" \""displayType\"": \""dzjTr_\"" "" + 
                    "" }, "" + 
                    "" { "" + 
                    "" \""productOptionId\"": 690 "" + 
                    "" }, "" + 
                    "" { "" + 
                    "" \""value\"": \""1CxGsZt\"" "" + 
                    "" } "" + 
                    "" ], "" + 
                    "" \""relatedProductIds\"": [], "" + 
                    "" \""taxClassId\"": 234 "" + 
                    "" } "")",".header(""Authorization"", ""Bearer eyJhbGciOiJSUzI1NiIsInR5cCIgOiAiSldUIiwia2lkIiA6ICJ5UnVxX2x3MGdHbXppekN6M183cmNYZXVWS24zaHpvQ21pVV9lT1B0Wm9vIn0.eyJleHAiOjE3Nzc1MjQ4MDUsImlhdCI6MTc3NzUyMTIwNSwianRpIjoiNmYwYjdmN2ItODExNy00MmM3LThlYjctMjcxMDA4ZGNmOTc0IiwiaXNzIjoiaHR0cDovL2lkZW50aXR5L3JlYWxtcy9ZYXMiLCJzdWIiOiIxNDhkMGZjNi1lYmZjLTQ0MjQtYjVmZC1hZjZjZGNlNTQxNDQiLCJ0eXAiOiJCZWFyZXIiLCJhenAiOiJiYWNrb2ZmaWNlLWJmZiIsInNpZCI6ImYxZTg0YTlmLTE5MWEtNGIwZS05ZTZhLWNhNzI5YzJmZjQ3OCIsInJlYWxtX2FjY2VzcyI6eyJyb2xlcyI6WyJkZWZhdWx0LXJvbGVzLXlhcyIsIm9mZmxpbmVfYWNjZXNzIiwiQ1VTVE9NRVIiLCJ1bWFfYXV0aG9yaXphdGlvbiJdfSwic2NvcGUiOiJlbWFpbCBwcm9maWxlIiwiZW1haWxfdmVyaWZpZWQiOmZhbHNlLCJwcmVmZXJyZWRfdXNlcm5hbWUiOiJ1c2VyIn0.pL8trWKPugSVo7bGUVltm9cV5YkqrRYhGMSTtSsvtXgtAycKHfHQqAyUdSxZmuD_WwD3-bfh4AUqORU8RI4JSrvFoenqfD7IisJ0z9WBxaAZOujP4T1Pe9lxIQPe2l3roAowHRyX9MIB50PMVHbhaK1KGB_n3QQX0amAD_aYUB8RZvFtxoNBS4QWhzCljAoCsBnm_FuQWbsKCqWOIxA1hjGzDr9bKRLo8bKnRLHnDbJDEgD8bxym0lI9V3ja0sgUWN1VMp3p9kql4EIXiLldIqrmNjLwaeku5GVJpaGw_8z2UPwgLJ0eQTnIdatryuvw-eXZCbEgzdLqbxOVzQQDuA"")",others,/home/azureuser/yas/evomaster-config/generated-tests/blackbox/product/customer/EvoMaster_product_customer_others.java,21,6,True,0,,0,0,,100.0,0,0,0,0,0,0,False,,/home/azureuser/yas/evomaster-config/runtime-logs/classes/product/customer/EvoMaster_product_customer_others,/home/azureuser/yas/evomaster-config/runtime-logs/classes/product/customer/EvoMaster_product_customer_others/compile.log,/home/azureuser/yas/evomaster-config/runtime-logs/classes/product/customer/EvoMaster_product_customer_others/compile_stdout.log,/home/azureuser/yas/evomaster-config/runtime-logs/classes/product/customer/EvoMaster_product_customer_others/compile_stderr.log,True,True,0,,0,False,13.04,11.29,153.36,Test passed (detected via Surefire XML),/home/azureuser/yas/evomaster-config/runtime-logs/methods/product/customer/EvoMaster_product_customer_others/test_15_postOnProductsReturns403,/home/azureuser/yas/evomaster-config/runtime-logs/methods/product/customer/EvoMaster_product_customer_others/test_15_postOnProductsReturns403/run.log,/home/azureuser/yas/evomaster-config/runtime-logs/methods/product/customer/EvoMaster_product_customer_others/test_15_postOnProductsReturns403/run_stdout.log,/home/azureuser/yas/evomaster-config/runtime-logs/methods/product/customer/EvoMaster_product_customer_others/test_15_postOnProductsReturns403/run_stderr.log
product,none,EvoMaster_product_none_others.java,EvoMaster_product_none_others,test_16_postOnProductsReturns403,False,1,403,/product/backoffice/products,POST,403,.statusCode(403) .assertThat(),5,".post(baseUrlOfSut + ""/product/backoffice/products"")",".body("" { "" + 
                    "" \""name\"": \""_cb0tBYg\"", "" + 
                    "" \""slug\"": \""XSZNEXfC\"", "" + 
                    "" \""brandId\"": 640, "" + 
                    "" \""categoryIds\"": [ "" + 
                    "" 510, "" + 
                    "" 949, "" + 
                    "" 540 "" + 
                    "" ], "" + 
                    "" \""shortDescription\"": \""vvW3z6B22m6\"", "" + 
                    "" \""description\"": \""EiA7OVMWvK1\"", "" + 
                    "" \""specification\"": \""Mduz\"", "" + 
                    "" \""sku\"": \""lkk0Htev1YZBa\"", "" + 
                    "" \""weight\"": 0.6269020006123904, "" + 
                    "" \""price\"": 0.3802898121752203, "" + 
                    "" \""isVisibleIndividually\"": false, "" + 
                    "" \""metaTitle\"": \""ZKJGL\"", "" + 
                    "" \""thumbnailMediaId\"": -254137794, "" + 
                    "" \""productImageIds\"": [ "" + 
                    "" 781, "" + 
                    "" 959, "" + 
                    "" 698, "" + 
                    "" -6681951876438424079 "" + 
                    "" ], "" + 
                    "" \""productOptionValues\"": [ "" + 
                    "" { "" + 
                    "" \""value\"": [ "" + 
                    "" \""HbDb2lLmJbIqCfT4\"", "" + 
                    "" \""lE\"", "" + 
                    "" \""qr1ga_qeS\"" "" + 
                    "" ] "" + 
                    "" }, "" + 
                    "" { "" + 
                    "" \""displayType\"": \""w_wi\"", "" + 
                    "" \""value\"": [ "" + 
                    "" \""xTKAQ0V30L\"", "" + 
                    "" \""ZfODS\"", "" + 
                    "" \""CaqyCcRhrjg\"" "" + 
                    "" ] "" + 
                    "" }, "" + 
                    "" { "" + 
                    "" \""value\"": [ "" + 
                    "" \""9QphK06TGtSvJF\"" "" + 
                    "" ] "" + 
                    "" } "" + 
                    "" ], "" + 
                    "" \""taxClassId\"": 196 "" + 
                    "" } "")",,others,/home/azureuser/yas/evomaster-config/generated-tests/blackbox/product/none/EvoMaster_product_none_others.java,21,6,True,0,,0,0,,100.0,0,0,0,0,0,0,False,,/home/azureuser/yas/evomaster-config/runtime-logs/classes/product/none/EvoMaster_product_none_others,/home/azureuser/yas/evomaster-config/runtime-logs/classes/product/none/EvoMaster_product_none_others/compile.log,/home/azureuser/yas/evomaster-config/runtime-logs/classes/product/none/EvoMaster_product_none_others/compile_stdout.log,/home/azureuser/yas/evomaster-config/runtime-logs/classes/product/none/EvoMaster_product_none_others/compile_stderr.log,True,True,0,,0,False,14.55,11.25,159.54,Test passed (detected via Surefire XML),/home/azureuser/yas/evomaster-config/runtime-logs/methods/product/none/EvoMaster_product_none_others/test_16_postOnProductsReturns403,/home/azureuser/yas/evomaster-config/runtime-logs/methods/product/none/EvoMaster_product_none_others/test_16_postOnProductsReturns403/run.log,/home/azureuser/yas/evomaster-config/runtime-logs/methods/product/none/EvoMaster_product_none_others/test_16_postOnProductsReturns403/run_stdout.log,/home/azureuser/yas/evomaster-config/runtime-logs/methods/product/none/EvoMaster_product_none_others/test_16_postOnProductsReturns403/run_stderr.log
rating,admin,EvoMaster_rating_admin_faults.java,EvoMaster_rating_admin_faults,test_3_postOnRatingsShowsFaults_100_101,False,1,500,/rating/storefront/ratings,POST,500,.statusCode(500) .assertThat(),6,".post(baseUrlOfSut + ""/rating/storefront/ratings"")",".body("" { "" + 
                    "" \""content\"": \""eLMRozbYH76_\"" "" + 
                    "" } "")",".header(""Authorization"", ""Bearer eyJhbGciOiJSUzI1NiIsInR5cCIgOiAiSldUIiwia2lkIiA6ICJ5UnVxX2x3MGdHbXppekN6M183cmNYZXVWS24zaHpvQ21pVV9lT1B0Wm9vIn0.eyJleHAiOjE3Nzc1MjQ4MTQsImlhdCI6MTc3NzUyMTIxNCwianRpIjoiYjgwOGU2YzQtZGUxYy00N2ZlLWI1MmMtYzkyZWU5MWRiNjBiIiwiaXNzIjoiaHR0cDovL2lkZW50aXR5L3JlYWxtcy9ZYXMiLCJzdWIiOiI2YTRjY2Y1OC0xNGE3LTRjNjgtOGYzNS05MTA3Zjk4NzU1YjIiLCJ0eXAiOiJCZWFyZXIiLCJhenAiOiJiYWNrb2ZmaWNlLWJmZiIsInNpZCI6IjAwMWEyNTIwLTQ2NTMtNDJjYi05MjhkLTE1ODIwZjMxODZkNCIsInJlYWxtX2FjY2VzcyI6eyJyb2xlcyI6WyJkZWZhdWx0LXJvbGVzLXlhcyIsIm9mZmxpbmVfYWNjZXNzIiwiQ1VTVE9NRVIiLCJ1bWFfYXV0aG9yaXphdGlvbiIsIkFETUlOIl19LCJzY29wZSI6ImVtYWlsIHByb2ZpbGUiLCJlbWFpbF92ZXJpZmllZCI6ZmFsc2UsIm5hbWUiOiJKb2huIERvZSIsInByZWZlcnJlZF91c2VybmFtZSI6ImFkbWluIiwiZ2l2ZW5fbmFtZSI6IkpvaG4iLCJmYW1pbHlfbmFtZSI6IkRvZSIsImVtYWlsIjoiYWRtaW5AZ21haWwuY29tIn0.F7xTzm5-4uN8xEj05uvB3Pg8LDYlRcXPwF0HX7-eDs_hLeK8yQvSWhmaGC5mZPTUbxHvDgiNJa7yIldzfpX2zwA9-fvpoIE4_7G-orrqqZdE8CgJJBgU3PYJwkLbjPSiH3ikraBrvVd33iz0CqXqa9DagCzr-BbQLy9PxjkuM-6UCZ-PrQs0N0w6Sk3wh_nyoSRKH6iJyWC7k5iNjQxatDd1GYjcssbW7111OKRcAqHtjhvNSRr8f2N4qxI93jk0AJHjiUFa-vM4lMicTafUHoVOA2Ls2_kE-aFGasBo5KJ9E_9PfX99mwJ4Gmytq4mZVRA4V35qEqpeMUgIVv0bfw"")",faults,/home/azureuser/yas/evomaster-config/generated-tests/blackbox/rating/admin/EvoMaster_rating_admin_faults.java,21,6,True,0,,0,0,,100.0,0,0,0,0,0,0,False,,/home/azureuser/yas/evomaster-config/runtime-logs/classes/rating/admin/EvoMaster_rating_admin_faults,/home/azureuser/yas/evomaster-config/runtime-logs/classes/rating/admin/EvoMaster_rating_admin_faults/compile.log,/home/azureuser/yas/evomaster-config/runtime-logs/classes/rating/admin/EvoMaster_rating_admin_faults/compile_stdout.log,/home/azureuser/yas/evomaster-config/runtime-logs/classes/rating/admin/EvoMaster_rating_admin_faults/compile_stderr.log,True,True,0,,0,False,14.55,11.58,159.54,Test passed (detected via Surefire XML),/home/azureuser/yas/evomaster-config/runtime-logs/methods/rating/admin/EvoMaster_rating_admin_faults/test_3_postOnRatingsShowsFaults_100_101,/home/azureuser/yas/evomaster-config/runtime-logs/methods/rating/admin/EvoMaster_rating_admin_faults/test_3_postOnRatingsShowsFaults_100_101/run.log,/home/azureuser/yas/evomaster-config/runtime-logs/methods/rating/admin/EvoMaster_rating_admin_faults/test_3_postOnRatingsShowsFaults_100_101/run_stdout.log,/home/azureuser/yas/evomaster-config/runtime-logs/methods/rating/admin/EvoMaster_rating_admin_faults/test_3_postOnRatingsShowsFaults_100_101/run_stderr.log
rating,admin,EvoMaster_rating_admin_faults.java,EvoMaster_rating_admin_faults,test_5_postOnRatingsReturnsMismatchResponseWithSchema,False,1,403,/rating/storefront/ratings,POST,403,.statusCode(403) .assertThat(),6,".post(baseUrlOfSut + ""/rating/storefront/ratings"")",".body("" { "" + 
                    "" \""star\"": 926 "" + 
                    "" } "")",".header(""Authorization"", ""Bearer eyJhbGciOiJSUzI1NiIsInR5cCIgOiAiSldUIiwia2lkIiA6ICJ5UnVxX2x3MGdHbXppekN6M183cmNYZXVWS24zaHpvQ21pVV9lT1B0Wm9vIn0.eyJleHAiOjE3Nzc1MjQ4MTQsImlhdCI6MTc3NzUyMTIxNCwianRpIjoiYjgwOGU2YzQtZGUxYy00N2ZlLWI1MmMtYzkyZWU5MWRiNjBiIiwiaXNzIjoiaHR0cDovL2lkZW50aXR5L3JlYWxtcy9ZYXMiLCJzdWIiOiI2YTRjY2Y1OC0xNGE3LTRjNjgtOGYzNS05MTA3Zjk4NzU1YjIiLCJ0eXAiOiJCZWFyZXIiLCJhenAiOiJiYWNrb2ZmaWNlLWJmZiIsInNpZCI6IjAwMWEyNTIwLTQ2NTMtNDJjYi05MjhkLTE1ODIwZjMxODZkNCIsInJlYWxtX2FjY2VzcyI6eyJyb2xlcyI6WyJkZWZhdWx0LXJvbGVzLXlhcyIsIm9mZmxpbmVfYWNjZXNzIiwiQ1VTVE9NRVIiLCJ1bWFfYXV0aG9yaXphdGlvbiIsIkFETUlOIl19LCJzY29wZSI6ImVtYWlsIHByb2ZpbGUiLCJlbWFpbF92ZXJpZmllZCI6ZmFsc2UsIm5hbWUiOiJKb2huIERvZSIsInByZWZlcnJlZF91c2VybmFtZSI6ImFkbWluIiwiZ2l2ZW5fbmFtZSI6IkpvaG4iLCJmYW1pbHlfbmFtZSI6IkRvZSIsImVtYWlsIjoiYWRtaW5AZ21haWwuY29tIn0.F7xTzm5-4uN8xEj05uvB3Pg8LDYlRcXPwF0HX7-eDs_hLeK8yQvSWhmaGC5mZPTUbxHvDgiNJa7yIldzfpX2zwA9-fvpoIE4_7G-orrqqZdE8CgJJBgU3PYJwkLbjPSiH3ikraBrvVd33iz0CqXqa9DagCzr-BbQLy9PxjkuM-6UCZ-PrQs0N0w6Sk3wh_nyoSRKH6iJyWC7k5iNjQxatDd1GYjcssbW7111OKRcAqHtjhvNSRr8f2N4qxI93jk0AJHjiUFa-vM4lMicTafUHoVOA2Ls2_kE-aFGasBo5KJ9E_9PfX99mwJ4Gmytq4mZVRA4V35qEqpeMUgIVv0bfw"")",faults,/home/azureuser/yas/evomaster-config/generated-tests/blackbox/rating/admin/EvoMaster_rating_admin_faults.java,21,6,True,0,,0,0,,100.0,0,0,0,0,0,0,False,,/home/azureuser/yas/evomaster-config/runtime-logs/classes/rating/admin/EvoMaster_rating_admin_faults,/home/azureuser/yas/evomaster-config/runtime-logs/classes/rating/admin/EvoMaster_rating_admin_faults/compile.log,/home/azureuser/yas/evomaster-config/runtime-logs/classes/rating/admin/EvoMaster_rating_admin_faults/compile_stdout.log,/home/azureuser/yas/evomaster-config/runtime-logs/classes/rating/admin/EvoMaster_rating_admin_faults/compile_stderr.log,True,True,0,,0,False,13.55,10.82,154.29,Test passed (detected via Surefire XML),/home/azureuser/yas/evomaster-config/runtime-logs/methods/rating/admin/EvoMaster_rating_admin_faults/test_5_postOnRatingsReturnsMismatchResponseWithSchema,/home/azureuser/yas/evomaster-config/runtime-logs/methods/rating/admin/EvoMaster_rating_admin_faults/test_5_postOnRatingsReturnsMismatchResponseWithSchema/run.log,/home/azureuser/yas/evomaster-config/runtime-logs/methods/rating/admin/EvoMaster_rating_admin_faults/test_5_postOnRatingsReturnsMismatchResponseWithSchema/run_stdout.log,/home/azureuser/yas/evomaster-config/runtime-logs/methods/rating/admin/EvoMaster_rating_admin_faults/test_5_postOnRatingsReturnsMismatchResponseWithSchema/run_stderr.log
rating,admin,EvoMaster_rating_admin_faults.java,EvoMaster_rating_admin_faults,test_6_postOnRatingsReturnsMismatchResponseWithSchema,False,1,403,/rating/storefront/ratings,POST,403,.statusCode(403) .assertThat(),5,".post(baseUrlOfSut + ""/rating/storefront/ratings"")",".body("" { "" + 
                    "" \""content\"": \""HqQSEDuHXQ2APBg\"" "" + 
                    "" } "")",,faults,/home/azureuser/yas/evomaster-config/generated-tests/blackbox/rating/admin/EvoMaster_rating_admin_faults.java,21,6,True,0,,0,0,,100.0,0,0,0,0,0,0,False,,/home/azureuser/yas/evomaster-config/runtime-logs/classes/rating/admin/EvoMaster_rating_admin_faults,/home/azureuser/yas/evomaster-config/runtime-logs/classes/rating/admin/EvoMaster_rating_admin_faults/compile.log,/home/azureuser/yas/evomaster-config/runtime-logs/classes/rating/admin/EvoMaster_rating_admin_faults/compile_stdout.log,/home/azureuser/yas/evomaster-config/runtime-logs/classes/rating/admin/EvoMaster_rating_admin_faults/compile_stderr.log,True,True,0,,0,False,14.05,10.98,152.52,Test passed (detected via Surefire XML),/home/azureuser/yas/evomaster-config/runtime-logs/methods/rating/admin/EvoMaster_rating_admin_faults/test_6_postOnRatingsReturnsMismatchResponseWithSchema,/home/azureuser/yas/evomaster-config/runtime-logs/methods/rating/admin/EvoMaster_rating_admin_faults/test_6_postOnRatingsReturnsMismatchResponseWithSchema/run.log,/home/azureuser/yas/evomaster-config/runtime-logs/methods/rating/admin/EvoMaster_rating_admin_faults/test_6_postOnRatingsReturnsMismatchResponseWithSchema/run_stdout.log,/home/azureuser/yas/evomaster-config/runtime-logs/methods/rating/admin/EvoMaster_rating_admin_faults/test_6_postOnRatingsReturnsMismatchResponseWithSchema/run_stderr.log
rating,admin,EvoMaster_rating_admin_faults.java,EvoMaster_rating_admin_faults,test_7_deleteOnRateReturnsMismatchResponseWithSchema,False,1,403,/rating/backoffice/ratings/{id},DELETE,403,.statusCode(403) .assertThat(),5,".delete(baseUrlOfSut + ""/rating/backoffice/ratings/864"")",,,faults,/home/azureuser/yas/evomaster-config/generated-tests/blackbox/rating/admin/EvoMaster_rating_admin_faults.java,21,6,True,0,,0,0,,100.0,0,0,0,0,0,0,False,,/home/azureuser/yas/evomaster-config/runtime-logs/classes/rating/admin/EvoMaster_rating_admin_faults,/home/azureuser/yas/evomaster-config/runtime-logs/classes/rating/admin/EvoMaster_rating_admin_faults/compile.log,/home/azureuser/yas/evomaster-config/runtime-logs/classes/rating/admin/EvoMaster_rating_admin_faults/compile_stdout.log,/home/azureuser/yas/evomaster-config/runtime-logs/classes/rating/admin/EvoMaster_rating_admin_faults/compile_stderr.log,True,True,0,,0,False,14.05,10.87,167.13,Test passed (detected via Surefire XML),/home/azureuser/yas/evomaster-config/runtime-logs/methods/rating/admin/EvoMaster_rating_admin_faults/test_7_deleteOnRateReturnsMismatchResponseWithSchema,/home/azureuser/yas/evomaster-config/runtime-logs/methods/rating/admin/EvoMaster_rating_admin_faults/test_7_deleteOnRateReturnsMismatchResponseWithSchema/run.log,/home/azureuser/yas/evomaster-config/runtime-logs/methods/rating/admin/EvoMaster_rating_admin_faults/test_7_deleteOnRateReturnsMismatchResponseWithSchema/run_stdout.log,/home/azureuser/yas/evomaster-config/runtime-logs/methods/rating/admin/EvoMaster_rating_admin_faults/test_7_deleteOnRateReturnsMismatchResponseWithSchema/run_stderr.log
rating,admin,EvoMaster_rating_admin_faults.java,EvoMaster_rating_admin_faults,test_8_deleteOnRateReturnsMismatchResponseWithSchema,False,1,404,/rating/backoffice/ratings/{id},DELETE,404,.statusCode(404) .assertThat(),6,".delete(baseUrlOfSut + ""/rating/backoffice/ratings/-377641107638221282"")",,".header(""Authorization"", ""Bearer eyJhbGciOiJSUzI1NiIsInR5cCIgOiAiSldUIiwia2lkIiA6ICJ5UnVxX2x3MGdHbXppekN6M183cmNYZXVWS24zaHpvQ21pVV9lT1B0Wm9vIn0.eyJleHAiOjE3Nzc1MjQ4MTQsImlhdCI6MTc3NzUyMTIxNCwianRpIjoiYjgwOGU2YzQtZGUxYy00N2ZlLWI1MmMtYzkyZWU5MWRiNjBiIiwiaXNzIjoiaHR0cDovL2lkZW50aXR5L3JlYWxtcy9ZYXMiLCJzdWIiOiI2YTRjY2Y1OC0xNGE3LTRjNjgtOGYzNS05MTA3Zjk4NzU1YjIiLCJ0eXAiOiJCZWFyZXIiLCJhenAiOiJiYWNrb2ZmaWNlLWJmZiIsInNpZCI6IjAwMWEyNTIwLTQ2NTMtNDJjYi05MjhkLTE1ODIwZjMxODZkNCIsInJlYWxtX2FjY2VzcyI6eyJyb2xlcyI6WyJkZWZhdWx0LXJvbGVzLXlhcyIsIm9mZmxpbmVfYWNjZXNzIiwiQ1VTVE9NRVIiLCJ1bWFfYXV0aG9yaXphdGlvbiIsIkFETUlOIl19LCJzY29wZSI6ImVtYWlsIHByb2ZpbGUiLCJlbWFpbF92ZXJpZmllZCI6ZmFsc2UsIm5hbWUiOiJKb2huIERvZSIsInByZWZlcnJlZF91c2VybmFtZSI6ImFkbWluIiwiZ2l2ZW5fbmFtZSI6IkpvaG4iLCJmYW1pbHlfbmFtZSI6IkRvZSIsImVtYWlsIjoiYWRtaW5AZ21haWwuY29tIn0.F7xTzm5-4uN8xEj05uvB3Pg8LDYlRcXPwF0HX7-eDs_hLeK8yQvSWhmaGC5mZPTUbxHvDgiNJa7yIldzfpX2zwA9-fvpoIE4_7G-orrqqZdE8CgJJBgU3PYJwkLbjPSiH3ikraBrvVd33iz0CqXqa9DagCzr-BbQLy9PxjkuM-6UCZ-PrQs0N0w6Sk3wh_nyoSRKH6iJyWC7k5iNjQxatDd1GYjcssbW7111OKRcAqHtjhvNSRr8f2N4qxI93jk0AJHjiUFa-vM4lMicTafUHoVOA2Ls2_kE-aFGasBo5KJ9E_9PfX99mwJ4Gmytq4mZVRA4V35qEqpeMUgIVv0bfw"")",faults,/home/azureuser/yas/evomaster-config/generated-tests/blackbox/rating/admin/EvoMaster_rating_admin_faults.java,21,6,True,0,,0,0,,100.0,0,0,0,0,0,0,False,,/home/azureuser/yas/evomaster-config/runtime-logs/classes/rating/admin/EvoMaster_rating_admin_faults,/home/azureuser/yas/evomaster-config/runtime-logs/classes/rating/admin/EvoMaster_rating_admin_faults/compile.log,/home/azureuser/yas/evomaster-config/runtime-logs/classes/rating/admin/EvoMaster_rating_admin_faults/compile_stdout.log,/home/azureuser/yas/evomaster-config/runtime-logs/classes/rating/admin/EvoMaster_rating_admin_faults/compile_stderr.log,True,True,0,,0,False,14.55,11.62,156.62,Test passed (detected via Surefire XML),/home/azureuser/yas/evomaster-config/runtime-logs/methods/rating/admin/EvoMaster_rating_admin_faults/test_8_deleteOnRateReturnsMismatchResponseWithSchema,/home/azureuser/yas/evomaster-config/runtime-logs/methods/rating/admin/EvoMaster_rating_admin_faults/test_8_deleteOnRateReturnsMismatchResponseWithSchema/run.log,/home/azureuser/yas/evomaster-config/runtime-logs/methods/rating/admin/EvoMaster_rating_admin_faults/test_8_deleteOnRateReturnsMismatchResponseWithSchema/run_stdout.log,/home/azureuser/yas/evomaster-config/runtime-logs/methods/rating/admin/EvoMaster_rating_admin_faults/test_8_deleteOnRateReturnsMismatchResponseWithSchema/run_stderr.log
rating,admin,EvoMaster_rating_admin_faults.java,EvoMaster_rating_admin_faults,test_9_getOnLatestReturnsMismatchResponseWithSchema,False,1,401,/rating/backoffice/ratings/latest/{count},GET,401,.statusCode(401) .assertThat(),2,".get(baseUrlOfSut + ""/rating/backoffice/ratings/latest/242"")",,,faults,/home/azureuser/yas/evomaster-config/generated-tests/blackbox/rating/admin/EvoMaster_rating_admin_faults.java,21,6,True,0,,0,0,,100.0,0,0,0,0,0,0,False,,/home/azureuser/yas/evomaster-config/runtime-logs/classes/rating/admin/EvoMaster_rating_admin_faults,/home/azureuser/yas/evomaster-config/runtime-logs/classes/rating/admin/EvoMaster_rating_admin_faults/compile.log,/home/azureuser/yas/evomaster-config/runtime-logs/classes/rating/admin/EvoMaster_rating_admin_faults/compile_stdout.log,/home/azureuser/yas/evomaster-config/runtime-logs/classes/rating/admin/EvoMaster_rating_admin_faults/compile_stderr.log,True,True,0,,0,False,12.54,11.29,153.21,Test passed (detected via Surefire XML),/home/azureuser/yas/evomaster-config/runtime-logs/methods/rating/admin/EvoMaster_rating_admin_faults/test_9_getOnLatestReturnsMismatchResponseWithSchema,/home/azureuser/yas/evomaster-config/runtime-logs/methods/rating/admin/EvoMaster_rating_admin_faults/test_9_getOnLatestReturnsMismatchResponseWithSchema/run.log,/home/azureuser/yas/evomaster-config/runtime-logs/methods/rating/admin/EvoMaster_rating_admin_faults/test_9_getOnLatestReturnsMismatchResponseWithSchema/run_stdout.log,/home/azureuser/yas/evomaster-config/runtime-logs/methods/rating/admin/EvoMaster_rating_admin_faults/test_9_getOnLatestReturnsMismatchResponseWithSchema/run_stderr.log
rating,admin,EvoMaster_rating_admin_successes.java,EvoMaster_rating_admin_successes,test_5_getOnLatestReturnsEmptyList,False,1,200,/rating/backoffice/ratings/latest/{count},GET,200,.statusCode(200) .assertThat(),3,".get(baseUrlOfSut + ""/rating/backoffice/ratings/latest/792"")",,".header(""Authorization"", ""Bearer eyJhbGciOiJSUzI1NiIsInR5cCIgOiAiSldUIiwia2lkIiA6ICJ5UnVxX2x3MGdHbXppekN6M183cmNYZXVWS24zaHpvQ21pVV9lT1B0Wm9vIn0.eyJleHAiOjE3Nzc1MjQ4MTQsImlhdCI6MTc3NzUyMTIxNCwianRpIjoiYjgwOGU2YzQtZGUxYy00N2ZlLWI1MmMtYzkyZWU5MWRiNjBiIiwiaXNzIjoiaHR0cDovL2lkZW50aXR5L3JlYWxtcy9ZYXMiLCJzdWIiOiI2YTRjY2Y1OC0xNGE3LTRjNjgtOGYzNS05MTA3Zjk4NzU1YjIiLCJ0eXAiOiJCZWFyZXIiLCJhenAiOiJiYWNrb2ZmaWNlLWJmZiIsInNpZCI6IjAwMWEyNTIwLTQ2NTMtNDJjYi05MjhkLTE1ODIwZjMxODZkNCIsInJlYWxtX2FjY2VzcyI6eyJyb2xlcyI6WyJkZWZhdWx0LXJvbGVzLXlhcyIsIm9mZmxpbmVfYWNjZXNzIiwiQ1VTVE9NRVIiLCJ1bWFfYXV0aG9yaXphdGlvbiIsIkFETUlOIl19LCJzY29wZSI6ImVtYWlsIHByb2ZpbGUiLCJlbWFpbF92ZXJpZmllZCI6ZmFsc2UsIm5hbWUiOiJKb2huIERvZSIsInByZWZlcnJlZF91c2VybmFtZSI6ImFkbWluIiwiZ2l2ZW5fbmFtZSI6IkpvaG4iLCJmYW1pbHlfbmFtZSI6IkRvZSIsImVtYWlsIjoiYWRtaW5AZ21haWwuY29tIn0.F7xTzm5-4uN8xEj05uvB3Pg8LDYlRcXPwF0HX7-eDs_hLeK8yQvSWhmaGC5mZPTUbxHvDgiNJa7yIldzfpX2zwA9-fvpoIE4_7G-orrqqZdE8CgJJBgU3PYJwkLbjPSiH3ikraBrvVd33iz0CqXqa9DagCzr-BbQLy9PxjkuM-6UCZ-PrQs0N0w6Sk3wh_nyoSRKH6iJyWC7k5iNjQxatDd1GYjcssbW7111OKRcAqHtjhvNSRr8f2N4qxI93jk0AJHjiUFa-vM4lMicTafUHoVOA2Ls2_kE-aFGasBo5KJ9E_9PfX99mwJ4Gmytq4mZVRA4V35qEqpeMUgIVv0bfw"")",successes,/home/azureuser/yas/evomaster-config/generated-tests/blackbox/rating/admin/EvoMaster_rating_admin_successes.java,21,6,True,0,,0,0,,100.0,0,0,0,0,0,0,False,,/home/azureuser/yas/evomaster-config/runtime-logs/classes/rating/admin/EvoMaster_rating_admin_successes,/home/azureuser/yas/evomaster-config/runtime-logs/classes/rating/admin/EvoMaster_rating_admin_successes/compile.log,/home/azureuser/yas/evomaster-config/runtime-logs/classes/rating/admin/EvoMaster_rating_admin_successes/compile_stdout.log,/home/azureuser/yas/evomaster-config/runtime-logs/classes/rating/admin/EvoMaster_rating_admin_successes/compile_stderr.log,True,True,0,,0,False,14.05,11.02,154.74,Test passed (detected via Surefire XML),/home/azureuser/yas/evomaster-config/runtime-logs/methods/rating/admin/EvoMaster_rating_admin_successes/test_5_getOnLatestReturnsEmptyList,/home/azureuser/yas/evomaster-config/runtime-logs/methods/rating/admin/EvoMaster_rating_admin_successes/test_5_getOnLatestReturnsEmptyList/run.log,/home/azureuser/yas/evomaster-config/runtime-logs/methods/rating/admin/EvoMaster_rating_admin_successes/test_5_getOnLatestReturnsEmptyList/run_stdout.log,/home/azureuser/yas/evomaster-config/runtime-logs/methods/rating/admin/EvoMaster_rating_admin_successes/test_5_getOnLatestReturnsEmptyList/run_stderr.log
rating,admin_multi_v510,EvoMaster_rating_admin_faults_Test.java,EvoMaster_rating_admin_faults_Test,test_1_postOnRatingsShowsFaults_100_101,False,1,500,/rating/storefront/ratings,POST,500,.statusCode(500) .assertThat(),6,".post(baseUrlOfSut + ""/rating/storefront/ratings"")",".body("" { "" + 
                    "" \""productId\"" : 579 "" + 
                    "" } "")",".header(""Authorization"", ""Bearer eyJhbGciOiJSUzI1NiIsInR5cCIgOiAiSldUIiwia2lkIiA6ICJRV3VUQ0MyR3BpbU94RjhuT2hRX0hLMnBWRUxZd0x2Z3BYNnVxWjgyVkRRIn0.eyJleHAiOjE3NzQyOTU2MDQsImlhdCI6MTc3NDI5NTMwNCwianRpIjoiNGRkODk2YTktNjg4OS00NDJmLTk3ODEtNzI5MjA3MzI3YmE0IiwiaXNzIjoiaHR0cDovL2lkZW50aXR5L3JlYWxtcy9ZYXMiLCJzdWIiOiIwNjAyM2Y3Ni1hOWNiLTRjYmQtOGM1Ny1hNDI1ZDBlMTRiZWIiLCJ0eXAiOiJCZWFyZXIiLCJhenAiOiJiYWNrb2ZmaWNlLWJmZiIsInNpZCI6Ijc0OWRkYmM4LTQ2NzAtNDA2OS04ZjNiLTMyZjM3NWQyNmUyZCIsInJlYWxtX2FjY2VzcyI6eyJyb2xlcyI6WyJkZWZhdWx0LXJvbGVzLXlhcyIsIm9mZmxpbmVfYWNjZXNzIiwiQ1VTVE9NRVIiLCJ1bWFfYXV0aG9yaXphdGlvbiJdfSwic2NvcGUiOiJlbWFpbCBwcm9maWxlIiwiZW1haWxfdmVyaWZpZWQiOmZhbHNlLCJwcmVmZXJyZWRfdXNlcm5hbWUiOiJ1c2VyIn0.QRS1rZlxmLhPSQl7Up-Yhc-F7ZdsuzF6ZS_-tzAXdXUVUvQ8LDovF26A9AgJBuPdUbdkzFrS9fEam-CbedyEPwVRVHYyDAZNf38WrVaY88e16rU8qA5u9cKuxLFHaORM7WUB90Ta5ONx2nIg2ysRU2K06UffTB7giEaxBcx_h2jtiPOwbfuZMKEtISML0w5QAEiWh2V7id0dPncpc0fT55q8QQMniT2FSmNUIVj6paz4GDTE8_j5toWm_6A5BaCO7uDf5vK0N0u5k3BGcL18LLQy5ErauRctHvDQT3NXExq6EhvnOaSRuUDOVJblMFWuCqBlVOT6LLWM5v7oCEC38g"")",faults,/home/azureuser/yas/evomaster-config/generated-tests/blackbox/rating/admin_multi_v510/EvoMaster_rating_admin_faults_Test.java,23,6,True,0,,0,0,,100.0,0,0,0,0,0,0,False,,/home/azureuser/yas/evomaster-config/runtime-logs/classes/rating/admin_multi_v510/EvoMaster_rating_admin_faults_Test,/home/azureuser/yas/evomaster-config/runtime-logs/classes/rating/admin_multi_v510/EvoMaster_rating_admin_faults_Test/compile.log,/home/azureuser/yas/evomaster-config/runtime-logs/classes/rating/admin_multi_v510/EvoMaster_rating_admin_faults_Test/compile_stdout.log,/home/azureuser/yas/evomaster-config/runtime-logs/classes/rating/admin_multi_v510/EvoMaster_rating_admin_faults_Test/compile_stderr.log,False,True,1,java.lang.AssertionError;test_failure,1,False,12.54,11.11,154.2,"Tests run: 1, Failures: 1, Errors: 0, Skipped: 0",/home/azureuser/yas/evomaster-config/runtime-logs/methods/rating/admin_multi_v510/EvoMaster_rating_admin_faults_Test/test_1_postOnRatingsShowsFaults_100_101,/home/azureuser/yas/evomaster-config/runtime-logs/methods/rating/admin_multi_v510/EvoMaster_rating_admin_faults_Test/test_1_postOnRatingsShowsFaults_100_101/run.log,/home/azureuser/yas/evomaster-config/runtime-logs/methods/rating/admin_multi_v510/EvoMaster_rating_admin_faults_Test/test_1_postOnRatingsShowsFaults_100_101/run_stdout.log,/home/azureuser/yas/evomaster-config/runtime-logs/methods/rating/admin_multi_v510/EvoMaster_rating_admin_faults_Test/test_1_postOnRatingsShowsFaults_100_101/run_stderr.log
rating,admin_multi_v510,EvoMaster_rating_admin_faults_Test.java,EvoMaster_rating_admin_faults_Test,test_5_postOnRatingsReturnsMismatchResponseWithSchema,False,1,403,/rating/storefront/ratings,POST,403,.statusCode(403) .assertThat(),6,".post(baseUrlOfSut + ""/rating/storefront/ratings"")",".body("" { "" + 
                    "" \""star\"" : 630 "" + 
                    "" } "")",".header(""Authorization"", ""Bearer eyJhbGciOiJSUzI1NiIsInR5cCIgOiAiSldUIiwia2lkIiA6ICJRV3VUQ0MyR3BpbU94RjhuT2hRX0hLMnBWRUxZd0x2Z3BYNnVxWjgyVkRRIn0.eyJleHAiOjE3NzQyOTU2MDQsImlhdCI6MTc3NDI5NTMwNCwianRpIjoiNGRkODk2YTktNjg4OS00NDJmLTk3ODEtNzI5MjA3MzI3YmE0IiwiaXNzIjoiaHR0cDovL2lkZW50aXR5L3JlYWxtcy9ZYXMiLCJzdWIiOiIwNjAyM2Y3Ni1hOWNiLTRjYmQtOGM1Ny1hNDI1ZDBlMTRiZWIiLCJ0eXAiOiJCZWFyZXIiLCJhenAiOiJiYWNrb2ZmaWNlLWJmZiIsInNpZCI6Ijc0OWRkYmM4LTQ2NzAtNDA2OS04ZjNiLTMyZjM3NWQyNmUyZCIsInJlYWxtX2FjY2VzcyI6eyJyb2xlcyI6WyJkZWZhdWx0LXJvbGVzLXlhcyIsIm9mZmxpbmVfYWNjZXNzIiwiQ1VTVE9NRVIiLCJ1bWFfYXV0aG9yaXphdGlvbiJdfSwic2NvcGUiOiJlbWFpbCBwcm9maWxlIiwiZW1haWxfdmVyaWZpZWQiOmZhbHNlLCJwcmVmZXJyZWRfdXNlcm5hbWUiOiJ1c2VyIn0.QRS1rZlxmLhPSQl7Up-Yhc-F7ZdsuzF6ZS_-tzAXdXUVUvQ8LDovF26A9AgJBuPdUbdkzFrS9fEam-CbedyEPwVRVHYyDAZNf38WrVaY88e16rU8qA5u9cKuxLFHaORM7WUB90Ta5ONx2nIg2ysRU2K06UffTB7giEaxBcx_h2jtiPOwbfuZMKEtISML0w5QAEiWh2V7id0dPncpc0fT55q8QQMniT2FSmNUIVj6paz4GDTE8_j5toWm_6A5BaCO7uDf5vK0N0u5k3BGcL18LLQy5ErauRctHvDQT3NXExq6EhvnOaSRuUDOVJblMFWuCqBlVOT6LLWM5v7oCEC38g"")",faults,/home/azureuser/yas/evomaster-config/generated-tests/blackbox/rating/admin_multi_v510/EvoMaster_rating_admin_faults_Test.java,23,6,True,0,,0,0,,100.0,0,0,0,0,0,0,False,,/home/azureuser/yas/evomaster-config/runtime-logs/classes/rating/admin_multi_v510/EvoMaster_rating_admin_faults_Test,/home/azureuser/yas/evomaster-config/runtime-logs/classes/rating/admin_multi_v510/EvoMaster_rating_admin_faults_Test/compile.log,/home/azureuser/yas/evomaster-config/runtime-logs/classes/rating/admin_multi_v510/EvoMaster_rating_admin_faults_Test/compile_stdout.log,/home/azureuser/yas/evomaster-config/runtime-logs/classes/rating/admin_multi_v510/EvoMaster_rating_admin_faults_Test/compile_stderr.log,False,True,1,java.lang.AssertionError;test_failure,1,False,12.54,10.91,162.74,"Tests run: 1, Failures: 1, Errors: 0, Skipped: 0",/home/azureuser/yas/evomaster-config/runtime-logs/methods/rating/admin_multi_v510/EvoMaster_rating_admin_faults_Test/test_5_postOnRatingsReturnsMismatchResponseWithSchema,/home/azureuser/yas/evomaster-config/runtime-logs/methods/rating/admin_multi_v510/EvoMaster_rating_admin_faults_Test/test_5_postOnRatingsReturnsMismatchResponseWithSchema/run.log,/home/azureuser/yas/evomaster-config/runtime-logs/methods/rating/admin_multi_v510/EvoMaster_rating_admin_faults_Test/test_5_postOnRatingsReturnsMismatchResponseWithSchema/run_stdout.log,/home/azureuser/yas/evomaster-config/runtime-logs/methods/rating/admin_multi_v510/EvoMaster_rating_admin_faults_Test/test_5_postOnRatingsReturnsMismatchResponseWithSchema/run_stderr.log
rating,admin_multi_v510,EvoMaster_rating_admin_faults_Test.java,EvoMaster_rating_admin_faults_Test,test_6_postOnRatingsReturnsMismatchResponseWithSchema,False,1,403,/rating/storefront/ratings,POST,403,.statusCode(403) .assertThat(),6,".post(baseUrlOfSut + ""/rating/storefront/ratings"")",".body("" { "" + 
                    "" \""star\"" : 14, "" + 
                    "" \""productId\"" : 921 "" + 
                    "" } "")",".header(""Authorization"", ""Bearer eyJhbGciOiJSUzI1NiIsInR5cCIgOiAiSldUIiwia2lkIiA6ICJRV3VUQ0MyR3BpbU94RjhuT2hRX0hLMnBWRUxZd0x2Z3BYNnVxWjgyVkRRIn0.eyJleHAiOjE3NzQyOTU2MDQsImlhdCI6MTc3NDI5NTMwNCwianRpIjoiOWMwMTA0YWQtOGUwNS00NWE3LTgwZDQtNTkyMDBjM2M2MWI2IiwiaXNzIjoiaHR0cDovL2lkZW50aXR5L3JlYWxtcy9ZYXMiLCJzdWIiOiI2YTRjY2Y1OC0xNGE3LTRjNjgtOGYzNS05MTA3Zjk4NzU1YjIiLCJ0eXAiOiJCZWFyZXIiLCJhenAiOiJiYWNrb2ZmaWNlLWJmZiIsInNpZCI6IjI3OWMyYTljLTM5ZDQtNDE0OC04ZjNkLTkzODljNTQ0MDM5NiIsInJlYWxtX2FjY2VzcyI6eyJyb2xlcyI6WyJkZWZhdWx0LXJvbGVzLXlhcyIsIm9mZmxpbmVfYWNjZXNzIiwiQ1VTVE9NRVIiLCJ1bWFfYXV0aG9yaXphdGlvbiIsIkFETUlOIl19LCJzY29wZSI6ImVtYWlsIHByb2ZpbGUiLCJlbWFpbF92ZXJpZmllZCI6ZmFsc2UsIm5hbWUiOiJKb2huIERvZSIsInByZWZlcnJlZF91c2VybmFtZSI6ImFkbWluIiwiZ2l2ZW5fbmFtZSI6IkpvaG4iLCJmYW1pbHlfbmFtZSI6IkRvZSIsImVtYWlsIjoiYWRtaW5AZ21haWwuY29tIn0.bKOHJ5ofew0mVcYs1OQFE98wQ01_qr5x-8iu7NbqmejEw9fO2tcL9eUyaXgZKEER2wvJNX2ZB-dokWnFl09oK9_edBJsUPA9vogG9OYY-ny486GaujkhpBSC9ek9AAtsYevk9R_xdwUmd6kFwonVLrXI5PEWJQ31cZUp_i8bql8XjdemWor2YkfACEsuTdsQmvEaEOGvdIRg7UbvyDLaLdshLqp_KF8AIwuHlOM7Bc4I-0YIMUT7QJewIFhK5n8UkcBC7GMNSJlZDQeFwqt_K9pcqJTligAIT9GRIcoFOtLvou2OvB_EIo2jGLvUXz2TEEKW8j52uxEFBbQjQ07aOA"")",faults,/home/azureuser/yas/evomaster-config/generated-tests/blackbox/rating/admin_multi_v510/EvoMaster_rating_admin_faults_Test.java,23,6,True,0,,0,0,,100.0,0,0,0,0,0,0,False,,/home/azureuser/yas/evomaster-config/runtime-logs/classes/rating/admin_multi_v510/EvoMaster_rating_admin_faults_Test,/home/azureuser/yas/evomaster-config/runtime-logs/classes/rating/admin_multi_v510/EvoMaster_rating_admin_faults_Test/compile.log,/home/azureuser/yas/evomaster-config/runtime-logs/classes/rating/admin_multi_v510/EvoMaster_rating_admin_faults_Test/compile_stdout.log,/home/azureuser/yas/evomaster-config/runtime-logs/classes/rating/admin_multi_v510/EvoMaster_rating_admin_faults_Test/compile_stderr.log,False,True,1,java.lang.AssertionError;test_failure,1,False,13.05,11.28,153.78,"Tests run: 1, Failures: 1, Errors: 0, Skipped: 0",/home/azureuser/yas/evomaster-config/runtime-logs/methods/rating/admin_multi_v510/EvoMaster_rating_admin_faults_Test/test_6_postOnRatingsReturnsMismatchResponseWithSchema,/home/azureuser/yas/evomaster-config/runtime-logs/methods/rating/admin_multi_v510/EvoMaster_rating_admin_faults_Test/test_6_postOnRatingsReturnsMismatchResponseWithSchema/run.log,/home/azureuser/yas/evomaster-config/runtime-logs/methods/rating/admin_multi_v510/EvoMaster_rating_admin_faults_Test/test_6_postOnRatingsReturnsMismatchResponseWithSchema/run_stdout.log,/home/azureuser/yas/evomaster-config/runtime-logs/methods/rating/admin_multi_v510/EvoMaster_rating_admin_faults_Test/test_6_postOnRatingsReturnsMismatchResponseWithSchema/run_stderr.log
rating,admin_multi_v510,EvoMaster_rating_admin_faults_Test.java,EvoMaster_rating_admin_faults_Test,test_7_postOnRatingsReturnsMismatchResponseWithSchema,False,1,403,/rating/storefront/ratings,POST,403,.statusCode(403) .assertThat(),5,".post(baseUrlOfSut + ""/rating/storefront/ratings"")",".body("" { "" + 
                    "" \""content\"" : \""uhT49\"", "" + 
                    "" \""star\"" : 495 "" + 
                    "" } "")",,faults,/home/azureuser/yas/evomaster-config/generated-tests/blackbox/rating/admin_multi_v510/EvoMaster_rating_admin_faults_Test.java,23,6,True,0,,0,0,,100.0,0,0,0,0,0,0,False,,/home/azureuser/yas/evomaster-config/runtime-logs/classes/rating/admin_multi_v510/EvoMaster_rating_admin_faults_Test,/home/azureuser/yas/evomaster-config/runtime-logs/classes/rating/admin_multi_v510/EvoMaster_rating_admin_faults_Test/compile.log,/home/azureuser/yas/evomaster-config/runtime-logs/classes/rating/admin_multi_v510/EvoMaster_rating_admin_faults_Test/compile_stdout.log,/home/azureuser/yas/evomaster-config/runtime-logs/classes/rating/admin_multi_v510/EvoMaster_rating_admin_faults_Test/compile_stderr.log,True,True,0,,0,False,14.04,11.12,153.86,Test passed (detected via Surefire XML),/home/azureuser/yas/evomaster-config/runtime-logs/methods/rating/admin_multi_v510/EvoMaster_rating_admin_faults_Test/test_7_postOnRatingsReturnsMismatchResponseWithSchema,/home/azureuser/yas/evomaster-config/runtime-logs/methods/rating/admin_multi_v510/EvoMaster_rating_admin_faults_Test/test_7_postOnRatingsReturnsMismatchResponseWithSchema/run.log,/home/azureuser/yas/evomaster-config/runtime-logs/methods/rating/admin_multi_v510/EvoMaster_rating_admin_faults_Test/test_7_postOnRatingsReturnsMismatchResponseWithSchema/run_stdout.log,/home/azureuser/yas/evomaster-config/runtime-logs/methods/rating/admin_multi_v510/EvoMaster_rating_admin_faults_Test/test_7_postOnRatingsReturnsMismatchResponseWithSchema/run_stderr.log
rating,admin_multi_v510,EvoMaster_rating_admin_faults_Test.java,EvoMaster_rating_admin_faults_Test,test_8_deleteOnRateReturnsMismatchResponseWithSchema,False,1,403,/rating/backoffice/ratings/{id},DELETE,403,.statusCode(403) .assertThat(),2,".delete(baseUrlOfSut + ""/rating/backoffice/ratings/462"")",,".header(""Authorization"", ""Bearer eyJhbGciOiJSUzI1NiIsInR5cCIgOiAiSldUIiwia2lkIiA6ICJRV3VUQ0MyR3BpbU94RjhuT2hRX0hLMnBWRUxZd0x2Z3BYNnVxWjgyVkRRIn0.eyJleHAiOjE3NzQyOTU2MDQsImlhdCI6MTc3NDI5NTMwNCwianRpIjoiNGRkODk2YTktNjg4OS00NDJmLTk3ODEtNzI5MjA3MzI3YmE0IiwiaXNzIjoiaHR0cDovL2lkZW50aXR5L3JlYWxtcy9ZYXMiLCJzdWIiOiIwNjAyM2Y3Ni1hOWNiLTRjYmQtOGM1Ny1hNDI1ZDBlMTRiZWIiLCJ0eXAiOiJCZWFyZXIiLCJhenAiOiJiYWNrb2ZmaWNlLWJmZiIsInNpZCI6Ijc0OWRkYmM4LTQ2NzAtNDA2OS04ZjNiLTMyZjM3NWQyNmUyZCIsInJlYWxtX2FjY2VzcyI6eyJyb2xlcyI6WyJkZWZhdWx0LXJvbGVzLXlhcyIsIm9mZmxpbmVfYWNjZXNzIiwiQ1VTVE9NRVIiLCJ1bWFfYXV0aG9yaXphdGlvbiJdfSwic2NvcGUiOiJlbWFpbCBwcm9maWxlIiwiZW1haWxfdmVyaWZpZWQiOmZhbHNlLCJwcmVmZXJyZWRfdXNlcm5hbWUiOiJ1c2VyIn0.QRS1rZlxmLhPSQl7Up-Yhc-F7ZdsuzF6ZS_-tzAXdXUVUvQ8LDovF26A9AgJBuPdUbdkzFrS9fEam-CbedyEPwVRVHYyDAZNf38WrVaY88e16rU8qA5u9cKuxLFHaORM7WUB90Ta5ONx2nIg2ysRU2K06UffTB7giEaxBcx_h2jtiPOwbfuZMKEtISML0w5QAEiWh2V7id0dPncpc0fT55q8QQMniT2FSmNUIVj6paz4GDTE8_j5toWm_6A5BaCO7uDf5vK0N0u5k3BGcL18LLQy5ErauRctHvDQT3NXExq6EhvnOaSRuUDOVJblMFWuCqBlVOT6LLWM5v7oCEC38g"")",faults,/home/azureuser/yas/evomaster-config/generated-tests/blackbox/rating/admin_multi_v510/EvoMaster_rating_admin_faults_Test.java,23,6,True,0,,0,0,,100.0,0,0,0,0,0,0,False,,/home/azureuser/yas/evomaster-config/runtime-logs/classes/rating/admin_multi_v510/EvoMaster_rating_admin_faults_Test,/home/azureuser/yas/evomaster-config/runtime-logs/classes/rating/admin_multi_v510/EvoMaster_rating_admin_faults_Test/compile.log,/home/azureuser/yas/evomaster-config/runtime-logs/classes/rating/admin_multi_v510/EvoMaster_rating_admin_faults_Test/compile_stdout.log,/home/azureuser/yas/evomaster-config/runtime-logs/classes/rating/admin_multi_v510/EvoMaster_rating_admin_faults_Test/compile_stderr.log,False,True,1,java.lang.AssertionError;test_failure,1,False,13.05,11.63,153.86,"Tests run: 1, Failures: 1, Errors: 0, Skipped: 0",/home/azureuser/yas/evomaster-config/runtime-logs/methods/rating/admin_multi_v510/EvoMaster_rating_admin_faults_Test/test_8_deleteOnRateReturnsMismatchResponseWithSchema,/home/azureuser/yas/evomaster-config/runtime-logs/methods/rating/admin_multi_v510/EvoMaster_rating_admin_faults_Test/test_8_deleteOnRateReturnsMismatchResponseWithSchema/run.log,/home/azureuser/yas/evomaster-config/runtime-logs/methods/rating/admin_multi_v510/EvoMaster_rating_admin_faults_Test/test_8_deleteOnRateReturnsMismatchResponseWithSchema/run_stdout.log,/home/azureuser/yas/evomaster-config/runtime-logs/methods/rating/admin_multi_v510/EvoMaster_rating_admin_faults_Test/test_8_deleteOnRateReturnsMismatchResponseWithSchema/run_stderr.log
rating,admin_multi_v510,EvoMaster_rating_admin_faults_Test.java,EvoMaster_rating_admin_faults_Test,test_9_deleteOnRateReturnsMismatchResponseWithSchema,False,1,403,/rating/backoffice/ratings/{id},DELETE,403,.statusCode(403) .assertThat(),5,".delete(baseUrlOfSut + ""/rating/backoffice/ratings/128"")",,,faults,/home/azureuser/yas/evomaster-config/generated-tests/blackbox/rating/admin_multi_v510/EvoMaster_rating_admin_faults_Test.java,23,6,True,0,,0,0,,100.0,0,0,0,0,0,0,False,,/home/azureuser/yas/evomaster-config/runtime-logs/classes/rating/admin_multi_v510/EvoMaster_rating_admin_faults_Test,/home/azureuser/yas/evomaster-config/runtime-logs/classes/rating/admin_multi_v510/EvoMaster_rating_admin_faults_Test/compile.log,/home/azureuser/yas/evomaster-config/runtime-logs/classes/rating/admin_multi_v510/EvoMaster_rating_admin_faults_Test/compile_stdout.log,/home/azureuser/yas/evomaster-config/runtime-logs/classes/rating/admin_multi_v510/EvoMaster_rating_admin_faults_Test/compile_stderr.log,True,True,0,,0,False,14.04,11.36,155.17,Test passed (detected via Surefire XML),/home/azureuser/yas/evomaster-config/runtime-logs/methods/rating/admin_multi_v510/EvoMaster_rating_admin_faults_Test/test_9_deleteOnRateReturnsMismatchResponseWithSchema,/home/azureuser/yas/evomaster-config/runtime-logs/methods/rating/admin_multi_v510/EvoMaster_rating_admin_faults_Test/test_9_deleteOnRateReturnsMismatchResponseWithSchema/run.log,/home/azureuser/yas/evomaster-config/runtime-logs/methods/rating/admin_multi_v510/EvoMaster_rating_admin_faults_Test/test_9_deleteOnRateReturnsMismatchResponseWithSchema/run_stdout.log,/home/azureuser/yas/evomaster-config/runtime-logs/methods/rating/admin_multi_v510/EvoMaster_rating_admin_faults_Test/test_9_deleteOnRateReturnsMismatchResponseWithSchema/run_stderr.log
rating,admin_multi_v510,EvoMaster_rating_admin_faults_Test.java,EvoMaster_rating_admin_faults_Test,test_10_deleteOnRateReturnsMismatchResponseWithSchema,False,1,404,/rating/backoffice/ratings/{id},DELETE,404,.statusCode(404) .assertThat(),6,".delete(baseUrlOfSut + ""/rating/backoffice/ratings/2586990098688762487"")",,".header(""Authorization"", ""Bearer eyJhbGciOiJSUzI1NiIsInR5cCIgOiAiSldUIiwia2lkIiA6ICJRV3VUQ0MyR3BpbU94RjhuT2hRX0hLMnBWRUxZd0x2Z3BYNnVxWjgyVkRRIn0.eyJleHAiOjE3NzQyOTU2MDQsImlhdCI6MTc3NDI5NTMwNCwianRpIjoiOWMwMTA0YWQtOGUwNS00NWE3LTgwZDQtNTkyMDBjM2M2MWI2IiwiaXNzIjoiaHR0cDovL2lkZW50aXR5L3JlYWxtcy9ZYXMiLCJzdWIiOiI2YTRjY2Y1OC0xNGE3LTRjNjgtOGYzNS05MTA3Zjk4NzU1YjIiLCJ0eXAiOiJCZWFyZXIiLCJhenAiOiJiYWNrb2ZmaWNlLWJmZiIsInNpZCI6IjI3OWMyYTljLTM5ZDQtNDE0OC04ZjNkLTkzODljNTQ0MDM5NiIsInJlYWxtX2FjY2VzcyI6eyJyb2xlcyI6WyJkZWZhdWx0LXJvbGVzLXlhcyIsIm9mZmxpbmVfYWNjZXNzIiwiQ1VTVE9NRVIiLCJ1bWFfYXV0aG9yaXphdGlvbiIsIkFETUlOIl19LCJzY29wZSI6ImVtYWlsIHByb2ZpbGUiLCJlbWFpbF92ZXJpZmllZCI6ZmFsc2UsIm5hbWUiOiJKb2huIERvZSIsInByZWZlcnJlZF91c2VybmFtZSI6ImFkbWluIiwiZ2l2ZW5fbmFtZSI6IkpvaG4iLCJmYW1pbHlfbmFtZSI6IkRvZSIsImVtYWlsIjoiYWRtaW5AZ21haWwuY29tIn0.bKOHJ5ofew0mVcYs1OQFE98wQ01_qr5x-8iu7NbqmejEw9fO2tcL9eUyaXgZKEER2wvJNX2ZB-dokWnFl09oK9_edBJsUPA9vogG9OYY-ny486GaujkhpBSC9ek9AAtsYevk9R_xdwUmd6kFwonVLrXI5PEWJQ31cZUp_i8bql8XjdemWor2YkfACEsuTdsQmvEaEOGvdIRg7UbvyDLaLdshLqp_KF8AIwuHlOM7Bc4I-0YIMUT7QJewIFhK5n8UkcBC7GMNSJlZDQeFwqt_K9pcqJTligAIT9GRIcoFOtLvou2OvB_EIo2jGLvUXz2TEEKW8j52uxEFBbQjQ07aOA"")",faults,/home/azureuser/yas/evomaster-config/generated-tests/blackbox/rating/admin_multi_v510/EvoMaster_rating_admin_faults_Test.java,23,6,True,0,,0,0,,100.0,0,0,0,0,0,0,False,,/home/azureuser/yas/evomaster-config/runtime-logs/classes/rating/admin_multi_v510/EvoMaster_rating_admin_faults_Test,/home/azureuser/yas/evomaster-config/runtime-logs/classes/rating/admin_multi_v510/EvoMaster_rating_admin_faults_Test/compile.log,/home/azureuser/yas/evomaster-config/runtime-logs/classes/rating/admin_multi_v510/EvoMaster_rating_admin_faults_Test/compile_stdout.log,/home/azureuser/yas/evomaster-config/runtime-logs/classes/rating/admin_multi_v510/EvoMaster_rating_admin_faults_Test/compile_stderr.log,False,True,1,java.lang.AssertionError;test_failure,1,False,13.05,11.5,160.74,"Tests run: 1, Failures: 1, Errors: 0, Skipped: 0",/home/azureuser/yas/evomaster-config/runtime-logs/methods/rating/admin_multi_v510/EvoMaster_rating_admin_faults_Test/test_10_deleteOnRateReturnsMismatchResponseWithSchema,/home/azureuser/yas/evomaster-config/runtime-logs/methods/rating/admin_multi_v510/EvoMaster_rating_admin_faults_Test/test_10_deleteOnRateReturnsMismatchResponseWithSchema/run.log,/home/azureuser/yas/evomaster-config/runtime-logs/methods/rating/admin_multi_v510/EvoMaster_rating_admin_faults_Test/test_10_deleteOnRateReturnsMismatchResponseWithSchema/run_stdout.log,/home/azureuser/yas/evomaster-config/runtime-logs/methods/rating/admin_multi_v510/EvoMaster_rating_admin_faults_Test/test_10_deleteOnRateReturnsMismatchResponseWithSchema/run_stderr.log
rating,admin_multi_v510,EvoMaster_rating_admin_faults_Test.java,EvoMaster_rating_admin_faults_Test,test_11_getOnLatestReturnsMismatchResponseWithSchema,False,1,401,/rating/backoffice/ratings/latest/{count},GET,401,.statusCode(401) .assertThat(),2,".get(baseUrlOfSut + ""/rating/backoffice/ratings/latest/202"")",,,faults,/home/azureuser/yas/evomaster-config/generated-tests/blackbox/rating/admin_multi_v510/EvoMaster_rating_admin_faults_Test.java,23,6,True,0,,0,0,,100.0,0,0,0,0,0,0,False,,/home/azureuser/yas/evomaster-config/runtime-logs/classes/rating/admin_multi_v510/EvoMaster_rating_admin_faults_Test,/home/azureuser/yas/evomaster-config/runtime-logs/classes/rating/admin_multi_v510/EvoMaster_rating_admin_faults_Test/compile.log,/home/azureuser/yas/evomaster-config/runtime-logs/classes/rating/admin_multi_v510/EvoMaster_rating_admin_faults_Test/compile_stdout.log,/home/azureuser/yas/evomaster-config/runtime-logs/classes/rating/admin_multi_v510/EvoMaster_rating_admin_faults_Test/compile_stderr.log,True,True,0,,0,False,12.56,10.99,154.89,Test passed (detected via Surefire XML),/home/azureuser/yas/evomaster-config/runtime-logs/methods/rating/admin_multi_v510/EvoMaster_rating_admin_faults_Test/test_11_getOnLatestReturnsMismatchResponseWithSchema,/home/azureuser/yas/evomaster-config/runtime-logs/methods/rating/admin_multi_v510/EvoMaster_rating_admin_faults_Test/test_11_getOnLatestReturnsMismatchResponseWithSchema/run.log,/home/azureuser/yas/evomaster-config/runtime-logs/methods/rating/admin_multi_v510/EvoMaster_rating_admin_faults_Test/test_11_getOnLatestReturnsMismatchResponseWithSchema/run_stdout.log,/home/azureuser/yas/evomaster-config/runtime-logs/methods/rating/admin_multi_v510/EvoMaster_rating_admin_faults_Test/test_11_getOnLatestReturnsMismatchResponseWithSchema/run_stderr.log
rating,admin_multi_v510,EvoMaster_rating_admin_faults_Test.java,EvoMaster_rating_admin_faults_Test,test_12_getOnLatestReturnsMismatchResponseWithSchema,False,1,403,/rating/backoffice/ratings/latest/{count},GET,403,.statusCode(403) .assertThat(),2,".get(baseUrlOfSut + ""/rating/backoffice/ratings/latest/170"")",,".header(""Authorization"", ""Bearer eyJhbGciOiJSUzI1NiIsInR5cCIgOiAiSldUIiwia2lkIiA6ICJRV3VUQ0MyR3BpbU94RjhuT2hRX0hLMnBWRUxZd0x2Z3BYNnVxWjgyVkRRIn0.eyJleHAiOjE3NzQyOTU2MDQsImlhdCI6MTc3NDI5NTMwNCwianRpIjoiNGRkODk2YTktNjg4OS00NDJmLTk3ODEtNzI5MjA3MzI3YmE0IiwiaXNzIjoiaHR0cDovL2lkZW50aXR5L3JlYWxtcy9ZYXMiLCJzdWIiOiIwNjAyM2Y3Ni1hOWNiLTRjYmQtOGM1Ny1hNDI1ZDBlMTRiZWIiLCJ0eXAiOiJCZWFyZXIiLCJhenAiOiJiYWNrb2ZmaWNlLWJmZiIsInNpZCI6Ijc0OWRkYmM4LTQ2NzAtNDA2OS04ZjNiLTMyZjM3NWQyNmUyZCIsInJlYWxtX2FjY2VzcyI6eyJyb2xlcyI6WyJkZWZhdWx0LXJvbGVzLXlhcyIsIm9mZmxpbmVfYWNjZXNzIiwiQ1VTVE9NRVIiLCJ1bWFfYXV0aG9yaXphdGlvbiJdfSwic2NvcGUiOiJlbWFpbCBwcm9maWxlIiwiZW1haWxfdmVyaWZpZWQiOmZhbHNlLCJwcmVmZXJyZWRfdXNlcm5hbWUiOiJ1c2VyIn0.QRS1rZlxmLhPSQl7Up-Yhc-F7ZdsuzF6ZS_-tzAXdXUVUvQ8LDovF26A9AgJBuPdUbdkzFrS9fEam-CbedyEPwVRVHYyDAZNf38WrVaY88e16rU8qA5u9cKuxLFHaORM7WUB90Ta5ONx2nIg2ysRU2K06UffTB7giEaxBcx_h2jtiPOwbfuZMKEtISML0w5QAEiWh2V7id0dPncpc0fT55q8QQMniT2FSmNUIVj6paz4GDTE8_j5toWm_6A5BaCO7uDf5vK0N0u5k3BGcL18LLQy5ErauRctHvDQT3NXExq6EhvnOaSRuUDOVJblMFWuCqBlVOT6LLWM5v7oCEC38g"")",faults,/home/azureuser/yas/evomaster-config/generated-tests/blackbox/rating/admin_multi_v510/EvoMaster_rating_admin_faults_Test.java,23,6,True,0,,0,0,,100.0,0,0,0,0,0,0,False,,/home/azureuser/yas/evomaster-config/runtime-logs/classes/rating/admin_multi_v510/EvoMaster_rating_admin_faults_Test,/home/azureuser/yas/evomaster-config/runtime-logs/classes/rating/admin_multi_v510/EvoMaster_rating_admin_faults_Test/compile.log,/home/azureuser/yas/evomaster-config/runtime-logs/classes/rating/admin_multi_v510/EvoMaster_rating_admin_faults_Test/compile_stdout.log,/home/azureuser/yas/evomaster-config/runtime-logs/classes/rating/admin_multi_v510/EvoMaster_rating_admin_faults_Test/compile_stderr.log,False,True,1,java.lang.AssertionError;test_failure,1,False,12.54,11.36,168.04,"Tests run: 1, Failures: 1, Errors: 0, Skipped: 0",/home/azureuser/yas/evomaster-config/runtime-logs/methods/rating/admin_multi_v510/EvoMaster_rating_admin_faults_Test/test_12_getOnLatestReturnsMismatchResponseWithSchema,/home/azureuser/yas/evomaster-config/runtime-logs/methods/rating/admin_multi_v510/EvoMaster_rating_admin_faults_Test/test_12_getOnLatestReturnsMismatchResponseWithSchema/run.log,/home/azureuser/yas/evomaster-config/runtime-logs/methods/rating/admin_multi_v510/EvoMaster_rating_admin_faults_Test/test_12_getOnLatestReturnsMismatchResponseWithSchema/run_stdout.log,/home/azureuser/yas/evomaster-config/runtime-logs/methods/rating/admin_multi_v510/EvoMaster_rating_admin_faults_Test/test_12_getOnLatestReturnsMismatchResponseWithSchema/run_stderr.log
rating,admin_multi_v510,EvoMaster_rating_admin_successes_Test.java,EvoMaster_rating_admin_successes_Test,test_2_getOnLatestReturnsEmptyList,False,1,200,/rating/backoffice/ratings/latest/{count},GET,200,.statusCode(200) .assertThat(),3,".get(baseUrlOfSut + ""/rating/backoffice/ratings/latest/188"")",,".header(""Authorization"", ""Bearer eyJhbGciOiJSUzI1NiIsInR5cCIgOiAiSldUIiwia2lkIiA6ICJRV3VUQ0MyR3BpbU94RjhuT2hRX0hLMnBWRUxZd0x2Z3BYNnVxWjgyVkRRIn0.eyJleHAiOjE3NzQyOTU2MDQsImlhdCI6MTc3NDI5NTMwNCwianRpIjoiOWMwMTA0YWQtOGUwNS00NWE3LTgwZDQtNTkyMDBjM2M2MWI2IiwiaXNzIjoiaHR0cDovL2lkZW50aXR5L3JlYWxtcy9ZYXMiLCJzdWIiOiI2YTRjY2Y1OC0xNGE3LTRjNjgtOGYzNS05MTA3Zjk4NzU1YjIiLCJ0eXAiOiJCZWFyZXIiLCJhenAiOiJiYWNrb2ZmaWNlLWJmZiIsInNpZCI6IjI3OWMyYTljLTM5ZDQtNDE0OC04ZjNkLTkzODljNTQ0MDM5NiIsInJlYWxtX2FjY2VzcyI6eyJyb2xlcyI6WyJkZWZhdWx0LXJvbGVzLXlhcyIsIm9mZmxpbmVfYWNjZXNzIiwiQ1VTVE9NRVIiLCJ1bWFfYXV0aG9yaXphdGlvbiIsIkFETUlOIl19LCJzY29wZSI6ImVtYWlsIHByb2ZpbGUiLCJlbWFpbF92ZXJpZmllZCI6ZmFsc2UsIm5hbWUiOiJKb2huIERvZSIsInByZWZlcnJlZF91c2VybmFtZSI6ImFkbWluIiwiZ2l2ZW5fbmFtZSI6IkpvaG4iLCJmYW1pbHlfbmFtZSI6IkRvZSIsImVtYWlsIjoiYWRtaW5AZ21haWwuY29tIn0.bKOHJ5ofew0mVcYs1OQFE98wQ01_qr5x-8iu7NbqmejEw9fO2tcL9eUyaXgZKEER2wvJNX2ZB-dokWnFl09oK9_edBJsUPA9vogG9OYY-ny486GaujkhpBSC9ek9AAtsYevk9R_xdwUmd6kFwonVLrXI5PEWJQ31cZUp_i8bql8XjdemWor2YkfACEsuTdsQmvEaEOGvdIRg7UbvyDLaLdshLqp_KF8AIwuHlOM7Bc4I-0YIMUT7QJewIFhK5n8UkcBC7GMNSJlZDQeFwqt_K9pcqJTligAIT9GRIcoFOtLvou2OvB_EIo2jGLvUXz2TEEKW8j52uxEFBbQjQ07aOA"")",successes,/home/azureuser/yas/evomaster-config/generated-tests/blackbox/rating/admin_multi_v510/EvoMaster_rating_admin_successes_Test.java,23,6,True,0,,0,0,,100.0,0,0,0,0,0,0,False,,/home/azureuser/yas/evomaster-config/runtime-logs/classes/rating/admin_multi_v510/EvoMaster_rating_admin_successes_Test,/home/azureuser/yas/evomaster-config/runtime-logs/classes/rating/admin_multi_v510/EvoMaster_rating_admin_successes_Test/compile.log,/home/azureuser/yas/evomaster-config/runtime-logs/classes/rating/admin_multi_v510/EvoMaster_rating_admin_successes_Test/compile_stdout.log,/home/azureuser/yas/evomaster-config/runtime-logs/classes/rating/admin_multi_v510/EvoMaster_rating_admin_successes_Test/compile_stderr.log,False,True,1,java.lang.AssertionError;test_failure,1,False,13.04,11.78,162.33,"Tests run: 1, Failures: 1, Errors: 0, Skipped: 0",/home/azureuser/yas/evomaster-config/runtime-logs/methods/rating/admin_multi_v510/EvoMaster_rating_admin_successes_Test/test_2_getOnLatestReturnsEmptyList,/home/azureuser/yas/evomaster-config/runtime-logs/methods/rating/admin_multi_v510/EvoMaster_rating_admin_successes_Test/test_2_getOnLatestReturnsEmptyList/run.log,/home/azureuser/yas/evomaster-config/runtime-logs/methods/rating/admin_multi_v510/EvoMaster_rating_admin_successes_Test/test_2_getOnLatestReturnsEmptyList/run_stdout.log,/home/azureuser/yas/evomaster-config/runtime-logs/methods/rating/admin_multi_v510/EvoMaster_rating_admin_successes_Test/test_2_getOnLatestReturnsEmptyList/run_stderr.log
rating,customer,EvoMaster_rating_customer_faults.java,EvoMaster_rating_customer_faults,test_0_postOnRatingsShowsFaults_100_101,False,1,500,/rating/storefront/ratings,POST,500,.statusCode(500) .assertThat(),6,".post(baseUrlOfSut + ""/rating/storefront/ratings"")",".body("" { "" + 
                    "" \""content\"": \""R_VnOZoqI\"", "" + 
                    "" \""productName\"": \""8FyjoH\"" "" + 
                    "" } "")",".header(""Authorization"", ""Bearer eyJhbGciOiJSUzI1NiIsInR5cCIgOiAiSldUIiwia2lkIiA6ICJ5UnVxX2x3MGdHbXppekN6M183cmNYZXVWS24zaHpvQ21pVV9lT1B0Wm9vIn0.eyJleHAiOjE3Nzc1MjQ4MDUsImlhdCI6MTc3NzUyMTIwNSwianRpIjoiNmYwYjdmN2ItODExNy00MmM3LThlYjctMjcxMDA4ZGNmOTc0IiwiaXNzIjoiaHR0cDovL2lkZW50aXR5L3JlYWxtcy9ZYXMiLCJzdWIiOiIxNDhkMGZjNi1lYmZjLTQ0MjQtYjVmZC1hZjZjZGNlNTQxNDQiLCJ0eXAiOiJCZWFyZXIiLCJhenAiOiJiYWNrb2ZmaWNlLWJmZiIsInNpZCI6ImYxZTg0YTlmLTE5MWEtNGIwZS05ZTZhLWNhNzI5YzJmZjQ3OCIsInJlYWxtX2FjY2VzcyI6eyJyb2xlcyI6WyJkZWZhdWx0LXJvbGVzLXlhcyIsIm9mZmxpbmVfYWNjZXNzIiwiQ1VTVE9NRVIiLCJ1bWFfYXV0aG9yaXphdGlvbiJdfSwic2NvcGUiOiJlbWFpbCBwcm9maWxlIiwiZW1haWxfdmVyaWZpZWQiOmZhbHNlLCJwcmVmZXJyZWRfdXNlcm5hbWUiOiJ1c2VyIn0.pL8trWKPugSVo7bGUVltm9cV5YkqrRYhGMSTtSsvtXgtAycKHfHQqAyUdSxZmuD_WwD3-bfh4AUqORU8RI4JSrvFoenqfD7IisJ0z9WBxaAZOujP4T1Pe9lxIQPe2l3roAowHRyX9MIB50PMVHbhaK1KGB_n3QQX0amAD_aYUB8RZvFtxoNBS4QWhzCljAoCsBnm_FuQWbsKCqWOIxA1hjGzDr9bKRLo8bKnRLHnDbJDEgD8bxym0lI9V3ja0sgUWN1VMp3p9kql4EIXiLldIqrmNjLwaeku5GVJpaGw_8z2UPwgLJ0eQTnIdatryuvw-eXZCbEgzdLqbxOVzQQDuA"")",faults,/home/azureuser/yas/evomaster-config/generated-tests/blackbox/rating/customer/EvoMaster_rating_customer_faults.java,21,6,True,0,,0,0,,100.0,0,0,0,0,0,0,False,,/home/azureuser/yas/evomaster-config/runtime-logs/classes/rating/customer/EvoMaster_rating_customer_faults,/home/azureuser/yas/evomaster-config/runtime-logs/classes/rating/customer/EvoMaster_rating_customer_faults/compile.log,/home/azureuser/yas/evomaster-config/runtime-logs/classes/rating/customer/EvoMaster_rating_customer_faults/compile_stdout.log,/home/azureuser/yas/evomaster-config/runtime-logs/classes/rating/customer/EvoMaster_rating_customer_faults/compile_stderr.log,True,True,0,,0,False,14.05,11.41,162.03,Test passed (detected via Surefire XML),/home/azureuser/yas/evomaster-config/runtime-logs/methods/rating/customer/EvoMaster_rating_customer_faults/test_0_postOnRatingsShowsFaults_100_101,/home/azureuser/yas/evomaster-config/runtime-logs/methods/rating/customer/EvoMaster_rating_customer_faults/test_0_postOnRatingsShowsFaults_100_101/run.log,/home/azureuser/yas/evomaster-config/runtime-logs/methods/rating/customer/EvoMaster_rating_customer_faults/test_0_postOnRatingsShowsFaults_100_101/run_stdout.log,/home/azureuser/yas/evomaster-config/runtime-logs/methods/rating/customer/EvoMaster_rating_customer_faults/test_0_postOnRatingsShowsFaults_100_101/run_stderr.log
rating,customer,EvoMaster_rating_customer_faults.java,EvoMaster_rating_customer_faults,test_9_postOnRatingsReturnsMismatchResponseWithSchema,False,1,403,/rating/storefront/ratings,POST,403,.statusCode(403) .assertThat(),5,".post(baseUrlOfSut + ""/rating/storefront/ratings"")",".body("" { "" + 
                    "" \""productId\"": 270 "" + 
                    "" } "")",,faults,/home/azureuser/yas/evomaster-config/generated-tests/blackbox/rating/customer/EvoMaster_rating_customer_faults.java,21,6,True,0,,0,0,,100.0,0,0,0,0,0,0,False,,/home/azureuser/yas/evomaster-config/runtime-logs/classes/rating/customer/EvoMaster_rating_customer_faults,/home/azureuser/yas/evomaster-config/runtime-logs/classes/rating/customer/EvoMaster_rating_customer_faults/compile.log,/home/azureuser/yas/evomaster-config/runtime-logs/classes/rating/customer/EvoMaster_rating_customer_faults/compile_stdout.log,/home/azureuser/yas/evomaster-config/runtime-logs/classes/rating/customer/EvoMaster_rating_customer_faults/compile_stderr.log,True,True,0,,0,False,14.05,11.26,153.73,Test passed (detected via Surefire XML),/home/azureuser/yas/evomaster-config/runtime-logs/methods/rating/customer/EvoMaster_rating_customer_faults/test_9_postOnRatingsReturnsMismatchResponseWithSchema,/home/azureuser/yas/evomaster-config/runtime-logs/methods/rating/customer/EvoMaster_rating_customer_faults/test_9_postOnRatingsReturnsMismatchResponseWithSchema/run.log,/home/azureuser/yas/evomaster-config/runtime-logs/methods/rating/customer/EvoMaster_rating_customer_faults/test_9_postOnRatingsReturnsMismatchResponseWithSchema/run_stdout.log,/home/azureuser/yas/evomaster-config/runtime-logs/methods/rating/customer/EvoMaster_rating_customer_faults/test_9_postOnRatingsReturnsMismatchResponseWithSchema/run_stderr.log
rating,customer,EvoMaster_rating_customer_faults.java,EvoMaster_rating_customer_faults,test_10_postOnRatingsReturnsMismatchResponseWithSchema,False,1,403,/rating/storefront/ratings,POST,403,.statusCode(403) .assertThat(),6,".post(baseUrlOfSut + ""/rating/storefront/ratings"")",".body("" { "" + 
                    "" \""content\"": \""jq19cvE1Ri\"", "" + 
                    "" \""star\"": 92, "" + 
                    "" \""productName\"": \""z29B\"" "" + 
                    "" } "")",".header(""Authorization"", ""Bearer eyJhbGciOiJSUzI1NiIsInR5cCIgOiAiSldUIiwia2lkIiA6ICJ5UnVxX2x3MGdHbXppekN6M183cmNYZXVWS24zaHpvQ21pVV9lT1B0Wm9vIn0.eyJleHAiOjE3Nzc1MjQ4MDUsImlhdCI6MTc3NzUyMTIwNSwianRpIjoiNmYwYjdmN2ItODExNy00MmM3LThlYjctMjcxMDA4ZGNmOTc0IiwiaXNzIjoiaHR0cDovL2lkZW50aXR5L3JlYWxtcy9ZYXMiLCJzdWIiOiIxNDhkMGZjNi1lYmZjLTQ0MjQtYjVmZC1hZjZjZGNlNTQxNDQiLCJ0eXAiOiJCZWFyZXIiLCJhenAiOiJiYWNrb2ZmaWNlLWJmZiIsInNpZCI6ImYxZTg0YTlmLTE5MWEtNGIwZS05ZTZhLWNhNzI5YzJmZjQ3OCIsInJlYWxtX2FjY2VzcyI6eyJyb2xlcyI6WyJkZWZhdWx0LXJvbGVzLXlhcyIsIm9mZmxpbmVfYWNjZXNzIiwiQ1VTVE9NRVIiLCJ1bWFfYXV0aG9yaXphdGlvbiJdfSwic2NvcGUiOiJlbWFpbCBwcm9maWxlIiwiZW1haWxfdmVyaWZpZWQiOmZhbHNlLCJwcmVmZXJyZWRfdXNlcm5hbWUiOiJ1c2VyIn0.pL8trWKPugSVo7bGUVltm9cV5YkqrRYhGMSTtSsvtXgtAycKHfHQqAyUdSxZmuD_WwD3-bfh4AUqORU8RI4JSrvFoenqfD7IisJ0z9WBxaAZOujP4T1Pe9lxIQPe2l3roAowHRyX9MIB50PMVHbhaK1KGB_n3QQX0amAD_aYUB8RZvFtxoNBS4QWhzCljAoCsBnm_FuQWbsKCqWOIxA1hjGzDr9bKRLo8bKnRLHnDbJDEgD8bxym0lI9V3ja0sgUWN1VMp3p9kql4EIXiLldIqrmNjLwaeku5GVJpaGw_8z2UPwgLJ0eQTnIdatryuvw-eXZCbEgzdLqbxOVzQQDuA"")",faults,/home/azureuser/yas/evomaster-config/generated-tests/blackbox/rating/customer/EvoMaster_rating_customer_faults.java,21,6,True,0,,0,0,,100.0,0,0,0,0,0,0,False,,/home/azureuser/yas/evomaster-config/runtime-logs/classes/rating/customer/EvoMaster_rating_customer_faults,/home/azureuser/yas/evomaster-config/runtime-logs/classes/rating/customer/EvoMaster_rating_customer_faults/compile.log,/home/azureuser/yas/evomaster-config/runtime-logs/classes/rating/customer/EvoMaster_rating_customer_faults/compile_stdout.log,/home/azureuser/yas/evomaster-config/runtime-logs/classes/rating/customer/EvoMaster_rating_customer_faults/compile_stderr.log,True,True,0,,0,False,14.04,11.42,155.72,Test passed (detected via Surefire XML),/home/azureuser/yas/evomaster-config/runtime-logs/methods/rating/customer/EvoMaster_rating_customer_faults/test_10_postOnRatingsReturnsMismatchResponseWithSchema,/home/azureuser/yas/evomaster-config/runtime-logs/methods/rating/customer/EvoMaster_rating_customer_faults/test_10_postOnRatingsReturnsMismatchResponseWithSchema/run.log,/home/azureuser/yas/evomaster-config/runtime-logs/methods/rating/customer/EvoMaster_rating_customer_faults/test_10_postOnRatingsReturnsMismatchResponseWithSchema/run_stdout.log,/home/azureuser/yas/evomaster-config/runtime-logs/methods/rating/customer/EvoMaster_rating_customer_faults/test_10_postOnRatingsReturnsMismatchResponseWithSchema/run_stderr.log
rating,customer,EvoMaster_rating_customer_faults.java,EvoMaster_rating_customer_faults,test_11_deleteOnRateReturnsMismatchResponseWithSchema,False,1,403,/rating/backoffice/ratings/{id},DELETE,403,.statusCode(403) .assertThat(),2,".delete(baseUrlOfSut + ""/rating/backoffice/ratings/837"")",,".header(""Authorization"", ""Bearer eyJhbGciOiJSUzI1NiIsInR5cCIgOiAiSldUIiwia2lkIiA6ICJ5UnVxX2x3MGdHbXppekN6M183cmNYZXVWS24zaHpvQ21pVV9lT1B0Wm9vIn0.eyJleHAiOjE3Nzc1MjQ4MDUsImlhdCI6MTc3NzUyMTIwNSwianRpIjoiNmYwYjdmN2ItODExNy00MmM3LThlYjctMjcxMDA4ZGNmOTc0IiwiaXNzIjoiaHR0cDovL2lkZW50aXR5L3JlYWxtcy9ZYXMiLCJzdWIiOiIxNDhkMGZjNi1lYmZjLTQ0MjQtYjVmZC1hZjZjZGNlNTQxNDQiLCJ0eXAiOiJCZWFyZXIiLCJhenAiOiJiYWNrb2ZmaWNlLWJmZiIsInNpZCI6ImYxZTg0YTlmLTE5MWEtNGIwZS05ZTZhLWNhNzI5YzJmZjQ3OCIsInJlYWxtX2FjY2VzcyI6eyJyb2xlcyI6WyJkZWZhdWx0LXJvbGVzLXlhcyIsIm9mZmxpbmVfYWNjZXNzIiwiQ1VTVE9NRVIiLCJ1bWFfYXV0aG9yaXphdGlvbiJdfSwic2NvcGUiOiJlbWFpbCBwcm9maWxlIiwiZW1haWxfdmVyaWZpZWQiOmZhbHNlLCJwcmVmZXJyZWRfdXNlcm5hbWUiOiJ1c2VyIn0.pL8trWKPugSVo7bGUVltm9cV5YkqrRYhGMSTtSsvtXgtAycKHfHQqAyUdSxZmuD_WwD3-bfh4AUqORU8RI4JSrvFoenqfD7IisJ0z9WBxaAZOujP4T1Pe9lxIQPe2l3roAowHRyX9MIB50PMVHbhaK1KGB_n3QQX0amAD_aYUB8RZvFtxoNBS4QWhzCljAoCsBnm_FuQWbsKCqWOIxA1hjGzDr9bKRLo8bKnRLHnDbJDEgD8bxym0lI9V3ja0sgUWN1VMp3p9kql4EIXiLldIqrmNjLwaeku5GVJpaGw_8z2UPwgLJ0eQTnIdatryuvw-eXZCbEgzdLqbxOVzQQDuA"")",faults,/home/azureuser/yas/evomaster-config/generated-tests/blackbox/rating/customer/EvoMaster_rating_customer_faults.java,21,6,True,0,,0,0,,100.0,0,0,0,0,0,0,False,,/home/azureuser/yas/evomaster-config/runtime-logs/classes/rating/customer/EvoMaster_rating_customer_faults,/home/azureuser/yas/evomaster-config/runtime-logs/classes/rating/customer/EvoMaster_rating_customer_faults/compile.log,/home/azureuser/yas/evomaster-config/runtime-logs/classes/rating/customer/EvoMaster_rating_customer_faults/compile_stdout.log,/home/azureuser/yas/evomaster-config/runtime-logs/classes/rating/customer/EvoMaster_rating_customer_faults/compile_stderr.log,True,True,0,,0,False,12.54,11.54,151.86,Test passed (detected via Surefire XML),/home/azureuser/yas/evomaster-config/runtime-logs/methods/rating/customer/EvoMaster_rating_customer_faults/test_11_deleteOnRateReturnsMismatchResponseWithSchema,/home/azureuser/yas/evomaster-config/runtime-logs/methods/rating/customer/EvoMaster_rating_customer_faults/test_11_deleteOnRateReturnsMismatchResponseWithSchema/run.log,/home/azureuser/yas/evomaster-config/runtime-logs/methods/rating/customer/EvoMaster_rating_customer_faults/test_11_deleteOnRateReturnsMismatchResponseWithSchema/run_stdout.log,/home/azureuser/yas/evomaster-config/runtime-logs/methods/rating/customer/EvoMaster_rating_customer_faults/test_11_deleteOnRateReturnsMismatchResponseWithSchema/run_stderr.log
rating,customer,EvoMaster_rating_customer_faults.java,EvoMaster_rating_customer_faults,test_12_deleteOnRateReturnsMismatchResponseWithSchema,False,1,403,/rating/backoffice/ratings/{id},DELETE,403,.statusCode(403) .assertThat(),5,".delete(baseUrlOfSut + ""/rating/backoffice/ratings/613"")",,,faults,/home/azureuser/yas/evomaster-config/generated-tests/blackbox/rating/customer/EvoMaster_rating_customer_faults.java,21,6,True,0,,0,0,,100.0,0,0,0,0,0,0,False,,/home/azureuser/yas/evomaster-config/runtime-logs/classes/rating/customer/EvoMaster_rating_customer_faults,/home/azureuser/yas/evomaster-config/runtime-logs/classes/rating/customer/EvoMaster_rating_customer_faults/compile.log,/home/azureuser/yas/evomaster-config/runtime-logs/classes/rating/customer/EvoMaster_rating_customer_faults/compile_stdout.log,/home/azureuser/yas/evomaster-config/runtime-logs/classes/rating/customer/EvoMaster_rating_customer_faults/compile_stderr.log,True,True,0,,0,False,14.05,11.18,161.38,Test passed (detected via Surefire XML),/home/azureuser/yas/evomaster-config/runtime-logs/methods/rating/customer/EvoMaster_rating_customer_faults/test_12_deleteOnRateReturnsMismatchResponseWithSchema,/home/azureuser/yas/evomaster-config/runtime-logs/methods/rating/customer/EvoMaster_rating_customer_faults/test_12_deleteOnRateReturnsMismatchResponseWithSchema/run.log,/home/azureuser/yas/evomaster-config/runtime-logs/methods/rating/customer/EvoMaster_rating_customer_faults/test_12_deleteOnRateReturnsMismatchResponseWithSchema/run_stdout.log,/home/azureuser/yas/evomaster-config/runtime-logs/methods/rating/customer/EvoMaster_rating_customer_faults/test_12_deleteOnRateReturnsMismatchResponseWithSchema/run_stderr.log
rating,customer,EvoMaster_rating_customer_faults.java,EvoMaster_rating_customer_faults,test_13_getOnLatestReturnsMismatchResponseWithSchema,False,1,401,/rating/backoffice/ratings/latest/{count},GET,401,.statusCode(401) .assertThat(),2,".get(baseUrlOfSut + ""/rating/backoffice/ratings/latest/880"")",,,faults,/home/azureuser/yas/evomaster-config/generated-tests/blackbox/rating/customer/EvoMaster_rating_customer_faults.java,21,6,True,0,,0,0,,100.0,0,0,0,0,0,0,False,,/home/azureuser/yas/evomaster-config/runtime-logs/classes/rating/customer/EvoMaster_rating_customer_faults,/home/azureuser/yas/evomaster-config/runtime-logs/classes/rating/customer/EvoMaster_rating_customer_faults/compile.log,/home/azureuser/yas/evomaster-config/runtime-logs/classes/rating/customer/EvoMaster_rating_customer_faults/compile_stdout.log,/home/azureuser/yas/evomaster-config/runtime-logs/classes/rating/customer/EvoMaster_rating_customer_faults/compile_stderr.log,True,True,0,,0,False,12.53,11.17,158.11,Test passed (detected via Surefire XML),/home/azureuser/yas/evomaster-config/runtime-logs/methods/rating/customer/EvoMaster_rating_customer_faults/test_13_getOnLatestReturnsMismatchResponseWithSchema,/home/azureuser/yas/evomaster-config/runtime-logs/methods/rating/customer/EvoMaster_rating_customer_faults/test_13_getOnLatestReturnsMismatchResponseWithSchema/run.log,/home/azureuser/yas/evomaster-config/runtime-logs/methods/rating/customer/EvoMaster_rating_customer_faults/test_13_getOnLatestReturnsMismatchResponseWithSchema/run_stdout.log,/home/azureuser/yas/evomaster-config/runtime-logs/methods/rating/customer/EvoMaster_rating_customer_faults/test_13_getOnLatestReturnsMismatchResponseWithSchema/run_stderr.log
rating,customer,EvoMaster_rating_customer_faults.java,EvoMaster_rating_customer_faults,test_14_getOnLatestReturnsMismatchResponseWithSchema,False,1,403,/rating/backoffice/ratings/latest/{count},GET,403,.statusCode(403) .assertThat(),2,".get(baseUrlOfSut + ""/rating/backoffice/ratings/latest/53"")",,".header(""Authorization"", ""Bearer eyJhbGciOiJSUzI1NiIsInR5cCIgOiAiSldUIiwia2lkIiA6ICJ5UnVxX2x3MGdHbXppekN6M183cmNYZXVWS24zaHpvQ21pVV9lT1B0Wm9vIn0.eyJleHAiOjE3Nzc1MjQ4MDUsImlhdCI6MTc3NzUyMTIwNSwianRpIjoiNmYwYjdmN2ItODExNy00MmM3LThlYjctMjcxMDA4ZGNmOTc0IiwiaXNzIjoiaHR0cDovL2lkZW50aXR5L3JlYWxtcy9ZYXMiLCJzdWIiOiIxNDhkMGZjNi1lYmZjLTQ0MjQtYjVmZC1hZjZjZGNlNTQxNDQiLCJ0eXAiOiJCZWFyZXIiLCJhenAiOiJiYWNrb2ZmaWNlLWJmZiIsInNpZCI6ImYxZTg0YTlmLTE5MWEtNGIwZS05ZTZhLWNhNzI5YzJmZjQ3OCIsInJlYWxtX2FjY2VzcyI6eyJyb2xlcyI6WyJkZWZhdWx0LXJvbGVzLXlhcyIsIm9mZmxpbmVfYWNjZXNzIiwiQ1VTVE9NRVIiLCJ1bWFfYXV0aG9yaXphdGlvbiJdfSwic2NvcGUiOiJlbWFpbCBwcm9maWxlIiwiZW1haWxfdmVyaWZpZWQiOmZhbHNlLCJwcmVmZXJyZWRfdXNlcm5hbWUiOiJ1c2VyIn0.pL8trWKPugSVo7bGUVltm9cV5YkqrRYhGMSTtSsvtXgtAycKHfHQqAyUdSxZmuD_WwD3-bfh4AUqORU8RI4JSrvFoenqfD7IisJ0z9WBxaAZOujP4T1Pe9lxIQPe2l3roAowHRyX9MIB50PMVHbhaK1KGB_n3QQX0amAD_aYUB8RZvFtxoNBS4QWhzCljAoCsBnm_FuQWbsKCqWOIxA1hjGzDr9bKRLo8bKnRLHnDbJDEgD8bxym0lI9V3ja0sgUWN1VMp3p9kql4EIXiLldIqrmNjLwaeku5GVJpaGw_8z2UPwgLJ0eQTnIdatryuvw-eXZCbEgzdLqbxOVzQQDuA"")",faults,/home/azureuser/yas/evomaster-config/generated-tests/blackbox/rating/customer/EvoMaster_rating_customer_faults.java,21,6,True,0,,0,0,,100.0,0,0,0,0,0,0,False,,/home/azureuser/yas/evomaster-config/runtime-logs/classes/rating/customer/EvoMaster_rating_customer_faults,/home/azureuser/yas/evomaster-config/runtime-logs/classes/rating/customer/EvoMaster_rating_customer_faults/compile.log,/home/azureuser/yas/evomaster-config/runtime-logs/classes/rating/customer/EvoMaster_rating_customer_faults/compile_stdout.log,/home/azureuser/yas/evomaster-config/runtime-logs/classes/rating/customer/EvoMaster_rating_customer_faults/compile_stderr.log,True,True,0,,0,False,13.04,11.26,156.36,Test passed (detected via Surefire XML),/home/azureuser/yas/evomaster-config/runtime-logs/methods/rating/customer/EvoMaster_rating_customer_faults/test_14_getOnLatestReturnsMismatchResponseWithSchema,/home/azureuser/yas/evomaster-config/runtime-logs/methods/rating/customer/EvoMaster_rating_customer_faults/test_14_getOnLatestReturnsMismatchResponseWithSchema/run.log,/home/azureuser/yas/evomaster-config/runtime-logs/methods/rating/customer/EvoMaster_rating_customer_faults/test_14_getOnLatestReturnsMismatchResponseWithSchema/run_stdout.log,/home/azureuser/yas/evomaster-config/runtime-logs/methods/rating/customer/EvoMaster_rating_customer_faults/test_14_getOnLatestReturnsMismatchResponseWithSchema/run_stderr.log
rating,none,EvoMaster_rating_none_faults.java,EvoMaster_rating_none_faults,test_6_postOnRatingsReturnsMismatchResponseWithSchema,False,1,403,/rating/storefront/ratings,POST,403,.statusCode(403) .assertThat(),5,".post(baseUrlOfSut + ""/rating/storefront/ratings"")",".body("" { "" + 
                    "" \""productId\"": 211, "" + 
                    "" \""productName\"": \""junXB\"" "" + 
                    "" } "")",,faults,/home/azureuser/yas/evomaster-config/generated-tests/blackbox/rating/none/EvoMaster_rating_none_faults.java,21,6,True,0,,0,0,,100.0,0,0,0,0,0,0,False,,/home/azureuser/yas/evomaster-config/runtime-logs/classes/rating/none/EvoMaster_rating_none_faults,/home/azureuser/yas/evomaster-config/runtime-logs/classes/rating/none/EvoMaster_rating_none_faults/compile.log,/home/azureuser/yas/evomaster-config/runtime-logs/classes/rating/none/EvoMaster_rating_none_faults/compile_stdout.log,/home/azureuser/yas/evomaster-config/runtime-logs/classes/rating/none/EvoMaster_rating_none_faults/compile_stderr.log,True,True,0,,0,False,14.56,11.95,168.54,Test passed (detected via Surefire XML),/home/azureuser/yas/evomaster-config/runtime-logs/methods/rating/none/EvoMaster_rating_none_faults/test_6_postOnRatingsReturnsMismatchResponseWithSchema,/home/azureuser/yas/evomaster-config/runtime-logs/methods/rating/none/EvoMaster_rating_none_faults/test_6_postOnRatingsReturnsMismatchResponseWithSchema/run.log,/home/azureuser/yas/evomaster-config/runtime-logs/methods/rating/none/EvoMaster_rating_none_faults/test_6_postOnRatingsReturnsMismatchResponseWithSchema/run_stdout.log,/home/azureuser/yas/evomaster-config/runtime-logs/methods/rating/none/EvoMaster_rating_none_faults/test_6_postOnRatingsReturnsMismatchResponseWithSchema/run_stderr.log
rating,none,EvoMaster_rating_none_faults.java,EvoMaster_rating_none_faults,test_7_deleteOnRateReturnsMismatchResponseWithSchema,False,1,403,/rating/backoffice/ratings/{id},DELETE,403,.statusCode(403) .assertThat(),5,".delete(baseUrlOfSut + ""/rating/backoffice/ratings/19"")",,,faults,/home/azureuser/yas/evomaster-config/generated-tests/blackbox/rating/none/EvoMaster_rating_none_faults.java,21,6,True,0,,0,0,,100.0,0,0,0,0,0,0,False,,/home/azureuser/yas/evomaster-config/runtime-logs/classes/rating/none/EvoMaster_rating_none_faults,/home/azureuser/yas/evomaster-config/runtime-logs/classes/rating/none/EvoMaster_rating_none_faults/compile.log,/home/azureuser/yas/evomaster-config/runtime-logs/classes/rating/none/EvoMaster_rating_none_faults/compile_stdout.log,/home/azureuser/yas/evomaster-config/runtime-logs/classes/rating/none/EvoMaster_rating_none_faults/compile_stderr.log,True,True,0,,0,False,14.04,11.1,159.12,Test passed (detected via Surefire XML),/home/azureuser/yas/evomaster-config/runtime-logs/methods/rating/none/EvoMaster_rating_none_faults/test_7_deleteOnRateReturnsMismatchResponseWithSchema,/home/azureuser/yas/evomaster-config/runtime-logs/methods/rating/none/EvoMaster_rating_none_faults/test_7_deleteOnRateReturnsMismatchResponseWithSchema/run.log,/home/azureuser/yas/evomaster-config/runtime-logs/methods/rating/none/EvoMaster_rating_none_faults/test_7_deleteOnRateReturnsMismatchResponseWithSchema/run_stdout.log,/home/azureuser/yas/evomaster-config/runtime-logs/methods/rating/none/EvoMaster_rating_none_faults/test_7_deleteOnRateReturnsMismatchResponseWithSchema/run_stderr.log
rating,none,EvoMaster_rating_none_faults.java,EvoMaster_rating_none_faults,test_8_getOnLatestReturnsMismatchResponseWithSchema,False,1,401,/rating/backoffice/ratings/latest/{count},GET,401,.statusCode(401) .assertThat(),2,".get(baseUrlOfSut + ""/rating/backoffice/ratings/latest/66"")",,,faults,/home/azureuser/yas/evomaster-config/generated-tests/blackbox/rating/none/EvoMaster_rating_none_faults.java,21,6,True,0,,0,0,,100.0,0,0,0,0,0,0,False,,/home/azureuser/yas/evomaster-config/runtime-logs/classes/rating/none/EvoMaster_rating_none_faults,/home/azureuser/yas/evomaster-config/runtime-logs/classes/rating/none/EvoMaster_rating_none_faults/compile.log,/home/azureuser/yas/evomaster-config/runtime-logs/classes/rating/none/EvoMaster_rating_none_faults/compile_stdout.log,/home/azureuser/yas/evomaster-config/runtime-logs/classes/rating/none/EvoMaster_rating_none_faults/compile_stderr.log,True,True,0,,0,False,12.04,10.82,156.11,Test passed (detected via Surefire XML),/home/azureuser/yas/evomaster-config/runtime-logs/methods/rating/none/EvoMaster_rating_none_faults/test_8_getOnLatestReturnsMismatchResponseWithSchema,/home/azureuser/yas/evomaster-config/runtime-logs/methods/rating/none/EvoMaster_rating_none_faults/test_8_getOnLatestReturnsMismatchResponseWithSchema/run.log,/home/azureuser/yas/evomaster-config/runtime-logs/methods/rating/none/EvoMaster_rating_none_faults/test_8_getOnLatestReturnsMismatchResponseWithSchema/run_stdout.log,/home/azureuser/yas/evomaster-config/runtime-logs/methods/rating/none/EvoMaster_rating_none_faults/test_8_getOnLatestReturnsMismatchResponseWithSchema/run_stderr.log
sampledata,admin_multi_v510,EvoMaster_sampledata_admin_faults_Test.java,EvoMaster_sampledata_admin_faults_Test,test_0_postOnSampledataReturnsMismatchResponseWithSchema,False,1,200,/sampledata/storefront/sampledata,POST,200,.statusCode(200) .assertThat(),3,".post(baseUrlOfSut + ""/sampledata/storefront/sampledata"")",".body("" { } "")",".header(""Authorization"", ""Bearer eyJhbGciOiJSUzI1NiIsInR5cCIgOiAiSldUIiwia2lkIiA6ICJRV3VUQ0MyR3BpbU94RjhuT2hRX0hLMnBWRUxZd0x2Z3BYNnVxWjgyVkRRIn0.eyJleHAiOjE3NzQyOTI1MjgsImlhdCI6MTc3NDI5MjIyOCwianRpIjoiZmM4MGE3MzQtZWQ3OS00NTdmLTgzYTQtNjY4ZDk1MDgzNjA5IiwiaXNzIjoiaHR0cDovL2lkZW50aXR5L3JlYWxtcy9ZYXMiLCJzdWIiOiIwNjAyM2Y3Ni1hOWNiLTRjYmQtOGM1Ny1hNDI1ZDBlMTRiZWIiLCJ0eXAiOiJCZWFyZXIiLCJhenAiOiJiYWNrb2ZmaWNlLWJmZiIsInNpZCI6ImM1ZjFiZWVkLWY1ZWItNDk3OC05ZDg5LWIxZGQ1NmUyOTBkMSIsInJlYWxtX2FjY2VzcyI6eyJyb2xlcyI6WyJkZWZhdWx0LXJvbGVzLXlhcyIsIm9mZmxpbmVfYWNjZXNzIiwiQ1VTVE9NRVIiLCJ1bWFfYXV0aG9yaXphdGlvbiJdfSwic2NvcGUiOiJlbWFpbCBwcm9maWxlIiwiZW1haWxfdmVyaWZpZWQiOmZhbHNlLCJwcmVmZXJyZWRfdXNlcm5hbWUiOiJ1c2VyIn0.KSxwABfYAVwB2LJqlr2QdYSt1H0vJGbxhoGQ6DEGzrVt02A5VQdM6O4wh3atpSaiDR1-7le48SPWH_Q8wBzfopvJgUcqCbvuzgGXrxKhjjevxnwqMUR34EHtMLmhDIRViy1MpBJPtk6VzBTEBgpUmING4MZxeImDJwoyQQPYeAre6UnRQl3CXMc3aJQIrsyqU01Fc5jz6j0tgvdG3P03mC5_I-IYshEtq5bbEk5a_0H119UHa4OX9NC36wAYudrUc0Vx1mUbEDuFapfcVRkl2lSPo84we_siUhZdxyc0_IFYlTdvPSDNVzPFcrgBCWUOaFsNC4wp3y-uaHJu6LUGSA"")",faults,/home/azureuser/yas/evomaster-config/generated-tests/blackbox/sampledata/admin_multi_v510/EvoMaster_sampledata_admin_faults_Test.java,23,6,True,0,,0,0,,100.0,0,0,0,0,0,0,False,,/home/azureuser/yas/evomaster-config/runtime-logs/classes/sampledata/admin_multi_v510/EvoMaster_sampledata_admin_faults_Test,/home/azureuser/yas/evomaster-config/runtime-logs/classes/sampledata/admin_multi_v510/EvoMaster_sampledata_admin_faults_Test/compile.log,/home/azureuser/yas/evomaster-config/runtime-logs/classes/sampledata/admin_multi_v510/EvoMaster_sampledata_admin_faults_Test/compile_stdout.log,/home/azureuser/yas/evomaster-config/runtime-logs/classes/sampledata/admin_multi_v510/EvoMaster_sampledata_admin_faults_Test/compile_stderr.log,False,True,1,java.lang.AssertionError;test_failure,1,False,12.54,11.18,157.53,"Tests run: 1, Failures: 1, Errors: 0, Skipped: 0",/home/azureuser/yas/evomaster-config/runtime-logs/methods/sampledata/admin_multi_v510/EvoMaster_sampledata_admin_faults_Test/test_0_postOnSampledataReturnsMismatchResponseWithSchema,/home/azureuser/yas/evomaster-config/runtime-logs/methods/sampledata/admin_multi_v510/EvoMaster_sampledata_admin_faults_Test/test_0_postOnSampledataReturnsMismatchResponseWithSchema/run.log,/home/azureuser/yas/evomaster-config/runtime-logs/methods/sampledata/admin_multi_v510/EvoMaster_sampledata_admin_faults_Test/test_0_postOnSampledataReturnsMismatchResponseWithSchema/run_stdout.log,/home/azureuser/yas/evomaster-config/runtime-logs/methods/sampledata/admin_multi_v510/EvoMaster_sampledata_admin_faults_Test/test_0_postOnSampledataReturnsMismatchResponseWithSchema/run_stderr.log
sampledata,admin_multi_v510,EvoMaster_sampledata_admin_faults_Test.java,EvoMaster_sampledata_admin_faults_Test,test_1_postOnSampledataReturnsMismatchResponseWithSchema,False,1,200,/sampledata/storefront/sampledata,POST,200,.statusCode(200) .assertThat(),3,".post(baseUrlOfSut + ""/sampledata/storefront/sampledata"")",".body("" { } "")",".header(""Authorization"", ""Bearer eyJhbGciOiJSUzI1NiIsInR5cCIgOiAiSldUIiwia2lkIiA6ICJRV3VUQ0MyR3BpbU94RjhuT2hRX0hLMnBWRUxZd0x2Z3BYNnVxWjgyVkRRIn0.eyJleHAiOjE3NzQyOTI1MjcsImlhdCI6MTc3NDI5MjIyNywianRpIjoiMWU5NjI1ZGMtMjJkYS00NDE5LWEyZDAtZTIyOGRhMGUyNjcyIiwiaXNzIjoiaHR0cDovL2lkZW50aXR5L3JlYWxtcy9ZYXMiLCJzdWIiOiI2YTRjY2Y1OC0xNGE3LTRjNjgtOGYzNS05MTA3Zjk4NzU1YjIiLCJ0eXAiOiJCZWFyZXIiLCJhenAiOiJiYWNrb2ZmaWNlLWJmZiIsInNpZCI6IjVjMTEwYjAyLWViZmQtNDc1YS1iY2JjLWU5M2MyZmRjMmZhYyIsInJlYWxtX2FjY2VzcyI6eyJyb2xlcyI6WyJkZWZhdWx0LXJvbGVzLXlhcyIsIm9mZmxpbmVfYWNjZXNzIiwiQ1VTVE9NRVIiLCJ1bWFfYXV0aG9yaXphdGlvbiIsIkFETUlOIl19LCJzY29wZSI6ImVtYWlsIHByb2ZpbGUiLCJlbWFpbF92ZXJpZmllZCI6ZmFsc2UsIm5hbWUiOiJKb2huIERvZSIsInByZWZlcnJlZF91c2VybmFtZSI6ImFkbWluIiwiZ2l2ZW5fbmFtZSI6IkpvaG4iLCJmYW1pbHlfbmFtZSI6IkRvZSIsImVtYWlsIjoiYWRtaW5AZ21haWwuY29tIn0.o68Golfzt4Z7gmV0fHi8pkHqNZ2TfwgUZnjN3PTUWlXjEEYSbilyRLDzCR15fMbZ6xGtSW4FjuQVhzDWLOxd82I5ZtwRIw7sTgkIGCmn3JsSTtOamgE95cnr2Jo2qG7-XMThnaPFQ-XkszxKY2fclrmyc67aS_F75LbFPLZ0JxwQhzankguQXTlksFz9ILPpzFMM0vfnyY-rEGWSwtqFjP7HYwSZCEcO2SuZHy9-n5iRVRN-XfjC7DgE5zXRCr4RLOMMrg022_XfAfta0se5NVbEyNpyzWMMjBqaBWx3MN62-4YSPvKWhWWHq8l_NrwOdAR1EgPrMRR4Bpq61ycbog"")",faults,/home/azureuser/yas/evomaster-config/generated-tests/blackbox/sampledata/admin_multi_v510/EvoMaster_sampledata_admin_faults_Test.java,23,6,True,0,,0,0,,100.0,0,0,0,0,0,0,False,,/home/azureuser/yas/evomaster-config/runtime-logs/classes/sampledata/admin_multi_v510/EvoMaster_sampledata_admin_faults_Test,/home/azureuser/yas/evomaster-config/runtime-logs/classes/sampledata/admin_multi_v510/EvoMaster_sampledata_admin_faults_Test/compile.log,/home/azureuser/yas/evomaster-config/runtime-logs/classes/sampledata/admin_multi_v510/EvoMaster_sampledata_admin_faults_Test/compile_stdout.log,/home/azureuser/yas/evomaster-config/runtime-logs/classes/sampledata/admin_multi_v510/EvoMaster_sampledata_admin_faults_Test/compile_stderr.log,False,True,1,java.lang.AssertionError;test_failure,1,False,12.54,11.31,154.01,"Tests run: 1, Failures: 1, Errors: 0, Skipped: 0",/home/azureuser/yas/evomaster-config/runtime-logs/methods/sampledata/admin_multi_v510/EvoMaster_sampledata_admin_faults_Test/test_1_postOnSampledataReturnsMismatchResponseWithSchema,/home/azureuser/yas/evomaster-config/runtime-logs/methods/sampledata/admin_multi_v510/EvoMaster_sampledata_admin_faults_Test/test_1_postOnSampledataReturnsMismatchResponseWithSchema/run.log,/home/azureuser/yas/evomaster-config/runtime-logs/methods/sampledata/admin_multi_v510/EvoMaster_sampledata_admin_faults_Test/test_1_postOnSampledataReturnsMismatchResponseWithSchema/run_stdout.log,/home/azureuser/yas/evomaster-config/runtime-logs/methods/sampledata/admin_multi_v510/EvoMaster_sampledata_admin_faults_Test/test_1_postOnSampledataReturnsMismatchResponseWithSchema/run_stderr.log
sampledata,admin_multi_v510,EvoMaster_sampledata_admin_faults_Test.java,EvoMaster_sampledata_admin_faults_Test,test_2_postOnSampledataReturnsMismatchResponseWithSchema,False,1,200,/sampledata/storefront/sampledata,POST,200,.statusCode(200) .assertThat(),3,".post(baseUrlOfSut + ""/sampledata/storefront/sampledata"")",".body("" { } "")",,faults,/home/azureuser/yas/evomaster-config/generated-tests/blackbox/sampledata/admin_multi_v510/EvoMaster_sampledata_admin_faults_Test.java,23,6,True,0,,0,0,,100.0,0,0,0,0,0,0,False,,/home/azureuser/yas/evomaster-config/runtime-logs/classes/sampledata/admin_multi_v510/EvoMaster_sampledata_admin_faults_Test,/home/azureuser/yas/evomaster-config/runtime-logs/classes/sampledata/admin_multi_v510/EvoMaster_sampledata_admin_faults_Test/compile.log,/home/azureuser/yas/evomaster-config/runtime-logs/classes/sampledata/admin_multi_v510/EvoMaster_sampledata_admin_faults_Test/compile_stdout.log,/home/azureuser/yas/evomaster-config/runtime-logs/classes/sampledata/admin_multi_v510/EvoMaster_sampledata_admin_faults_Test/compile_stderr.log,True,True,0,,0,False,14.04,11.51,156.14,Test passed (detected via Surefire XML),/home/azureuser/yas/evomaster-config/runtime-logs/methods/sampledata/admin_multi_v510/EvoMaster_sampledata_admin_faults_Test/test_2_postOnSampledataReturnsMismatchResponseWithSchema,/home/azureuser/yas/evomaster-config/runtime-logs/methods/sampledata/admin_multi_v510/EvoMaster_sampledata_admin_faults_Test/test_2_postOnSampledataReturnsMismatchResponseWithSchema/run.log,/home/azureuser/yas/evomaster-config/runtime-logs/methods/sampledata/admin_multi_v510/EvoMaster_sampledata_admin_faults_Test/test_2_postOnSampledataReturnsMismatchResponseWithSchema/run_stdout.log,/home/azureuser/yas/evomaster-config/runtime-logs/methods/sampledata/admin_multi_v510/EvoMaster_sampledata_admin_faults_Test/test_2_postOnSampledataReturnsMismatchResponseWithSchema/run_stderr.log
